key,breakout_lookback,atr_period,atr_mult,risk_per_trade,trend_filter,regime_filter,is_return,is_mdd,is_trades,is_win_rate,is_pf,is_avg_r,oos_return,oos_mdd,oos_trades,oos_win_rate,oos_pf,oos_avg_r,rank_score
lb55_atr14_m3.0_r0.0025_tfnone_rfadx20,55,14,3.0,0.0025,none,adx20,0.0013941551040612676,-0.0172632230546802,19,0.2631578947368421,1.0683992629596601,0.027920698114875322,0.0028923162148219994,-0.00615084832515056,6,0.6666666666666666,1.6721159566191965,0.18413306250376268,0.0743912090798491
lb55_atr14_m3.0_r0.0025_tfma100_rfadx20,55,14,3.0,0.0025,ma100,adx20,0.0012888521330514102,-0.017263223054679977,18,0.2222222222222222,1.0632395971608999,0.02726015034611616,0.0028923162148219994,-0.00615084832515056,6,0.6666666666666666,1.6721159566191965,0.18413306250376268,0.07423184832224129
lb55_atr14_m3.0_r0.005_tfnone_rfadx20,55,14,3.0,0.005,none,adx20,0.0024779487533106437,-0.03426488210576728,19,0.2631578947368421,1.060216772142436,0.027920698114875367,0.005763145774176914,-0.012239494630413073,6,0.6666666666666666,1.6666452161442629,0.1841330625037627,0.07230199658029401
lb55_atr14_m3.0_r0.005_tfma100_rfadx20,55,14,3.0,0.005,ma100,adx20,0.0022671370438793748,-0.03426488210576717,18,0.2222222222222222,1.0551054130760555,0.027260150346116188,0.005763145774176914,-0.012239494630413073,6,0.6666666666666666,1.6666452161442629,0.1841330625037627,0.07209566411108653
lb55_atr10_m2.5_r0.0025_tfnone_rfadx20,55,10,2.5,0.0025,none,adx20,-0.009144515755859728,-0.024771485149550854,24,0.16666666666666666,0.7213992212538602,-0.14376255225949672,0.0028708412139291095,-0.006676654394211168,6,0.5,1.518528109348595,0.18409471820358136,0.046782150854931266
lb55_atr10_m2.5_r0.0025_tfma100_rfadx20,55,10,2.5,0.0025,ma100,adx20,-0.009939709795981466,-0.024771485149551187,23,0.13043478260869565,0.696929270916213,-0.16315083706692562,0.0028708412139291095,-0.006676654394211168,6,0.5,1.518528109348595,0.18409471820358136,0.04447090413768111
lb55_atr10_m3.0_r0.0025_tfnone_rfadx20,55,10,3.0,0.0025,none,adx20,-0.004510121199383987,-0.02074408927472604,21,0.2857142857142857,0.8106976371767898,-0.08306248321008917,0.0019132701753885595,-0.006583684766834463,6,0.6666666666666666,1.434119661405133,0.12132584873036197,0.04333195524445971
lb55_atr10_m3.0_r0.0025_tfma100_rfadx20,55,10,3.0,0.0025,ma100,adx20,-0.004849208816547712,-0.020744089274725708,20,0.25,0.7963958319276508,-0.09368934961510104,0.0019132701753885595,-0.006583684766834463,6,0.6666666666666666,1.434119661405133,0.12132584873036197,0.04209934605118158
lb55_atr20_m3.0_r0.0025_tfnone_rfadx20,55,20,3.0,0.0025,none,adx20,-0.011210786777058779,-0.022779769308193143,22,0.18181818181818182,0.6304568015021407,-0.19348960456752937,0.002615824616228002,-0.006094155842493398,6,0.6666666666666666,1.6745354444419314,0.16632234042727526,0.04099047876921717
lb55_atr20_m3.0_r0.0025_tfma100_rfadx20,55,20,3.0,0.0025,ma100,adx20,-0.0112583103521261,-0.02277976930819292,21,0.14285714285714285,0.6288724359964412,-0.2035680660731078,0.002615824616228002,-0.006094155842493398,6,0.6666666666666666,1.6745354444419314,0.16632234042727526,0.04007059194088895
lb55_atr10_m2.5_r0.005_tfnone_rfadx20,55,10,2.5,0.005,none,adx20,-0.018671794793166274,-0.04897610652712736,24,0.16666666666666666,0.7160334941627138,-0.14376255225949672,0.005707664139831259,-0.01328905342302189,6,0.5,1.513906446777659,0.1840947182035814,0.038800794602447716
lb55_atr10_m3.0_r0.005_tfnone_rfadx20,55,10,3.0,0.005,none,adx20,-0.009315511582437153,-0.04109984795204069,21,0.2857142857142857,0.8055177620211862,-0.08306248321008917,0.003803572334982297,-0.01311111160725742,6,0.6666666666666666,1.4299672084980941,0.1213258487303619,0.03752689704570722
lb55_atr10_m3.0_r0.005_tfma100_rfadx20,55,10,3.0,0.005,ma100,adx20,-0.009990183346098136,-0.0410998479520408,20,0.25,0.7912903382694029,-0.09368934961510109,0.003803572334982297,-0.01311111160725742,6,0.6666666666666666,1.4299672084980941,0.1213258487303619,0.036144055992227496
lb55_atr10_m2.5_r0.005_tfma100_rfadx20,55,10,2.5,0.005,ma100,adx20,-0.020245627912574782,-0.04897610652712758,23,0.13043478260869565,0.6916035473240408,-0.16315083706692562,0.005707664139831259,-0.01328905342302189,6,0.5,1.513906446777659,0.1840947182035814,0.036139580336257755
lb55_atr20_m3.0_r0.005_tfnone_rfadx20,55,20,3.0,0.005,none,adx20,-0.02260287413568063,-0.04509184170572611,22,0.18181818181818182,0.6273165718047298,-0.19348960456752937,0.005210600264035969,-0.012122442503636588,6,0.6666666666666666,1.6688410488794834,0.1663223404272754,0.03245610827128935
lb55_atr20_m3.0_r0.005_tfma100_rfadx20,55,20,3.0,0.005,ma100,adx20,-0.022696821708527715,-0.045091841705726554,21,0.14285714285714285,0.6257315593890798,-0.20356806607310776,0.005210600264035969,-0.012122442503636588,6,0.6666666666666666,1.6688410488794834,0.1663223404272754,0.03151532385140567
lb55_atr14_m3.0_r0.0025_tfnone_rfnone,55,14,3.0,0.0025,none,none,0.0008110157187324329,-0.014805826865685545,20,0.25,1.0378991773856387,0.01645156021836765,-0.0027706135487121086,-0.010537557955916044,8,0.5,0.7219296219426166,-0.13221702957468812,-0.001757973857934544
lb55_atr14_m3.0_r0.0025_tfma100_rfnone,55,14,3.0,0.0025,ma100,none,0.0007057740685414426,-0.014805826865685545,19,0.21052631578947367,1.0329846500446893,0.01522213928499012,-0.0027706135487121086,-0.010537557955916044,8,0.5,0.7219296219426166,-0.13221702957468812,-0.0019434611392327955
lb55_atr14_m3.0_r0.005_tfnone_rfnone,55,14,3.0,0.005,none,none,0.0013069397751868106,-0.029423534313226307,20,0.25,1.0303505931752064,0.016451560218367654,-0.005579125897552828,-0.02095496646907591,8,0.5,0.7207247408346741,-0.13221702957468812,-0.008598137677343177
lb55_atr14_m3.0_r0.005_tfma100_rfnone,55,14,3.0,0.005,ma100,none,0.0010963743179597252,-0.029423534313226085,19,0.21052631578947367,1.0254660624343266,0.015222139284990107,-0.005579125897552828,-0.02095496646907591,8,0.5,0.7207247408346741,-0.13221702957468812,-0.008809640946099689
lb10_atr20_m3.0_r0.0025_tfma100_rfadx20,10,20,3.0,0.0025,ma100,adx20,-0.035886486377221694,-0.044806767315768936,42,0.19047619047619047,0.4504361900453967,-0.3309745528772686,0.001708851398805722,-0.010298145431342998,10,0.5,1.162413315562094,0.06307467756645771,-0.015473514460037571
lb10_atr14_m3.0_r0.0025_tfma100_rfadx20,10,14,3.0,0.0025,ma100,adx20,-0.02979918888266031,-0.04222203443208605,40,0.225,0.48872654002385485,-0.28952295284866614,0.0007939901103277691,-0.010331165301372236,10,0.5,1.064958851092814,0.03208226830045382,-0.015791691744239885
lb10_atr10_m3.0_r0.0025_tfma100_rfadx20,10,10,3.0,0.0025,ma100,adx20,-0.0313580136127779,-0.042675301647497776,41,0.21951219512195122,0.49170102507903224,-0.29801304272259294,0.0004070585313802333,-0.01094676704443942,10,0.5,1.0311162473274909,0.018075747544153517,-0.02057713027178088
lb10_atr10_m2.5_r0.0025_tfma100_rfadx20,10,10,2.5,0.0025,ma100,adx20,-0.05250071117801036,-0.059800887089708876,50,0.18,0.355000243192329,-0.40655279553609697,0.0029730318627452235,-0.010588957411056477,11,0.5454545454545454,1.2255100959617076,0.10834706126685419,-0.023457428353800644
lb30_atr14_m3.0_r0.0025_tfma100_rfadx20,30,14,3.0,0.0025,ma100,adx20,-0.015378768061208858,-0.03114848293124528,26,0.23076923076923078,0.5901937305470238,-0.22478393037426883,-0.0016194061199488186,-0.009395316733144976,8,0.5,0.8273766458525026,-0.07943741430022487,-0.024860983921175382
lb55_atr10_m2.5_r0.0025_tfnone_rfnone,55,10,2.5,0.0025,none,none,-0.009809344550709476,-0.022342092467065644,25,0.16,0.711304197806993,-0.14701025090646827,-0.0030873173597238956,-0.009981554837967255,8,0.375,0.7313007780741182,-0.14370380448404277,-0.026321532732482274
lb55_atr10_m3.0_r0.0025_tfnone_rfnone,55,10,3.0,0.0025,none,none,-0.0055857383816119155,-0.01881469525883106,22,0.2727272727272727,0.7792341366736794,-0.09701442310622653,-0.003890238806091628,-0.01055761428687585,8,0.5,0.6189212844320713,-0.18617253840062992,-0.028523126696297987
lb55_atr10_m2.5_r0.0025_tfma100_rfnone,55,10,2.5,0.0025,ma100,none,-0.010604005043908571,-0.022342092467066532,24,0.125,0.6876661310843825,-0.1657260112905448,-0.0030873173597238956,-0.009981554837967255,8,0.375,0.7313007780741182,-0.14370380448404277,-0.0285649586886161
lb55_atr10_m3.0_r0.0025_tfma100_rfnone,55,10,3.0,0.0025,ma100,none,-0.005924459617886679,-0.01881469525883106,21,0.23809523809523808,0.765767027929847,-0.10779962634414918,-0.003890238806091628,-0.01055761428687585,8,0.5,0.6189212844320713,-0.18617253840062992,-0.029760661177750104
lb30_atr20_m3.0_r0.0025_tfma100_rfadx20,30,20,3.0,0.0025,ma100,adx20,-0.020789249177834757,-0.030244017878414686,27,0.14814814814814814,0.5052068591434898,-0.29108978980717237,-0.0014059035805650266,-0.00980967899142493,8,0.5,0.8408066513309262,-0.07081537057076315,-0.032190540744001836
lb55_atr20_m3.0_r0.0025_tfnone_rfnone,55,20,3.0,0.0025,none,none,-0.014342361273957382,-0.02282882635232386,24,0.16666666666666666,0.5759771222093639,-0.22678306522251204,-0.0025951235498760106,-0.010988890952905672,8,0.5,0.714458801070664,-0.12533677012423608,-0.03416556481087534
lb55_atr20_m3.0_r0.0025_tfma100_rfnone,55,20,3.0,0.0025,ma100,none,-0.014389734338063565,-0.022828826352324527,23,0.13043478260869565,0.5745561195554552,-0.23743268053869165,-0.0025951235498760106,-0.010988890952905672,8,0.5,0.714458801070664,-0.12533677012423608,-0.03513364455775498
lb10_atr14_m3.0_r0.005_tfma100_rfadx20,10,14,3.0,0.005,ma100,adx20,-0.05915574925963174,-0.08278679083684282,40,0.225,0.48860616237787774,-0.28952295284866614,0.0015017506945986803,-0.02056611866319913,10,0.5,1.0610912425795422,0.03208226830045383,-0.03702971169456053
lb55_atr14_m2.5_r0.0025_tfnone_rfadx20,55,14,2.5,0.0025,none,adx20,-0.009503757148278558,-0.020151975303351666,22,0.22727272727272727,0.6641639859924193,-0.1663798456623511,-0.004155330342798358,-0.008021205356952388,9,0.4444444444444444,0.5262664964917054,-0.1791942544191998,-0.037910296644608335
lb20_atr10_m2.5_r0.0025_tfma100_rfadx20,20,10,2.5,0.0025,ma100,adx20,-0.04040674617883544,-0.049481675105689904,39,0.1794871794871795,0.39800393120431027,-0.40068119866791846,0.00018477778509584653,-0.011777464063405185,9,0.3333333333333333,1.0147256756797138,0.0059215640896913314,-0.03820214193542351
lb55_atr10_m2.5_r0.005_tfnone_rfnone,55,10,2.5,0.005,none,none,-0.0199934766211759,-0.044227563593050134,25,0.16,0.7055813916955143,-0.1470102509064683,-0.006224602870891216,-0.019854928522125004,8,0.375,0.7295926638637851,-0.14370380448404277,-0.03835434000212506
lb55_atr10_m3.0_r0.005_tfnone_rfnone,55,10,3.0,0.005,none,none,-0.011459813811108055,-0.03731305901602067,22,0.2727272727272727,0.7741047497218653,-0.09701442310622652,-0.007808483798057986,-0.02100002956661351,8,0.5,0.6181516808854929,-0.18617253840063,-0.038695160116043424
lb10_atr20_m3.0_r0.005_tfma100_rfadx20,10,20,3.0,0.005,ma100,adx20,-0.07087401262644011,-0.08773307772395256,42,0.19047619047619047,0.45039147243582633,-0.3309745528772687,0.003344576391524079,-0.020503637725831303,10,0.5,1.1579095703882805,0.06307467756645771,-0.0390696565456933
lb30_atr14_m3.0_r0.005_tfma100_rfadx20,30,14,3.0,0.005,ma100,adx20,-0.030875798710259583,-0.061403749830613696,26,0.23076923076923078,0.5887109058353711,-0.22478393037426886,-0.0032802504803497445,-0.018691636506347087,8,0.5,0.825697226135826,-0.07943741430022488,-0.03944921096236039
lb55_atr14_m2.5_r0.0025_tfma100_rfadx20,55,14,2.5,0.0025,ma100,adx20,-0.010100347875028448,-0.020151975303352,21,0.19047619047619047,0.6428670432429454,-0.18505122064003102,-0.004155330342798358,-0.008021205356952388,9,0.4444444444444444,0.5262664964917054,-0.1791942544191998,-0.040036125681062296
lb55_atr10_m3.0_r0.005_tfma100_rfnone,55,10,3.0,0.005,ma100,none,-0.01213302527112703,-0.03731305901602078,21,0.23809523809523808,0.7606714541288412,-0.10779962634414914,-0.007808483798057986,-0.02100002956661351,8,0.5,0.6181516808854929,-0.18617253840063,-0.04008286016009696
lb55_atr10_m2.5_r0.005_tfma100_rfnone,55,10,2.5,0.005,ma100,none,-0.02156519005562696,-0.04422756359304947,24,0.125,0.6819266393027168,-0.16572601129054476,-0.006224602870891216,-0.019854928522125004,8,0.375,0.7295926638637851,-0.14370380448404277,-0.040947614981359015
lb30_atr10_m3.0_r0.0025_tfma100_rfadx20,30,10,3.0,0.0025,ma100,adx20,-0.017281685717224105,-0.03434990497035595,27,0.25925925925925924,0.5730153543428679,-0.24735921510567863,-0.002852188887683349,-0.009526512466803139,8,0.5,0.7025340136925309,-0.1393779058347989,-0.04120810893049257
lb10_atr10_m3.0_r0.005_tfma100_rfadx20,10,10,3.0,0.005,ma100,adx20,-0.06214372871790086,-0.08366551778967113,41,0.21951219512195122,0.4917478573812523,-0.29801304272259294,0.001278576634742734,-0.021782564370881774,10,0.5,1.0496813884032532,0.018075747544153455,-0.042144792686865454
lb20_atr10_m3.0_r0.0025_tfma100_rfadx20,20,10,3.0,0.0025,ma100,adx20,-0.03088152936543176,-0.044728944569240814,35,0.2,0.4590512415496355,-0.344942643404364,-0.0014298751007737476,-0.012321403104624373,9,0.4444444444444444,0.8764991494123667,-0.06490139781045395,-0.04296592355903419
lb20_atr14_m3.0_r0.0025_tfma100_rfadx20,20,14,3.0,0.0025,ma100,adx20,-0.02998988646756784,-0.04263097465917931,33,0.21212121212121213,0.42882451016718504,-0.3523264396720804,-0.001648079660260815,-0.01140615807631673,9,0.4444444444444444,0.8551704478043525,-0.07204295851152852,-0.04469289341616653
lb30_atr14_m3.0_r0.0025_tfnone_rfadx20,30,14,3.0,0.0025,none,adx20,-0.01675351004972314,-0.031966960195817684,30,0.3,0.617884112551072,-0.21267922455954572,-0.004317169050845893,-0.012072068074338804,10,0.4,0.642386340892972,-0.17144892850273993,-0.044983200828539495
lb30_atr10_m2.5_r0.0025_tfma100_rfadx20,30,10,2.5,0.0025,ma100,adx20,-0.025882754736386238,-0.03823070357940439,31,0.16129032258064516,0.47943387034752755,-0.3176007966346945,-0.002241011413964822,-0.009141101595530055,8,0.375,0.7912787050149607,-0.1063642438643988,-0.045219049772068684
lb55_atr20_m3.0_r0.005_tfnone_rfnone,55,20,3.0,0.005,none,none,-0.02879577514416576,-0.04518989540651186,24,0.16666666666666666,0.5729596394127946,-0.22678306522251204,-0.005224947975785321,-0.021841627710180944,8,0.5,0.7132950861451862,-0.12533677012423605,-0.048122641721607906
lb30_atr20_m3.0_r0.005_tfma100_rfadx20,30,20,3.0,0.005,ma100,adx20,-0.041492038546416365,-0.05965977986075688,27,0.14814814814814814,0.5037645317601358,-0.2910897898071723,-0.0028511610672634635,-0.019507492436203422,8,0.5,0.8391017592900621,-0.070815370570763,-0.04898971558304005
lb55_atr20_m3.0_r0.005_tfma100_rfnone,55,20,3.0,0.005,ma100,none,-0.02888912745434713,-0.04518989540651175,23,0.13043478260869565,0.5715340436270601,-0.23743268053869163,-0.005224947975785321,-0.021841627710180944,8,0.5,0.7132950861451862,-0.12533677012423605,-0.04911146035710544
lb55_atr14_m2.5_r0.005_tfnone_rfadx20,55,14,2.5,0.005,none,adx20,-0.019148654166191603,-0.039951904773463,22,0.22727272727272727,0.661737561598277,-0.16637984566235112,-0.0083198811573435,-0.01599688110302422,9,0.4444444444444444,0.5259093213623566,-0.17919425441919984,-0.0494191114416241
lb20_atr20_m3.0_r0.0025_tfma100_rfadx20,20,20,3.0,0.0025,ma100,adx20,-0.036136523073402205,-0.042534267370949785,35,0.17142857142857143,0.3969291223530735,-0.40016176890453087,-0.0014698595897862932,-0.01118042745015102,9,0.4444444444444444,0.8592175475225728,-0.06554217686865371,-0.05067382728529093
lb55_atr14_m2.5_r0.005_tfma100_rfadx20,55,14,2.5,0.005,ma100,adx20,-0.02032950584308557,-0.03995190477346333,21,0.19047619047619047,0.6404448563580275,-0.18505122064003107,-0.0083198811573435,-0.01599688110302422,9,0.4444444444444444,0.5259093213623566,-0.17919425441919984,-0.05180781341179605
lb10_atr14_m3.0_r0.0025_tfnone_rfadx20,10,14,3.0,0.0025,none,adx20,-0.041013080835367366,-0.05304443104756673,59,0.2711864406779661,0.5128369156492727,-0.27600781910243044,-0.00455728349402118,-0.016735123365748117,18,0.3333333333333333,0.7854177793225456,-0.10080754637538446,-0.05257122086573645
lb10_atr10_m2.5_r0.005_tfma100_rfadx20,10,10,2.5,0.005,ma100,adx20,-0.10292864350237096,-0.11579805855148328,50,0.18,0.35263238378242706,-0.40655279553609697,0.007390835639439874,-0.02107125527639464,11,0.5454545454545454,1.2955501797110416,0.10834706126685424,-0.05294428816290915
lb30_atr20_m3.0_r0.0025_tfnone_rfadx20,30,20,3.0,0.0025,none,adx20,-0.021827901254030113,-0.030771603073197262,31,0.22580645161290322,0.5480263744103462,-0.2667392345276691,-0.0046812279585389804,-0.0130574395268237,10,0.4,0.6131770949691036,-0.18556424858371012,-0.055882832781549555
lb10_atr10_m3.0_r0.0025_tfnone_rfadx20,10,10,3.0,0.0025,none,adx20,-0.041433969632516665,-0.056979941337231166,61,0.26229508196721313,0.5449973157910348,-0.2733500969656823,-0.005681171006489127,-0.016793105009584752,19,0.3157894736842105,0.7561480067690709,-0.11985539267292455,-0.05704060632395061
lb30_atr10_m3.0_r0.005_tfma100_rfadx20,30,10,3.0,0.005,ma100,adx20,-0.0346340723723737,-0.06760025947890491,27,0.25925925925925924,0.5720929554139284,-0.24735921510567854,-0.005736989360576095,-0.018956076398367605,8,0.5,0.7014376335548517,-0.13937790583479892,-0.057741124040243126
lb30_atr10_m3.0_r0.0025_tfnone_rfadx20,30,10,3.0,0.0025,none,adx20,-0.016429462064776912,-0.0337378031844664,31,0.2903225806451613,0.642054777712815,-0.20529082734079274,-0.006030115902048716,-0.01268316829853311,10,0.4,0.5274472513548057,-0.23743334494043428,-0.05824980725645697
lb30_atr10_m2.5_r0.0025_tfnone_rfadx20,30,10,2.5,0.0025,none,adx20,-0.025440066243582637,-0.038161717857214006,35,0.22857142857142856,0.5497334056306677,-0.2765598292924908,-0.0052223822243702145,-0.012101854473456908,10,0.3,0.6190860229626552,-0.20307149297773633,-0.06216318716120586
lb30_atr14_m3.0_r0.005_tfnone_rfadx20,30,14,3.0,0.005,none,adx20,-0.03382759190868867,-0.06300767331489643,30,0.3,0.614005203231662,-0.2126792245595457,-0.00866249401035979,-0.02399065921850252,10,0.4,0.6416673188488667,-0.17144892850273993,-0.06255574940467408
lb10_atr10_m2.5_r0.0025_tfnone_rfadx20,10,10,2.5,0.0025,none,adx20,-0.07175169754673594,-0.07811441182624779,73,0.2054794520547945,0.3876430942438959,-0.3894000840001311,-0.0014645719927219858,-0.014239034139487683,20,0.4,0.9368723718119129,-0.030935700578991955,-0.06449223997817422
lb20_atr10_m2.5_r0.005_tfma100_rfadx20,20,10,2.5,0.005,ma100,adx20,-0.07967973595457334,-0.09663962234529655,39,0.1794871794871795,0.39785054152687177,-0.4006811986679185,0.0002505256126681399,-0.023363197059031338,9,0.3333333333333333,1.0099346104325255,0.00592156408969122,-0.06554826558568183
lb30_atr10_m2.5_r0.005_tfma100_rfadx20,30,10,2.5,0.005,ma100,adx20,-0.051557746356648226,-0.0750866069689391,31,0.16129032258064516,0.4778968582256579,-0.3176007966346945,-0.004532861147819034,-0.018186390221747617,8,0.375,0.7893301057233613,-0.1063642438643988,-0.06559905118562365
lb20_atr10_m2.5_r0.0025_tfnone_rfadx20,20,10,2.5,0.0025,none,adx20,-0.04530978160278187,-0.05594845551931216,47,0.2127659574468085,0.4373730334878105,-0.37621896579631114,-0.0040100159558843496,-0.015922087937427998,14,0.2857142857142857,0.7891014211275786,-0.11288037937365136,-0.06584976372520898
lb20_atr10_m3.0_r0.005_tfma100_rfadx20,20,10,3.0,0.005,ma100,adx20,-0.0612171932310801,-0.08757412849469848,35,0.2,0.45977380745471824,-0.34494264340436404,-0.002939529051960821,-0.024453583800393197,9,0.4444444444444444,0.8735838378357622,-0.06490139781045404,-0.06664923633593324
lb20_atr14_m3.0_r0.005_tfma100_rfadx20,20,14,3.0,0.005,ma100,adx20,-0.059460992656995115,-0.08354668298935408,33,0.21212121212121213,0.4294833287883819,-0.3523264396720804,-0.003361652615978983,-0.022663757548515462,9,0.4444444444444444,0.8528871088581897,-0.07204295851152855,-0.06759013886997756
lb20_atr10_m3.0_r0.0025_tfnone_rfadx20,20,10,3.0,0.0025,none,adx20,-0.03453139721841236,-0.051028269375469004,43,0.20930232558139536,0.5041179012347491,-0.31866543628662297,-0.006400625636606705,-0.01723793704884169,14,0.2857142857142857,0.6496552530277012,-0.1810459883321491,-0.07002697757573245
lb55_atr14_m2.5_r0.0025_tfnone_rfnone,55,14,2.5,0.0025,none,none,-0.009255247738542915,-0.02007956906271169,25,0.24,0.7109057126557375,-0.14142700871338523,-0.00992461446825843,-0.013768093086639399,11,0.36363636363636365,0.3172406371049865,-0.34655823684647097,-0.0711879910006757
lb55_atr14_m2.5_r0.0025_tfma100_rfnone,55,14,2.5,0.0025,ma100,none,-0.009851988146233781,-0.02007956906271191,24,0.20833333333333334,0.692080634471174,-0.1567247602793149,-0.00992461446825843,-0.013768093086639399,11,0.36363636363636365,0.3172406371049865,-0.34655823684647097,-0.0728733926855552
lb10_atr20_m3.0_r0.0025_tfnone_rfadx20,10,20,3.0,0.0025,none,adx20,-0.04953492486513533,-0.056721394451841545,61,0.21311475409836064,0.46253233423553114,-0.319911536350453,-0.007374785900516767,-0.019514554820543095,18,0.3333333333333333,0.6707754611563518,-0.16134945738478723,-0.07563646316486476
lb30_atr20_m3.0_r0.005_tfnone_rfadx20,30,20,3.0,0.005,none,adx20,-0.04368732133624409,-0.06069731737090445,31,0.22580645161290322,0.545286651273299,-0.2667392345276691,-0.009386749296103614,-0.025933910480031797,10,0.4,0.6126904016074566,-0.18556424858371012,-0.07588334861721062
lb20_atr20_m3.0_r0.005_tfma100_rfadx20,20,20,3.0,0.005,ma100,adx20,-0.07135279590024968,-0.08338508767227015,35,0.17142857142857143,0.39720544877298675,-0.4001617689045308,-0.0029973479840010864,-0.022217903291549934,9,0.4444444444444444,0.8570412669505437,-0.06554217686865378,-0.07598966327888447
lb30_atr10_m3.0_r0.005_tfnone_rfadx20,30,10,3.0,0.005,none,adx20,-0.03300828395535815,-0.0664306303381843,31,0.2903225806451613,0.6405047876984272,-0.2052908273407928,-0.0120687499918124,-0.02520365397744251,10,0.4,0.5271826172857049,-0.23743334494043417,-0.07688528319412402
lb55_atr20_m2.5_r0.0025_tfnone_rfadx20,55,20,2.5,0.0025,none,adx20,-0.01654840074516306,-0.024569789726618274,24,0.16666666666666666,0.4953058407344,-0.26043792879485,-0.007063959437360934,-0.008929632589448233,9,0.3333333333333333,0.2699481267482046,-0.29703221033309196,-0.07768478621023063
lb55_atr20_m2.5_r0.0025_tfma100_rfadx20,55,20,2.5,0.0025,ma100,adx20,-0.017165981367166183,-0.024569789726618274,23,0.13043478260869565,0.4761418598213986,-0.2819691130754419,-0.007063959437360934,-0.008929632589448233,9,0.3333333333333333,0.2699481267482046,-0.29703221033309196,-0.08004789791427033
lb20_atr14_m3.0_r0.0025_tfnone_rfadx20,20,14,3.0,0.0025,none,adx20,-0.03711787751627005,-0.05009930480099667,41,0.24390243902439024,0.4337714583768023,-0.3544841070490146,-0.007322724327129548,-0.017025337704741128,14,0.2857142857142857,0.6090042614097493,-0.20592364356078283,-0.08022080177258445
lb30_atr10_m2.5_r0.005_tfnone_rfadx20,30,10,2.5,0.005,none,adx20,-0.05129180063074701,-0.07497635446414552,35,0.22857142857142856,0.5428954875969744,-0.27655982929249084,-0.010476716443520773,-0.024048721378757354,10,0.3,0.6180266163323643,-0.20307149297773633,-0.08503904254495565
lb10_atr14_m3.0_r0.005_tfnone_rfadx20,10,14,3.0,0.005,none,adx20,-0.08381187596293094,-0.10345488604272146,59,0.2711864406779661,0.4945108252446944,-0.2760078191024305,-0.00921821950189694,-0.03321252772759242,18,0.3333333333333333,0.7836975359557992,-0.10080754637538446,-0.08596175100577254
lb55_atr14_m2.5_r0.005_tfnone_rfnone,55,14,2.5,0.005,none,none,-0.018681413747364872,-0.0398137505945122,25,0.24,0.7082083544631338,-0.14142700871338523,-0.01979359929863178,-0.02738177651622331,11,0.36363636363636365,0.3175575757859501,-0.346558236846471,-0.08727075618854864
lb55_atr14_m2.5_r0.005_tfma100_rfnone,55,14,2.5,0.005,ma100,none,-0.019862827937257688,-0.03981375059451153,24,0.20833333333333334,0.6893814709015899,-0.1567247602793149,-0.01979359929863178,-0.02738177651622331,11,0.36363636363636365,0.3175575757859501,-0.346558236846471,-0.08911619100316198
lb20_atr20_m3.0_r0.0025_tfnone_rfadx20,20,20,3.0,0.0025,none,adx20,-0.042455239352025664,-0.049545112237926014,43,0.20930232558139536,0.4163674838612625,-0.3869262772424092,-0.008244882235216022,-0.017889563935021835,14,0.2857142857142857,0.558471291462659,-0.23136221569147136,-0.09141750581870549
lb30_atr14_m2.5_r0.0025_tfma100_rfadx20,30,14,2.5,0.0025,ma100,adx20,-0.02576518796180971,-0.0338588506528783,29,0.20689655172413793,0.4329748848048911,-0.3393214270738133,-0.008815692397078467,-0.012663475857628392,11,0.36363636363636365,0.36266192090801824,-0.3096080409148447,-0.09285949598505708
lb10_atr10_m3.0_r0.005_tfnone_rfadx20,10,10,3.0,0.005,none,adx20,-0.08974113954654983,-0.11091023320971471,61,0.26229508196721313,0.49770733968685277,-0.2733500969656823,-0.011476584846607185,-0.03330996088434901,19,0.3157894736842105,0.7542502178025052,-0.11985539267292453,-0.0943444854208588
lb55_atr20_m2.5_r0.005_tfnone_rfadx20,55,20,2.5,0.005,none,adx20,-0.03304352965104207,-0.048587085691167875,24,0.16666666666666666,0.49432546497387947,-0.26043792879485,-0.014101116533853708,-0.017790664185528993,9,0.3333333333333333,0.2691210266710981,-0.2970322103330919,-0.09467074266795417
lb55_atr20_m2.5_r0.005_tfma100_rfadx20,55,20,2.5,0.005,ma100,adx20,-0.03425721175921037,-0.04858708569116821,23,0.13043478260869565,0.47509330210811135,-0.2819691130754419,-0.014101116533853708,-0.017790664185528993,9,0.3333333333333333,0.2691210266710981,-0.2970322103330919,-0.09730281595127231
lb20_atr14_m2.5_r0.0025_tfma100_rfadx20,20,14,2.5,0.0025,ma100,adx20,-0.040275097750590905,-0.045918460605712474,38,0.23684210526315788,0.36770440239504665,-0.4119045393972215,-0.008300359266308677,-0.013109887023426858,12,0.3333333333333333,0.468164095746591,-0.2675240385409368,-0.09905035406307901
lb55_atr20_m2.5_r0.0025_tfnone_rfnone,55,20,2.5,0.0025,none,none,-0.015658394516865126,-0.02304844617296231,27,0.2222222222222222,0.5654097650163178,-0.2175446296900773,-0.012308066548160856,-0.013714597966017594,11,0.2727272727272727,0.1749758134787701,-0.4263862189314862,-0.099582376848198
lb20_atr10_m2.5_r0.005_tfnone_rfadx20,20,10,2.5,0.005,none,adx20,-0.09137841794159818,-0.10892626045777576,47,0.2127659574468085,0.4226338923118109,-0.37621896579631114,-0.008146475428157718,-0.0315619633088976,14,0.2857142857142857,0.7863147733250131,-0.11288037937365147,-0.10054806368989172
lb55_atr20_m2.5_r0.0025_tfma100_rfnone,55,20,2.5,0.0025,ma100,none,-0.016276534038361157,-0.023048446172962755,26,0.19230769230769232,0.5479697757599299,-0.2349417042804173,-0.012308066548160856,-0.013714597966017594,11,0.2727272727272727,0.1749758134787701,-0.4263862189314862,-0.1015659035467181
lb30_atr14_m2.5_r0.0025_tfnone_rfadx20,30,14,2.5,0.0025,none,adx20,-0.028886032827012964,-0.0374190062575015,34,0.23529411764705882,0.4659029420313943,-0.32646682307732355,-0.01137260063740575,-0.015210458164744423,13,0.3076923076923077,0.30566807848327626,-0.34124836315683865,-0.10161322273211132
lb20_atr10_m3.0_r0.005_tfnone_rfadx20,20,10,3.0,0.005,none,adx20,-0.07204049854111672,-0.09959543347309263,43,0.20930232558139536,0.47696359424072454,-0.3186654362866229,-0.012860049400635787,-0.03416004429599684,14,0.2857142857142857,0.648509199255121,-0.1810459883321492,-0.10196537537109564
lb10_atr14_m2.5_r0.0025_tfma100_rfadx20,10,14,2.5,0.0025,ma100,adx20,-0.04938426688473563,-0.05593589238424923,49,0.22448979591836735,0.3614629333622307,-0.39240916717491153,-0.010686296923680283,-0.017571999067204302,15,0.26666666666666666,0.50457799487507,-0.27447728434112034,-0.10580385723029273
lb30_atr14_m3.0_r0.0025_tfma100_rfnone,30,14,3.0,0.0025,ma100,none,-0.017597577543649212,-0.027705491051564057,29,0.20689655172413793,0.5944821826637214,-0.23098260622720754,-0.014577693563354921,-0.020810631141532254,12,0.3333333333333333,0.34656183626377574,-0.45311849974014223,-0.10606888972604579
lb10_atr14_m3.0_r0.0025_tfma100_rfnone,10,14,3.0,0.0025,ma100,none,-0.03730885713844556,-0.04410417335108441,44,0.20454545454545456,0.42881340165070586,-0.328889510614177,-0.013859145752339264,-0.02395932855969829,15,0.3333333333333333,0.483965453929915,-0.3454306462094931,-0.10778597068957782
lb10_atr20_m3.0_r0.0025_tfma100_rfnone,10,20,3.0,0.0025,ma100,none,-0.044328837486011574,-0.04755997537428225,47,0.1702127659574468,0.4007640261503908,-0.3662838360417751,-0.01230776846285353,-0.023586206472710147,15,0.3333333333333333,0.498126154457442,-0.30979818549580856,-0.1079786182688038
lb10_atr20_m2.5_r0.0025_tfma100_rfadx20,10,20,2.5,0.0025,ma100,adx20,-0.05323851254974232,-0.05745939376493292,51,0.19607843137254902,0.34504253692723097,-0.40611327344863274,-0.011369159901992831,-0.015569453062845962,16,0.375,0.36787053843152356,-0.27377225694510393,-0.11152922256009479
lb10_atr10_m2.5_r0.005_tfnone_rfadx20,10,10,2.5,0.005,none,adx20,-0.14432631753838732,-0.1500017695594894,73,0.2054794520547945,0.360820936061325,-0.38940008400013104,-0.003119274001979644,-0.028282745568811385,20,0.4,0.9330773936745537,-0.03093570057899202,-0.11213213486838254
lb20_atr14_m3.0_r0.005_tfnone_rfadx20,20,14,3.0,0.005,none,adx20,-0.07466672380532235,-0.09782189901698324,41,0.24390243902439024,0.4239291656714881,-0.35448410704901456,-0.014681669566179445,-0.033764537344552314,14,0.2857142857142857,0.6082617999984786,-0.2059236435607829,-0.11231637965165005
lb20_atr14_m3.0_r0.0025_tfma100_rfnone,20,14,3.0,0.0025,ma100,none,-0.03122489174623766,-0.03828483888982437,36,0.19444444444444445,0.4558063799760892,-0.33631624500210777,-0.01384418626133721,-0.02008176337851908,13,0.3076923076923077,0.4118367480962256,-0.3965032056911887,-0.11328929843741004
lb20_atr14_m2.5_r0.0025_tfnone_rfadx20,20,14,2.5,0.0025,none,adx20,-0.048334715737966216,-0.05576043752105242,47,0.23404255319148937,0.38594403424406026,-0.40459290377430684,-0.013088596888389814,-0.01787490273354475,17,0.29411764705882354,0.41851666986540487,-0.2998984107491944,-0.11332516973942608
lb10_atr20_m3.0_r0.005_tfnone_rfadx20,10,20,3.0,0.005,none,adx20,-0.09736766075394321,-0.11041558901738968,61,0.21311475409836064,0.46162655434648664,-0.319911536350453,-0.014808137904850582,-0.038665520371895634,18,0.3333333333333333,0.6701516802379296,-0.16134945738478718,-0.11376765061648449
lb55_atr20_m2.0_r0.0025_tfnone_rfadx20,55,20,2.0,0.0025,none,adx20,-0.0337761435109738,-0.03792942331860372,29,0.20689655172413793,0.2575543318287618,-0.44109703683765616,-0.009902857211649074,-0.011893226394280698,11,0.18181818181818182,0.28300208917645897,-0.34154463944406976,-0.114922327583276
lb20_atr10_m2.5_r0.0025_tfma100_rfnone,20,10,2.5,0.0025,ma100,none,-0.04246657354791905,-0.045820054842049096,42,0.19047619047619047,0.40838484242241113,-0.3904500509746799,-0.012542022717626722,-0.020485507711258344,13,0.23076923076923078,0.5026865336347169,-0.35218094104050635,-0.11505246440212678
lb20_atr10_m3.0_r0.0025_tfma100_rfnone,20,10,3.0,0.0025,ma100,none,-0.03373349202465903,-0.04197153275277121,38,0.18421052631578946,0.46638247463580185,-0.34654571272660073,-0.013726120392578478,-0.02085505825249956,13,0.3076923076923077,0.424124042111611,-0.3954455631161903,-0.11544298642315874
lb30_atr14_m3.0_r0.0025_tfnone_rfnone,30,14,3.0,0.0025,none,none,-0.023283121362338233,-0.029825296561266423,35,0.2571428571428571,0.5680107650724888,-0.2547451200558297,-0.01724044140308645,-0.02345653671885195,14,0.2857142857142857,0.3094231390416486,-0.46545799767909335,-0.11616314683339306
lb30_atr14_m2.5_r0.005_tfma100_rfadx20,30,14,2.5,0.005,ma100,adx20,-0.05039412132694576,-0.06666784497857803,29,0.20689655172413793,0.4365417311297159,-0.3393214270738133,-0.01759454809073846,-0.025199749059923615,11,0.36363636363636365,0.36285945566376193,-0.30960804091484473,-0.11658227305492837
lb30_atr20_m2.5_r0.0025_tfma100_rfadx20,30,20,2.5,0.0025,ma100,adx20,-0.03238543995304055,-0.03847696336965367,31,0.1935483870967742,0.3481038755865152,-0.3977976633462627,-0.010954100415500267,-0.01236255996078206,11,0.2727272727272727,0.2485604853743958,-0.3810593305599529,-0.11742666026927945
lb10_atr14_m2.5_r0.0025_tfnone_rfadx20,10,14,2.5,0.0025,none,adx20,-0.06449829399878815,-0.06959321440931598,71,0.2535211267605634,0.3878957934191012,-0.3615573734521991,-0.017030388943252484,-0.02402222061192083,24,0.20833333333333334,0.4778105391601041,-0.2772607570089248,-0.1176807054411423
lb55_atr20_m2.0_r0.0025_tfma100_rfadx20,55,20,2.0,0.0025,ma100,adx20,-0.03475029186907708,-0.03773065813548582,28,0.17857142857142858,0.23537032244131406,-0.4700992680977309,-0.009902857211649074,-0.011893226394280698,11,0.18181818181818182,0.28300208917645897,-0.34154463944406976,-0.11810349455261071
lb10_atr10_m3.0_r0.0025_tfma100_rfnone,10,10,3.0,0.0025,ma100,none,-0.037797393353455555,-0.04347958781759487,45,0.2,0.45469078129856055,-0.3267682792958537,-0.01715711630962924,-0.025994923612956966,16,0.3125,0.43944375635452493,-0.3998530494367588,-0.11951600193249556
lb30_atr20_m3.0_r0.0025_tfma100_rfnone,30,20,3.0,0.0025,ma100,none,-0.028260402129768547,-0.03193998055748126,31,0.12903225806451613,0.43225079734979027,-0.34611832890051436,-0.013938953591350112,-0.020503779140351508,12,0.3333333333333333,0.3467657467497395,-0.4342269367234685,-0.1197328508507431
lb55_atr20_m2.5_r0.005_tfnone_rfnone,55,20,2.5,0.005,none,none,-0.03131869136990961,-0.045635413411678205,27,0.2222222222222222,0.5639706839457678,-0.21754462969007726,-0.024501586995956726,-0.027275970365645552,11,0.2727272727272727,0.17467755977585347,-0.4263862189314862,-0.12004500521412688
lb30_atr10_m3.0_r0.0025_tfma100_rfnone,30,10,3.0,0.0025,ma100,none,-0.02079313175871167,-0.032174794793950134,30,0.23333333333333334,0.5602152902674841,-0.26741480174671134,-0.015829670900917803,-0.021874533793233786,12,0.3333333333333333,0.29769342458070897,-0.49541450255370084,-0.12047144783500008
lb55_atr14_m2.0_r0.0025_tfnone_rfadx20,55,14,2.0,0.0025,none,adx20,-0.030146706416191216,-0.03476675597765955,28,0.21428571428571427,0.28339517456975183,-0.40889513479044354,-0.0120477543089893,-0.01406844206931801,12,0.08333333333333333,0.1369534819949841,-0.3814824339477915,-0.12084040111092054
lb55_atr20_m2.5_r0.005_tfma100_rfnone,55,20,2.5,0.005,ma100,none,-0.032534538420786685,-0.04563541341167776,26,0.19230769230769232,0.5464740075874204,-0.23494170428041736,-0.024501586995956726,-0.027275970365645552,11,0.2727272727272727,0.17467755977585347,-0.4263862189314862,-0.12229809551543891
lb10_atr10_m2.5_r0.0025_tfma100_rfnone,10,10,2.5,0.0025,ma100,none,-0.05705914629581221,-0.061126311950403966,55,0.18181818181818182,0.3555556626584715,-0.4030643001031672,-0.015106945753208145,-0.024494546479149282,17,0.35294117647058826,0.5158000906110269,-0.32163131646159304,-0.12265348071422236
lb20_atr20_m3.0_r0.0025_tfma100_rfnone,20,20,3.0,0.0025,ma100,none,-0.04261017402127942,-0.04449076853472511,39,0.15384615384615385,0.3608752486069506,-0.42368329976187635,-0.013113712480994688,-0.01968403217657566,13,0.3076923076923077,0.405345065092061,-0.3763281848848018,-0.12426587602817031
lb55_atr14_m2.0_r0.0025_tfma100_rfadx20,55,14,2.0,0.0025,ma100,adx20,-0.03145322160872499,-0.03476675597765888,27,0.18518518518518517,0.25132999178101934,-0.44245785000488735,-0.0120477543089893,-0.01406844206931801,12,0.08333333333333333,0.1369534819949841,-0.3814824339477915,-0.12470175494810617
lb30_atr20_m2.5_r0.0025_tfnone_rfadx20,30,20,2.5,0.0025,none,adx20,-0.03496919796791709,-0.04152935303591654,36,0.19444444444444445,0.39629534168653635,-0.37189575729819,-0.013997397314405857,-0.01540152302587039,13,0.23076923076923078,0.2052867025769103,-0.4151287063029655,-0.12508831477010565
lb20_atr20_m3.0_r0.005_tfnone_rfadx20,20,20,3.0,0.005,none,adx20,-0.08534198777081148,-0.09678777960621054,43,0.20930232558139536,0.4040104362691111,-0.3869262772424092,-0.01650357567147198,-0.03546375334036722,14,0.2857142857142857,0.5582052458920255,-0.23136221569147142,-0.12657702356239448
lb30_atr10_m2.5_r0.0025_tfma100_rfnone,30,10,2.5,0.0025,ma100,none,-0.028847552389496545,-0.035393645705204424,34,0.17647058823529413,0.4783476227553324,-0.3224760277558659,-0.015824784318767438,-0.02074079538475926,12,0.25,0.3482961456585393,-0.48548413920804995,-0.12732614732003542
lb30_atr10_m3.0_r0.0025_tfnone_rfnone,30,10,3.0,0.0025,none,none,-0.024073014337605225,-0.03267651204358879,36,0.25,0.5754428197528514,-0.2587722052509831,-0.018966238459635187,-0.02499183627121837,14,0.2857142857142857,0.26117118776299497,-0.5145917309550259,-0.12746561319221028
lb20_atr10_m2.5_r0.0025_tfnone_rfnone,20,10,2.5,0.0025,none,none,-0.05025166625078903,-0.052849400481681186,52,0.21153846153846154,0.42859660658437815,-0.37656349065402456,-0.018981751304258943,-0.026873432688453103,19,0.21052631578947367,0.4400187649291075,-0.3749992634286118,-0.12824527705075364
lb55_atr10_m2.0_r0.0025_tfnone_rfadx20,55,10,2.0,0.0025,none,adx20,-0.03718066339317838,-0.04089008497728741,30,0.16666666666666666,0.20461865977789034,-0.472908885105037,-0.010628585235305521,-0.012572209392647693,11,0.09090909090909091,0.10803587545290236,-0.36902756749138366,-0.12866171841029808
lb30_atr14_m3.0_r0.005_tfma100_rfnone,30,14,3.0,0.005,ma100,none,-0.035272436900341875,-0.05473684076029939,29,0.20689655172413793,0.5921512126565934,-0.2309826062272076,-0.026641847738567703,-0.03888774299020359,12,0.3333333333333333,0.366842754789728,-0.4531184997401421,-0.12877129654662076
lb10_atr14_m3.0_r0.0025_tfnone_rfnone,10,14,3.0,0.0025,none,none,-0.05158483950477277,-0.05616846639417716,65,0.24615384615384617,0.4517759768253966,-0.31446556704859757,-0.024109030949692634,-0.036047682723722274,25,0.24,0.4077700144129122,-0.3725233172793445,-0.12906474073975863
lb30_atr14_m2.5_r0.005_tfnone_rfadx20,30,14,2.5,0.005,none,adx20,-0.057718804944371205,-0.07355325671566315,34,0.23529411764705882,0.45764272495744646,-0.32646682307732355,-0.02265924199852798,-0.030225235108126025,13,0.3076923076923077,0.3057968934488111,-0.34124836315683865,-0.12984248039041013
lb30_atr20_m3.0_r0.0025_tfnone_rfnone,30,20,3.0,0.0025,none,none,-0.03317330517854278,-0.03335870192661683,37,0.1891891891891892,0.4453337637238553,-0.34222989453429925,-0.017173170371775126,-0.023716463715414138,14,0.2857142857142857,0.3009836159644023,-0.4642744829966156,-0.1300542640988495
lb20_atr10_m3.0_r0.0025_tfnone_rfnone,20,10,3.0,0.0025,none,none,-0.04076828709122182,-0.049279479820261596,48,0.1875,0.48400439948050594,-0.33599691355019373,-0.020991179881690858,-0.028067604784797973,19,0.21052631578947367,0.35996431507840226,-0.4226009147401331,-0.13005861078720332
lb20_atr14_m2.5_r0.005_tfma100_rfadx20,20,14,2.5,0.005,ma100,adx20,-0.07854722843254414,-0.089817934013393,38,0.23684210526315788,0.37053285762292704,-0.41190453939722144,-0.016586077711466474,-0.026077298086485956,12,0.3333333333333333,0.4683318895093025,-0.2675240385409368,-0.13031444040999976
lb55_atr20_m2.0_r0.0025_tfnone_rfnone,55,20,2.0,0.0025,none,none,-0.03139122287277585,-0.0355547541792306,33,0.24242424242424243,0.3653330707012532,-0.3584804180618774,-0.015681445589940113,-0.0176601982111958,13,0.15384615384615385,0.1993584620843351,-0.45865326369265913,-0.1304948671646831
lb20_atr20_m2.5_r0.0025_tfma100_rfadx20,20,20,2.5,0.0025,ma100,adx20,-0.04608137381533273,-0.04929155127435758,40,0.2,0.3280837120399903,-0.4469856230791664,-0.012968924081526723,-0.014374514399378646,13,0.23076923076923078,0.21838637837688665,-0.3831288382182072,-0.13217398225910448
lb55_atr10_m2.0_r0.0025_tfma100_rfadx20,55,10,2.0,0.0025,ma100,adx20,-0.03861968971643537,-0.040089795213293145,29,0.13793103448275862,0.17259788921037275,-0.508350017699081,-0.010628585235305521,-0.012572209392647693,11,0.09090909090909091,0.10803587545290236,-0.36902756749138366,-0.1326345568817423
lb30_atr10_m2.5_r0.0025_tfnone_rfnone,30,10,2.5,0.0025,none,none,-0.032317147510726785,-0.036143842295550566,40,0.225,0.5092463093589791,-0.3079260100183187,-0.01876556590422318,-0.023666887599271158,14,0.21428571428571427,0.31046827063851024,-0.5004007606684838,-0.13293473828384866
lb55_atr20_m2.0_r0.0025_tfma100_rfnone,55,20,2.0,0.0025,ma100,none,-0.032367775711485414,-0.03521604867282113,32,0.21875,0.3449287068825185,-0.38127560107769976,-0.015681445589940113,-0.0176601982111958,13,0.15384615384615385,0.1993584620843351,-0.45865326369265913,-0.13309572150518623
lb20_atr14_m3.0_r0.0025_tfnone_rfnone,20,14,3.0,0.0025,none,none,-0.041616392090089604,-0.04658674483530856,46,0.21739130434782608,0.43437580351605787,-0.3544804684049837,-0.021641742843558465,-0.027829999295760577,19,0.21052631578947367,0.3439123736538797,-0.43539529981985814,-0.13488981908133219
lb55_atr14_m2.0_r0.0025_tfnone_rfnone,55,14,2.0,0.0025,none,none,-0.028598391615375474,-0.03263301098691718,32,0.25,0.37809013521367435,-0.3379086085964396,-0.01798878498275358,-0.019997321378460664,14,0.07142857142857142,0.09606803140314485,-0.4879439556193016,-0.1355456560722217
lb10_atr10_m3.0_r0.0025_tfnone_rfnone,10,10,3.0,0.0025,none,none,-0.0516471878645588,-0.05661824848179886,67,0.23880597014925373,0.4940470852259363,-0.30779020780593264,-0.028279708834523354,-0.0370175008342053,27,0.2222222222222222,0.3822484776254102,-0.4038131042415353,-0.13625611231608528
lb55_atr14_m2.0_r0.0025_tfma100_rfnone,55,14,2.0,0.0025,ma100,none,-0.029906992583999426,-0.03263301098691762,31,0.22580645161290322,0.3487555670005581,-0.36485076293824537,-0.01798878498275358,-0.019997321378460664,14,0.07142857142857142,0.09606803140314485,-0.4879439556193016,-0.13879997797924826
lb10_atr20_m3.0_r0.0025_tfnone_rfnone,10,20,3.0,0.0025,none,none,-0.06335396247295533,-0.06541235216985752,69,0.18840579710144928,0.4022700965615872,-0.3632632314863567,-0.022771100918601683,-0.03472257348680796,24,0.25,0.39682356824184306,-0.3682842580044283,-0.13888881611457413
lb10_atr20_m2.5_r0.0025_tfnone_rfadx20,10,20,2.5,0.0025,none,adx20,-0.06775477226552629,-0.06971898394378384,72,0.20833333333333334,0.3594044805854115,-0.37204426413384384,-0.02259538960366514,-0.0267479870484576,25,0.32,0.3119906346694169,-0.35083372042332206,-0.1393390344445321
lb20_atr20_m2.5_r0.0025_tfnone_rfadx20,20,20,2.5,0.0025,none,adx20,-0.053054612135627455,-0.05839344011625258,49,0.1836734693877551,0.3606402430586388,-0.4257735555596677,-0.01881168185163251,-0.020208951738697967,18,0.2222222222222222,0.22387919892490168,-0.4040899074828288,-0.1424178386940464
lb10_atr14_m3.0_r0.005_tfma100_rfnone,10,14,3.0,0.005,ma100,none,-0.07367666879054757,-0.08638370430862208,44,0.20454545454545456,0.4284836184299331,-0.328889510614177,-0.026528088712321263,-0.04626422515524542,15,0.3333333333333333,0.49508486231591786,-0.3454306462094931,-0.1426244462702024
lb55_atr20_m2.0_r0.005_tfnone_rfadx20,55,20,2.0,0.005,none,adx20,-0.06563731976140008,-0.07370914948734253,29,0.20689655172413793,0.26160277790127007,-0.4410970368376561,-0.019750198671072305,-0.023676253459539165,11,0.18181818181818182,0.2824841742591627,-0.34154463944406976,-0.14271623405636719
lb20_atr14_m3.0_r0.005_tfma100_rfnone,20,14,3.0,0.005,ma100,none,-0.06188381307953117,-0.0752191360158474,36,0.19444444444444445,0.4553290850798706,-0.33631624500210777,-0.025211893475165614,-0.038199743396143626,13,0.3076923076923077,0.43437615730533313,-0.39650320569118863,-0.142785021524056
lb30_atr14_m3.0_r0.005_tfnone_rfnone,30,14,3.0,0.005,none,none,-0.04666153572887721,-0.058874616689325476,35,0.2571428571428571,0.5638733255645155,-0.25474512005582967,-0.031897939653989904,-0.0440777076010157,14,0.2857142857142857,0.32572866843119375,-0.4654579976790933,-0.14389895187536092
lb10_atr14_m2.5_r0.005_tfma100_rfadx20,10,14,2.5,0.005,ma100,adx20,-0.09681850556525962,-0.10855607174674864,49,0.22448979591836735,0.3594307840720691,-0.39240916717491153,-0.021186401118701736,-0.034737024414342677,15,0.26666666666666666,0.5066815181712211,-0.27447728434112034,-0.14473437250806798
lb10_atr20_m3.0_r0.005_tfma100_rfnone,10,20,3.0,0.005,ma100,none,-0.08709980473934109,-0.09299245872352047,47,0.1702127659574468,0.4004978875894553,-0.366283836041775,-0.023379723620534643,-0.045462997319593246,15,0.3333333333333333,0.5113924829653761,-0.30979818549580856,-0.14510774320759476
lb30_atr20_m2.5_r0.005_tfma100_rfadx20,30,20,2.5,0.005,ma100,adx20,-0.06382992012553868,-0.07556889756161189,31,0.1935483870967742,0.34845303215176565,-0.3977976633462627,-0.02182585321901498,-0.0246078465562789,11,0.2727272727272727,0.2479871581003959,-0.3810593305599529,-0.14594029942844788
lb55_atr20_m2.0_r0.005_tfma100_rfadx20,55,20,2.0,0.005,ma100,adx20,-0.067519473914462,-0.07370914948734231,28,0.17857142857142858,0.23889604585684437,-0.4700992680977309,-0.019750198671072305,-0.023676253459539165,11,0.18181818181818182,0.2824841742591627,-0.34154463944406976,-0.14633931934696803
lb20_atr20_m3.0_r0.0025_tfnone_rfnone,20,20,3.0,0.0025,none,none,-0.05148462897490258,-0.05189229120815331,49,0.1836734693877551,0.37156762345426697,-0.412125078990504,-0.02169039300444242,-0.028203612369743558,19,0.21052631578947367,0.3236168228994263,-0.43810955332718676,-0.14673741791095263
lb30_atr10_m3.0_r0.005_tfma100_rfnone,30,10,3.0,0.005,ma100,none,-0.04155072716545649,-0.06340727644358579,30,0.23333333333333334,0.5586130284822373,-0.26741480174671134,-0.029749635019610032,-0.04160452207181575,12,0.3333333333333333,0.3103483475508079,-0.49541450255370084,-0.14674074316752442
lb30_atr14_m2.0_r0.0025_tfnone_rfadx20,30,14,2.0,0.0025,none,adx20,-0.048108718435876274,-0.05246912979614071,41,0.24390243902439024,0.3053028759174102,-0.44927683049110934,-0.017859766104326824,-0.01986856638613721,16,0.125,0.15350804702444873,-0.42918371653804316,-0.14683828957667397
lb30_atr20_m2.0_r0.0025_tfma100_rfadx20,30,20,2.0,0.0025,ma100,adx20,-0.052563493270970874,-0.05537435452403994,38,0.23684210526315788,0.21129289256547096,-0.5288972223391815,-0.01364332320120576,-0.015626173012340816,13,0.15384615384615385,0.2702690576220138,-0.40047083538886635,-0.1468388100589767
lb30_atr20_m3.0_r0.005_tfma100_rfnone,30,20,3.0,0.005,ma100,none,-0.05608580912903116,-0.06295147764187126,31,0.12903225806451613,0.4307842666329974,-0.3461183289005143,-0.02528072948567406,-0.03818437242464667,12,0.3333333333333333,0.368957383513737,-0.4342269367234685,-0.14701348624364916
lb20_atr10_m3.0_r0.005_tfma100_rfnone,20,10,3.0,0.005,ma100,none,-0.06676099855122941,-0.08230827880110803,38,0.18421052631578946,0.4662245761042275,-0.3465457127266007,-0.02563392866949965,-0.04078026681698732,13,0.3076923076923077,0.4404810439889853,-0.39544556311619034,-0.14736505398392877
lb30_atr20_m2.0_r0.0025_tfnone_rfadx20,30,20,2.0,0.0025,none,adx20,-0.05299182924785839,-0.057262515964929483,43,0.23255813953488372,0.2875721962002352,-0.47286676732217797,-0.01637805411435911,-0.0183554063597533,15,0.13333333333333333,0.2353671030560017,-0.41907947719223165,-0.1475105014277935
lb55_atr10_m2.0_r0.0025_tfnone_rfnone,55,10,2.0,0.0025,none,none,-0.03690239744167678,-0.0406128910916318,34,0.17647058823529413,0.28075652760211345,-0.412867326325608,-0.016727168813327475,-0.018658812278493864,13,0.07692307692307693,0.0714617163308429,-0.4898099243382153,-0.14772167439149855
lb20_atr10_m2.5_r0.005_tfma100_rfnone,20,10,2.5,0.005,ma100,none,-0.083647162492542,-0.08966880715154002,42,0.19047619047619047,0.40730396482849995,-0.3904500509746799,-0.02099396739552062,-0.038878029153301186,13,0.23076923076923078,0.5465748360335152,-0.3521809410405063,-0.14830870721626813
lb30_atr14_m2.0_r0.0025_tfma100_rfadx20,30,14,2.0,0.0025,ma100,adx20,-0.04761189110620134,-0.05028815770303041,36,0.25,0.21809904416038403,-0.5041352900238629,-0.015518622545235616,-0.01753221123676496,14,0.14285714285714285,0.17294107345917373,-0.42251835578420943,-0.14866799019353746
lb55_atr14_m2.0_r0.005_tfnone_rfadx20,55,14,2.0,0.005,none,adx20,-0.05917916883753571,-0.0679898719866241,28,0.21428571428571427,0.2857720209494457,-0.4088951347904436,-0.023984545481618103,-0.027968942258934537,12,0.08333333333333333,0.1367764141122845,-0.3814824339477915,-0.14871410657275258
lb10_atr10_m2.5_r0.0025_tfnone_rfnone,10,10,2.5,0.0025,none,none,-0.08412099372516835,-0.08607064437260104,82,0.1951219512195122,0.36141357220286835,-0.407968986701365,-0.02470411941586803,-0.03426199208326852,28,0.2857142857142857,0.4660236259865469,-0.3338426393683766,-0.14946413302772998
lb30_atr14_m2.5_r0.0025_tfma100_rfnone,30,14,2.5,0.0025,ma100,none,-0.030669383441925047,-0.03623015169435284,35,0.2,0.4370971124283831,-0.33373838029146946,-0.022294802444658757,-0.026090259918703285,15,0.26666666666666666,0.1828715158551204,-0.5571093038843506,-0.14949590862653853
lb20_atr14_m2.5_r0.0025_tfma100_rfnone,20,14,2.5,0.0025,ma100,none,-0.04453925170649997,-0.04713376852247764,43,0.20930232558139536,0.3769425198095877,-0.4014940683593925,-0.02084640440397023,-0.024647484567944855,16,0.25,0.2585867079853399,-0.48734109280069077,-0.14983858056876542
lb55_atr20_m1.5_r0.0025_tfnone_rfadx20,55,20,1.5,0.0025,none,adx20,-0.047442305859569656,-0.05107350294670099,35,0.2571428571428571,0.1965075009473082,-0.505688067041398,-0.017225007213724997,-0.01955534386455704,15,0.26666666666666666,0.23895531047864713,-0.4302724825877202,-0.15050149839402457
lb55_atr10_m2.0_r0.0025_tfma100_rfnone,55,10,2.0,0.0025,ma100,none,-0.038341839660225197,-0.03981237003461635,33,0.15151515151515152,0.2515826025975626,-0.44219312288463364,-0.016727168813327475,-0.018658812278493864,13,0.07692307692307693,0.0714617163308429,-0.4898099243382153,-0.1511296838533257
lb55_atr20_m1.5_r0.0025_tfma100_rfadx20,55,20,1.5,0.0025,ma100,adx20,-0.04624722289946903,-0.048339117207088944,33,0.24242424242424243,0.16771701199437075,-0.5223691522707624,-0.017225007213724997,-0.01955534386455704,15,0.26666666666666666,0.23895531047864713,-0.4302724825877202,-0.15134279215000884
lb10_atr20_m2.5_r0.005_tfma100_rfadx20,10,20,2.5,0.005,ma100,adx20,-0.10356845818642846,-0.11071449631029462,51,0.19607843137254902,0.34387458939387666,-0.40611327344863274,-0.022660326498742722,-0.030937053868433262,16,0.375,0.36791711720081943,-0.27377225694510393,-0.1518504854537183
lb55_atr14_m2.0_r0.005_tfma100_rfadx20,55,14,2.0,0.005,ma100,adx20,-0.06171056830085353,-0.06798987198662432,27,0.18518518518518517,0.2532114616039818,-0.44245785000488735,-0.023984545481618103,-0.027968942258934537,12,0.08333333333333333,0.1367764141122845,-0.3814824339477915,-0.15313185978563687
lb55_atr14_m1.5_r0.0025_tfnone_rfadx20,55,14,1.5,0.0025,none,adx20,-0.05077037906647697,-0.05425850814047284,36,0.25,0.17882109762847537,-0.5291757696731333,-0.017131279645952735,-0.019809840501637588,15,0.26666666666666666,0.2355965113669272,-0.4283257362740649,-0.15444968254946126
lb20_atr20_m2.0_r0.0025_tfma100_rfadx20,20,20,2.0,0.0025,ma100,adx20,-0.06695476842305659,-0.06970123287318175,48,0.20833333333333334,0.23432066080828728,-0.5399864834765032,-0.014989916773192058,-0.016970059558691575,15,0.13333333333333333,0.25224584233544706,-0.382065579306985,-0.15449980118068718
lb20_atr14_m2.5_r0.005_tfnone_rfadx20,20,14,2.5,0.005,none,adx20,-0.09713153943733199,-0.10853291175759672,47,0.23404255319148937,0.36766687511232826,-0.40459290377430684,-0.02608709826231359,-0.035486621461004786,17,0.29411764705882354,0.41839007253879246,-0.29989841074919443,-0.15459448824080668
lb55_atr20_m1.5_r0.0025_tfnone_rfnone,55,20,1.5,0.0025,none,none,-0.04113183193809389,-0.04478708486421856,39,0.3076923076923077,0.3460820291227669,-0.39060032713657805,-0.023279883434843995,-0.025595862882778264,17,0.23529411764705882,0.18850748459073416,-0.5140371723455788,-0.15463718836711818
lb55_atr20_m1.5_r0.0025_tfma100_rfnone,55,20,1.5,0.0025,ma100,none,-0.0399288318304013,-0.04203458445290964,37,0.2972972972972973,0.3281031558346096,-0.39925709288683164,-0.023279883434843995,-0.025595862882778264,17,0.23529411764705882,0.18850748459073416,-0.5140371723455788,-0.15465673343374609
lb30_atr10_m2.5_r0.005_tfma100_rfnone,30,10,2.5,0.005,ma100,none,-0.057347098378985883,-0.06962801425227838,34,0.17647058823529413,0.47597436056955444,-0.32247602775586587,-0.02743600243462474,-0.0370878661878673,12,0.25,0.38074747793591585,-0.48548413920804995,-0.15497228125796741
lb20_atr14_m2.0_r0.0025_tfma100_rfadx20,20,14,2.0,0.0025,ma100,adx20,-0.05902314496224226,-0.06275314942010157,45,0.2222222222222222,0.25681523904194864,-0.5077681425963279,-0.017172075999681846,-0.019182282834272035,16,0.125,0.15898019290265855,-0.40990417806730056,-0.1550203591301317
lb55_atr14_m1.5_r0.0025_tfma100_rfadx20,55,14,1.5,0.0025,ma100,adx20,-0.04971507515202478,-0.051704772715821745,34,0.23529411764705882,0.14597844327867798,-0.54888977990398,-0.017131279645952735,-0.019809840501637588,15,0.26666666666666666,0.2355965113669272,-0.4283257362740649,-0.15568709659437857
lb10_atr10_m3.0_r0.005_tfma100_rfnone,10,10,3.0,0.005,ma100,none,-0.07459922712937184,-0.08521492507139794,45,0.2,0.4543390875150857,-0.3267682792958537,-0.03215662153722387,-0.04944455570262052,16,0.3125,0.4552928688253022,-0.39985304943675876,-0.15596104165722618
lb30_atr14_m2.5_r0.0025_tfnone_rfnone,30,14,2.5,0.0025,none,none,-0.03783166771236057,-0.04076472424035893,42,0.21428571428571427,0.4357138848646365,-0.3459097723619122,-0.024816939303630603,-0.028602605827175998,17,0.23529411764705882,0.16712761282956282,-0.5521870487788747,-0.1559808222632544
lb30_atr10_m2.0_r0.0025_tfnone_rfadx20,30,10,2.0,0.0025,none,adx20,-0.05552474632020743,-0.0560807676482461,43,0.20930232558139536,0.2496806996734427,-0.49744367623676855,-0.017006287280121768,-0.018937382415928017,15,0.13333333333333333,0.1266022724622813,-0.4374090251707762,-0.15662951734843877
lb30_atr10_m2.0_r0.0025_tfma100_rfadx20,30,10,2.0,0.0025,ma100,adx20,-0.05459509916748928,-0.056040775687596245,38,0.21052631578947367,0.1637144914579815,-0.5516196791814176,-0.014355277467915761,-0.01629158052325097,13,0.15384615384615385,0.14683117317756778,-0.422962878869559,-0.1569606964724386
lb10_atr14_m2.5_r0.0025_tfma100_rfnone,10,14,2.5,0.0025,ma100,none,-0.05392185581364506,-0.05805727240005931,55,0.2,0.36819917368521166,-0.3820880656852191,-0.02561215672437367,-0.032393973695273526,20,0.2,0.2977944756181243,-0.4855062318244811,-0.15755635743201193
lb30_atr10_m3.0_r0.005_tfnone_rfnone,30,10,3.0,0.005,none,none,-0.04801947073071655,-0.06439214501670432,36,0.25,0.5734222175244477,-0.2587722052509831,-0.03592847602816185,-0.047707867656800795,14,0.2857142857142857,0.2711459684348373,-0.5145917309550259,-0.15774381410858498
lb30_atr20_m2.5_r0.005_tfnone_rfadx20,30,20,2.5,0.005,none,adx20,-0.06999161361918671,-0.08144734378373408,36,0.19444444444444445,0.3865783264825066,-0.37189575729819,-0.02784062779686669,-0.030605514709006076,13,0.23076923076923078,0.20472832479507141,-0.4151287063029655,-0.15811665214722836
lb10_atr20_m2.5_r0.0025_tfma100_rfnone,10,20,2.5,0.0025,ma100,none,-0.057576387462579315,-0.06177792943026572,57,0.19298245614035087,0.35285554822497794,-0.3928891920703172,-0.025564272768602514,-0.02970425662787124,21,0.2857142857142857,0.20495642721767424,-0.46310746466844827,-0.1582728749520445
lb20_atr20_m3.0_r0.005_tfma100_rfnone,20,20,3.0,0.005,ma100,none,-0.08380518673544246,-0.08739748125900049,39,0.15384615384615385,0.3607221186903696,-0.42368329976187635,-0.02366215159857421,-0.036598983166909904,13,0.3076923076923077,0.4301607968055351,-0.3763281848848018,-0.1585278013988092
lb55_atr10_m2.0_r0.005_tfnone_rfadx20,55,10,2.0,0.005,none,adx20,-0.07268361616434005,-0.07980147454226616,30,0.16666666666666666,0.20664562630912028,-0.472908885105037,-0.021167971950846187,-0.02500627057640803,11,0.09090909090909091,0.10809249382093251,-0.36902756749138366,-0.1590927730909884
lb20_atr14_m2.0_r0.0025_tfnone_rfadx20,20,14,2.0,0.0025,none,adx20,-0.07220789705294073,-0.07404138153185813,55,0.2,0.28015577871724767,-0.51172483412787,-0.020823060601718346,-0.022825799970213168,21,0.14285714285714285,0.23166780112653418,-0.3807975620479316,-0.15944310743196297
lb20_atr14_m2.5_r0.0025_tfnone_rfnone,20,14,2.5,0.0025,none,none,-0.05528818648870737,-0.057273943875924105,54,0.2037037037037037,0.37927266564892537,-0.4019544350306888,-0.027680275458654258,-0.03145482649397524,22,0.22727272727272727,0.2525586979007975,-0.47919900943244204,-0.16043403695281894
lb10_atr20_m2.0_r0.0025_tfma100_rfadx20,10,20,2.0,0.0025,ma100,adx20,-0.08542515147338692,-0.08811724744413818,63,0.19047619047619047,0.2038330378697919,-0.5281478820936618,-0.018017995987849145,-0.021224477545320863,20,0.2,0.28231323331972663,-0.34621468588051657,-0.16103346595171575
lb55_atr20_m2.0_r0.005_tfnone_rfnone,55,20,2.0,0.005,none,none,-0.061055872269803135,-0.0690933610776644,33,0.24242424242424243,0.3696849461887715,-0.3584804180618774,-0.031175865643519485,-0.03505615883686253,13,0.15384615384615385,0.1992921988458246,-0.45865326369265913,-0.16153984259180007
lb30_atr20_m3.0_r0.005_tfnone_rfnone,30,20,3.0,0.005,none,none,-0.0657750570326403,-0.0657750570326403,37,0.1891891891891892,0.4426387448333457,-0.3422298945342993,-0.031669308143215225,-0.04448837705110198,14,0.2857142857142857,0.31792263804586185,-0.46427448299661567,-0.16233490215736948
lb20_atr10_m2.0_r0.0025_tfma100_rfadx20,20,10,2.0,0.0025,ma100,adx20,-0.06516023047566133,-0.06737912417939884,47,0.19148936170212766,0.21226047216290522,-0.5383830587962423,-0.016363846069338384,-0.018296203283509005,15,0.13333333333333333,0.13118551212439053,-0.41826350821961866,-0.162801794577235
lb20_atr20_m2.0_r0.0025_tfnone_rfadx20,20,20,2.0,0.0025,none,adx20,-0.0798115830637578,-0.08073619998293657,58,0.1896551724137931,0.2573666490632474,-0.5368069196301092,-0.01954176429275689,-0.021512756605403305,20,0.15,0.285636014110409,-0.3746821355530418,-0.16314376785941007
lb20_atr10_m2.0_r0.0025_tfnone_rfadx20,20,10,2.0,0.0025,none,adx20,-0.07828567758931104,-0.07960732233729972,57,0.17543859649122806,0.24354514398353863,-0.5360006689618202,-0.019458517605778214,-0.02138479532516302,20,0.15,0.2210259053243687,-0.37431610317234776,-0.16349500764414576
lb55_atr10_m2.0_r0.005_tfma100_rfadx20,55,10,2.0,0.005,ma100,adx20,-0.07545140690928498,-0.07827465742990303,29,0.13793103448275862,0.1739692262295169,-0.508350017699081,-0.021167971950846187,-0.02500627057640803,11,0.09090909090909091,0.10809249382093251,-0.36902756749138366,-0.16356872583329746
lb55_atr20_m2.0_r0.005_tfma100_rfnone,55,20,2.0,0.005,ma100,none,-0.06294725516305977,-0.06844758619295266,32,0.21875,0.34884744397721607,-0.3812756010776997,-0.031175865643519485,-0.03505615883686253,13,0.15384615384615385,0.1992921988458246,-0.45865326369265913,-0.1645139286970117
lb30_atr20_m2.5_r0.0025_tfma100_rfnone,30,20,2.5,0.0025,ma100,none,-0.036289630470834666,-0.03899240643585067,37,0.21621621621621623,0.37293711482896985,-0.37258183703948566,-0.02392232183165366,-0.02531231386673538,15,0.2,0.13075020654519828,-0.5976655263766546,-0.16478383926948123
lb30_atr10_m2.5_r0.005_tfnone_rfnone,30,10,2.5,0.005,none,none,-0.06466869466950664,-0.07109779688298334,40,0.225,0.502311859924669,-0.3079260100183187,-0.03324310489106885,-0.04283733813171686,14,0.21428571428571427,0.33620368181359855,-0.5004007606684837,-0.16490442292988722
lb10_atr10_m2.5_r0.005_tfma100_rfnone,10,10,2.5,0.005,ma100,none,-0.1115613754172009,-0.11827450318297117,55,0.18181818181818182,0.35296304926036287,-0.40306430010316724,-0.024551881694367506,-0.0461289491182596,17,0.35294117647058826,0.5673806482248906,-0.32163131646159304,-0.1650212916124228
lb10_atr14_m2.0_r0.0025_tfma100_rfadx20,10,14,2.0,0.0025,ma100,adx20,-0.07817032809130386,-0.08428582103339122,60,0.21666666666666667,0.2474642646464684,-0.5070586234452443,-0.02119779577749703,-0.02387233611736117,21,0.23809523809523808,0.1970342315623967,-0.3834958334386646,-0.16508741784488598
lb55_atr14_m2.0_r0.005_tfnone_rfnone,55,14,2.0,0.005,none,none,-0.05620695678324106,-0.0640214861381827,32,0.25,0.380276374055917,-0.3379086085964396,-0.03570547698595228,-0.03964202529786087,14,0.07142857142857142,0.09619636325826966,-0.48794395561930154,-0.1671902425607232
lb55_atr10_m1.5_r0.0025_tfnone_rfadx20,55,10,1.5,0.0025,none,adx20,-0.05433885321224741,-0.05756972728958443,37,0.1891891891891892,0.13765048673706015,-0.5532930398661797,-0.01857750030948524,-0.021146496017238503,15,0.2,0.18248137596062816,-0.46741683174089466,-0.16759261910496676
lb55_atr10_m1.5_r0.0025_tfma100_rfadx20,55,10,1.5,0.0025,ma100,adx20,-0.053315931420998885,-0.055245124836847626,35,0.17142857142857143,0.10402269034380139,-0.5744926189864099,-0.01857750030948524,-0.021146496017238503,15,0.2,0.18248137596062816,-0.46741683174089466,-0.16901491499067114
lb55_atr14_m1.5_r0.0025_tfnone_rfnone,55,14,1.5,0.0025,none,none,-0.05051194978998019,-0.05400102851267341,40,0.3,0.22712514166100425,-0.47274012380809705,-0.02340228146007317,-0.026063752281618835,17,0.23529411764705882,0.18397343544886982,-0.5155986838867378,-0.1691156027796364
lb20_atr20_m2.5_r0.005_tfma100_rfadx20,20,20,2.5,0.005,ma100,adx20,-0.09029943888540459,-0.09618306778559038,40,0.2,0.3279963563904227,-0.4469856230791664,-0.0258112598444441,-0.02858191841609936,13,0.23076923076923078,0.21806363271123388,-0.3831288382182072,-0.16940134434096202
lb55_atr14_m1.5_r0.0025_tfma100_rfnone,55,14,1.5,0.0025,ma100,none,-0.04945635856735631,-0.051446597829484686,38,0.2894736842105263,0.19904245406020127,-0.4874086779164844,-0.02340228146007317,-0.026063752281618835,17,0.23529411764705882,0.18397343544886982,-0.5155986838867378,-0.16986133313810153
lb30_atr20_m2.5_r0.0025_tfnone_rfnone,30,20,2.5,0.0025,none,none,-0.04249858671055495,-0.04260625245000871,44,0.20454545454545456,0.3896246924426832,-0.3696572492728691,-0.026925715478307355,-0.028311430504150525,17,0.17647058823529413,0.1176663946438401,-0.5982354965546404,-0.17043207834220117
lb20_atr20_m2.5_r0.0025_tfma100_rfnone,20,20,2.5,0.0025,ma100,none,-0.04972712519222666,-0.05216217635133191,45,0.2,0.3424099225506807,-0.4276641514045021,-0.024867559407952045,-0.02625620536911799,17,0.17647058823529413,0.12641403634589157,-0.5500860753526966,-0.17093290469321287
lb55_atr14_m2.0_r0.005_tfma100_rfnone,55,14,2.0,0.005,ma100,none,-0.05874635336540435,-0.06402148613818259,31,0.22580645161290322,0.35053015031098156,-0.36485076293824537,-0.03570547698595228,-0.03964202529786087,14,0.07142857142857142,0.09619636325826966,-0.48794395561930154,-0.1710027448769265
lb10_atr10_m2.0_r0.0025_tfma100_rfadx20,10,10,2.0,0.0025,ma100,adx20,-0.08248062235015707,-0.08771369402016016,62,0.1935483870967742,0.2243727087559374,-0.5183291436559486,-0.020883059082415723,-0.02381670026201499,20,0.25,0.16787160310270233,-0.3960734891621163,-0.171160554140145
lb20_atr10_m2.5_r0.005_tfnone_rfnone,20,10,2.5,0.005,none,none,-0.10078574813474195,-0.10306794331063951,52,0.21153846153846154,0.4141468465526978,-0.37656349065402445,-0.03354960426172238,-0.05120430503739959,19,0.21052631578947367,0.4696045741559065,-0.37499926342861184,-0.1719293550323277
lb10_atr14_m2.5_r0.005_tfnone_rfadx20,10,14,2.5,0.005,none,adx20,-0.1307860495318558,-0.1342099057145869,71,0.2535211267605634,0.3575478474213372,-0.3615573734521991,-0.033916062653735146,-0.04758384319353359,24,0.20833333333333334,0.4775247520102132,-0.2772607570089247,-0.1722939009081448
lb30_atr20_m1.5_r0.0025_tfma100_rfadx20,30,20,1.5,0.0025,ma100,adx20,-0.06700274550776486,-0.06947022051487806,44,0.25,0.18675828877615394,-0.5767523205993531,-0.02008470833387266,-0.022408264117894205,17,0.29411764705882354,0.258666174437394,-0.44448420140802025,-0.17243936295242748
lb20_atr10_m3.0_r0.005_tfnone_rfnone,20,10,3.0,0.005,none,none,-0.08402331252553896,-0.09628348231044492,48,0.1875,0.45935359406405213,-0.33599691355019373,-0.03954611906324623,-0.05447619481585375,19,0.21052631578947367,0.37280899244547405,-0.4226009147401331,-0.1731837447874165
lb10_atr14_m2.5_r0.0025_tfnone_rfnone,10,14,2.5,0.0025,none,none,-0.0743183458441612,-0.07746906618800498,80,0.225,0.37251955382604135,-0.3706618427141863,-0.03680503139666447,-0.04350894506865777,31,0.16129032258064516,0.29607264565626396,-0.45979197939971556,-0.17330825386668422
lb30_atr20_m1.5_r0.0025_tfnone_rfadx20,30,20,1.5,0.0025,none,adx20,-0.07432713117472367,-0.07497668477604347,52,0.28846153846153844,0.19453446928703078,-0.5430483685417482,-0.022304244368629544,-0.024622537232646402,19,0.2631578947368421,0.2388820126228148,-0.44374648927079513,-0.17553786456075454
lb30_atr14_m1.5_r0.0025_tfnone_rfadx20,30,14,1.5,0.0025,none,adx20,-0.0746835950093212,-0.07532133838472832,52,0.25,0.22106915323812573,-0.5463533534264255,-0.022224124972297976,-0.02488880656226533,19,0.21052631578947367,0.2388912696596321,-0.44267937461921786,-0.17560867450208137
lb20_atr14_m3.0_r0.005_tfnone_rfnone,20,14,3.0,0.005,none,none,-0.08332645223880975,-0.09114827305903095,46,0.21739130434782608,0.42459041454588303,-0.3544804684049837,-0.04054187078496663,-0.053325467655195524,19,0.21052631578947367,0.35775677677010054,-0.43539529981985814,-0.17675463296422544
lb10_atr20_m1.5_r0.0025_tfma100_rfadx20,10,20,1.5,0.0025,ma100,adx20,-0.10794320023557968,-0.11030240102394873,73,0.1917808219178082,0.1676547287039414,-0.5722690399037198,-0.02104290391360819,-0.023929009758046904,24,0.4166666666666667,0.37076480598853656,-0.3326201173336926,-0.17694593762907304
lb20_atr20_m1.5_r0.0025_tfma100_rfadx20,20,20,1.5,0.0025,ma100,adx20,-0.08449835429707508,-0.08691955909576687,55,0.21818181818181817,0.1790526679444457,-0.5900459817087896,-0.02032489542916749,-0.02264788168629306,19,0.3684210526315789,0.2783218877517462,-0.40265651363871113,-0.1770135164728034
lb20_atr20_m2.5_r0.0025_tfnone_rfnone,20,20,2.5,0.0025,none,none,-0.058722163047991494,-0.05940207931166697,56,0.17857142857142858,0.3612017230160245,-0.41149174488837265,-0.03241348942404687,-0.03379138953695271,23,0.17391304347826086,0.14227873034764382,-0.5391352630219424,-0.17840239952341394
lb30_atr14_m1.5_r0.0025_tfma100_rfadx20,30,14,1.5,0.0025,ma100,adx20,-0.07146793743575586,-0.0739959053875443,45,0.24444444444444444,0.15746067234932723,-0.6035250409017632,-0.02050827048051973,-0.02317762819923197,17,0.23529411764705882,0.25418863589063717,-0.45286510345369035,-0.17961473562702612
lb10_atr14_m3.0_r0.005_tfnone_rfnone,10,14,3.0,0.005,none,none,-0.10391755495655441,-0.10935789959109676,65,0.24615384615384617,0.43505459123178947,-0.31446556704859757,-0.04665815647783611,-0.06974576112315323,25,0.24,0.414939984465054,-0.3725233172793446,-0.1812602628976762
lb30_atr14_m2.5_r0.005_tfma100_rfnone,30,14,2.5,0.005,ma100,none,-0.059969273493554964,-0.07125312516812699,35,0.2,0.4399800200958956,-0.33373838029146946,-0.039562449793474785,-0.04699758828286005,15,0.26666666666666666,0.20078312488931888,-0.5571093038843506,-0.1821376399459542
lb55_atr10_m2.0_r0.005_tfnone_rfnone,55,10,2.0,0.005,none,none,-0.07217714407724296,-0.07929889001355916,34,0.17647058823529413,0.2826662686696101,-0.412867326325608,-0.033216626749951406,-0.03700767892890133,13,0.07692307692307693,0.07169519358965605,-0.48980992433821524,-0.18282665233306672
lb55_atr10_m1.5_r0.0025_tfnone_rfnone,55,10,1.5,0.0025,none,none,-0.05498961026813931,-0.058218261018326056,41,0.21951219512195122,0.17342246587225515,-0.5043670598946919,-0.02499179658452566,-0.027544002072364515,17,0.17647058823529413,0.1421983954717575,-0.5533114662266231,-0.18325423622278608
lb55_atr10_m1.5_r0.0025_tfma100_rfnone,55,10,1.5,0.0025,ma100,none,-0.05396739240088744,-0.055895258241598134,39,0.20512820512820512,0.14370087537121398,-0.5208832985937966,-0.02499179658452566,-0.027544002072364515,17,0.17647058823529413,0.1421983954717575,-0.5533114662266231,-0.18422626538021342
lb55_atr10_m2.0_r0.005_tfma100_rfnone,55,10,2.0,0.005,ma100,none,-0.07494644650555626,-0.07777123899999094,33,0.15151515151515152,0.2529136586256291,-0.4421931228846336,-0.033216626749951406,-0.03700767892890133,13,0.07692307692307693,0.07169519358965605,-0.48980992433821524,-0.18673737688828468
lb30_atr20_m2.0_r0.005_tfma100_rfadx20,30,20,2.0,0.005,ma100,adx20,-0.10044555901904328,-0.10702967562905175,38,0.23684210526315788,0.21128750038683503,-0.5288972223391815,-0.027159758773900533,-0.03105613710756705,13,0.15384615384615385,0.2698995805337053,-0.40047083538886635,-0.18707057625114962
lb55_atr20_m1.5_r0.005_tfma100_rfadx20,55,20,1.5,0.005,ma100,adx20,-0.0829204671769358,-0.0869345784896478,33,0.24242424242424243,0.1803968382493978,-0.5223691522707624,-0.03392124224064552,-0.03817557126707194,15,0.26666666666666666,0.23641411772805626,-0.4302724825877202,-0.18718972012684598
lb55_atr20_m1.5_r0.005_tfnone_rfadx20,55,20,1.5,0.005,none,adx20,-0.08559158525800425,-0.09149756307776968,35,0.2571428571428571,0.20519104935166407,-0.505688067041398,-0.03392124224064552,-0.03817557126707194,15,0.26666666666666666,0.23641411772805626,-0.4302724825877202,-0.18731060693152068
lb30_atr10_m1.5_r0.0025_tfnone_rfadx20,30,10,1.5,0.0025,none,adx20,-0.07545720283388901,-0.0760319700917842,52,0.21153846153846154,0.2149594099546178,-0.5558354198510101,-0.024484765086194127,-0.027038297792171262,19,0.15789473684210525,0.18328586087498586,-0.4900309462942255,-0.18753127522966045
lb30_atr14_m2.0_r0.005_tfma100_rfadx20,30,14,2.0,0.005,ma100,adx20,-0.09107052499366741,-0.09731181895965091,36,0.25,0.22155473840788317,-0.5041352900238629,-0.03084527462897746,-0.03480166378922367,14,0.14285714285714285,0.1728451402644827,-0.42251835578420943,-0.18769299023621905
lb10_atr10_m2.0_r0.0025_tfnone_rfadx20,10,10,2.0,0.0025,none,adx20,-0.12161551064236964,-0.125053506119163,92,0.18478260869565216,0.22300710283631536,-0.5292539874896177,-0.026400581806354628,-0.02981544336258868,30,0.23333333333333334,0.29008391415376017,-0.3404429313187904,-0.1881402952523826
lb20_atr14_m2.5_r0.005_tfma100_rfnone,20,14,2.5,0.005,ma100,none,-0.08675076665000203,-0.0921405541938235,43,0.20930232558139536,0.3793453614679976,-0.4014940683593925,-0.03672285768269856,-0.04417997861185052,16,0.25,0.2831287416590339,-0.4873410928006907,-0.18844141054799549
lb30_atr10_m1.5_r0.0025_tfma100_rfadx20,30,10,1.5,0.0025,ma100,adx20,-0.07133329515541331,-0.07380192650209738,45,0.2222222222222222,0.15758418124455054,-0.6034522771105306,-0.02239063395162111,-0.02494964830683477,17,0.17647058823529413,0.19740428890247966,-0.49750471780073496,-0.189376583116523
lb20_atr10_m1.5_r0.0025_tfnone_rfadx20,20,10,1.5,0.0025,none,adx20,-0.10597314078344866,-0.10652893697582777,68,0.19117647058823528,0.18094276477458773,-0.611853601065402,-0.023941472472212455,-0.02649642731431734,24,0.20833333333333334,0.30852168280751485,-0.3769231439260985,-0.18952997462694113
lb30_atr14_m2.0_r0.005_tfnone_rfadx20,30,14,2.0,0.005,none,adx20,-0.09499101955648659,-0.10193603862076905,41,0.24390243902439024,0.28673380045543856,-0.44927683049110934,-0.035451587418193764,-0.03938917218579663,16,0.125,0.15334520580830835,-0.4291837165380431,-0.18980970224300028
lb20_atr20_m2.5_r0.005_tfnone_rfadx20,20,20,2.5,0.005,none,adx20,-0.10720636056009958,-0.11343815585850625,49,0.1836734693877551,0.3375377414835842,-0.4257735555596677,-0.03733622761090993,-0.04007410839586534,18,0.2222222222222222,0.22302623073074213,-0.40408990748282886,-0.19010503573376464
lb10_atr20_m2.5_r0.0025_tfnone_rfnone,10,20,2.5,0.0025,none,none,-0.07704657224008793,-0.08026765888785004,81,0.19753086419753085,0.3482275223735046,-0.37684818556141797,-0.04318336607452933,-0.0472484935221712,33,0.24242424242424243,0.19027292063390702,-0.509616931666657,-0.19036414610426705
lb55_atr20_m1.5_r0.005_tfma100_rfnone,55,20,1.5,0.005,ma100,none,-0.07031202388049274,-0.07438132309464673,37,0.2972972972972973,0.3478073451726928,-0.39925709288683164,-0.04580715538696334,-0.05000914231923037,17,0.23529411764705882,0.1864821958404893,-0.5140371723455788,-0.19142776463585354
lb30_atr20_m2.0_r0.005_tfnone_rfadx20,30,20,2.0,0.005,none,adx20,-0.10386632785497496,-0.11061604754532384,43,0.23255813953488372,0.27005941006472806,-0.47286676732217786,-0.03255012853229866,-0.036424917586403094,15,0.13333333333333333,0.2349136278350352,-0.41907947719223165,-0.1916589610922785
lb30_atr20_m2.0_r0.0025_tfnone_rfnone,30,20,2.0,0.0025,none,none,-0.06144286452958958,-0.06144286452958958,53,0.24528301886792453,0.31286796982529724,-0.44498591280855243,-0.03045681965891034,-0.03240586969045256,19,0.10526315789473684,0.14105571615190074,-0.5992807845873359,-0.19171176172243895
lb20_atr20_m1.5_r0.0025_tfnone_rfadx20,20,20,1.5,0.0025,none,adx20,-0.10329024723055658,-0.10391947713332916,68,0.23529411764705882,0.16820646368976913,-0.5940938966570519,-0.02603185394281915,-0.02834130797264256,25,0.32,0.26017424948883255,-0.39363926753424316,-0.19182562899188588
lb30_atr14_m2.0_r0.0025_tfnone_rfnone,30,14,2.0,0.0025,none,none,-0.05828804823969458,-0.05828804823969458,51,0.2549019607843137,0.3155624573625272,-0.43818427931946313,-0.032100147666526024,-0.034079821677455824,20,0.1,0.09105458017512083,-0.6010914044708703,-0.1918352908653957
lb30_atr20_m2.0_r0.0025_tfma100_rfnone,30,20,2.0,0.0025,ma100,none,-0.05776033662921509,-0.060533865340756776,46,0.2608695652173913,0.2647107795911251,-0.4799044731618724,-0.027761231462645863,-0.029715700372238696,17,0.11764705882352941,0.15295790362178077,-0.6062508005488924,-0.19220690621661735
lb55_atr20_m1.5_r0.005_tfnone_rfnone,55,20,1.5,0.005,none,none,-0.07301986575667152,-0.07900704175367823,39,0.3076923076923077,0.36119016512275226,-0.3906003271365781,-0.04580715538696334,-0.05000914231923037,17,0.23529411764705882,0.1864821958404893,-0.5140371723455788,-0.19239590747977556
lb55_atr14_m1.5_r0.005_tfnone_rfadx20,55,14,1.5,0.005,none,adx20,-0.09160607074926641,-0.09747320223151346,36,0.25,0.18724134623834887,-0.5291757696731333,-0.03370743986710201,-0.03796271041681143,15,0.26666666666666666,0.23623999159949152,-0.4283257362740649,-0.1926114748041008
lb10_atr10_m3.0_r0.005_tfnone_rfnone,10,10,3.0,0.005,none,none,-0.10907072801387119,-0.11082487592344392,67,0.23880597014925373,0.4510054984491735,-0.30779020780593264,-0.054123361632374634,-0.07101891871998789,27,0.2222222222222222,0.39129388942831017,-0.4038131042415353,-0.1930155620452273
lb20_atr20_m2.0_r0.0025_tfma100_rfnone,20,20,2.0,0.0025,ma100,none,-0.07213294779695811,-0.07486417002185608,55,0.21818181818181817,0.26060544019800175,-0.507450590928869,-0.027801280748334545,-0.029755669147782826,19,0.10526315789473684,0.1528634630832798,-0.544185530036644,-0.19308286938672625
lb30_atr14_m2.0_r0.0025_tfma100_rfnone,30,14,2.0,0.0025,ma100,none,-0.0541060512942102,-0.056764068918983335,44,0.2727272727272727,0.261279880697001,-0.46881101648022416,-0.029792949135265312,-0.03177734212715111,18,0.1111111111111111,0.09758664396889566,-0.6150080892104249,-0.19325632384250918
lb20_atr14_m2.0_r0.0025_tfma100_rfnone,20,14,2.0,0.0025,ma100,none,-0.06549549966888724,-0.06919984790387601,52,0.23076923076923078,0.2733571822897696,-0.48721916462962167,-0.030218537953723756,-0.032202060476292704,20,0.1,0.09637348386765572,-0.5625041190009087,-0.19344274804920378
lb55_atr14_m1.5_r0.005_tfma100_rfadx20,55,14,1.5,0.005,ma100,adx20,-0.09012888233297356,-0.0939310803619543,34,0.23529411764705882,0.15557905758854892,-0.54888977990398,-0.03370743986710201,-0.03796271041681143,15,0.26666666666666666,0.23623999159949152,-0.4283257362740649,-0.1935082728810527
lb20_atr20_m3.0_r0.005_tfnone_rfnone,20,20,3.0,0.005,none,none,-0.10253311174005719,-0.10330422455556187,49,0.1836734693877551,0.36000187439264536,-0.412125078990504,-0.041115777700807876,-0.053821342375710124,19,0.21052631578947367,0.3345942413085336,-0.43810955332718676,-0.19415885791463117
lb30_atr14_m2.5_r0.005_tfnone_rfnone,30,14,2.5,0.005,none,none,-0.07504745418431369,-0.0799925430974453,42,0.21428571428571427,0.42857390197547196,-0.3459097723619122,-0.0445138903620198,-0.05191069773207191,17,0.23529411764705882,0.1819508251105122,-0.5521870487788747,-0.1948991649738701
lb10_atr20_m3.0_r0.005_tfnone_rfnone,10,20,3.0,0.005,none,none,-0.12345980544803659,-0.1273049248631437,69,0.18840579710144928,0.4012204628309074,-0.36326323148635664,-0.04453091151936217,-0.06766852801453371,24,0.25,0.4018199378744872,-0.3682842580044283,-0.19504884158438332
lb10_atr14_m2.0_r0.0025_tfnone_rfadx20,10,14,2.0,0.0025,none,adx20,-0.11342489993594773,-0.11721462152375528,89,0.20224719101123595,0.2425166594842947,-0.5087282124355529,-0.032706907722845124,-0.035889414047711954,32,0.21875,0.25916668036162144,-0.392901688291518,-0.19553136662831797
lb20_atr10_m1.5_r0.0025_tfma100_rfadx20,20,10,1.5,0.0025,ma100,adx20,-0.09043265194879813,-0.0928505123669714,56,0.19642857142857142,0.15146830452925455,-0.623495736834803,-0.023037286177456706,-0.025594607839876993,19,0.21052631578947367,0.2029626877039631,-0.4582308352876156,-0.1964890686438027
lb10_atr20_m2.5_r0.005_tfnone_rfadx20,10,20,2.5,0.005,none,adx20,-0.13273607377155605,-0.13557835576658395,72,0.20833333333333334,0.3490416694401672,-0.3720442641338438,-0.04478440930630023,-0.05287377602066545,25,0.32,0.31129625783196824,-0.35083372042332206,-0.19691994801201615
lb10_atr10_m1.5_r0.0025_tfma100_rfadx20,10,10,1.5,0.0025,ma100,adx20,-0.11888926019457025,-0.12123147573954085,76,0.17105263157894737,0.15171808232470257,-0.6082298784284125,-0.024055922722321932,-0.027589300427092178,24,0.2916666666666667,0.3227452843879066,-0.38069018812339933,-0.19807224632197826
lb20_atr14_m2.0_r0.0025_tfnone_rfnone,20,14,2.0,0.0025,none,none,-0.08051145520832059,-0.08212653766772926,64,0.203125,0.2857805981917792,-0.49053519784150207,-0.035801776666669394,-0.03777387962702816,26,0.11538461538461539,0.14786336410736062,-0.5195525274781692,-0.19870513963214856
lb30_atr10_m2.0_r0.005_tfma100_rfadx20,30,10,2.0,0.005,ma100,adx20,-0.1048456634504491,-0.10757915411344243,38,0.21052631578947367,0.16505095425149335,-0.5516196791814176,-0.028543028056387643,-0.03235240683982932,13,0.15384615384615385,0.1469374809186275,-0.422962878869559,-0.1987517951850763
lb20_atr20_m2.0_r0.0025_tfnone_rfnone,20,20,2.0,0.0025,none,none,-0.08613620252262078,-0.08672522995411824,67,0.19402985074626866,0.2737068652739503,-0.5016822649456024,-0.03393521759031004,-0.03587727507965788,25,0.12,0.18560261839077882,-0.5128172171475167,-0.1996321073493525
lb10_atr20_m2.0_r0.0025_tfnone_rfadx20,10,20,2.0,0.0025,none,adx20,-0.1208701028380107,-0.12154846772675798,93,0.1827956989247312,0.20753817297925714,-0.519449177205428,-0.031991840507023195,-0.03515269304629032,31,0.16129032258064516,0.27239398911243784,-0.39912520978567767,-0.200962360221422
lb30_atr20_m2.5_r0.005_tfma100_rfnone,30,20,2.5,0.005,ma100,none,-0.07140699439191711,-0.07658112069806933,37,0.21621621621621623,0.37313524783074764,-0.37258183703948566,-0.042662651371184745,-0.04538538344723042,15,0.2,0.14309288545310717,-0.5976655263766545,-0.2011324897331268
lb20_atr14_m2.0_r0.005_tfma100_rfadx20,20,14,2.0,0.005,ma100,adx20,-0.11332181625901794,-0.11921643325897402,45,0.2222222222222222,0.254567104950307,-0.5077681425963279,-0.0341021665429162,-0.038045260063645725,16,0.125,0.15905101744037564,-0.40990417806730056,-0.2015977691590157
lb10_atr14_m1.5_r0.0025_tfma100_rfadx20,10,14,1.5,0.0025,ma100,adx20,-0.11924314246372036,-0.12164104039200618,75,0.17333333333333334,0.1285580738348244,-0.6182805243785816,-0.025870162431214427,-0.029532898583927603,25,0.32,0.33563143522636824,-0.38922257942630517,-0.20204984501026477
lb30_atr10_m2.0_r0.005_tfnone_rfadx20,30,10,2.0,0.005,none,adx20,-0.10863631350305003,-0.10966273887798761,43,0.20930232558139536,0.23725219688083293,-0.49744367623676855,-0.03376438513037483,-0.0375532893818169,15,0.13333333333333333,0.12661617452370943,-0.4374090251707762,-0.2022185163707766
lb20_atr20_m2.0_r0.005_tfma100_rfadx20,20,20,2.0,0.005,ma100,adx20,-0.1262478329801343,-0.13137660100645487,48,0.20833333333333334,0.23738586009163223,-0.5399864834765032,-0.02981829136640657,-0.03370402185847088,15,0.13333333333333333,0.2521673159722337,-0.38206557930698504,-0.20229201466584856
lb30_atr10_m2.0_r0.0025_tfnone_rfnone,30,10,2.0,0.0025,none,none,-0.0674015292699579,-0.0674015292699579,53,0.18867924528301888,0.25772687436096153,-0.4908696984120837,-0.03127280831715151,-0.03317587681451328,19,0.10526315789473684,0.07254942175369453,-0.6181193129548653,-0.20486731587671775
lb30_atr10_m2.0_r0.0025_tfma100_rfnone,30,10,2.0,0.0025,ma100,none,-0.06303408715687464,-0.06446685910373584,46,0.1956521739130435,0.19972806848312558,-0.5266318570413826,-0.02866027350917555,-0.030568474341764462,17,0.11764705882352941,0.07880165002090227,-0.628332293757945,-0.20565216158632854
lb20_atr14_m1.5_r0.0025_tfma100_rfadx20,20,14,1.5,0.0025,ma100,adx20,-0.09603260178198514,-0.09849369139244613,56,0.19642857142857142,0.12110044000720097,-0.6612802942216763,-0.02483470899648177,-0.027492276097979995,20,0.25,0.23174283512522575,-0.46922673492978034,-0.206131699595844
lb10_atr14_m2.5_r0.005_tfma100_rfnone,10,14,2.5,0.005,ma100,none,-0.10545222945411259,-0.11233072984815673,55,0.2,0.3663767166980095,-0.38208806568521914,-0.04720100364656332,-0.06039148270284789,20,0.2,0.31481787834277314,-0.4855062318244811,-0.20718370720736456
lb20_atr10_m2.0_r0.0025_tfma100_rfnone,20,10,2.0,0.0025,ma100,none,-0.07695895132566544,-0.07914984011534187,55,0.16363636363636364,0.2151216874716499,-0.5445465363095447,-0.02948578570830862,-0.031392364818833896,19,0.10526315789473684,0.07677268070997809,-0.5795546750406135,-0.20816131433405186
lb55_atr10_m1.5_r0.005_tfnone_rfadx20,55,10,1.5,0.005,none,adx20,-0.09910475507053662,-0.1049234540771361,37,0.1891891891891892,0.14463159332088105,-0.5532930398661797,-0.03672394545270019,-0.04096593219178013,15,0.2,0.18214140159895206,-0.4674168317408946,-0.20943372280652572
lb10_atr20_m2.5_r0.005_tfma100_rfnone,10,20,2.5,0.005,ma100,none,-0.1118001007092092,-0.11887307199260466,57,0.19298245614035087,0.3517133580644826,-0.39288919207031714,-0.04808308891414792,-0.05614452033382045,21,0.2857142857142857,0.214116338996672,-0.4631074646684484,-0.20976005803234693
lb20_atr14_m1.5_r0.0025_tfnone_rfadx20,20,14,1.5,0.0025,none,adx20,-0.11090230298486237,-0.11151508382750486,68,0.19117647058823528,0.15898533745651702,-0.6388024177186121,-0.02950179250168561,-0.03214664064394912,26,0.23076923076923078,0.23548933258916036,-0.43106631742258783,-0.20978436062515962
lb20_atr10_m2.0_r0.0025_tfnone_rfnone,20,10,2.0,0.0025,none,none,-0.09195474524357916,-0.0932507823629447,67,0.14925373134328357,0.23727711971544319,-0.5373536828295271,-0.034709015921128517,-0.03660533397471466,25,0.12,0.1358932159812318,-0.524067485061849,-0.2100801765819573
lb55_atr10_m1.5_r0.005_tfma100_rfadx20,55,10,1.5,0.005,ma100,adx20,-0.09823047949880959,-0.10189833423216155,35,0.17142857142857143,0.1092386941457073,-0.5744926189864099,-0.03672394545270019,-0.04096593219178013,15,0.2,0.18214140159895206,-0.4674168317408946,-0.21084337063531164
lb55_atr14_m1.5_r0.005_tfnone_rfnone,55,14,1.5,0.005,none,none,-0.09036684385275873,-0.09624197924928135,40,0.3,0.23865306015852503,-0.47274012380809716,-0.045789819434748025,-0.0499918827094914,17,0.23529411764705882,0.1852377255433787,-0.5155986838867378,-0.211352801207263
lb55_atr14_m1.5_r0.005_tfma100_rfnone,55,14,1.5,0.005,ma100,none,-0.08888764026270024,-0.09269502523306361,38,0.2894736842105263,0.21148291175498304,-0.4874086779164844,-0.045789819434748025,-0.0499918827094914,17,0.23529411764705882,0.1852377255433787,-0.5155986838867378,-0.21175937107218726
lb20_atr14_m2.5_r0.005_tfnone_rfnone,20,14,2.5,0.005,none,none,-0.11031293032661493,-0.11139094536866923,54,0.2037037037037037,0.3628426637787935,-0.40195443503068873,-0.050344449598240804,-0.05769612023308035,22,0.22727272727272727,0.26930008224524243,-0.47919900943244204,-0.21190564206272128
lb20_atr10_m2.0_r0.005_tfma100_rfadx20,20,10,2.0,0.005,ma100,adx20,-0.12507164576841412,-0.12880217386037518,47,0.19148936170212766,0.21156982573129018,-0.5383830587962423,-0.032502560567924,-0.036296412817944934,15,0.13333333333333333,0.1314150820547807,-0.41826350821961866,-0.2119202810413752
lb30_atr20_m2.5_r0.005_tfnone_rfnone,30,20,2.5,0.005,none,none,-0.08449415554077289,-0.08449415554077289,44,0.20454545454545456,0.3811099128555654,-0.3696572492728691,-0.04854930086597031,-0.05125529091328107,17,0.17647058823529413,0.12749489584553836,-0.5982354965546404,-0.21295051583032643
lb20_atr14_m2.0_r0.005_tfnone_rfadx20,20,14,2.0,0.005,none,adx20,-0.13703386029961895,-0.13933467433780666,55,0.2,0.2696298385500155,-0.51172483412787,-0.04129219477870183,-0.04520593638169401,21,0.14285714285714285,0.23095731380799175,-0.3807975620479316,-0.2149570880245944
lb20_atr20_m2.5_r0.005_tfma100_rfnone,20,20,2.5,0.005,ma100,none,-0.09727296698804089,-0.1016807503884205,45,0.2,0.34213069944541447,-0.4276641514045021,-0.04451473210508605,-0.047232196738438925,17,0.17647058823529413,0.13797247982027785,-0.5500860753526967,-0.2152983788008236
lb30_atr20_m1.5_r0.0025_tfma100_rfnone,30,20,1.5,0.0025,ma100,none,-0.06756938841350568,-0.07003536483399242,52,0.28846153846153844,0.2850254288427836,-0.4907951594740099,-0.03832889915383231,-0.040609194672946325,22,0.22727272727272727,0.1532401252957852,-0.6595858881426113,-0.21599679484344347
lb10_atr20_m2.0_r0.0025_tfma100_rfnone,10,20,2.0,0.0025,ma100,none,-0.0874046289747974,-0.0900908982563341,70,0.21428571428571427,0.23849797599282396,-0.48619299810997685,-0.04147733566904288,-0.044607215069111694,27,0.14814814814814814,0.14458829150090094,-0.5729534984175785,-0.21667834972577546
lb10_atr10_m2.5_r0.005_tfnone_rfnone,10,10,2.5,0.005,none,none,-0.1666923202051599,-0.16935991491460545,82,0.1951219512195122,0.3374130653615261,-0.407968986701365,-0.04483243641479839,-0.06501204316801745,28,0.2857142857142857,0.4889856162936751,-0.3338426393683766,-0.2171515619618983
lb30_atr20_m1.5_r0.0025_tfnone_rfnone,30,20,1.5,0.0025,none,none,-0.07758753594356604,-0.07800477809633655,62,0.3225806451612903,0.2792983720678107,-0.47436659063085335,-0.04050711157695275,-0.042782242161793715,24,0.20833333333333334,0.14606958483946794,-0.6410767254727588,-0.2191384091959236
lb10_atr20_m2.0_r0.005_tfma100_rfadx20,10,20,2.0,0.005,ma100,adx20,-0.15854985005683042,-0.16348901105426805,63,0.19047619047619047,0.20769759830873818,-0.5281478820936618,-0.035787465023984,-0.04206093874882766,20,0.2,0.28252849674002783,-0.3462146858805166,-0.21963753958116466
lb10_atr10_m2.0_r0.0025_tfma100_rfnone,10,10,2.0,0.0025,ma100,none,-0.09255126522326451,-0.09772689898274334,71,0.16901408450704225,0.2272865899318995,-0.5106382999755635,-0.03922209398923382,-0.04210078754639046,26,0.19230769230769232,0.09655242478433927,-0.5652812130628319,-0.22011795855718563
lb20_atr20_m2.0_r0.005_tfnone_rfadx20,20,20,2.0,0.005,none,adx20,-0.14889680937555394,-0.15058135976521836,58,0.1896551724137931,0.25324427138216815,-0.5368069196301092,-0.03879705389884902,-0.042646823033321346,20,0.15,0.2847094294866263,-0.3746821355530418,-0.22015706198966226
lb20_atr20_m1.5_r0.0025_tfma100_rfnone,20,20,1.5,0.0025,ma100,none,-0.08969063154994616,-0.0920981044600504,63,0.23809523809523808,0.22954399365388153,-0.5468179041880792,-0.03688126589278262,-0.03916499401129114,24,0.2916666666666667,0.17379501672421324,-0.5820951216600069,-0.22035992263256907
lb10_atr14_m2.0_r0.0025_tfma100_rfnone,10,14,2.0,0.0025,ma100,none,-0.0829142037884848,-0.08899822547375724,68,0.22058823529411764,0.26814675369559215,-0.47611524157087715,-0.04494201059598102,-0.047551670758730236,28,0.17857142857142858,0.10290122271733744,-0.5959689725411191,-0.22053561041479539
lb30_atr20_m1.5_r0.005_tfma100_rfadx20,30,20,1.5,0.005,ma100,adx20,-0.12041057300657587,-0.12426058791048211,44,0.25,0.17477187424325485,-0.5767523205993531,-0.03954998792430253,-0.04377952959674558,17,0.29411764705882354,0.2567324232185615,-0.4444842014080203,-0.2205695350628775
lb20_atr10_m2.0_r0.005_tfnone_rfadx20,20,10,2.0,0.005,none,adx20,-0.14778169434524924,-0.1497963284794046,57,0.17543859649122806,0.2384326845625081,-0.5360006689618202,-0.03860445836165227,-0.04237438321121645,20,0.15,0.22050921117077132,-0.37431610317234776,-0.22064599267023322
lb10_atr14_m2.0_r0.005_tfma100_rfadx20,10,14,2.0,0.005,ma100,adx20,-0.1485256745182606,-0.15680459029851068,60,0.21666666666666667,0.24134689492797876,-0.5070586234452443,-0.04064457761477569,-0.045870058637523914,21,0.23809523809523808,0.20290695742193102,-0.3834958334386646,-0.22326480352766206
lb10_atr20_m1.5_r0.0025_tfnone_rfadx20,10,20,1.5,0.0025,none,adx20,-0.15556049949455242,-0.15654590785403044,109,0.22018348623853212,0.16750074750857347,-0.5716658315021435,-0.0360835829910755,-0.03966036883824697,37,0.32432432432432434,0.297039730929963,-0.3726640522582815,-0.22510395456158258
lb30_atr14_m1.5_r0.0025_tfnone_rfnone,30,14,1.5,0.0025,none,none,-0.08456056024321168,-0.08513735223773644,62,0.2903225806451613,0.2388757515400691,-0.520024116285128,-0.04070651126570557,-0.04332082377237623,24,0.16666666666666666,0.1448440476399652,-0.641999236015622,-0.22811780850702149
lb30_atr20_m1.5_r0.005_tfnone_rfadx20,30,20,1.5,0.005,none,adx20,-0.13358361483292502,-0.13358361483292502,52,0.28846153846153844,0.1817508832836035,-0.5430483685417482,-0.043897785780590004,-0.04810818101960568,19,0.2631578947368421,0.2369411676293443,-0.44374648927079513,-0.22856304170650488
lb30_atr14_m1.5_r0.005_tfma100_rfadx20,30,14,1.5,0.005,ma100,adx20,-0.12799608696069398,-0.13178244430563235,45,0.24444444444444444,0.15254633524953734,-0.6035250409017631,-0.04035453034472647,-0.04458052904704968,17,0.23529411764705882,0.25475778067540034,-0.45286510345369035,-0.22966321772377177
lb10_atr10_m2.0_r0.005_tfma100_rfadx20,10,10,2.0,0.005,ma100,adx20,-0.1559367218522465,-0.16213742060769054,62,0.1935483870967742,0.2184694465843919,-0.5183291436559487,-0.03886374799436065,-0.04454366552539635,20,0.25,0.17653448100535082,-0.3960734891621163,-0.22980656864208793
lb55_atr10_m1.5_r0.005_tfnone_rfnone,55,10,1.5,0.005,none,none,-0.09979466535080672,-0.10560890836733972,41,0.21951219512195122,0.18272325240272272,-0.5043670598946919,-0.04901298093777451,-0.053200850349513384,17,0.17647058823529413,0.14277637311899719,-0.5533114662266231,-0.22982470476250283
lb30_atr14_m1.5_r0.005_tfnone_rfadx20,30,14,1.5,0.005,none,adx20,-0.13690317643253502,-0.13704471332689305,52,0.25,0.19218125994925242,-0.5463533534264255,-0.043714408220886014,-0.04792561100118009,19,0.21052631578947367,0.23913785694915685,-0.44267937461921775,-0.23035649800265934
lb10_atr10_m1.5_r0.0025_tfnone_rfadx20,10,10,1.5,0.0025,none,adx20,-0.1628174786435278,-0.16344995999484357,111,0.1891891891891892,0.17903743229879276,-0.5920410925651097,-0.03537725779429224,-0.04005217306640685,36,0.2777777777777778,0.3299205199934599,-0.3755151347632593,-0.23053337839245908
lb55_atr10_m1.5_r0.005_tfma100_rfnone,55,10,1.5,0.005,ma100,none,-0.09892105930387562,-0.10258610517493061,39,0.20512820512820512,0.15109122902602354,-0.5208832985937966,-0.04901298093777451,-0.053200850349513384,17,0.17647058823529413,0.14277637311899719,-0.5533114662266231,-0.23078569672607355
lb30_atr14_m1.5_r0.0025_tfma100_rfnone,30,14,1.5,0.0025,ma100,none,-0.0782394399437294,-0.08074897219252408,53,0.2830188679245283,0.19216321447318796,-0.5617219907723257,-0.039023090674527916,-0.04164199091952603,22,0.18181818181818182,0.15041139588021882,-0.6679900138782967,-0.2315505370678677
lb20_atr20_m1.5_r0.005_tfma100_rfadx20,20,20,1.5,0.005,ma100,adx20,-0.15224089609491342,-0.15595158779355422,55,0.21818181818181817,0.16475842491115517,-0.5900459817087896,-0.0400261934462961,-0.0442536380485381,19,0.3684210526315789,0.2767669758328034,-0.40265651363871113,-0.23379576519739428
lb20_atr20_m2.5_r0.005_tfnone_rfnone,20,20,2.5,0.005,none,none,-0.11789500542306419,-0.11896492027058647,56,0.17857142857142858,0.3399922990158827,-0.41149174488837265,-0.06005618176390748,-0.06272944546479398,23,0.17391304347826086,0.14953173312392098,-0.5391352630219424,-0.23617761705247156
lb20_atr20_m1.5_r0.0025_tfnone_rfnone,20,20,1.5,0.0025,none,none,-0.11507199383651556,-0.1154722803468633,80,0.25,0.20464695682315964,-0.5630288728375573,-0.04430050097317062,-0.04656663674800343,31,0.25806451612903225,0.1696006437631339,-0.5426962228886966,-0.2364182745573928
lb10_atr14_m1.5_r0.0025_tfnone_rfadx20,10,14,1.5,0.0025,none,adx20,-0.16161485569810052,-0.1625666403042635,110,0.19090909090909092,0.17205946663451208,-0.5920212106723077,-0.03967216614390234,-0.04446352916391272,38,0.2894736842105263,0.2905561819847139,-0.39754050034046273,-0.23779594095929352
lb10_atr20_m1.5_r0.0025_tfma100_rfnone,10,20,1.5,0.0025,ma100,none,-0.11085757814688779,-0.11320907135131375,82,0.2073170731707317,0.21715936110451758,-0.5245175257547773,-0.04813051141374647,-0.0509367591084966,32,0.3125,0.20310782496389773,-0.5781925600842105,-0.2390613174398869
lb30_atr20_m2.0_r0.005_tfma100_rfnone,30,20,2.0,0.005,ma100,none,-0.10959046277666573,-0.11481700656930394,46,0.2608695652173913,0.26699513426262556,-0.4799044731618725,-0.04755838669561796,-0.05137306531282282,17,0.11764705882352941,0.17287965025020702,-0.6062508005488922,-0.23923699323434816
lb30_atr14_m2.0_r0.005_tfma100_rfnone,30,14,2.0,0.005,ma100,none,-0.10315701774908392,-0.1081832567704395,44,0.2727272727272727,0.2651398385327366,-0.4688110164802241,-0.051582793069624544,-0.055454525269510224,18,0.1111111111111111,0.11019437936879872,-0.6150080892104249,-0.2403820464297438
lb30_atr10_m1.5_r0.0025_tfma100_rfnone,30,10,1.5,0.0025,ma100,none,-0.07982299806435589,-0.08226906163013892,53,0.24528301886792453,0.17680865878319674,-0.5741829553147361,-0.040994008494816714,-0.043504326198622656,22,0.13636363636363635,0.11719993085862973,-0.7004963630366041,-0.24122562525549146
lb30_atr10_m1.5_r0.005_tfma100_rfadx20,30,10,1.5,0.005,ma100,adx20,-0.1305188603910863,-0.1345507752777153,45,0.2222222222222222,0.14983630900503078,-0.6034522771105306,-0.0442121153043572,-0.04842112632784579,17,0.17647058823529413,0.19709469526187798,-0.49750471780073496,-0.24270671506513677
lb20_atr10_m1.5_r0.0025_tfma100_rfnone,20,10,1.5,0.0025,ma100,none,-0.10063903256228757,-0.10302976183536106,65,0.2153846153846154,0.16497472403650995,-0.599522136216556,-0.040026899169388064,-0.04253974840238417,24,0.16666666666666666,0.1265353007889737,-0.627102377324428,-0.2429495107041631
lb20_atr10_m1.5_r0.0025_tfnone_rfnone,20,10,1.5,0.0025,none,none,-0.1231727947467588,-0.12371789830492397,80,0.2,0.1793432793883253,-0.6075993988509409,-0.0427104461250134,-0.045216270839402384,30,0.16666666666666666,0.19771715067309684,-0.5405016145696692,-0.24325311008105857
lb30_atr10_m1.5_r0.0025_tfnone_rfnone,30,10,1.5,0.0025,none,none,-0.0900367481565828,-0.09060245164229552,62,0.22580645161290322,0.21261937936756864,-0.5587982594389806,-0.043048289452834454,-0.045553229820207375,24,0.125,0.11201301644593616,-0.677663656824295,-0.2433197134835
lb10_atr20_m1.5_r0.005_tfma100_rfadx20,10,20,1.5,0.005,ma100,adx20,-0.18977893350931163,-0.19332531899976757,73,0.1917808219178082,0.16413799108678143,-0.5722690399037199,-0.04266760366046951,-0.04782421627514377,24,0.4166666666666667,0.35167665303163326,-0.3326201173336927,-0.2439107094017258
lb30_atr20_m2.0_r0.005_tfnone_rfnone,30,20,2.0,0.005,none,none,-0.11911012181770386,-0.11911012181770386,53,0.24528301886792453,0.29970236824192165,-0.44498591280855243,-0.0528357305506848,-0.0566292725748655,19,0.10526315789473684,0.15773793622058968,-0.5992807845873359,-0.24415486478813572
lb30_atr14_m2.0_r0.005_tfnone_rfnone,30,14,2.0,0.005,none,none,-0.11399008805767519,-0.11399008805767519,51,0.2549019607843137,0.30074916441700644,-0.43818427931946313,-0.056090542137373633,-0.05994387231219367,20,0.1,0.10189592815010633,-0.6010914044708703,-0.24456299777241802
lb10_atr14_m2.5_r0.005_tfnone_rfnone,10,14,2.5,0.005,none,none,-0.1489801267816916,-0.15388489082474688,80,0.225,0.3455083709107521,-0.3706618427141863,-0.06937333325430384,-0.08225686021424972,31,0.16129032258064516,0.30634394738830084,-0.4597919793997155,-0.24567462173410812
lb30_atr10_m1.5_r0.005_tfnone_rfadx20,30,10,1.5,0.005,none,adx20,-0.14099706750840513,-0.14148848612924436,52,0.21153846153846154,0.18660852337901887,-0.5558354198510101,-0.048303692602650106,-0.052494685513304495,19,0.15789473684210525,0.1827939569971835,-0.4900309462942255,-0.2462144739546435
lb20_atr20_m2.0_r0.005_tfma100_rfnone,20,20,2.0,0.005,ma100,none,-0.13523390665098356,-0.1403099280415132,55,0.21818181818181817,0.2646287081306948,-0.507450590928869,-0.047634336336146665,-0.05144871076308333,19,0.10526315789473684,0.17285495180082378,-0.544185530036644,-0.2467570000437791
lb20_atr14_m2.0_r0.005_tfma100_rfnone,20,14,2.0,0.005,ma100,none,-0.12499521211822084,-0.13081222464009168,52,0.23076923076923078,0.2729868257298585,-0.48721916462962167,-0.052412512726596416,-0.056280857754371194,20,0.1,0.10870339587090166,-0.5625041190009087,-0.2470739802716702
lb20_atr14_m1.5_r0.0025_tfma100_rfnone,20,14,1.5,0.0025,ma100,none,-0.1043356741781063,-0.10677415832154569,65,0.23076923076923078,0.14997495385451304,-0.621046739056645,-0.04162883075599333,-0.04424062971346676,25,0.2,0.15103678930989597,-0.630357533169469,-0.2485525905869417
lb10_atr10_m2.0_r0.0025_tfnone_rfnone,10,10,2.0,0.0025,none,none,-0.1381409404390359,-0.14151425541021745,105,0.1619047619047619,0.21530954632206825,-0.5304477820723787,-0.0525962382574543,-0.05543486005328446,39,0.1794871794871795,0.16792292679437992,-0.5174335422411062,-0.25027829784709116
lb20_atr14_m1.5_r0.0025_tfnone_rfnone,20,14,1.5,0.0025,none,none,-0.12294206200388336,-0.12349467092086952,80,0.225,0.1753708379607207,-0.6042010313974941,-0.04804508224638426,-0.050639395328352044,32,0.1875,0.15730601586964474,-0.5733523311397756,-0.25333270280100073
lb10_atr14_m2.0_r0.0025_tfnone_rfnone,10,14,2.0,0.0025,none,none,-0.12167227175220219,-0.1264397614323427,100,0.2,0.25109182379241546,-0.4880086383016634,-0.06362094917365757,-0.0661795698367853,42,0.16666666666666666,0.1498929931463555,-0.5778198147992938,-0.25568939733220125
lb10_atr20_m2.0_r0.0025_tfnone_rfnone,10,20,2.0,0.0025,none,none,-0.12574829218518735,-0.12726233074353765,103,0.1941747572815534,0.22718754054527884,-0.4888541817105925,-0.061660767937261385,-0.06472474205284429,41,0.12195121951219512,0.16015308171383322,-0.5773058824081035,-0.2562238056085114
lb30_atr10_m2.0_r0.005_tfma100_rfnone,30,10,2.0,0.005,ma100,none,-0.12065389133692139,-0.12333910915850432,46,0.1956521739130435,0.2016640628234566,-0.5266318570413826,-0.049924980951907894,-0.05365051458310799,17,0.11764705882352941,0.08883842748593658,-0.6283322937579451,-0.25730406293012764
lb20_atr10_m1.5_r0.005_tfma100_rfadx20,20,10,1.5,0.005,ma100,adx20,-0.16409829149127575,-0.16797449350275484,56,0.19642857142857142,0.14077521685815433,-0.623495736834803,-0.045480765255554445,-0.04968418951474618,19,0.21052631578947367,0.20288026734463707,-0.4582308352876156,-0.2588770531429005
lb20_atr10_m1.5_r0.005_tfnone_rfadx20,20,10,1.5,0.005,none,adx20,-0.19167574408778554,-0.19213817043815795,68,0.19117647058823528,0.15857189288552456,-0.611853601065402,-0.04728523683500663,-0.051480714727759724,24,0.20833333333333334,0.3073018871398205,-0.37692314392609855,-0.2596751040960059
lb20_atr20_m1.5_r0.005_tfnone_rfadx20,20,20,1.5,0.005,none,adx20,-0.1830520378345437,-0.1830520378345437,68,0.23529411764705882,0.15650770251491306,-0.5940938966570519,-0.05119490904910151,-0.055373169885946316,25,0.32,0.2587145609472322,-0.39363926753424316,-0.2598162585866616
lb30_atr10_m2.0_r0.005_tfnone_rfnone,30,10,2.0,0.005,none,none,-0.13082293403973,-0.13082293403973,53,0.18867924528301888,0.24784278974534962,-0.4908696984120837,-0.055031414962670167,-0.05873692471021785,19,0.10526315789473684,0.08093920634337627,-0.6181193129548653,-0.2619392328877668
lb10_atr10_m1.5_r0.0025_tfma100_rfnone,10,10,1.5,0.0025,ma100,none,-0.12575533448232357,-0.1280792982625576,86,0.18604651162790697,0.16567815447576942,-0.5711833050739866,-0.05188758822824768,-0.05532020218161571,32,0.21875,0.17932111073097262,-0.6145672467969063,-0.26205176288378157
lb10_atr14_m1.5_r0.0025_tfma100_rfnone,10,14,1.5,0.0025,ma100,none,-0.12375444052358664,-0.12614005625142277,84,0.20238095238095238,0.15517189633712847,-0.5750153340291831,-0.05336068320816423,-0.056920054778022755,33,0.24242424242424243,0.19484930960700222,-0.6158036599142597,-0.26244976613233373
lb20_atr14_m2.0_r0.005_tfnone_rfnone,20,14,2.0,0.005,none,none,-0.15131595941000286,-0.15322344136606614,64,0.203125,0.27849114114814816,-0.49053519784150207,-0.06386852422611522,-0.06769010227383021,26,0.11538461538461539,0.16054286049622432,-0.5195525274781692,-0.2635649512059118
lb20_atr20_m2.0_r0.005_tfnone_rfnone,20,20,2.0,0.005,none,none,-0.1598649694180474,-0.16094728348760923,67,0.19402985074626866,0.27098470320065676,-0.5016822649456024,-0.060823292424613595,-0.06458484300589806,25,0.12,0.20009223424018657,-0.5128172171475167,-0.26519958395937876
lb10_atr20_m2.5_r0.005_tfnone_rfnone,10,20,2.5,0.005,none,none,-0.14998325828588888,-0.15511416934971456,81,0.19753086419753085,0.33870854370789033,-0.37684818556141797,-0.0830258936856777,-0.09079140744594505,33,0.24242424242424243,0.19317185430046144,-0.509616931666657,-0.26694213416534246
lb30_atr20_m1.5_r0.005_tfma100_rfnone,30,20,1.5,0.005,ma100,none,-0.11989219306653853,-0.1237444769500774,52,0.28846153846153844,0.2782619467335252,-0.4907951594740099,-0.06325715656699205,-0.06738229878454494,22,0.22727272727272727,0.17600707198027807,-0.6595858881426114,-0.26735994238161326
lb20_atr10_m2.0_r0.005_tfma100_rfnone,20,10,2.0,0.005,ma100,none,-0.1468831043693013,-0.15052063255030557,55,0.16363636363636364,0.2149498783736329,-0.5445465363095447,-0.05153724956835748,-0.05525646100306514,19,0.10526315789473684,0.08631641798780786,-0.5795546750406135,-0.2677677653941214
lb10_atr10_m1.5_r0.005_tfma100_rfadx20,10,10,1.5,0.005,ma100,adx20,-0.20698568259767358,-0.2106630093227625,76,0.17105263157894737,0.14567348794921953,-0.6082298784284125,-0.04634461105690335,-0.05190005492034555,24,0.2916666666666667,0.3070223506355396,-0.38069018812339933,-0.2691856913064052
lb20_atr14_m1.5_r0.005_tfma100_rfadx20,20,14,1.5,0.005,ma100,adx20,-0.16961361207615944,-0.17321926057387504,56,0.19642857142857142,0.11774111647932983,-0.6612802942216766,-0.048827885984144004,-0.05301657050006314,20,0.25,0.2323641493524833,-0.46922673492978034,-0.26956045507098947
lb10_atr10_m2.0_r0.005_tfnone_rfadx20,10,10,2.0,0.005,none,adx20,-0.22569324409817126,-0.2290272107760135,92,0.18478260869565216,0.21428926274993745,-0.5292539874896177,-0.05229022366622538,-0.05885681684491362,30,0.23333333333333334,0.28814810857485706,-0.3404429313187904,-0.2714509396174814
lb10_atr14_m1.5_r0.005_tfma100_rfadx20,10,14,1.5,0.005,ma100,adx20,-0.20603051344595558,-0.20947803489868944,75,0.17333333333333334,0.1296642952958595,-0.6182805243785816,-0.04973667807249571,-0.055430767624900845,25,0.32,0.32756491516673,-0.3892225794263052,-0.2734070525523861
lb30_atr20_m1.5_r0.005_tfnone_rfnone,30,20,1.5,0.005,none,none,-0.1372269390294384,-0.1372269390294384,62,0.3225806451612903,0.2721808808789947,-0.4743665906308533,-0.06749763600409353,-0.07160410438723042,24,0.20833333333333334,0.1664901169632596,-0.641076725472759,-0.27628224900980997
lb10_atr14_m2.0_r0.005_tfnone_rfadx20,10,14,2.0,0.005,none,adx20,-0.212980532021116,-0.2169156222324441,89,0.20224719101123595,0.23003823698358336,-0.5087282124355529,-0.06314824703977406,-0.0692929240720036,32,0.21875,0.26215525707233434,-0.39290168829151806,-0.27978993658688545
lb20_atr10_m2.0_r0.005_tfnone_rfnone,20,10,2.0,0.005,none,none,-0.17237439257484,-0.17434078917537266,67,0.14925373134328357,0.23337036168493455,-0.5373536828295271,-0.06186471506780311,-0.0655434293635776,25,0.12,0.14793195014603083,-0.524067485061849,-0.2798874238096467
lb20_atr20_m1.5_r0.005_tfma100_rfnone,20,20,1.5,0.005,ma100,none,-0.1590686732590889,-0.16274947937357442,63,0.23809523809523808,0.22251632194005855,-0.5468179041880792,-0.06043155536422562,-0.06456914070519626,24,0.2916666666666667,0.2004338357647994,-0.5820951216600069,-0.28058330482098937
lb10_atr20_m2.0_r0.005_tfma100_rfnone,10,20,2.0,0.005,ma100,none,-0.16151876155357447,-0.166440495574654,70,0.21428571428571427,0.2437154078012599,-0.48619299810997685,-0.068548061290021,-0.07460838414570459,27,0.14814814814814814,0.16867518398417652,-0.5729534984175785,-0.2828833786248296
lb20_atr14_m1.5_r0.005_tfnone_rfadx20,20,14,1.5,0.005,none,adx20,-0.1962985711135945,-0.19643036791915514,68,0.19117647058823528,0.13999415122421277,-0.6388024177186121,-0.0579274088292675,-0.06207602170107307,26,0.23076923076923078,0.23566557611355,-0.4310663174225878,-0.28371251981765594
lb10_atr20_m2.0_r0.005_tfnone_rfadx20,10,20,2.0,0.005,none,adx20,-0.22296772656148423,-0.22414356317189554,93,0.1827956989247312,0.20315326849032816,-0.519449177205428,-0.06310889053472835,-0.06920460236699177,31,0.16129032258064516,0.2713167578277057,-0.3991252097856777,-0.2873045257051106
lb10_atr14_m2.0_r0.005_tfma100_rfnone,10,14,2.0,0.005,ma100,none,-0.15706592157641375,-0.16526180022445547,68,0.22058823529411764,0.2632193360424087,-0.47611524157087715,-0.07326099006078501,-0.07830881383545829,28,0.17857142857142858,0.1226161888727684,-0.5959689725411194,-0.2878203758353802
lb30_atr14_m1.5_r0.005_tfma100_rfnone,30,14,1.5,0.005,ma100,none,-0.13876847662618086,-0.14250805881779416,53,0.2830188679245283,0.18623281331234548,-0.5617219907723257,-0.06429658374297542,-0.0684171486264652,22,0.18181818181818182,0.174779995187445,-0.6679900138782967,-0.2878839194196569
lb10_atr20_m1.5_r0.0025_tfnone_rfnone,10,20,1.5,0.0025,none,none,-0.1662174895300832,-0.16722172668994006,123,0.22764227642276422,0.19571044208364705,-0.5440705230914188,-0.0696655144947399,-0.07240827391354765,48,0.25,0.1773688145514776,-0.5641979835751222,-0.2891257877905828
lb30_atr14_m1.5_r0.005_tfnone_rfnone,30,14,1.5,0.005,none,none,-0.15263320959160642,-0.15277216696072404,62,0.2903225806451613,0.21321995344360342,-0.520024116285128,-0.06757263652115264,-0.07167877462389138,24,0.16666666666666666,0.1671672179034201,-0.641999236015622,-0.29020289494678275
lb10_atr10_m2.0_r0.005_tfma100_rfnone,10,10,2.0,0.005,ma100,none,-0.17460225635186022,-0.18066583344884823,71,0.16901408450704225,0.2221717198688981,-0.5106382999755635,-0.06713525427983313,-0.07264809890747492,26,0.19230769230769232,0.10973067862972134,-0.5652812130628319,-0.2917436246896965
lb10_atr14_m1.5_r0.0025_tfnone_rfnone,10,14,1.5,0.0025,none,none,-0.17118775231957695,-0.172285451469247,123,0.21138211382113822,0.18367943866048506,-0.5638991729210526,-0.07434613564547932,-0.07782660174261868,49,0.22448979591836735,0.17680283422697007,-0.5878666240788457,-0.30177295747764227
lb30_atr10_m1.5_r0.005_tfma100_rfnone,30,10,1.5,0.005,ma100,none,-0.14407723604340927,-0.1480462787018315,53,0.24528301886792453,0.1703852067726846,-0.5741829553147362,-0.068840492077334,-0.07294104691406,22,0.13636363636363635,0.13455970345291632,-0.700496363036604,-0.3020468867730224
lb10_atr10_m1.5_r0.0025_tfnone_rfnone,10,10,1.5,0.0025,none,none,-0.18099831101954245,-0.18150746576762955,126,0.19047619047619047,0.17581186681316172,-0.5847492746111727,-0.07069549364370586,-0.07406001411178553,47,0.2127659574468085,0.19459932745511216,-0.5804837781015196,-0.30485187432242633
lb10_atr20_m1.5_r0.005_tfma100_rfnone,10,20,1.5,0.005,ma100,none,-0.19374381274704877,-0.1972728437267648,82,0.2073170731707317,0.21412308346637368,-0.5245175257547773,-0.07665722025763544,-0.0816307498737785,32,0.3125,0.22980269106934606,-0.5781925600842105,-0.3113105096317789
lb20_atr20_m1.5_r0.005_tfnone_rfnone,20,20,1.5,0.005,none,none,-0.19886251830271195,-0.19886251830271195,80,0.25,0.20108615783148387,-0.5630288728375574,-0.07589868211529371,-0.07996815474209484,31,0.25806451612903225,0.18842589485013905,-0.5426962228886966,-0.3115323341808474
lb30_atr10_m1.5_r0.005_tfnone_rfnone,30,10,1.5,0.005,none,none,-0.16495307422820027,-0.16543078809048994,62,0.22580645161290322,0.18926892168614756,-0.5587982594389806,-0.07282663917619436,-0.07690964018392854,24,0.125,0.12764249997865953,-0.677663656824295,-0.3119791912376573
lb20_atr10_m1.5_r0.005_tfma100_rfnone,20,10,1.5,0.005,ma100,none,-0.18071356664024685,-0.1845127211205413,65,0.2153846153846154,0.15550485328624195,-0.5995221362165559,-0.06679341139069461,-0.07090298097359382,24,0.16666666666666666,0.14600297768950704,-0.627102377324428,-0.31220650147272055
lb20_atr14_m1.5_r0.005_tfma100_rfnone,20,14,1.5,0.005,ma100,none,-0.18324496295926296,-0.1867914223125654,65,0.23076923076923078,0.1450793384062437,-0.621046739056645,-0.06928426119269782,-0.07338286179969522,25,0.2,0.1739990204007771,-0.630357533169469,-0.31765529503574647
lb10_atr20_m1.5_r0.005_tfnone_rfadx20,10,20,1.5,0.005,none,adx20,-0.26704775302357375,-0.26751056335900614,109,0.22018348623853212,0.16606687108756904,-0.5716658315021435,-0.0719081236641822,-0.07831876291605233,37,0.32432432432432434,0.2842521458826305,-0.3726640522582815,-0.3208273638616204
lb20_atr10_m1.5_r0.005_tfnone_rfnone,20,10,1.5,0.005,none,none,-0.21863626389258506,-0.21908326666178168,80,0.2,0.16081832673984858,-0.6075993988509409,-0.0730748344900275,-0.07715674251800253,30,0.16666666666666666,0.21967299264269427,-0.5405016145696692,-0.32433413208823614
lb10_atr10_m1.5_r0.005_tfnone_rfadx20,10,10,1.5,0.005,none,adx20,-0.2801331523130841,-0.2805449739263727,111,0.1891891891891892,0.16644401076802334,-0.5920410925651097,-0.06841120345782381,-0.07611529519987881,36,0.2777777777777778,0.31845317331344897,-0.37551513476325926,-0.3276196595501518
lb20_atr14_m1.5_r0.005_tfnone_rfnone,20,14,1.5,0.005,none,none,-0.21519578615936386,-0.21532448406216365,80,0.225,0.15771591970461005,-0.6042010313974943,-0.0827444049280649,-0.08678373098862047,32,0.1875,0.17518648179823385,-0.5733523311397757,-0.33602191481342397
lb10_atr14_m1.5_r0.005_tfnone_rfadx20,10,14,1.5,0.005,none,adx20,-0.2768613443859802,-0.2774798688240926,110,0.19090909090909092,0.1629061166762594,-0.5920212106723077,-0.07651916320140106,-0.08431626921788371,38,0.2894736842105263,0.28326201254647954,-0.39754050034046273,-0.33661062013587945
lb10_atr14_m1.5_r0.005_tfma100_rfnone,10,14,1.5,0.005,ma100,none,-0.2139968576814777,-0.2174097882045638,84,0.20238095238095238,0.154420808553828,-0.5750153340291831,-0.0832842318062007,-0.0887773004722725,33,0.24242424242424243,0.2229750586601943,-0.6158036599142597,-0.3400368862514369
lb10_atr10_m1.5_r0.005_tfma100_rfnone,10,10,1.5,0.005,ma100,none,-0.21871843031821714,-0.22234135052654502,86,0.18604651162790697,0.15988074355189866,-0.5711833050739866,-0.08132258917802437,-0.08667427160294106,32,0.21875,0.19940099143421308,-0.6145672467969063,-0.3410924670398011
lb10_atr10_m2.0_r0.005_tfnone_rfnone,10,10,2.0,0.005,none,none,-0.2530552216358709,-0.2562713746427677,105,0.1619047619047619,0.2086030137711435,-0.5304477820723787,-0.0955662052083559,-0.1009110346807417,39,0.1794871794871795,0.17745880559106475,-0.5174335422411062,-0.35339747725960813
lb10_atr14_m2.0_r0.005_tfnone_rfnone,10,14,2.0,0.005,none,none,-0.22680284012714103,-0.23246422698730962,100,0.2,0.2405797080209183,-0.4880086383016634,-0.10976675483141951,-0.11461573657468427,42,0.16666666666666666,0.16574172680102883,-0.5778198147992938,-0.3556165016515765
lb10_atr20_m2.0_r0.005_tfnone_rfnone,10,20,2.0,0.005,none,none,-0.23092071235004052,-0.23356651628244984,103,0.1941747572815534,0.22399210969730285,-0.4888541817105925,-0.10856276732582193,-0.11436274176472283,41,0.12195121951219512,0.1740620363759251,-0.5773058824081035,-0.3568982876549326
lb10_atr20_m1.5_r0.005_tfnone_rfnone,10,20,1.5,0.005,none,none,-0.282069203979327,-0.282875108410634,123,0.22764227642276422,0.19528208201715672,-0.5440705230914188,-0.11900714586716776,-0.12375256018974756,48,0.25,0.19057356255142302,-0.5641979835751222,-0.3976849496149862
lb10_atr14_m1.5_r0.005_tfnone_rfnone,10,14,1.5,0.005,none,none,-0.29231785515951925,-0.2932281756863786,123,0.21138211382113822,0.17373278599198375,-0.5638991729210526,-0.1245149202333028,-0.12976092976661224,49,0.22448979591836735,0.19179239785341365,-0.5878666240788456,-0.4141213853178596
lb10_atr10_m1.5_r0.005_tfnone_rfnone,10,10,1.5,0.005,none,none,-0.3065616858826453,-0.30695838825358157,126,0.19047619047619047,0.16526792577736535,-0.5847492746111727,-0.11823429804557617,-0.12337095423680833,47,0.2127659574468085,0.20819769788166304,-0.5804837781015196,-0.41773125216994866
