key,breakout_lookback,atr_period,atr_mult,risk_per_trade,trend_filter,regime_filter,is_return,is_mdd,is_trades,is_win_rate,is_pf,is_avg_r,oos_return,oos_mdd,oos_trades,oos_win_rate,oos_pf,oos_avg_r,rank_score
lb55_atr14_m3.0_r0.0025_tfnone_rfadx20,55,14,3.0,0.0025,none,adx20,0.002004263422952457,-0.017578643803180083,19,0.2631578947368421,1.1013608683029246,0.04024859851125209,0.0029776579203810716,-0.006040932350224293,6,0.6666666666666666,1.7101784484222873,0.1896410439451114,0.07775916872526514
lb55_atr14_m3.0_r0.005_tfnone_rfadx20,55,14,3.0,0.005,none,adx20,0.003701079628678494,-0.03488551573347687,19,0.2631578947368421,1.092685597978801,0.040248598511252114,0.005934695637989318,-0.012020682162028007,6,0.6666666666666666,1.7044993342721384,0.18964104394511141,0.07596957667688467
lb55_atr14_m3.0_r0.0025_tfma100_rfadx20,55,14,3.0,0.0025,ma100,adx20,-0.001268144173409369,-0.01757864380317964,18,0.2222222222222222,0.9445498896137617,-0.025430618520956252,0.0029776579203810716,-0.006040932350224293,6,0.6666666666666666,1.7101784484222873,0.1896410439451114,0.06889313854034794
lb55_atr14_m3.0_r0.005_tfma100_rfadx20,55,14,3.0,0.005,ma100,adx20,-0.0028542917906999588,-0.034885515733476424,18,0.2222222222222222,0.9379407175760337,-0.025430618520956228,0.005934695637989318,-0.012020682162028007,6,0.6666666666666666,1.7044993342721384,0.18964104394511141,0.06564790680361716
lb55_atr20_m3.0_r0.0025_tfnone_rfadx20,55,20,3.0,0.0025,none,adx20,-0.00764792532428471,-0.02035867044052686,21,0.19047619047619047,0.7144728227929947,-0.13670144625089226,0.0030415746820933176,-0.005927594704097872,6,0.6666666666666666,1.822984893799328,0.19343854619289869,0.0563624684722903
lb55_atr10_m2.5_r0.0025_tfnone_rfadx20,55,10,2.5,0.0025,none,adx20,-0.006449150012423299,-0.022099646092951675,23,0.17391304347826086,0.7859910429400894,-0.10449589965338063,0.003103143427644506,-0.006676654394211168,6,0.5,1.584843417597446,0.19826141131354635,0.056206171496907466
lb55_atr10_m3.0_r0.0025_tfnone_rfadx20,55,10,3.0,0.0025,none,adx20,-0.0010588888118734374,-0.018083725357126545,20,0.3,0.9480433058314135,-0.02004441719684375,0.001905875150780112,-0.00658368476683413,6,0.6666666666666666,1.438554738313986,0.12113907934023072,0.05226573777462765
lb55_atr20_m3.0_r0.005_tfnone_rfadx20,55,20,3.0,0.005,none,adx20,-0.015536560010116163,-0.04034743358183135,21,0.19047619047619047,0.7102887478035347,-0.13670144625089237,0.006064787812007699,-0.011790972381005571,6,0.6666666666666666,1.816537792745688,0.1934385461928987,0.04998279379140511
lb55_atr10_m2.5_r0.005_tfnone_rfadx20,55,10,2.5,0.005,none,adx20,-0.013318702836633833,-0.04375115249145145,23,0.17391304347826086,0.7796000541585469,-0.10449589965338058,0.006174241577689088,-0.013289053423021668,6,0.5,1.5799182802763942,0.19826141131354627,0.049890396505289834
lb55_atr20_m3.0_r0.0025_tfma100_rfadx20,55,20,3.0,0.0025,ma100,adx20,-0.010379689228965705,-0.02035867044052675,20,0.15,0.6471465316244944,-0.19551076537492657,0.0030415746820933176,-0.005927594704097872,6,0.6666666666666666,1.822984893799328,0.19343854619289869,0.04928043323456161
lb55_atr10_m3.0_r0.005_tfnone_rfadx20,55,10,3.0,0.005,none,adx20,-0.002426007535066499,-0.03587581678547824,20,0.3,0.9408805215969034,-0.020044417196843814,0.0037890689192476845,-0.01311111160725742,6,0.6666666666666666,1.4343839285084827,0.12113907934023076,0.048341727117698984
lb55_atr10_m2.5_r0.0025_tfma100_rfadx20,55,10,2.5,0.0025,ma100,adx20,-0.010611796321563616,-0.02209964609295134,22,0.09090909090909091,0.6809471875578887,-0.1803492563365823,0.003103143427644506,-0.006676654394211168,6,0.5,1.584843417597446,0.19826141131354635,0.04659285146650112
lb55_atr10_m3.0_r0.0025_tfma100_rfadx20,55,10,3.0,0.0025,ma100,adx20,-0.00433945947351666,-0.0180837253571261,19,0.2631578947368421,0.8134185081647026,-0.08616277007191517,0.001905875150780112,-0.00658368476683413,6,0.6666666666666666,1.438554738313986,0.12113907934023072,0.04359056472481906
lb55_atr20_m3.0_r0.005_tfma100_rfadx20,55,20,3.0,0.005,ma100,adx20,-0.02095836664008144,-0.04034743358183157,20,0.15,0.6432264122552582,-0.1955107653749266,0.006064787812007699,-0.011790972381005571,6,0.6666666666666666,1.816537792745688,0.1934385461928987,0.04169301086131081
lb55_atr10_m2.5_r0.005_tfma100_rfadx20,55,10,2.5,0.005,ma100,adx20,-0.021578877245640338,-0.043751152491451006,22,0.09090909090909091,0.6751491591075806,-0.1803492563365823,0.006174241577689088,-0.013289053423021668,6,0.5,1.5799182802763942,0.19826141131354627,0.03843941491342168
lb55_atr10_m3.0_r0.005_tfma100_rfadx20,55,10,3.0,0.005,ma100,adx20,-0.00897700748153818,-0.035875816785478465,19,0.2631578947368421,0.8075920716933201,-0.08616277007191515,0.0037890689192476845,-0.01311111160725742,6,0.6666666666666666,1.4343839285084827,0.12113907934023076,0.03820889254123033
lb55_atr14_m3.0_r0.0025_tfnone_rfnone,55,14,3.0,0.0025,none,none,0.0014207687547529435,-0.015122036343948597,20,0.25,1.0683369350668424,0.028163065594925502,-0.0028162845250137014,-0.0106670610852031,8,0.5,0.7179239664505281,-0.13411623270170164,-0.0007601065858610451
lb55_atr14_m3.0_r0.005_tfnone_rfnone,55,14,3.0,0.005,none,none,0.0025286418937058297,-0.030047279252916614,20,0.25,1.060430029916307,0.02816306559492559,-0.005670550255293727,-0.021211926024202854,8,0.5,0.7167362597170672,-0.13411623270170164,-0.007561219275611403
lb55_atr14_m3.0_r0.0025_tfma100_rfnone,55,14,3.0,0.0025,ma100,none,-0.0018497332285748458,-0.015122036343948375,19,0.21052631578947367,0.9225527459242602,-0.034695431220657415,-0.0028162845250137014,-0.0106670610852031,8,0.5,0.7179239664505281,-0.13411623270170164,-0.008608584539053577
lb55_atr14_m2.5_r0.0025_tfnone_rfadx20,55,14,2.5,0.0025,none,adx20,0.0018236486916956007,-0.017132205857947613,21,0.23809523809523808,1.0750350252644847,0.03384677274693024,-0.004030425174783914,-0.007850525607946746,9,0.4444444444444444,0.5313562755716995,-0.17378138355695916,-0.010635119260067095
lb55_atr14_m3.0_r0.005_tfma100_rfnone,55,14,3.0,0.005,ma100,none,-0.004019072101591692,-0.03004727925291739,19,0.21052631578947367,0.9160823929968855,-0.034695431220657484,-0.005670550255293727,-0.021211926024202854,8,0.5,0.7167362597170672,-0.13411623270170164,-0.016213916433453334
lb55_atr14_m2.5_r0.005_tfnone_rfadx20,55,14,2.5,0.005,none,adx20,0.0031933548533888967,-0.03401668166115546,21,0.23809523809523808,1.0652010750542145,0.03384677274693027,-0.008070555394950496,-0.015657859048234024,9,0.4444444444444444,0.5309945274361189,-0.17378138355695918,-0.017826834257544156
lb55_atr10_m2.5_r0.0025_tfnone_rfnone,55,10,2.5,0.0025,none,none,-0.007115787301839371,-0.019663597589646975,24,0.16666666666666666,0.7726127170851677,-0.10951502960256417,-0.0028563952772969747,-0.009981554837967255,8,0.375,0.7463385868810519,-0.1330787846515691,-0.018663061231292688
lb55_atr14_m2.5_r0.0025_tfma100_rfadx20,55,14,2.5,0.0025,ma100,adx20,-0.0024114279276820083,-0.01713220585794739,20,0.15,0.9123932386785943,-0.042919494581625216,-0.004030425174783914,-0.007850525607946746,9,0.4444444444444444,0.5313562755716995,-0.17378138355695916,-0.020118675565311914
lb55_atr10_m3.0_r0.0025_tfnone_rfnone,55,10,3.0,0.0025,none,none,-0.0021382350173044795,-0.016149089718315746,21,0.2857142857142857,0.9021937808127437,-0.037661595469618406,-0.003897590995563527,-0.010557614286875738,8,0.5,0.6158879695827068,-0.18631261544322836,-0.02055194378387029
lb55_atr20_m3.0_r0.0025_tfnone_rfnone,55,20,3.0,0.0025,none,none,-0.010790783688273131,-0.02040784902527959,23,0.17391304347826086,0.643697402510682,-0.1763805493966688,-0.002163101809870449,-0.010696113349978664,8,0.5,0.756937992567591,-0.10450989996141666,-0.022580690224193792
lb10_atr20_m3.0_r0.0025_tfma100_rfadx20,10,20,3.0,0.0025,ma100,adx20,-0.03313027253326173,-0.04170968821387955,40,0.2,0.47030187044195715,-0.31974958375865,0.0005456753634902611,-0.010947791805849927,10,0.4,1.0479020055163188,0.017435049531054438,-0.02306691769238901
lb30_atr20_m3.0_r0.0025_tfma100_rfadx20,30,20,3.0,0.0025,ma100,adx20,-0.0197877330485432,-0.027858548039118025,26,0.15384615384615385,0.5171171005561674,-0.2862365780104327,-0.0010343182457452915,-0.009576982589028504,8,0.5,0.8804317852249647,-0.0529770080544857,-0.0269198821226685
lb55_atr10_m2.5_r0.0025_tfma100_rfnone,55,10,2.5,0.0025,ma100,none,-0.011275640623329974,-0.01966359758964631,23,0.08695652173913043,0.6723549507301678,-0.18228863729733027,-0.0028563952772969747,-0.009981554837967255,8,0.375,0.7463385868810519,-0.1330787846515691,-0.0279553924459829
lb55_atr14_m2.5_r0.005_tfma100_rfadx20,55,14,2.5,0.005,ma100,adx20,-0.005281065092575754,-0.0340166816611549,20,0.15,0.9043493797376021,-0.04291949458162525,-0.008070555394950496,-0.015657859048234024,9,0.4444444444444444,0.5309945274361189,-0.17378138355695918,-0.02835143043610828
lb30_atr14_m3.0_r0.0025_tfma100_rfadx20,30,14,3.0,0.0025,ma100,adx20,-0.017746195407638,-0.031458666262068835,26,0.23076923076923078,0.5564994943471554,-0.25906768359473076,-0.0015344483420286492,-0.009395316733144643,8,0.5,0.8344915243007861,-0.07530642821921335,-0.02846661763451075
lb55_atr10_m3.0_r0.0025_tfma100_rfnone,55,10,3.0,0.0025,ma100,none,-0.005415261054089071,-0.0161490897183153,20,0.25,0.7810652146282885,-0.10135488961457487,-0.003897590995563527,-0.010557614286875738,8,0.5,0.6158879695827068,-0.18631261544322836,-0.028519747487391955
lb55_atr10_m2.5_r0.005_tfnone_rfnone,55,10,2.5,0.005,none,none,-0.014647594367089734,-0.03897652091886761,24,0.16666666666666666,0.7660085226431385,-0.10951502960256417,-0.0057635611635129536,-0.019854928522124893,8,0.375,0.7445818825926291,-0.1330787846515691,-0.02902580184731156
lb55_atr10_m3.0_r0.005_tfnone_rfnone,55,10,3.0,0.005,none,none,-0.0045852218563917635,-0.032068397647886715,21,0.2857142857142857,0.8955231458049129,-0.037661595469618406,-0.007822819437464323,-0.0210000295666134,8,0.5,0.615126208673378,-0.18631261544322833,-0.02913623891325357
lb55_atr20_m3.0_r0.0025_tfma100_rfnone,55,20,3.0,0.0025,ma100,none,-0.013513895878250137,-0.020407849025279257,22,0.13636363636363635,0.5893301919981467,-0.23164716237968982,-0.002163101809870449,-0.010696113349978664,8,0.5,0.756937992567591,-0.10450989996141666,-0.029212775056079363
lb10_atr10_m3.0_r0.0025_tfma100_rfadx20,10,10,3.0,0.0025,ma100,adx20,-0.029381666337267354,-0.03971950123309953,39,0.23076923076923078,0.5093218653131328,-0.29223036856360896,-0.001304361527307174,-0.012197299363517544,10,0.4,0.9104228231143746,-0.048473020411553505,-0.03301707512861278
lb55_atr20_m2.5_r0.0025_tfnone_rfadx20,55,20,2.5,0.0025,none,adx20,-0.008993570010821128,-0.024274983674999473,24,0.16666666666666666,0.7223090319278758,-0.1377481157356375,-0.0035240769834298247,-0.005642028664353593,8,0.375,0.45074874197094267,-0.16708511177468227,-0.033681219499565845
lb55_atr20_m3.0_r0.005_tfnone_rfnone,55,20,3.0,0.005,none,none,-0.021774234000551007,-0.04044597445698006,23,0.17391304347826086,0.6398539496003939,-0.17638054939666878,-0.004362659012906778,-0.021262477156693937,8,0.5,0.7556009199002035,-0.10450989996141666,-0.03435202064914494
lb10_atr14_m3.0_r0.0025_tfma100_rfadx20,10,14,3.0,0.0025,ma100,adx20,-0.03026917766746473,-0.04196141845884005,39,0.23076923076923078,0.4861423472352617,-0.3012233441808281,-0.001298424237928697,-0.011312333179308243,10,0.4,0.9031886987969938,-0.04832617514279537,-0.03464444029609274
lb20_atr10_m2.5_r0.0025_tfma100_rfadx20,20,10,2.5,0.0025,ma100,adx20,-0.04087949723207429,-0.046921311309182645,38,0.15789473684210525,0.39528541473461626,-0.4150645689117486,0.00041645780654597786,-0.011777464063405296,9,0.3333333333333333,1.0338060179719069,0.015366026163001268,-0.03730930252372873
lb55_atr10_m3.0_r0.005_tfma100_rfnone,55,10,3.0,0.005,ma100,none,-0.011122042390600217,-0.0320683976478876,20,0.25,0.7752630720670424,-0.10135488961457487,-0.007822819437464323,-0.0210000295666134,8,0.5,0.615126208673378,-0.18631261544322833,-0.038266182649364315
lb55_atr10_m2.5_r0.005_tfma100_rfnone,55,10,2.5,0.005,ma100,none,-0.02289664372908995,-0.03897652091886805,23,0.08695652173913043,0.6661226520060645,-0.18228863729733022,-0.0057635611635129536,-0.019854928522124893,8,0.375,0.7445818825926291,-0.1330787846515691,-0.04015436637519303
lb10_atr10_m2.5_r0.0025_tfma100_rfadx20,10,10,2.5,0.0025,ma100,adx20,-0.05188829321855193,-0.05729167333490892,48,0.14583333333333334,0.35313058558934607,-0.41765537104244616,0.0008957871574752918,-0.011648854850321855,11,0.45454545454545453,1.0626407361958388,0.035271794820616334,-0.04029039834306479
lb30_atr10_m3.0_r0.0025_tfma100_rfadx20,30,10,3.0,0.0025,ma100,adx20,-0.016621107994541195,-0.03176129999322119,26,0.2692307692307692,0.5837992167117648,-0.24545667309127162,-0.002859548738901152,-0.00952651246680325,8,0.5,0.6998421085756037,-0.1395179828773973,-0.04034804386472451
lb55_atr20_m2.5_r0.0025_tfma100_rfadx20,55,20,2.5,0.0025,ma100,adx20,-0.012749958157352692,-0.02427498367500014,23,0.13043478260869565,0.640123496096127,-0.20541424179910486,-0.0035240769834298247,-0.005642028664353593,8,0.375,0.45074874197094267,-0.16708511177468227,-0.04215532832229189
lb55_atr20_m3.0_r0.005_tfma100_rfnone,55,20,3.0,0.005,ma100,none,-0.0271616874378815,-0.04044597445698117,22,0.13636363636363635,0.5855597994659489,-0.23164716237968977,-0.004362659012906778,-0.021262477156693937,8,0.5,0.7556009199002035,-0.10450989996141666,-0.04218229190836982
lb20_atr10_m3.0_r0.0025_tfma100_rfadx20,20,10,3.0,0.0025,ma100,adx20,-0.030230093381143686,-0.042168162541331045,34,0.20588235294117646,0.4655120645972271,-0.34635785916683764,-0.0014372454499512743,-0.012321403104624262,9,0.4444444444444444,0.8751997954842524,-0.06502591073720813,-0.04241988506365732
lb30_atr14_m3.0_r0.0025_tfnone_rfadx20,30,14,3.0,0.0025,none,adx20,-0.013051705595026886,-0.032337100648735295,29,0.3103448275862069,0.6764619826350842,-0.1708584188180491,-0.004744773844622241,-0.01258036750670366,10,0.4,0.6196240614707637,-0.1884641208368663,-0.04267099404109202
lb30_atr20_m3.0_r0.005_tfma100_rfadx20,30,20,3.0,0.005,ma100,adx20,-0.03953086494936309,-0.055022163078991215,26,0.15384615384615385,0.5150105714712061,-0.2862365780104326,-0.002108985836201116,-0.019047057534042455,8,0.5,0.8785289506431081,-0.052977008054485714,-0.04271970807381232
lb30_atr14_m3.0_r0.005_tfma100_rfadx20,30,14,3.0,0.005,ma100,adx20,-0.03553943628018241,-0.06200547456021044,26,0.23076923076923078,0.5548687696838291,-0.25906768359473065,-0.003110243120259648,-0.01869163650634731,8,0.5,0.8327825939253294,-0.07530642821921332,-0.04408430620924162
lb30_atr10_m2.5_r0.0025_tfma100_rfadx20,30,10,2.5,0.0025,ma100,adx20,-0.026362661146568156,-0.0356400336021353,30,0.13333333333333333,0.4749233565509833,-0.33305038554243854,-0.0020098932955811,-0.009141101595529832,8,0.375,0.8087179289552873,-0.09573922403192509,-0.044277767729399745
lb55_atr20_m2.5_r0.005_tfnone_rfadx20,55,20,2.5,0.005,none,adx20,-0.018341456340037254,-0.04802948262703055,24,0.16666666666666666,0.7175209152246848,-0.13774811573563756,-0.00705010821873997,-0.011254333576865783,8,0.375,0.45000602029829256,-0.16708511177468227,-0.04467667295567139
lb10_atr20_m3.0_r0.005_tfma100_rfadx20,10,20,3.0,0.005,ma100,adx20,-0.0655465138620952,-0.08179935513867531,40,0.2,0.469831312562816,-0.31974958375865,0.0010152791761210977,-0.021755486346792363,10,0.4,1.044303438868454,0.01743504953105447,-0.0458936110508979
lb20_atr20_m3.0_r0.0025_tfma100_rfadx20,20,20,3.0,0.0025,ma100,adx20,-0.03516089374401732,-0.04017250965506203,34,0.17647058823529413,0.403144048177205,-0.39973921069757357,-0.0010982980535398923,-0.01094805317596359,9,0.4444444444444444,0.8929585586650656,-0.049685854631962706,-0.04630253920561614
lb20_atr14_m3.0_r0.0025_tfma100_rfadx20,20,14,3.0,0.0025,ma100,adx20,-0.03234675155565214,-0.04293748180488299,33,0.21212121212121213,0.41166721900503006,-0.3795451432929032,-0.0015631243223326319,-0.011406158076316841,9,0.4444444444444444,0.8612969773505278,-0.0683709708839628,-0.04759529107873728
lb30_atr10_m3.0_r0.0025_tfnone_rfadx20,30,10,3.0,0.0025,none,adx20,-0.009792655985909726,-0.031060383658645607,29,0.3103448275862069,0.7521768435928673,-0.13038064668618843,-0.006238845606581833,-0.012883215075456422,10,0.4,0.5163826952592474,-0.24562871312519788,-0.04889180296171415
lb30_atr20_m3.0_r0.0025_tfnone_rfadx20,30,20,3.0,0.0025,none,adx20,-0.015087305522076822,-0.028288813998082696,29,0.27586206896551724,0.6387152206233883,-0.19457216257441856,-0.005178981960313633,-0.013686203173191025,10,0.4,0.5950106341603175,-0.2056745248445464,-0.049294531677696964
lb30_atr10_m2.5_r0.0025_tfnone_rfadx20,30,10,2.5,0.0025,none,adx20,-0.019459853462053478,-0.03547665140256351,33,0.2727272727272727,0.619661167359675,-0.2228428552824183,-0.0052699437555047135,-0.01237785713625339,10,0.3,0.6169803494325204,-0.20568886633179365,-0.05422600872015377
lb10_atr10_m3.0_r0.005_tfma100_rfadx20,10,10,3.0,0.005,ma100,adx20,-0.058308835448133034,-0.07799187522507156,39,0.23076923076923078,0.5089043044339094,-0.292230368563609,-0.002145816508710374,-0.02420884643658283,10,0.4,0.9252039631267764,-0.048473020411553526,-0.05469438822513716
lb55_atr20_m2.5_r0.005_tfma100_rfadx20,55,20,2.5,0.005,ma100,adx20,-0.02577884914601203,-0.04802948262703044,23,0.13043478260869565,0.6357248608297482,-0.20541424179910486,-0.00705010821873997,-0.011254333576865783,8,0.375,0.45000602029829256,-0.16708511177468227,-0.05480314432006025
lb10_atr14_m3.0_r0.0025_tfnone_rfadx20,10,14,3.0,0.0025,none,adx20,-0.039447223299903245,-0.05503798826326178,57,0.2807017543859649,0.5114196516664258,-0.27518942056932966,-0.005184001349869405,-0.01704550462972676,18,0.3333333333333333,0.7539704859880354,-0.11378345632478377,-0.05523615592129978
lb10_atr10_m3.0_r0.0025_tfnone_rfadx20,10,10,3.0,0.0025,none,adx20,-0.03783062786929159,-0.05672869286491722,58,0.27586206896551724,0.5569788613964771,-0.2627940907987271,-0.005882014613908582,-0.016962565978016597,19,0.3157894736842105,0.7468290783549687,-0.12393699261597206,-0.05533397390660284
lb55_atr14_m2.5_r0.0025_tfnone_rfnone,55,14,2.5,0.0025,none,none,-0.0012991181784730577,-0.01705957647030021,23,0.21739130434782608,0.953534180824829,-0.019445433254637184,-0.00993218768725268,-0.013729651559921896,11,0.36363636363636365,0.31488073675130507,-0.3465194563263257,-0.05559057421897702
lb30_atr10_m3.0_r0.005_tfma100_rfadx20,30,10,3.0,0.005,ma100,adx20,-0.033338074603351364,-0.06258882974601021,26,0.2692307692307692,0.5820847650625289,-0.24545667309127156,-0.005751354929886987,-0.018956076398367494,8,0.5,0.6987541195657672,-0.13951798287739722,-0.05626793055933723
lb10_atr14_m3.0_r0.005_tfma100_rfadx20,10,14,3.0,0.005,ma100,adx20,-0.060067284149902145,-0.0822864785118339,39,0.23076923076923078,0.4858189514869656,-0.3012233441808282,-0.002679561749114101,-0.0224782031008538,10,0.4,0.9005359355678423,-0.04832617514279541,-0.05741697296968811
lb30_atr14_m3.0_r0.005_tfnone_rfadx20,30,14,3.0,0.005,none,adx20,-0.026528680628474466,-0.06372484368217857,29,0.3103448275862069,0.6721179498888832,-0.17085841881804906,-0.00951581106919086,-0.024997085386560314,10,0.4,0.6189923629256574,-0.1884641208368663,-0.05904026441856564
lb20_atr10_m2.5_r0.0025_tfnone_rfadx20,20,10,2.5,0.0025,none,adx20,-0.041574577005529356,-0.05540548582563576,45,0.24444444444444444,0.46327297576004567,-0.360470458344477,-0.00376762890546245,-0.015910551587960065,14,0.2857142857142857,0.7994511782500888,-0.10648112355662008,-0.06106495044068646
lb20_atr10_m3.0_r0.0025_tfnone_rfadx20,20,10,3.0,0.0025,none,adx20,-0.02848019088757725,-0.048852495584870814,41,0.21951219512195122,0.5540267457379813,-0.2757689208922794,-0.006427080207496716,-0.01725684954463591,14,0.2857142857142857,0.6473875257885277,-0.18166591651465192,-0.06288626470560049
lb55_atr14_m2.5_r0.0025_tfma100_rfnone,55,14,2.5,0.0025,ma100,none,-0.005520993715028788,-0.01705957647030021,22,0.13636363636363635,0.8228449402271343,-0.09165532200794076,-0.00993218768725268,-0.013729651559921896,11,0.36363636363636365,0.31488073675130507,-0.3465194563263257,-0.0643366453953058
lb30_atr10_m2.5_r0.005_tfma100_rfadx20,30,10,2.5,0.005,ma100,adx20,-0.05249684636194929,-0.07009175117539768,30,0.13333333333333333,0.4727703396248197,-0.33305038554243843,-0.004071034591575762,-0.018186390221747284,8,0.375,0.8067078648231991,-0.09573922403192514,-0.06440859722049203
lb20_atr10_m2.5_r0.005_tfma100_rfadx20,20,10,2.5,0.005,ma100,adx20,-0.0805909909746062,-0.091761160372552,38,0.15789473684210525,0.3946022604435098,-0.41506456891174864,0.0007145713230640727,-0.023363197059031005,9,0.3333333333333333,1.0288548719420103,0.015366026163001152,-0.06440910218915716
lb30_atr10_m3.0_r0.005_tfnone_rfadx20,30,10,3.0,0.005,none,adx20,-0.01989955820758904,-0.0612453631052331,29,0.3103448275862069,0.7494921837555878,-0.1303806466861884,-0.012484173421930533,-0.025599475615538436,10,0.4,0.516150443295353,-0.24562871312519788,-0.06443968196444258
lb20_atr10_m3.0_r0.005_tfma100_rfadx20,20,10,3.0,0.005,ma100,adx20,-0.059956883136896955,-0.08267005361907831,34,0.20588235294117646,0.465579495637674,-0.3463578591668377,-0.0029539350402653097,-0.024453583800393308,9,0.4444444444444444,0.8722857505019387,-0.06502591073720808,-0.06551186731143399
lb30_atr20_m3.0_r0.005_tfnone_rfadx20,30,20,3.0,0.005,none,adx20,-0.030447446603104833,-0.055876100298102194,29,0.27586206896551724,0.6352410535498647,-0.1945721625744186,-0.010381091494946038,-0.027178753552103863,10,0.4,0.5945748927425744,-0.2056745248445464,-0.06648301430064545
lb10_atr10_m2.5_r0.0025_tfnone_rfadx20,10,10,2.5,0.0025,none,adx20,-0.07256972749127244,-0.08137404887204636,71,0.19718309859154928,0.3651497170478344,-0.4056364071643804,-0.001359174972298982,-0.014223426238733516,20,0.4,0.9410890722967901,-0.028924010378191183,-0.06650240964454392
lb55_atr14_m2.5_r0.005_tfnone_rfnone,55,14,2.5,0.005,none,none,-0.003065065819649604,-0.03387767338345604,23,0.21739130434782608,0.9454079075596148,-0.01944543325463721,-0.01980877804673986,-0.02730629561685649,11,0.36363636363636365,0.31519833610669706,-0.34651945632632564,-0.06940309760338596
lb20_atr20_m3.0_r0.005_tfma100_rfadx20,20,20,3.0,0.005,ma100,adx20,-0.06947243830284844,-0.07885193056655837,34,0.17647058823529413,0.4029058584804414,-0.39973921069757357,-0.0022552815594721887,-0.021758741186220232,9,0.4444444444444444,0.8905820453258285,-0.049685854631962664,-0.07065381599756028
lb10_atr10_m2.5_r0.005_tfma100_rfadx20,10,10,2.5,0.005,ma100,adx20,-0.10176499415248574,-0.11106492960115444,48,0.14583333333333334,0.3505424160126736,-0.4176553710424462,0.003222094122746322,-0.023109677628465497,11,0.45454545454545453,1.1183293507830074,0.035271794820616306,-0.07090476252813295
lb20_atr14_m3.0_r0.005_tfma100_rfadx20,20,14,3.0,0.005,ma100,adx20,-0.06403474624748262,-0.08413421210452765,33,0.21212121212121213,0.41197082311708233,-0.3795451432929032,-0.003191659140395542,-0.022663757548515462,9,0.4444444444444444,0.8589774015326307,-0.06837097088396278,-0.07148714482998993
lb10_atr20_m3.0_r0.0025_tfnone_rfadx20,10,20,3.0,0.0025,none,adx20,-0.04501524776779042,-0.055848384384489025,58,0.2413793103448276,0.4764518959084459,-0.30546010935085316,-0.00738764905892253,-0.019599005893734978,18,0.3333333333333333,0.6665910500470826,-0.16182009223589272,-0.07225683799768806
lb55_atr20_m2.5_r0.0025_tfnone_rfnone,55,20,2.5,0.0025,none,none,-0.011682031875830168,-0.023758044796810873,26,0.19230769230769232,0.6712053979397835,-0.1656257595188196,-0.008778134255371217,-0.010146810217812052,10,0.3,0.2476721115250079,-0.3349505886850716,-0.07309364687887787
lb30_atr10_m2.5_r0.005_tfnone_rfadx20,30,10,2.5,0.005,none,adx20,-0.03960053099457672,-0.06980141540121476,33,0.2727272727272727,0.611991031026161,-0.22284285528241832,-0.010571951245004874,-0.024595169028329478,10,0.3,0.6159574309628739,-0.20568886633179367,-0.07428786912242527
lb30_atr14_m2.5_r0.0025_tfnone_rfadx20,30,14,2.5,0.0025,none,adx20,-0.010677094460147751,-0.030723899949226863,31,0.3225806451612903,0.7691937653178119,-0.1284727288111856,-0.011840381688032475,-0.01563052656932573,13,0.3076923076923077,0.2951898318548112,-0.3556526240817988,-0.07511702170924295
lb20_atr14_m3.0_r0.0025_tfnone_rfadx20,20,14,3.0,0.0025,none,adx20,-0.03367558305591778,-0.05061803817679644,40,0.25,0.45956748717841706,-0.3294868174598272,-0.007211673665234786,-0.01699902151338195,14,0.2857142857142857,0.6121226562390341,-0.20280982604796863,-0.07565154667776817
lb30_atr14_m2.5_r0.0025_tfma100_rfadx20,30,14,2.5,0.0025,ma100,adx20,-0.018004740465019098,-0.03086326243801152,28,0.17857142857142858,0.5982594393294781,-0.24064674095926009,-0.008691371761294309,-0.012493594857112544,11,0.36363636363636365,0.3638019179481168,-0.30517932839119327,-0.0777239482666977
lb55_atr14_m2.5_r0.005_tfma100_rfnone,55,14,2.5,0.005,ma100,none,-0.011486618105830626,-0.03387767338345615,22,0.13636363636363635,0.81568127355863,-0.09165532200794076,-0.01980877804673986,-0.02730629561685649,11,0.36363636363636365,0.31519833610669706,-0.34651945632632564,-0.07918898059785562
lb55_atr20_m2.5_r0.0025_tfma100_rfnone,55,20,2.5,0.0025,ma100,none,-0.01542822946660094,-0.023758044796809985,25,0.16,0.5998871481047745,-0.22899370124853682,-0.008778134255371217,-0.010146810217812052,10,0.3,0.2476721115250079,-0.3349505886850716,-0.08107297231934243
lb20_atr20_m3.0_r0.0025_tfnone_rfadx20,20,20,3.0,0.0025,none,adx20,-0.0361107396432202,-0.04734486965935247,41,0.24390243902439024,0.4579732447067831,-0.3442492791846303,-0.007876109625755023,-0.017659031561167216,14,0.2857142857142857,0.5744811129626523,-0.22117746032552127,-0.08185337155118659
lb20_atr14_m2.5_r0.0025_tfma100_rfadx20,20,14,2.5,0.0025,ma100,adx20,-0.03322950006932901,-0.04286499210239003,36,0.19444444444444445,0.47415652440263967,-0.3548650445596924,-0.008175973994167918,-0.013109887023427191,12,0.3333333333333333,0.4703510080504431,-0.2634643853942564,-0.08857289611074447
lb10_atr14_m3.0_r0.005_tfnone_rfadx20,10,14,3.0,0.005,none,adx20,-0.08079731589777672,-0.10721529579036615,57,0.2807017543859649,0.4929333187848993,-0.2751894205693296,-0.010461863662750037,-0.03382265752390001,18,0.3333333333333333,0.7524446316440442,-0.11378345632478376,-0.08863726532367071
lb30_atr20_m2.5_r0.0025_tfma100_rfadx20,30,20,2.5,0.0025,ma100,adx20,-0.02792252081642488,-0.03824113263308815,31,0.1935483870967742,0.46836359223405466,-0.33948014144214617,-0.007480077735771418,-0.008850546050477415,10,0.3,0.3400467169053959,-0.28748079743193766,-0.08920549092458682
lb55_atr20_m2.5_r0.005_tfnone_rfnone,55,20,2.5,0.005,none,none,-0.023673996832285105,-0.04702366888781073,26,0.19230769230769232,0.6666518769453542,-0.16562575951881958,-0.017507586242118456,-0.020217089694928414,10,0.3,0.24753727782922633,-0.33495058868507166,-0.08921713096629307
lb10_atr10_m3.0_r0.005_tfnone_rfadx20,10,10,3.0,0.005,none,adx20,-0.08286178956771573,-0.11042224885681728,58,0.27586206896551724,0.5070267803582037,-0.2627940907987271,-0.011874919088087466,-0.03364304945247554,19,0.3157894736842105,0.7449858621368662,-0.12393699261597203,-0.09130855724107229
lb20_atr14_m2.5_r0.0025_tfnone_rfadx20,20,14,2.5,0.0025,none,adx20,-0.031261356362964454,-0.0492653970401743,43,0.27906976744186046,0.5624344580361781,-0.2835449666932266,-0.01297080668006445,-0.017880867406050438,17,0.29411764705882354,0.41937477175831506,-0.29717312921487915,-0.09176518337297515
lb20_atr10_m3.0_r0.005_tfnone_rfadx20,20,10,3.0,0.005,none,adx20,-0.060358699278998174,-0.09545863284852407,41,0.21951219512195122,0.5241578737971292,-0.2757689208922794,-0.01291231316211705,-0.03419722597436381,14,0.2857142857142857,0.6462495932875305,-0.18166591651465192,-0.0920636415345702
lb20_atr10_m2.5_r0.005_tfnone_rfadx20,20,10,2.5,0.005,none,adx20,-0.08424796418612635,-0.10790301343158715,45,0.24444444444444444,0.4483882400101162,-0.360470458344477,-0.007663062585594904,-0.03153926027548337,14,0.2857142857142857,0.7966114315122446,-0.1064811235566201,-0.09403524610637944
lb30_atr14_m2.5_r0.005_tfnone_rfadx20,30,14,2.5,0.005,none,adx20,-0.02226435320002962,-0.06062024937200494,31,0.3225806451612903,0.758173452673741,-0.12847272881118563,-0.023586078201328187,-0.03105470306801883,13,0.3076923076923077,0.29531893017894056,-0.3556526240817988,-0.09513207945347656
lb55_atr20_m2.0_r0.0025_tfnone_rfadx20,55,20,2.0,0.0025,none,adx20,-0.03502818353471271,-0.039176081491631654,29,0.20689655172413793,0.2281362286572352,-0.45750205263764804,-0.006249014860007396,-0.008182886644203524,10,0.3,0.4104364548117346,-0.23894008186368154,-0.0952720943388588
lb10_atr14_m2.5_r0.0025_tfma100_rfadx20,10,14,2.5,0.0025,ma100,adx20,-0.04089971669971759,-0.052992194741114496,46,0.17391304347826086,0.4526571506321201,-0.3431286879720092,-0.010365148582317851,-0.016613067945598803,14,0.2857142857142857,0.49669894038330836,-0.28373098835826926,-0.09753552555141724
lb30_atr14_m2.5_r0.005_tfma100_rfadx20,30,14,2.5,0.005,ma100,adx20,-0.03542962134138239,-0.060864002578500886,28,0.17857142857142858,0.600120757230555,-0.24064674095926003,-0.017347554142163712,-0.024863897701592697,11,0.36363636363636365,0.3640008344698287,-0.30517932839119327,-0.09771900461963802
lb55_atr20_m2.5_r0.005_tfma100_rfnone,55,20,2.5,0.005,ma100,none,-0.031070988422837065,-0.04702366888781084,25,0.16,0.5954820720810294,-0.22899370124853682,-0.017507586242118456,-0.020217089694928414,10,0.3,0.24753727782922633,-0.33495058868507166,-0.09883775503446714
lb30_atr20_m2.5_r0.0025_tfnone_rfadx20,30,20,2.5,0.0025,none,adx20,-0.024424777980747825,-0.041338324133718074,35,0.2,0.5549214550600677,-0.26388958966241555,-0.011468089618141386,-0.012833051298873688,12,0.25,0.25102840481388644,-0.37094417822701914,-0.09906959698309245
lb10_atr20_m2.5_r0.0025_tfma100_rfadx20,10,20,2.5,0.0025,ma100,adx20,-0.047713747788625915,-0.057319145094131274,49,0.16326530612244897,0.4197631684825903,-0.3767463173371024,-0.009682985584236525,-0.013784747173850254,15,0.3333333333333333,0.37316901895452614,-0.250972407133724,-0.10046955294213733
lb55_atr14_m2.0_r0.0025_tfnone_rfadx20,55,14,2.0,0.0025,none,adx20,-0.029898937893816258,-0.0352213705127804,29,0.2413793103448276,0.27792657691705647,-0.3917490771935789,-0.008713810078896156,-0.010688754126900513,11,0.09090909090909091,0.18042226848284387,-0.3014202326050865,-0.10277955430011375
lb55_atr20_m2.0_r0.0025_tfma100_rfadx20,55,20,2.0,0.0025,ma100,adx20,-0.039715656050017145,-0.039715656050017145,28,0.14285714285714285,0.18150497964165527,-0.5378706750066325,-0.006249014860007396,-0.008182886644203524,10,0.3,0.4104364548117346,-0.23894008186368154,-0.10497887998086948
lb20_atr14_m3.0_r0.005_tfnone_rfadx20,20,14,3.0,0.005,none,adx20,-0.06802948617295657,-0.09880799762616566,40,0.25,0.4493824377992728,-0.3294868174598272,-0.014460823034072812,-0.03371278457202409,14,0.2857142857142857,0.61136992879111,-0.20280982604796863,-0.10631162915517073
lb10_atr14_m2.5_r0.0025_tfnone_rfadx20,10,14,2.5,0.0025,none,adx20,-0.05046572192522791,-0.06546316031323507,66,0.25757575757575757,0.4920135922189396,-0.30258865168217963,-0.01773009579204643,-0.024081793342507485,24,0.20833333333333334,0.4522094576128025,-0.28793617368017116,-0.10716914436835298
lb10_atr20_m3.0_r0.005_tfnone_rfadx20,10,20,3.0,0.005,none,adx20,-0.08874003621737325,-0.10875526403737312,58,0.2413793103448276,0.4759383965345289,-0.3054601093508531,-0.014833716144259435,-0.03883201873421149,18,0.3333333333333333,0.6659564983096161,-0.16182009223589272,-0.10845364168917002
lb30_atr14_m3.0_r0.0025_tfnone_rfnone,30,14,3.0,0.0025,none,none,-0.016292962610453765,-0.029702724263468983,33,0.2727272727272727,0.6533616782848574,-0.18819641943984958,-0.017894327137275012,-0.02408140272207382,14,0.2857142857142857,0.3007988280603283,-0.4828279403751013,-0.11011438435296794
lb30_atr14_m3.0_r0.0025_tfma100_rfnone,30,14,3.0,0.0025,ma100,none,-0.01966176687999055,-0.027522135897578792,29,0.20689655172413793,0.5665400208189697,-0.2575821516552706,-0.014726417233388078,-0.02093345003721414,12,0.3333333333333333,0.3435108097062902,-0.4564501152197052,-0.11030757159486232
lb20_atr20_m2.5_r0.0025_tfma100_rfadx20,20,20,2.5,0.0025,ma100,adx20,-0.04252182664301318,-0.04967585257405949,39,0.1794871794871795,0.40486122401520575,-0.42040898043785174,-0.009501978467801542,-0.010869654948483243,12,0.25,0.2885880439395144,-0.30531918624971566,-0.11066328363853138
lb10_atr20_m3.0_r0.0025_tfma100_rfnone,10,20,3.0,0.0025,ma100,none,-0.04164982297028008,-0.0444463806924601,45,0.17777777777777778,0.4157999624407737,-0.35831719135278023,-0.013446280006706335,-0.024779018801878383,15,0.26666666666666666,0.47000921612152313,-0.33996342240548966,-0.11186864359000984
lb30_atr20_m2.5_r0.005_tfma100_rfadx20,30,20,2.5,0.005,ma100,adx20,-0.05538778729836491,-0.07513273800767062,31,0.1935483870967742,0.46721595215219486,-0.33948014144214617,-0.014933631462725638,-0.017650233331019005,10,0.3,0.33964183962311917,-0.28748079743193766,-0.11313700416453094
lb20_atr20_m3.0_r0.005_tfnone_rfadx20,20,20,3.0,0.005,none,adx20,-0.07316788996433243,-0.0925990252524741,41,0.24390243902439024,0.4444695690321248,-0.3442492791846303,-0.015772816711774995,-0.03501204171395078,14,0.2857142857142857,0.5741081970760621,-0.22117746032552127,-0.11386870297013127
lb55_atr14_m2.0_r0.0025_tfma100_rfadx20,55,14,2.0,0.0025,ma100,adx20,-0.03539675203925263,-0.03668800106489434,28,0.17857142857142858,0.20818799903073712,-0.47989175611706086,-0.008713810078896156,-0.010688754126900513,11,0.09090909090909091,0.18042226848284387,-0.3014202326050865,-0.11390363841646708
lb10_atr10_m2.5_r0.005_tfnone_rfadx20,10,10,2.5,0.005,none,adx20,-0.14580677776345596,-0.1559817041629954,71,0.19718309859154928,0.33904005848196317,-0.40563640716438043,-0.0029083644820733223,-0.02825199693249647,20,0.4,0.9372608261686128,-0.02892401037819123,-0.11475243883295473
lb20_atr10_m2.5_r0.0025_tfma100_rfnone,20,10,2.5,0.0025,ma100,none,-0.043098189630097705,-0.04318046521099539,41,0.17073170731707318,0.40286247644993284,-0.4049797506194218,-0.012279095212826108,-0.020485507711258122,13,0.23076923076923078,0.5080434216458254,-0.3450334068120617,-0.11488593889640634
lb20_atr10_m3.0_r0.0025_tfma100_rfnone,20,10,3.0,0.0025,ma100,none,-0.03319958421863145,-0.03932607878592154,37,0.1891891891891892,0.4696650339307392,-0.3490416286359693,-0.01370495162176677,-0.02085505825249967,13,0.3076923076923077,0.4228381014929494,-0.39500233017496894,-0.1149576977897293
lb30_atr10_m3.0_r0.0025_tfnone_rfnone,30,10,3.0,0.0025,none,none,-0.014139226844021913,-0.02947938643016179,33,0.2727272727272727,0.6987546693069008,-0.16480991808328463,-0.019143960148449768,-0.025101516871222862,14,0.2857142857142857,0.25739511384429337,-0.5199539479029524,-0.11510354092791439
lb30_atr20_m3.0_r0.0025_tfma100_rfnone,30,20,3.0,0.0025,ma100,none,-0.026822354083358868,-0.028924359072637906,30,0.13333333333333333,0.44465435267639064,-0.33786357659885907,-0.01354403172352281,-0.020081596335071894,12,0.3333333333333333,0.3590764651572633,-0.4216135819068989,-0.11519431034133953
lb55_atr20_m2.0_r0.0025_tfnone_rfnone,55,20,2.0,0.0025,none,none,-0.03279302759934444,-0.036950533296696286,33,0.24242424242424243,0.33588394103830055,-0.3745586541764108,-0.011910693201884981,-0.01383354717562335,12,0.25,0.26732981596795075,-0.3783714439191676,-0.11559706969296478
lb20_atr14_m2.5_r0.005_tfma100_rfadx20,20,14,2.5,0.005,ma100,adx20,-0.0651855180952694,-0.08404813459710136,36,0.19444444444444445,0.4757483197343356,-0.3548650445596924,-0.016338830215763434,-0.026077298086485512,12,0.3333333333333333,0.47052248895036214,-0.2634643853942564,-0.1165597842414187
lb20_atr14_m3.0_r0.0025_tfma100_rfnone,20,14,3.0,0.0025,ma100,none,-0.033926110970916246,-0.038741401371367945,36,0.19444444444444445,0.4343572869414921,-0.3649058292930679,-0.013993020635073461,-0.02020467369546941,13,0.3076923076923077,0.4086023141823911,-0.3995785430569391,-0.11797219930947
lb30_atr10_m3.0_r0.0025_tfma100_rfnone,30,10,3.0,0.0025,ma100,none,-0.019808973880971248,-0.029063372164957246,29,0.2413793103448276,0.5713715588032509,-0.26178291188522207,-0.015808547279409724,-0.02178636274613066,12,0.3333333333333333,0.2958247511633523,-0.49493433353404437,-0.11890691564132004
lb30_atr20_m3.0_r0.0025_tfnone_rfnone,30,20,3.0,0.0025,none,none,-0.023057225284757066,-0.030249081845601267,34,0.23529411764705882,0.5386476581810485,-0.25574893784461894,-0.017636793199127365,-0.024147233748937347,14,0.2857142857142857,0.3006191114667456,-0.47802086906374036,-0.11912769007052804
lb20_atr20_m2.5_r0.0025_tfnone_rfadx20,20,20,2.5,0.0025,none,adx20,-0.043879252047628214,-0.059144156063537845,47,0.1702127659574468,0.4546461140403443,-0.3653637785336846,-0.015355735740518517,-0.016715329371995602,17,0.23529411764705882,0.2697135870771023,-0.35017523165827413,-0.11965709218507188
lb55_atr20_m2.0_r0.005_tfnone_rfadx20,55,20,2.0,0.005,none,adx20,-0.06803878483789139,-0.07601649896911888,29,0.20689655172413793,0.23180155122464005,-0.45750205263764804,-0.012493843792933834,-0.016322210014314553,10,0.3,0.4100494550406129,-0.23894008186368154,-0.12080446397005494
lb30_atr10_m2.5_r0.0025_tfnone_rfnone,30,10,2.5,0.0025,none,none,-0.022836910693963763,-0.032788408299219474,37,0.2702702702702703,0.5986034426062827,-0.23309117269045526,-0.01877850944876891,-0.023778736006630274,14,0.21428571428571427,0.3103579168445347,-0.5017047568992395,-0.12096282361342807
lb20_atr20_m3.0_r0.0025_tfma100_rfnone,20,20,3.0,0.0025,ma100,none,-0.04169415919277908,-0.04270870046929731,38,0.15789473684210525,0.3655236519168381,-0.4244473981627124,-0.012718460100405338,-0.019261496043672333,13,0.3076923076923077,0.417834833126059,-0.3646850881310453,-0.12115942829847719
lb10_atr14_m3.0_r0.0025_tfma100_rfnone,10,14,3.0,0.0025,ma100,none,-0.03812105462197535,-0.04399192139096264,43,0.20930232558139536,0.4230437545641087,-0.34346368816550815,-0.016049722535544264,-0.025915721268805036,15,0.26666666666666666,0.4298117669116974,-0.4022523760826059,-0.1214745734492665
lb55_atr14_m2.0_r0.0025_tfnone_rfnone,55,14,2.0,0.0025,none,none,-0.02796828047776667,-0.03330130559519162,32,0.28125,0.3755696792875011,-0.3304908301072403,-0.014809212716165976,-0.01677201286538399,13,0.07692307692307693,0.11467735811122168,-0.43210741560641003,-0.12270941189195055
lb20_atr10_m3.0_r0.0025_tfnone_rfnone,20,10,3.0,0.0025,none,none,-0.035375045873988764,-0.04702303544661346,46,0.1956521739130435,0.5199115606620013,-0.30389090868458885,-0.020989007715525476,-0.0280863088720138,19,0.21052631578947367,0.3586459054003545,-0.42269545947583703,-0.12417419028855053
lb55_atr20_m2.0_r0.0025_tfma100_rfnone,55,20,2.0,0.0025,ma100,none,-0.03749135766699874,-0.03749135766699874,32,0.1875,0.28588600544793497,-0.44228921754735867,-0.011910693201884981,-0.01383354717562335,12,0.25,0.26732981596795075,-0.3783714439191676,-0.12423843625390835
lb20_atr10_m2.5_r0.0025_tfnone_rfnone,20,10,2.5,0.0025,none,none,-0.047308375834506755,-0.05223594211950966,50,0.24,0.44606749223641773,-0.3685816657984673,-0.018709034943655167,-0.026862024721645117,19,0.21052631578947367,0.44384084067012913,-0.36986729670501023,-0.12489162307927762
lb20_atr14_m2.5_r0.005_tfnone_rfadx20,20,14,2.5,0.005,none,adx20,-0.06464943183457461,-0.09629777831353392,43,0.27906976744186046,0.5415345176536328,-0.28354496669322654,-0.02585407119503691,-0.03549833602978969,17,0.29411764705882354,0.41925155473033576,-0.29717312921487915,-0.12526254014493943
lb10_atr20_m2.5_r0.0025_tfnone_rfadx20,10,20,2.5,0.0025,none,adx20,-0.06071506544429994,-0.07161570718888999,69,0.17391304347826086,0.4188013815558067,-0.3468552663064739,-0.01967069789204079,-0.0237310917033412,24,0.3333333333333333,0.335137751505093,-0.31900357206057034,-0.1255922617408446
lb30_atr20_m2.5_r0.005_tfnone_rfadx20,30,20,2.5,0.005,none,adx20,-0.04975276158660169,-0.08109839471929259,35,0.2,0.5436750444686668,-0.2638895896624155,-0.02284217792480303,-0.025536969717368962,12,0.25,0.2506160169454798,-0.37094417822701925,-0.12571849571982344
lb30_atr10_m2.5_r0.0025_tfma100_rfnone,30,10,2.5,0.0025,ma100,none,-0.02889109432433712,-0.0321301468410603,33,0.15151515151515152,0.47572652592501113,-0.3313195778418352,-0.015562730905155253,-0.020579344814325995,12,0.25,0.3521489794302294,-0.4777409771272349,-0.12617068287649447
lb10_atr10_m3.0_r0.0025_tfma100_rfnone,10,10,3.0,0.0025,ma100,none,-0.03594946679500843,-0.0404490808430894,43,0.20930232558139536,0.4668315886266445,-0.323852341257399,-0.018898623559536976,-0.02763235178879453,16,0.25,0.41158921643765206,-0.44280873083350325,-0.12678456301797095
lb55_atr10_m2.0_r0.0025_tfnone_rfadx20,55,10,2.0,0.0025,none,adx20,-0.03718291866741996,-0.040892331562709994,30,0.16666666666666666,0.20501004914074764,-0.47314432606581996,-0.010388796867075056,-0.012183208902582399,11,0.09090909090909091,0.11027834037411381,-0.36100674026034557,-0.1270994030804734
lb55_atr14_m2.0_r0.005_tfnone_rfadx20,55,14,2.0,0.005,none,adx20,-0.05868098589870374,-0.06897672961507062,29,0.2413793103448276,0.2803686601487238,-0.39174907719357877,-0.017376605403570444,-0.02128419054552244,11,0.09090909090909091,0.18045117233912844,-0.3014202326050865,-0.12795037157491623
lb10_atr14_m3.0_r0.0025_tfnone_rfnone,10,14,3.0,0.0025,none,none,-0.049406796027250954,-0.056315828481419805,63,0.25396825396825395,0.4621576119739211,-0.31058443629197247,-0.02472343927829268,-0.03635196770914373,25,0.24,0.3900443630454467,-0.3818659724429121,-0.12993751609950846
lb55_atr10_m2.0_r0.0025_tfma100_rfadx20,55,10,2.0,0.0025,ma100,adx20,-0.03775769369696824,-0.03775769369696824,28,0.14285714285714285,0.1763994691314811,-0.5147300442606045,-0.010388796867075056,-0.012183208902582399,11,0.09090909090909091,0.11027834037411381,-0.36100674026034557,-0.13085836397470726
lb10_atr14_m2.5_r0.005_tfma100_rfadx20,10,14,2.5,0.005,ma100,adx20,-0.08084392580433619,-0.1029786772744904,46,0.17391304347826086,0.4495972782218388,-0.34312868797200924,-0.020553456308344376,-0.032860066954208955,14,0.2857142857142857,0.4987367974870841,-0.2837309883582693,-0.1323287066415058
lb55_atr20_m2.0_r0.005_tfma100_rfadx20,55,20,2.0,0.005,ma100,adx20,-0.0770803719465395,-0.0770803719465395,28,0.14285714285714285,0.18376342493298597,-0.5378706750066325,-0.012493843792933834,-0.016322210014314553,10,0.3,0.4100494550406129,-0.23894008186368154,-0.13255877516913397
lb20_atr14_m3.0_r0.0025_tfnone_rfnone,20,14,3.0,0.0025,none,none,-0.039007661854241094,-0.04725474365357585,45,0.2222222222222222,0.45024385134347167,-0.3393834418802069,-0.021763211732592103,-0.027925914093529625,19,0.21052631578947367,0.34213263920928016,-0.4369444487263554,-0.13269999324201592
lb55_atr14_m2.0_r0.0025_tfma100_rfnone,55,14,2.0,0.0025,ma100,none,-0.033477036159159645,-0.03477085497840826,31,0.22580645161290322,0.3035385564294655,-0.4081274998740519,-0.014809212716165976,-0.01677201286538399,13,0.07692307692307693,0.11467735811122168,-0.43210741560641003,-0.1329436242568331
lb10_atr10_m3.0_r0.0025_tfnone_rfnone,10,10,3.0,0.0025,none,none,-0.046780432206887435,-0.05411370792482495,64,0.25,0.5186395795526042,-0.2920483309453631,-0.028535531703543837,-0.037183472532313355,27,0.2222222222222222,0.3765591055882273,-0.4074928680085258,-0.13297256076275735
lb30_atr14_m3.0_r0.005_tfma100_rfnone,30,14,3.0,0.005,ma100,none,-0.039328653153759996,-0.05437875053195418,29,0.20689655172413793,0.5638956247848842,-0.2575821516552706,-0.02640914308196718,-0.03860898730943696,12,0.3333333333333333,0.36818215543193206,-0.4564501152197052,-0.13348541029107544
lb30_atr14_m2.0_r0.0025_tfnone_rfadx20,30,14,2.0,0.0025,none,adx20,-0.04452411308980664,-0.052142060273355884,41,0.2682926829268293,0.32117583085516205,-0.41567594471002467,-0.015259393779833097,-0.017221297031241756,15,0.13333333333333333,0.1755314904340141,-0.39264608268924306,-0.13358736644740055
lb10_atr10_m2.5_r0.0025_tfma100_rfnone,10,10,2.5,0.0025,ma100,none,-0.05660729739727488,-0.060128202650816975,53,0.1509433962264151,0.35143248478476574,-0.41410821325979014,-0.017206987932475326,-0.026602233599063663,17,0.29411764705882354,0.4681118902665558,-0.37017071726235967,-0.13384064356343325
lb55_atr20_m1.5_r0.0025_tfnone_rfadx20,55,20,1.5,0.0025,none,adx20,-0.04733488209958936,-0.05096648869141185,35,0.2571428571428571,0.19710580688855986,-0.504762466361401,-0.013398623534622733,-0.015667028739739353,14,0.2857142857142857,0.32287501009313685,-0.36045831050188115,-0.13425419337201983
lb10_atr20_m3.0_r0.0025_tfnone_rfnone,10,20,3.0,0.0025,none,none,-0.05808038594081366,-0.0610985088628182,66,0.21212121212121213,0.42424069704149675,-0.34734793760824606,-0.02278376456037612,-0.03480571466447435,24,0.25,0.39259589327438527,-0.36863723414275745,-0.13445686908626428
lb30_atr14_m3.0_r0.005_tfnone_rfnone,30,14,3.0,0.005,none,none,-0.032945256444047,-0.058635201013472193,33,0.2727272727272727,0.648911122647628,-0.18819641943984955,-0.03266500271479855,-0.04478645619682631,14,0.2857142857142857,0.3198315164093609,-0.48282794037510135,-0.13452096930017948
lb55_atr20_m1.5_r0.0025_tfma100_rfadx20,55,20,1.5,0.0025,ma100,adx20,-0.04536223909131776,-0.04536223909131776,32,0.25,0.17081442680623257,-0.5283916593079724,-0.013398623534622733,-0.015667028739739353,14,0.2857142857142857,0.32287501009313685,-0.36045831050188115,-0.13492552294797386
lb30_atr14_m2.5_r0.0025_tfnone_rfnone,30,14,2.5,0.0025,none,none,-0.01952031274050081,-0.03339017595684368,37,0.2702702702702703,0.6481669955710538,-0.19792615865505275,-0.025531035632876176,-0.02926866919817439,17,0.23529411764705882,0.16189033981440806,-0.567716377914244,-0.13592266874877054
lb30_atr20_m2.0_r0.0025_tfma100_rfadx20,30,20,2.0,0.0025,ma100,adx20,-0.05729503240451772,-0.05729503240451772,38,0.21052631578947367,0.17837477796788725,-0.577272841954314,-0.010054950648501149,-0.011981415957691088,12,0.25,0.3513463663408225,-0.321496845492118,-0.13647988187550356
lb30_atr20_m2.0_r0.0025_tfnone_rfadx20,30,20,2.0,0.0025,none,adx20,-0.050993994997283076,-0.05720994375526445,42,0.23809523809523808,0.28520334195861563,-0.4654482208233249,-0.013838253937973444,-0.015757356815737422,14,0.21428571428571427,0.2818355443769467,-0.3822086229728601,-0.13700983466170627
lb10_atr20_m2.5_r0.005_tfma100_rfadx20,10,20,2.5,0.005,ma100,adx20,-0.09332380999491996,-0.11123877384876502,49,0.16326530612244897,0.4183271539585187,-0.3767463173371024,-0.019314421046382924,-0.027404651312144312,15,0.3333333333333333,0.3734583557645682,-0.250972407133724,-0.1373907296254623
lb20_atr20_m3.0_r0.0025_tfnone_rfnone,20,20,3.0,0.0025,none,none,-0.045585887839872385,-0.04804779012156124,47,0.2127659574468085,0.40202663155479273,-0.3794384362451346,-0.021298839881948806,-0.02778501085706986,19,0.21052631578947367,0.331881757763932,-0.4301495568644543,-0.13858599715707223
lb30_atr14_m2.0_r0.0025_tfma100_rfadx20,30,14,2.0,0.0025,ma100,adx20,-0.05127839810128132,-0.05254838744316548,37,0.24324324324324326,0.1932473941792306,-0.5285526326110588,-0.012196391109136173,-0.014164396794892231,13,0.15384615384615385,0.21070926504821336,-0.3579300255585682,-0.13909686786372955
lb55_atr20_m1.5_r0.0025_tfma100_rfnone,55,20,1.5,0.0025,ma100,none,-0.03924880109016782,-0.03924880109016782,36,0.3055555555555556,0.32978809782180135,-0.40330340996740893,-0.01934190622037313,-0.02159664656174498,16,0.25,0.24826443741953044,-0.45485664620063376,-0.14030929099339945
lb55_atr20_m1.5_r0.0025_tfnone_rfnone,55,20,1.5,0.0025,none,none,-0.04123407677569613,-0.0448889399394381,39,0.3076923076923077,0.3434289001665113,-0.39171989701591375,-0.01934190622037313,-0.02159664656174498,16,0.25,0.24826443741953044,-0.45485664620063376,-0.14083549868290973
lb30_atr20_m3.0_r0.005_tfma100_rfnone,30,20,3.0,0.005,ma100,none,-0.053288200725569945,-0.0570963054238689,30,0.13333333333333333,0.4424612381879385,-0.33786357659885907,-0.02460555721757185,-0.037459476905783884,12,0.3333333333333333,0.3811875107959365,-0.4216135819068989,-0.14124196410179357
lb55_atr14_m2.0_r0.005_tfma100_rfadx20,55,14,2.0,0.005,ma100,adx20,-0.06910807992055634,-0.07160272288550829,28,0.17857142857142858,0.2098839528091665,-0.47989175611706086,-0.017376605403570444,-0.02128419054552244,11,0.09090909090909091,0.18045117233912844,-0.3014202326050865,-0.14146277677548122
lb55_atr14_m1.5_r0.0025_tfnone_rfadx20,55,14,1.5,0.0025,none,adx20,-0.05164248707883434,-0.05512741142212385,36,0.25,0.1735365532684874,-0.5387513440933379,-0.013591836722955053,-0.016210398442789598,14,0.35714285714285715,0.29505995261335444,-0.36465148916088536,-0.14146797728885477
lb30_atr10_m3.0_r0.005_tfnone_rfnone,30,10,3.0,0.005,none,none,-0.028513777472780055,-0.058190014670020385,33,0.2727272727272727,0.6961754890994927,-0.16480991808328466,-0.036431429216036926,-0.04807404805879523,14,0.2857142857142857,0.266347501482614,-0.5199539479029524,-0.14150763628137386
lb55_atr14_m1.5_r0.0025_tfma100_rfadx20,55,14,1.5,0.0025,ma100,adx20,-0.04952248487378785,-0.04952248487378785,33,0.24242424242424243,0.1434640719636109,-0.5635179134673676,-0.013591836722955053,-0.016210398442789598,14,0.35714285714285715,0.29505995261335444,-0.36465148916088536,-0.14221212245374562
lb30_atr14_m2.5_r0.0025_tfma100_rfnone,30,14,2.5,0.0025,ma100,none,-0.025784973497091968,-0.03253858408866639,33,0.15151515151515152,0.5137757243215342,-0.2933697008497666,-0.022425654290404218,-0.026175198730202465,15,0.26666666666666666,0.18059405127896275,-0.5589777949187927,-0.14288581276902212
lb20_atr20_m2.5_r0.005_tfma100_rfadx20,20,20,2.5,0.005,ma100,adx20,-0.08370422831842284,-0.09713868391345448,39,0.1794871794871795,0.4039032040813827,-0.42040898043785174,-0.018947119290609327,-0.021652652819875162,12,0.25,0.2884872916023254,-0.3053191862497157,-0.14385059155896754
lb55_atr20_m2.0_r0.005_tfnone_rfnone,55,20,2.0,0.005,none,none,-0.06375215687742863,-0.07176656512413992,33,0.24242424242424243,0.33984920090368204,-0.3745586541764108,-0.023730245666285232,-0.027515050578086897,12,0.25,0.2674983260502144,-0.3783714439191676,-0.14441594588881476
lb30_atr10_m3.0_r0.005_tfma100_rfnone,30,10,3.0,0.005,ma100,none,-0.039622350826061914,-0.05736689070816514,29,0.2413793103448276,0.5689776531866564,-0.2617829118852221,-0.029861881551968894,-0.0415838790105737,12,0.3333333333333333,0.30731909576277333,-0.49493433353404437,-0.1444631122306082
lb20_atr20_m2.0_r0.0025_tfma100_rfadx20,20,20,2.0,0.0025,ma100,adx20,-0.07162914940834897,-0.07162914940834897,48,0.1875,0.2079667602026912,-0.5783639527538611,-0.01140644313740713,-0.013330278398194673,14,0.21428571428571427,0.32332922824883137,-0.3130589268182092,-0.1449909648009718
lb20_atr14_m2.5_r0.0025_tfma100_rfnone,20,14,2.5,0.0025,ma100,none,-0.040524780804981675,-0.04415661742486332,41,0.17073170731707318,0.42842352427293307,-0.379834608271061,-0.020977450097060535,-0.02473254921001966,16,0.25,0.25614952350487386,-0.48909280314548026,-0.14560588417135856
lb20_atr14_m2.0_r0.0025_tfnone_rfadx20,20,14,2.0,0.0025,none,adx20,-0.0689299471303979,-0.07454671166556226,55,0.21818181818181817,0.2892169498089988,-0.4882286055842296,-0.017573053300863117,-0.019530347037737372,20,0.15,0.26219237863750133,-0.3378110550765517,-0.14566285546927818
lb20_atr14_m2.5_r0.0025_tfnone_rfnone,20,14,2.5,0.0025,none,none,-0.04193350490756387,-0.05086123405741627,50,0.24,0.49073076369816737,-0.3261161309656824,-0.027816310867821437,-0.03154517912428345,22,0.22727272727272727,0.25056055922186704,-0.48058143748668924,-0.14608240865348457
lb20_atr14_m2.0_r0.0025_tfma100_rfadx20,20,14,2.0,0.0025,ma100,adx20,-0.06268142861004622,-0.06445017532425767,46,0.21739130434782608,0.2360410952576874,-0.527541258629535,-0.01385542430858333,-0.01582012469484473,15,0.13333333333333333,0.19033130253902997,-0.3530866800239509,-0.14630993694455688
lb20_atr10_m3.0_r0.005_tfma100_rfnone,20,10,3.0,0.005,ma100,none,-0.06573103975600936,-0.07722705602796054,37,0.1891891891891892,0.46888768708923323,-0.34904162863596927,-0.02574665134057752,-0.04078026681698743,13,0.3076923076923077,0.4376903054414385,-0.39500233017496894,-0.1464250228323878
lb55_atr10_m2.0_r0.0025_tfnone_rfnone,55,10,2.0,0.0025,none,none,-0.03699507348077258,-0.040705210080877574,34,0.17647058823529413,0.2798557350832491,-0.41407693301099857,-0.0164888585243933,-0.018272209626050584,13,0.07692307692307693,0.07243602255949341,-0.48302307052733684,-0.14653815210973037
lb30_atr20_m3.0_r0.005_tfnone_rfnone,30,20,3.0,0.005,none,none,-0.04609712206514571,-0.0596854980781617,34,0.23529411764705882,0.5356886816260656,-0.25574893784461894,-0.03269117556178569,-0.045438541547959344,14,0.2857142857142857,0.3163693114444561,-0.47802086906374036,-0.14715633257573116
lb20_atr10_m2.5_r0.005_tfma100_rfnone,20,10,2.5,0.005,ma100,none,-0.08485975863891726,-0.08485975863891726,41,0.17073170731707318,0.40124938463780196,-0.4049797506194218,-0.020622355229155342,-0.0388780291533013,13,0.23076923076923078,0.551085059810834,-0.3450334068120616,-0.14806222013400622
lb20_atr14_m3.0_r0.005_tfma100_rfnone,20,14,3.0,0.005,ma100,none,-0.06711727845670223,-0.07609840892098696,36,0.19444444444444445,0.43353693178076047,-0.36490582929306786,-0.02497884695363639,-0.03845217689776392,13,0.3076923076923077,0.436094013150608,-0.3995785430569392,-0.14839728664213403
lb10_atr20_m3.0_r0.005_tfma100_rfnone,10,20,3.0,0.005,ma100,none,-0.0819666343586225,-0.0873140258414824,45,0.17777777777777778,0.4151196847030352,-0.35831719135278023,-0.02563037285197567,-0.04779501186797286,15,0.26666666666666666,0.4823671858413745,-0.33996342240548977,-0.1484642508044189
lb30_atr10_m2.5_r0.005_tfnone_rfnone,30,10,2.5,0.005,none,none,-0.04622646049363133,-0.06461232202731126,37,0.2702702702702703,0.5909623291456839,-0.2330911726904552,-0.033417647328830125,-0.04320440398090242,14,0.21428571428571427,0.33508653330977994,-0.5017047568992395,-0.14864369212281975
lb10_atr10_m2.5_r0.0025_tfnone_rfnone,10,10,2.5,0.0025,none,none,-0.08336664062130605,-0.08481487943064159,80,0.1875,0.3578144758452823,-0.41508463072230856,-0.024660961143615046,-0.03424670121306406,28,0.2857142857142857,0.46617657710161836,-0.3331679278929623,-0.14946894056521384
lb55_atr10_m2.0_r0.0025_tfma100_rfnone,55,10,2.0,0.0025,ma100,none,-0.037569960648673906,-0.037569960648673906,32,0.15625,0.25518669345009126,-0.44677272436550874,-0.0164888585243933,-0.018272209626050584,13,0.07692307692307693,0.07243602255949341,-0.48302307052733684,-0.14947782309544524
lb20_atr20_m2.0_r0.0025_tfnone_rfadx20,20,20,2.0,0.0025,none,adx20,-0.07840022246199363,-0.08236168721062176,57,0.19298245614035087,0.2534864623006772,-0.5363706687062337,-0.015950670199627814,-0.017865662246543845,19,0.21052631578947367,0.34062388734992244,-0.322939713494432,-0.15033504040844092
lb30_atr20_m2.5_r0.0025_tfma100_rfnone,30,20,2.5,0.0025,ma100,none,-0.03481775977574364,-0.038992025212611026,36,0.19444444444444445,0.4175600707436779,-0.3651590696899203,-0.020411896364518456,-0.02176450846567679,14,0.21428571428571427,0.15789151491285275,-0.5443423370727766,-0.15095597371899624
lb55_atr14_m2.0_r0.005_tfnone_rfnone,55,14,2.0,0.005,none,none,-0.05496305061921214,-0.06529945951732763,32,0.28125,0.37783415101222967,-0.3304908301072403,-0.029442316004975377,-0.03330191959902973,13,0.07692307692307693,0.11500545432584636,-0.43210741560641003,-0.15165260773499822
lb30_atr20_m2.5_r0.0025_tfnone_rfnone,30,20,2.5,0.0025,none,none,-0.031914208668659794,-0.04264986557251793,41,0.1951219512195122,0.49095018780735006,-0.2947739374449475,-0.024347947328830277,-0.02569512454348344,16,0.1875,0.13551566697471276,-0.5748321802139829,-0.15180989482643284
lb10_atr20_m2.5_r0.0025_tfma100_rfnone,10,20,2.5,0.0025,ma100,none,-0.05476356636932367,-0.0588786268633682,55,0.16363636363636364,0.38866962881295813,-0.3857570618450855,-0.023893697077044806,-0.02793659978640728,20,0.25,0.19384672089457428,-0.45526766156631754,-0.15316535771989906
lb30_atr10_m2.5_r0.005_tfma100_rfnone,30,10,2.5,0.005,ma100,none,-0.057432587623396314,-0.06331305228549788,33,0.15151515151515152,0.4726538168643089,-0.33131957784183524,-0.027066835542872036,-0.03691789488919539,12,0.25,0.38402785389525523,-0.4777409771272348,-0.15336586758657197
lb10_atr20_m2.0_r0.0025_tfma100_rfadx20,10,20,2.0,0.0025,ma100,adx20,-0.08893287753792922,-0.09070734000526703,62,0.16129032258064516,0.17527480657272945,-0.5597224651147669,-0.014003827932158708,-0.01708391601312631,18,0.2777777777777778,0.3482651919416721,-0.30003204596684496,-0.15396211247418382
lb55_atr10_m1.5_r0.0025_tfnone_rfadx20,55,10,1.5,0.0025,none,adx20,-0.0539830763189616,-0.05735020825976089,37,0.16216216216216217,0.13782648399060946,-0.549590310364106,-0.015149930853068483,-0.017529531132196463,14,0.21428571428571427,0.2154833789554021,-0.4085283532623181,-0.1540374591539122
lb30_atr10_m2.0_r0.0025_tfnone_rfadx20,30,10,2.0,0.0025,none,adx20,-0.05215568728844966,-0.055807415103076075,42,0.21428571428571427,0.2649484754144502,-0.47799787386796777,-0.017155969131180226,-0.018938110594852398,15,0.13333333333333333,0.1256423838275265,-0.4419607474216436,-0.15405423911401953
lb20_atr20_m3.0_r0.005_tfma100_rfnone,20,20,3.0,0.005,ma100,none,-0.08205132544005067,-0.08399643655407518,38,0.15789473684210525,0.3648547014069075,-0.4244473981627124,-0.02298585816775789,-0.03613014665678593,13,0.3076923076923077,0.44245350474536227,-0.3646850881310453,-0.1546603141418496
lb30_atr10_m2.0_r0.0025_tfma100_rfadx20,30,10,2.0,0.0025,ma100,adx20,-0.05350947555909924,-0.05350947555909924,37,0.21621621621621623,0.16995974581595455,-0.5551022875394347,-0.014116392317057636,-0.015904045291918023,13,0.15384615384615385,0.14897655613933816,-0.41617602505868057,-0.15498009218610045
lb55_atr20_m2.0_r0.005_tfma100_rfnone,55,20,2.0,0.005,ma100,none,-0.07283533146791088,-0.07283533146791088,32,0.1875,0.2884329169033275,-0.44228921754735867,-0.023730245666285232,-0.027515050578086897,12,0.25,0.2674983260502144,-0.3783714439191676,-0.1551192970196214
lb10_atr14_m2.5_r0.0025_tfma100_rfnone,10,14,2.5,0.0025,ma100,none,-0.04841580144867674,-0.054547041801288776,52,0.15384615384615385,0.4141086421476696,-0.3602119478522386,-0.025425546539930677,-0.031578384215371624,19,0.21052631578947367,0.28644794935612317,-0.505973076864587,-0.1554234216696148
lb55_atr10_m1.5_r0.0025_tfma100_rfadx20,55,10,1.5,0.0025,ma100,adx20,-0.0524864269445352,-0.05262214662142917,34,0.14705882352941177,0.10486797667747133,-0.5819633680969976,-0.015149930853068483,-0.017529531132196463,14,0.21428571428571427,0.2154833789554021,-0.4085283532623181,-0.15588074518446987
lb10_atr14_m2.5_r0.005_tfnone_rfadx20,10,14,2.5,0.005,none,adx20,-0.10472445308360723,-0.1265038519645536,66,0.25757575757575757,0.45962377973696944,-0.30258865168217963,-0.03528441491576029,-0.04769928327909034,24,0.20833333333333334,0.4519543651739686,-0.28793617368017116,-0.15627176045598037
lb55_atr10_m2.0_r0.005_tfnone_rfadx20,55,10,2.0,0.005,none,adx20,-0.07268824494829884,-0.07980606779678834,30,0.16666666666666666,0.20704457374130383,-0.4731443260658199,-0.02069301574227944,-0.024238043553545086,11,0.09090909090909091,0.1103474472425923,-0.36100674026034557,-0.1573035902780114
lb30_atr20_m1.5_r0.0025_tfma100_rfadx20,30,20,1.5,0.0025,ma100,adx20,-0.06594933642588141,-0.06637184297783372,43,0.2558139534883721,0.19265081391091265,-0.580678991647212,-0.01625922052422002,-0.01852104861191539,16,0.3125,0.328421484022725,-0.3840495891956796,-0.1575177208648836
lb10_atr14_m3.0_r0.005_tfma100_rfnone,10,14,3.0,0.005,ma100,none,-0.07523978223688133,-0.08616863735175762,43,0.20930232558139536,0.42250238183860633,-0.3434636881655082,-0.03084680550999419,-0.050086275370105016,15,0.26666666666666666,0.439660558874115,-0.40225237608260594,-0.1583191137831216
lb20_atr20_m2.5_r0.0025_tfma100_rfnone,20,20,2.5,0.0025,ma100,none,-0.048898671427680784,-0.05010715203897054,44,0.18181818181818182,0.3743712338597147,-0.42845445241538466,-0.021360533451055597,-0.022711835677177494,16,0.1875,0.1519564026805946,-0.5004545690228062,-0.1585923583468125
lb55_atr14_m1.5_r0.0025_tfnone_rfnone,55,14,1.5,0.0025,none,none,-0.05153277564494929,-0.05501810314426536,40,0.3,0.2193115972296461,-0.4827412808576671,-0.020024368848433505,-0.022625854490623487,16,0.3125,0.22112011972362328,-0.46836404849593355,-0.15952281436473797
lb55_atr14_m1.5_r0.0025_tfma100_rfnone,55,14,1.5,0.0025,ma100,none,-0.0494125281858947,-0.0494125281858947,37,0.2972972972972973,0.19455802043005407,-0.5002890267937743,-0.020024368848433505,-0.022625854490623487,16,0.3125,0.22112011972362328,-0.46836404849593355,-0.15957926283979662
lb20_atr10_m2.0_r0.0025_tfnone_rfadx20,20,10,2.0,0.0025,none,adx20,-0.075495927884073,-0.07955566135654324,56,0.17857142857142858,0.25282502398569406,-0.5258397564322472,-0.0191638529680509,-0.020942353637326883,20,0.15,0.2255148017689007,-0.36877222481198413,-0.1599803550493076
lb10_atr14_m2.0_r0.0025_tfma100_rfadx20,10,14,2.0,0.0025,ma100,adx20,-0.080556261780097,-0.08704204693133233,60,0.2,0.22350783199958832,-0.5232653829074582,-0.01783224398523564,-0.020475861884880375,19,0.2631578947368421,0.22365070054282976,-0.3560605675708823,-0.16050520499146875
lb20_atr10_m2.0_r0.0025_tfma100_rfadx20,20,10,2.0,0.0025,ma100,adx20,-0.06408673897697792,-0.06459276119204216,46,0.1956521739130435,0.21772127891911194,-0.5408965346410565,-0.016125447723920994,-0.017909457780036497,15,0.13333333333333333,0.13289519059292149,-0.4123815682501907,-0.16087039635402778
lb55_atr10_m2.0_r0.005_tfma100_rfadx20,55,10,2.0,0.005,ma100,adx20,-0.07379225566389525,-0.07379225566389525,28,0.14285714285714285,0.17788292270100864,-0.5147300442606045,-0.02069301574227944,-0.024238043553545086,11,0.09090909090909091,0.1103474472425923,-0.36100674026034557,-0.1609034090793915
lb20_atr20_m2.5_r0.005_tfnone_rfadx20,20,20,2.5,0.005,none,adx20,-0.09000873149208466,-0.11507254494524966,47,0.1702127659574468,0.4306714819557358,-0.3653637785336847,-0.03053540279150757,-0.03320897831914593,17,0.23529411764705882,0.268991562789848,-0.35017523165827413,-0.16114831109330985
lb20_atr20_m1.5_r0.0025_tfma100_rfadx20,20,20,1.5,0.0025,ma100,adx20,-0.0834840719976725,-0.08389864692347793,54,0.2222222222222222,0.1836704822183549,-0.5935077358134895,-0.016500345285059503,-0.018761618975938088,18,0.3888888888888889,0.34744551955270037,-0.34661309790722444,-0.1628196814078001
lb20_atr20_m2.5_r0.0025_tfnone_rfnone,20,20,2.5,0.0025,none,none,-0.0527612848250244,-0.05900635359183004,54,0.16666666666666666,0.41064050392841667,-0.38212930208142565,-0.028924210163668196,-0.03026506848932553,22,0.18181818181818182,0.16267084965599962,-0.502369369918799,-0.16336823075574855
lb10_atr10_m3.0_r0.005_tfma100_rfnone,10,10,3.0,0.005,ma100,none,-0.07103690721804468,-0.07940238162149527,43,0.20930232558139536,0.46602826106285944,-0.32385234125739903,-0.03556431615026523,-0.052619731289934246,16,0.25,0.4261635529082122,-0.4428087308335032,-0.1634144582907547
lb10_atr14_m2.5_r0.0025_tfnone_rfnone,10,14,2.5,0.0025,none,none,-0.06216416611683706,-0.06826162210095543,75,0.22666666666666666,0.45294720914858777,-0.3282783069451014,-0.03749066206995788,-0.04356732834861321,31,0.16129032258064516,0.27941363178340284,-0.46805681811293853,-0.16405694464103907
lb55_atr14_m2.0_r0.005_tfma100_rfnone,55,14,2.0,0.005,ma100,none,-0.06543132861817214,-0.0679358246945031,31,0.22580645161290322,0.30531719564088633,-0.40812749987405184,-0.029442316004975377,-0.03330191959902973,13,0.07692307692307693,0.11500545432584636,-0.43210741560641003,-0.1642870605953299
lb30_atr20_m1.5_r0.0025_tfnone_rfadx20,30,20,1.5,0.0025,none,adx20,-0.07077600315810595,-0.07473697201035023,51,0.27450980392156865,0.2058649256385922,-0.526711566942231,-0.01969689179306855,-0.02195081594753845,18,0.2777777777777778,0.28730325898896764,-0.4167336447123853,-0.16489536423886214
lb20_atr10_m3.0_r0.005_tfnone_rfnone,20,10,3.0,0.005,none,none,-0.07368347032826639,-0.0919850006196532,46,0.1956521739130435,0.49337586158354835,-0.30389090868458885,-0.039694202312473226,-0.05451259438889411,19,0.21052631578947367,0.37053871918956205,-0.42269545947583703,-0.1649130626513454
lb30_atr14_m1.5_r0.0025_tfnone_rfadx20,30,14,1.5,0.0025,none,adx20,-0.07200320946156324,-0.07541565213812462,51,0.2549019607843137,0.2290614610067423,-0.5370067509616963,-0.01961995942507333,-0.022222518629987587,18,0.2777777777777778,0.27354193276530325,-0.41428249711617127,-0.16609825154566005
lb30_atr14_m2.5_r0.005_tfnone_rfnone,30,14,2.5,0.005,none,none,-0.03969156517732586,-0.06578838698361844,37,0.2702702702702703,0.6385367815488953,-0.19792615865505275,-0.04541163143240623,-0.0527133118650287,17,0.23529411764705882,0.17756682334409504,-0.5677163779142441,-0.16630271116315876
lb30_atr14_m1.5_r0.0025_tfma100_rfadx20,30,14,1.5,0.0025,ma100,adx20,-0.07100501466152709,-0.07100736357995907,44,0.25,0.15967726540072907,-0.6132815991939284,-0.01698098855732122,-0.019590553288295953,16,0.3125,0.30365218915503006,-0.3986838476783849,-0.1671768112623406
lb20_atr10_m2.5_r0.005_tfnone_rfnone,20,10,2.5,0.005,none,none,-0.09519991693046803,-0.10190744300989252,50,0.24,0.4315975296133735,-0.3685816657984674,-0.03316009294032496,-0.0511820624781969,19,0.21052631578947367,0.47279779668087024,-0.36986729670501023,-0.16725539237731818
lb55_atr20_m1.5_r0.005_tfma100_rfadx20,55,20,1.5,0.005,ma100,adx20,-0.08128954899282304,-0.08128954899282304,32,0.25,0.18394961736579216,-0.5283916593079725,-0.026967611023166027,-0.03125256181297342,14,0.2857142857142857,0.31203751003590674,-0.36045831050188115,-0.16771122925784226
lb55_atr20_m1.5_r0.005_tfnone_rfadx20,55,20,1.5,0.005,none,adx20,-0.08545739359974824,-0.09136423813611916,35,0.2571428571428571,0.20576356339887308,-0.504762466361401,-0.026967611023166027,-0.03125256181297342,14,0.2857142857142857,0.31203751003590674,-0.36045831050188115,-0.16870061499484773
lb10_atr20_m1.5_r0.0025_tfma100_rfadx20,10,20,1.5,0.0025,ma100,adx20,-0.10929540113023573,-0.10969830061262176,71,0.18309859154929578,0.1510091711808483,-0.5967114287835976,-0.017389743077056874,-0.020119490782042893,22,0.4090909090909091,0.4311062777916632,-0.30156474956759266,-0.17056047199904778
lb55_atr10_m1.5_r0.0025_tfnone_rfnone,55,10,1.5,0.0025,none,none,-0.05469030235221073,-0.05805491708289856,41,0.1951219512195122,0.1733963153133628,-0.5015425939801242,-0.021586628740058456,-0.023950676633530676,16,0.1875,0.16148913260466163,-0.5071524622132266,-0.17216569886817976
lb30_atr14_m2.5_r0.005_tfma100_rfnone,30,14,2.5,0.005,ma100,none,-0.05067817866585422,-0.06411431709998905,33,0.15151515151515152,0.5144579666677016,-0.2933697008497666,-0.03931255565014258,-0.04666088813066638,15,0.26666666666666666,0.20032104679071322,-0.5589777949187927,-0.17273059275141317
lb30_atr14_m2.0_r0.005_tfnone_rfadx20,30,14,2.0,0.005,none,adx20,-0.0881061529775089,-0.10133132940212553,41,0.2682926829268293,0.3024096199113104,-0.41567594471002467,-0.030331066889300984,-0.03418713619975333,15,0.13333333333333333,0.17559943367120232,-0.392646082689243,-0.17298204079069993
lb20_atr14_m3.0_r0.005_tfnone_rfnone,20,14,3.0,0.005,none,none,-0.078323160038418,-0.09242301060788982,45,0.2222222222222222,0.4402891988268978,-0.3393834418802069,-0.040261087206816315,-0.05352323951179905,19,0.21052631578947367,0.3589131371518673,-0.4369444487263554,-0.17332196505961645
lb55_atr10_m1.5_r0.0025_tfma100_rfnone,55,10,1.5,0.0025,ma100,none,-0.05319477184719812,-0.0533303900623886,38,0.18421052631578946,0.14465356957764283,-0.5267147206581866,-0.021586628740058456,-0.023950676633530676,16,0.1875,0.16148913260466163,-0.5071524622132266,-0.1733356362726082
lb55_atr20_m1.5_r0.005_tfma100_rfnone,55,20,1.5,0.005,ma100,none,-0.06906519951342083,-0.06906519951342083,36,0.3055555555555556,0.3498426382577265,-0.4033034099674089,-0.03867338646255081,-0.04290678843211082,16,0.25,0.24021632659454087,-0.45485664620063376,-0.17402028256912166
lb10_atr10_m2.0_r0.0025_tfma100_rfadx20,10,10,2.0,0.0025,ma100,adx20,-0.08277226773122237,-0.08854463708304394,60,0.18333333333333332,0.21410499564642843,-0.5378736414370897,-0.02044296482108854,-0.02321593743117889,19,0.21052631578947367,0.17058998491565333,-0.40782639986276187,-0.17468467049768283
lb30_atr20_m2.0_r0.005_tfma100_rfadx20,30,20,2.0,0.005,ma100,adx20,-0.10935742547858018,-0.10935742547858018,38,0.21052631578947367,0.17742469432321697,-0.577272841954314,-0.020060852979178923,-0.02385988340130063,12,0.25,0.3511959659724827,-0.321496845492118,-0.17580125029186336
lb30_atr10_m1.5_r0.0025_tfnone_rfadx20,30,10,1.5,0.0025,none,adx20,-0.07155778126862045,-0.07544827647560337,51,0.19607843137254902,0.22659148753401587,-0.5367822347450273,-0.02165653865082673,-0.024020417627579116,18,0.16666666666666666,0.20289549431470683,-0.45845202114340533,-0.17605139133633824
lb55_atr20_m1.5_r0.005_tfnone_rfnone,55,20,1.5,0.005,none,none,-0.0732885014072362,-0.07927394234125773,39,0.3076923076923077,0.35814284642625405,-0.3917198970159138,-0.03867338646255081,-0.04290678843211082,16,0.25,0.24021632659454087,-0.45485664620063376,-0.17624928284821037
lb20_atr10_m1.5_r0.0025_tfnone_rfadx20,20,10,1.5,0.0025,none,adx20,-0.10274611334114037,-0.10650591860964997,67,0.16417910447761194,0.18716072819331203,-0.6016660420762578,-0.020395611286227355,-0.022762536922773746,23,0.21739130434782608,0.3474122712398565,-0.33479267934546625,-0.17659228755631423
lb30_atr14_m2.0_r0.005_tfma100_rfadx20,30,14,2.0,0.005,ma100,adx20,-0.09780625629568174,-0.10022399269150684,37,0.24324324324324326,0.19622367915410696,-0.5285526326110588,-0.024283783904664236,-0.028163901363440713,13,0.15384615384615385,0.21087260195834442,-0.3579300255585681,-0.17696248994935676
lb55_atr14_m1.5_r0.005_tfma100_rfadx20,55,14,1.5,0.005,ma100,adx20,-0.08982664529587903,-0.08982664529587903,33,0.24242424242424243,0.15295600440031262,-0.5635179134673675,-0.026769394221636045,-0.03105521790041399,14,0.35714285714285715,0.2963301583367127,-0.36465148916088536,-0.17697445248384544
lb30_atr10_m1.5_r0.0025_tfma100_rfadx20,30,10,1.5,0.0025,ma100,adx20,-0.07025612673817982,-0.07097805047024541,44,0.20454545454545456,0.1619790913219632,-0.6074978561703747,-0.01897638167553095,-0.021346736462649174,16,0.1875,0.22554090816029607,-0.4478577920107205,-0.1773734709484896
lb55_atr14_m1.5_r0.005_tfnone_rfadx20,55,14,1.5,0.005,none,adx20,-0.09334196917319837,-0.09919788884087344,36,0.25,0.18139146180250512,-0.5387513440933379,-0.026769394221636045,-0.03105521790041399,14,0.35714285714285715,0.2963301583367127,-0.36465148916088536,-0.17740267520198771
lb10_atr10_m2.5_r0.005_tfma100_rfnone,10,10,2.5,0.005,ma100,none,-0.11070557205479925,-0.11639341906080847,53,0.1509433962264151,0.3486021066848946,-0.41410821325979014,-0.0286703382496305,-0.05024709705822328,17,0.29411764705882354,0.5137594820407381,-0.37017071726235967,-0.177654095560987
lb10_atr20_m2.5_r0.005_tfnone_rfadx20,10,20,2.5,0.005,none,adx20,-0.11982059851445293,-0.13803520288774918,69,0.17391304347826086,0.4089245935580106,-0.3468552663064739,-0.03905101110267206,-0.04697842306902833,24,0.3333333333333333,0.3345551762190335,-0.31900357206057034,-0.1783070259332346
lb30_atr20_m2.0_r0.005_tfnone_rfadx20,30,20,2.0,0.005,none,adx20,-0.10001030922007004,-0.11052694729948642,42,0.23809523809523808,0.26731700676439724,-0.4654482208233249,-0.02754435177389325,-0.031314370150041126,14,0.21428571428571427,0.2815956100451077,-0.3822086229728601,-0.1783072190738365
lb20_atr20_m1.5_r0.0025_tfnone_rfadx20,20,20,1.5,0.0025,none,adx20,-0.10053813509021925,-0.10437223800060225,67,0.22388059701492538,0.17475875750132217,-0.586811781217451,-0.022195455749015935,-0.024443635176569556,24,0.3333333333333333,0.3135729848942368,-0.3506650047215493,-0.17879657388312709
lb30_atr20_m2.0_r0.0025_tfnone_rfnone,30,20,2.0,0.0025,none,none,-0.0557818544962142,-0.05984054351675705,51,0.2549019607843137,0.32314975460246836,-0.41876529603323,-0.02769742425600119,-0.029589556736924205,18,0.16666666666666666,0.16286906811187,-0.5754761465516985,-0.17999419667409458
lb10_atr20_m2.5_r0.0025_tfnone_rfnone,10,20,2.5,0.0025,none,none,-0.07182404245246965,-0.07442208882879509,78,0.1794871794871795,0.3835174291332559,-0.3636948830112801,-0.0403118126381814,-0.04428671369271797,32,0.25,0.1958633528532179,-0.49057712316484553,-0.18012177044198657
lb55_atr10_m2.0_r0.005_tfnone_rfnone,55,10,2.0,0.005,none,none,-0.07235563421773572,-0.07947601010649974,34,0.17647058823529413,0.2817782043125323,-0.4140769330109985,-0.03274751687991617,-0.036248908178351136,13,0.07692307692307693,0.07268030771705708,-0.48302307052733684,-0.18146957067660663
lb10_atr14_m3.0_r0.005_tfnone_rfnone,10,14,3.0,0.005,none,none,-0.0997919705027267,-0.10963519521160592,63,0.25396825396825395,0.4451767341442606,-0.31058443629197247,-0.04785480546788612,-0.07033283516533728,25,0.24,0.3969958605581078,-0.3818659724429121,-0.18167557791429984
lb20_atr14_m2.5_r0.005_tfma100_rfnone,20,14,2.5,0.005,ma100,none,-0.07926413987378944,-0.0865241906426355,41,0.17073170731707318,0.4291804745340257,-0.3798346082710611,-0.036472224712111756,-0.04384228298515025,16,0.25,0.2832722101512959,-0.48909280314548026,-0.18192387245527558
lb20_atr20_m3.0_r0.005_tfnone_rfnone,20,20,3.0,0.005,none,none,-0.09132430136833136,-0.09393642853058581,47,0.2127659574468085,0.389639612820757,-0.3794384362451346,-0.04045279746473873,-0.053362093972269764,19,0.21052631578947367,0.3425140975258625,-0.4301495568644543,-0.18270014397397838
lb30_atr20_m2.5_r0.005_tfma100_rfnone,30,20,2.5,0.005,ma100,none,-0.06876391905802859,-0.0765803678145276,36,0.19444444444444445,0.4159194622156939,-0.3651590696899203,-0.03588664910547357,-0.03854546704296524,14,0.21428571428571427,0.17477771794113386,-0.5443423370727766,-0.1840562220284055
lb55_atr10_m2.0_r0.005_tfma100_rfnone,55,10,2.0,0.005,ma100,none,-0.0734600409229319,-0.0734600409229319,32,0.15625,0.2566522537297346,-0.44677272436550874,-0.03274751687991617,-0.036248908178351136,13,0.07692307692307693,0.07268030771705708,-0.48302307052733684,-0.18424902223288442
lb20_atr10_m1.5_r0.0025_tfma100_rfadx20,20,10,1.5,0.0025,ma100,adx20,-0.08937763703811397,-0.09008471337782187,55,0.18181818181818182,0.1548950686243346,-0.6270966266231196,-0.01962529230222776,-0.021994079187838134,18,0.2222222222222222,0.2307469921045805,-0.4119183522235407,-0.185025890394363
lb30_atr20_m2.0_r0.0025_tfma100_rfnone,30,20,2.0,0.0025,ma100,none,-0.06196993896186909,-0.06196993896186909,46,0.2391304347826087,0.231907232239961,-0.5154632168651407,-0.023967290180264222,-0.025866681623591514,16,0.1875,0.18399428312538058,-0.5541007538884968,-0.1855911003318979
lb20_atr20_m2.0_r0.0025_tfma100_rfnone,20,20,2.0,0.0025,ma100,none,-0.0770659677102482,-0.0770659677102482,55,0.2,0.23221752316504538,-0.5429505339367889,-0.02400749574920613,-0.02590680895118669,18,0.16666666666666666,0.18385123660084815,-0.4943818624211676,-0.18723065519437765
lb10_atr10_m3.0_r0.005_tfnone_rfnone,10,10,3.0,0.005,none,none,-0.09989264521844632,-0.10549825659053591,64,0.25,0.4734347021929743,-0.2920483309453631,-0.05460023409274517,-0.07131901145707009,27,0.2222222222222222,0.38559396779807514,-0.4074928680085258,-0.18757619126483996
lb10_atr10_m2.0_r0.0025_tfnone_rfadx20,10,10,2.0,0.0025,none,adx20,-0.12015026919473337,-0.12616194919974133,89,0.1797752808988764,0.219157061006257,-0.5404323468810701,-0.026111880113908637,-0.029366787135075234,30,0.2,0.2977947300214701,-0.3366457363823515,-0.1876118088816045
lb30_atr20_m2.5_r0.005_tfnone_rfnone,30,20,2.5,0.005,none,none,-0.06430999067116905,-0.08361526751883241,41,0.1951219512195122,0.48075118468688166,-0.2947739374449475,-0.043626975517774724,-0.04626444729437362,16,0.1875,0.1476858523033071,-0.5748321802139829,-0.18794441333805423
lb10_atr20_m3.0_r0.005_tfnone_rfnone,10,20,3.0,0.005,none,none,-0.11355087944171338,-0.119194642410549,66,0.21212121212121213,0.4231862481247207,-0.3473479376082461,-0.04455571807535741,-0.06783000319982124,24,0.25,0.39756328708488964,-0.36863723414275745,-0.1880271468451027
lb10_atr14_m2.0_r0.0025_tfnone_rfadx20,10,14,2.0,0.0025,none,adx20,-0.11148459040661085,-0.11887848891306518,87,0.20689655172413793,0.23731930100208393,-0.5114485832302667,-0.02975787438911537,-0.03291047397930391,31,0.22580645161290322,0.27262585396740374,-0.3689707011856262,-0.1886360414418628
lb30_atr14_m2.0_r0.0025_tfnone_rfnone,30,14,2.0,0.0025,none,none,-0.05056914227507081,-0.05577816838997396,49,0.2857142857142857,0.34326682795509633,-0.39463537246163816,-0.03375161719738806,-0.03567667830679555,20,0.1,0.08689173818483326,-0.626586396952573,-0.18945657742376218
lb20_atr20_m2.0_r0.0025_tfnone_rfnone,20,20,2.0,0.0025,none,none,-0.08562844219781518,-0.08654721426362166,66,0.19696969696969696,0.26582501982939005,-0.5064217705264542,-0.030141537476449876,-0.032028913633439515,24,0.16666666666666666,0.2130014659822806,-0.47375622671066314,-0.18990737260935
lb20_atr14_m2.5_r0.005_tfnone_rfnone,20,14,2.5,0.005,none,none,-0.08517443413482684,-0.09933180515501805,50,0.24,0.47193121180384484,-0.3261161309656824,-0.05010889791279738,-0.05737464878679954,22,0.22727272727272727,0.26916395820370465,-0.48058143748668924,-0.19113792076115266
lb20_atr14_m2.0_r0.005_tfma100_rfadx20,20,14,2.0,0.005,ma100,adx20,-0.11995992744458206,-0.12231829550914619,46,0.21739130434782608,0.23351586361883112,-0.527541258629535,-0.027562726029497386,-0.031429804163545016,15,0.13333333333333333,0.19067010040004034,-0.3530866800239509,-0.19180423922826548
lb20_atr20_m2.0_r0.005_tfma100_rfadx20,20,20,2.0,0.005,ma100,adx20,-0.13493159440412372,-0.13493159440412372,48,0.1875,0.2098103309826455,-0.5783639527538611,-0.022738785131475536,-0.0265274337398429,14,0.21428571428571427,0.32352134595913945,-0.3130589268182092,-0.19198035204550454
lb55_atr10_m1.5_r0.005_tfnone_rfadx20,55,10,1.5,0.005,none,adx20,-0.09860821486466242,-0.10468713708056887,37,0.16216216216216217,0.14463141472440652,-0.549590310364106,-0.03004965183237862,-0.03432103021354971,14,0.21428571428571427,0.21510505257559073,-0.4085283532623181,-0.19324250342586458
lb55_atr10_m1.5_r0.005_tfma100_rfadx20,55,10,1.5,0.005,ma100,adx20,-0.09683107784116562,-0.09709027481851984,34,0.14705882352941177,0.11005340357108002,-0.5819633680969976,-0.03004965183237862,-0.03432103021354971,14,0.21428571428571427,0.21510505257559073,-0.4085283532623181,-0.19457494271734208
lb20_atr14_m1.5_r0.0025_tfma100_rfadx20,20,14,1.5,0.0025,ma100,adx20,-0.09562787534073047,-0.09563016200146213,55,0.2,0.12265187505976118,-0.6703607505704247,-0.021323007162332486,-0.023921045383157424,19,0.3157894736842105,0.2705413573355121,-0.4244615527756331,-0.19543605916721976
lb30_atr10_m2.0_r0.005_tfma100_rfadx20,30,10,2.0,0.005,ma100,adx20,-0.10269719263822286,-0.10269719263822286,37,0.21621621621621623,0.17235897683393184,-0.5551022875394346,-0.02807165042778681,-0.03158996805972192,13,0.15384615384615385,0.1490986525204822,-0.41617602505868057,-0.19572700433819237
lb10_atr20_m2.0_r0.0025_tfnone_rfadx20,10,20,2.0,0.0025,none,adx20,-0.12022776183725004,-0.12380496302011879,90,0.17777777777777778,0.19695125675461578,-0.5339924802815406,-0.02904759882784247,-0.03208069267014946,30,0.2,0.29015855645486943,-0.3752760388937464,-0.19573296539720653
lb10_atr10_m1.5_r0.0025_tfma100_rfadx20,10,10,1.5,0.0025,ma100,adx20,-0.12056396330111208,-0.12124682420935262,74,0.14864864864864866,0.1322426971417625,-0.6344283270798283,-0.021333311112948894,-0.02441858699858579,22,0.2727272727272727,0.33589406666095484,-0.3682625237463811,-0.19672714871495878
lb20_atr14_m2.0_r0.005_tfnone_rfadx20,20,14,2.0,0.005,none,adx20,-0.130872391224218,-0.14037853630651775,55,0.21818181818181817,0.27911673253540814,-0.4882286055842296,-0.03490809845236276,-0.038745966343402216,20,0.15,0.2617349565158622,-0.3378110550765517,-0.19739871862677333
lb30_atr10_m2.0_r0.005_tfnone_rfadx20,30,10,2.0,0.005,none,adx20,-0.10216526024776396,-0.10905682458948829,42,0.21428571428571427,0.2532544733005514,-0.47799787386796777,-0.03405993512426353,-0.03755657555371561,15,0.13333333333333333,0.12566748497997068,-0.4419607474216436,-0.1982737440090322
lb30_atr10_m2.0_r0.0025_tfnone_rfnone,30,10,2.0,0.0025,none,none,-0.060504673907963546,-0.06412423586343607,51,0.19607843137254902,0.279537289113419,-0.45667891942106126,-0.03137838506922819,-0.03313473774407849,19,0.10526315789473684,0.07232953555651464,-0.6212230365624671,-0.19864022129270137
lb55_atr14_m1.5_r0.005_tfma100_rfnone,55,14,1.5,0.005,ma100,none,-0.08887009690860526,-0.08887009690860526,37,0.2972972972972973,0.20673005934752842,-0.5002890267937743,-0.039211802629834036,-0.04344283357165912,16,0.3125,0.2230417743470213,-0.46836404849593355,-0.19865945285324568
lb20_atr14_m2.0_r0.0025_tfnone_rfnone,20,14,2.0,0.0025,none,none,-0.07798514717333871,-0.0804796093416349,63,0.2222222222222222,0.2888271008872568,-0.4822944576784158,-0.036802318580452686,-0.03872130176342492,26,0.11538461538461539,0.14323362788432106,-0.5290379264177296,-0.19901296300025273
lb20_atr14_m1.5_r0.0025_tfnone_rfadx20,20,14,1.5,0.0025,none,adx20,-0.10857157471940504,-0.11184954769575772,67,0.19402985074626866,0.16312031759823972,-0.6345488152010337,-0.026140524425626865,-0.028725773857023684,25,0.28,0.26395939428885024,-0.3976522031460171,-0.1996436677559634
lb30_atr14_m2.0_r0.0025_tfma100_rfnone,30,14,2.0,0.0025,ma100,none,-0.05675729288415632,-0.058019948000735955,44,0.2727272727272727,0.2371159558205195,-0.4917500103974979,-0.03074613396821435,-0.03267718291572064,18,0.1111111111111111,0.09477079142015368,-0.6275070572763446,-0.19973029050695723
lb55_atr14_m1.5_r0.005_tfnone_rfnone,55,14,1.5,0.005,none,none,-0.09238911522211735,-0.0982511891795057,40,0.3,0.2299940265615039,-0.4827412808576672,-0.039211802629834036,-0.04344283357165912,16,0.3125,0.2230417743470213,-0.46836404849593355,-0.19977666458709606
lb20_atr20_m2.5_r0.005_tfma100_rfnone,20,20,2.5,0.005,ma100,none,-0.09589039010753653,-0.0981900340148516,44,0.18181818181818182,0.3728364206811498,-0.42845445241538466,-0.037751838805893057,-0.0404055129500458,16,0.1875,0.16761452912219013,-0.5004545690228062,-0.19979659133824113
lb20_atr14_m2.0_r0.0025_tfma100_rfnone,20,14,2.0,0.0025,ma100,none,-0.06909406112072469,-0.07085070701561091,52,0.23076923076923078,0.2507028613822196,-0.5139955911783789,-0.031171304664782018,-0.03310150654274868,20,0.1,0.09362719397141,-0.5737531902602363,-0.20051343307169714
lb10_atr20_m2.5_r0.005_tfma100_rfnone,10,20,2.5,0.005,ma100,none,-0.10672304692818313,-0.11365425946608343,55,0.16363636363636364,0.38666221153093866,-0.3857570618450855,-0.0448073255162329,-0.052687250387757456,20,0.25,0.20348524530542297,-0.4552676615663175,-0.2019865039891201
lb10_atr14_m1.5_r0.0025_tfma100_rfadx20,10,14,1.5,0.0025,ma100,adx20,-0.12156637458982156,-0.12156859566632505,73,0.1643835616438356,0.10834594700028706,-0.6488809965103005,-0.023267258679600444,-0.026676686444191078,23,0.34782608695652173,0.3507255131543584,-0.38053595479108226,-0.2020948026061643
lb10_atr14_m2.5_r0.005_tfma100_rfnone,10,14,2.5,0.005,ma100,none,-0.09521592556114378,-0.10592649352635042,52,0.15384615384615385,0.4109474578164301,-0.3602119478522386,-0.046839286233028354,-0.05881561905365584,19,0.21052631578947367,0.30314165219844497,-0.505973076864587,-0.20224350388094398
lb30_atr20_m1.5_r0.005_tfma100_rfadx20,30,20,1.5,0.005,ma100,adx20,-0.11847567504447676,-0.11847567504447676,43,0.2558139534883721,0.18095414915985045,-0.580678991647212,-0.032616556687090736,-0.036876631168094476,16,0.3125,0.31967983322107646,-0.38404958919567966,-0.20251137325728535
lb30_atr10_m2.0_r0.0025_tfma100_rfnone,30,10,2.0,0.0025,ma100,none,-0.06153327250793483,-0.06153327250793483,45,0.2,0.20287282499917697,-0.5250099752636378,-0.028382792981438754,-0.030144577412193674,17,0.11764705882352941,0.07953169628105254,-0.622594988772063,-0.20318178281769989
lb20_atr20_m2.0_r0.005_tfnone_rfadx20,20,20,2.0,0.005,none,adx20,-0.14621744540169124,-0.15352593961797656,57,0.19298245614035087,0.2493402866262142,-0.5363706687062337,-0.03173659256765171,-0.035490358454692617,19,0.21052631578947367,0.33989903870303917,-0.32293971349443207,-0.20413813377806245
lb30_atr20_m1.5_r0.0025_tfma100_rfnone,30,20,1.5,0.0025,ma100,none,-0.06587760636303053,-0.06630014536121154,51,0.29411764705882354,0.28822551745313474,-0.4873513242586535,-0.03443126152902232,-0.036651308251531844,21,0.23809523809523808,0.1860589957169837,-0.6212511979477795,-0.2043355193897012
lb20_atr10_m2.0_r0.0025_tfma100_rfnone,20,10,2.0,0.0025,ma100,none,-0.0762830264703449,-0.0767824544926885,54,0.16666666666666666,0.21608014966417644,-0.549550993575524,-0.02920854100286474,-0.030968828146419214,19,0.10526315789473684,0.07746537383577451,-0.5744212968953506,-0.20684325473235757
lb30_atr20_m1.5_r0.0025_tfnone_rfnone,30,20,1.5,0.0025,none,none,-0.07000865529592071,-0.07397289509358984,60,0.31666666666666665,0.2999718115981054,-0.4410626911854472,-0.03780543080165122,-0.04001771959545375,23,0.21739130434782608,0.17211820374021225,-0.6262037971563231,-0.2069027877539079
lb20_atr10_m2.0_r0.0025_tfnone_rfnone,20,10,2.0,0.0025,none,none,-0.0903367336926717,-0.09136380091129137,66,0.15151515151515152,0.24036591509759248,-0.5357784474903291,-0.03437713134713383,-0.03612804654674595,25,0.12,0.1382892663083209,-0.519260178964815,-0.20778308706800985
lb20_atr10_m2.0_r0.005_tfma100_rfadx20,20,10,2.0,0.005,ma100,adx20,-0.12297171958238928,-0.12350055511269775,46,0.1956521739130435,0.21790129391355473,-0.5408965346410565,-0.03203310421334804,-0.03553708163933278,15,0.13333333333333333,0.13314068233800397,-0.4123815682501907,-0.20894144480148583
lb20_atr20_m1.5_r0.0025_tfma100_rfnone,20,20,1.5,0.0025,ma100,none,-0.0891176006788097,-0.089529627345863,62,0.24193548387096775,0.2289259269883126,-0.5518027820894562,-0.03297776103346761,-0.03520114966099419,23,0.30434782608695654,0.2086675335705286,-0.5437247190263514,-0.2100924067507578
lb10_atr20_m2.0_r0.005_tfma100_rfadx20,10,20,2.0,0.005,ma100,adx20,-0.16493310523437488,-0.16817965948199376,62,0.16129032258064516,0.1782017232974128,-0.5597224651147669,-0.027880498660457165,-0.0339310576741062,18,0.2777777777777778,0.34859497382662463,-0.300032045966845,-0.2109836020243793
lb30_atr14_m1.5_r0.005_tfma100_rfadx20,30,14,1.5,0.005,ma100,adx20,-0.12720904393116683,-0.12720904393116683,44,0.25,0.1545238087150494,-0.6132815991939284,-0.03346421125646082,-0.037720552914017325,16,0.3125,0.3047187136019544,-0.3986838476783849,-0.21414974613854654
lb10_atr20_m2.0_r0.0025_tfma100_rfnone,10,20,2.0,0.0025,ma100,none,-0.09118499014996906,-0.0929550662343458,69,0.18840579710144928,0.20826831555108632,-0.5155560068555892,-0.0371793385230631,-0.040187030162783244,25,0.2,0.1660406447634087,-0.5523815038837028,-0.21439275396509572
lb30_atr20_m1.5_r0.005_tfnone_rfadx20,30,20,1.5,0.005,none,adx20,-0.127456498458847,-0.13309207932599876,51,0.27450980392156865,0.19304149465983714,-0.526711566942231,-0.039372508825679664,-0.04360283206429916,18,0.2777777777777778,0.27962254651779067,-0.4167336447123853,-0.2153068356251452
lb20_atr10_m2.0_r0.005_tfnone_rfadx20,20,10,2.0,0.005,none,adx20,-0.14251949481854587,-0.14961438948510086,56,0.17857142857142858,0.24877101189748974,-0.5258397564322472,-0.038026202168791046,-0.04150848496860726,20,0.15,0.2250068798299589,-0.36877222481198413,-0.21572313991909395
lb20_atr20_m2.5_r0.005_tfnone_rfnone,20,20,2.5,0.005,none,none,-0.10686230409270259,-0.11481156165587258,54,0.16666666666666666,0.38833232234371057,-0.38212930208142565,-0.05338582271923009,-0.05599638168732535,22,0.18181818181818182,0.17172910873739405,-0.502369369918799,-0.2157280467467609
lb55_atr10_m1.5_r0.005_tfnone_rfnone,55,10,1.5,0.005,none,none,-0.09940557594332955,-0.10547912081271993,41,0.1951219512195122,0.1824619436165757,-0.5015425939801242,-0.04242383490391166,-0.04664072099260996,16,0.1875,0.1623100619176328,-0.5071524622132266,-0.2161756382110514
lb20_atr20_m1.5_r0.005_tfma100_rfadx20,20,20,1.5,0.005,ma100,adx20,-0.1502304177260705,-0.1502304177260705,54,0.2222222222222222,0.16978406264977394,-0.5935077358134895,-0.03309619990828816,-0.03735416218046639,18,0.3888888888888889,0.3392981130831673,-0.3466130979072245,-0.21640844800552125
lb55_atr10_m1.5_r0.005_tfma100_rfnone,55,10,1.5,0.005,ma100,none,-0.0976300109553434,-0.09788897864995427,38,0.18421052631578946,0.15198548232949954,-0.5267147206581865,-0.04242383490391166,-0.04664072099260996,16,0.1875,0.1623100619176328,-0.5071524622132266,-0.21683657799151518
lb10_atr10_m2.5_r0.005_tfnone_rfnone,10,10,2.5,0.005,none,none,-0.16563773414185268,-0.16739238152658842,80,0.1875,0.3336880862027479,-0.41508463072230856,-0.04471089866434519,-0.06498245677906223,28,0.2857142857142857,0.4893914180267599,-0.33316792789296235,-0.21687118271965986
lb10_atr14_m2.0_r0.005_tfma100_rfadx20,10,14,2.0,0.005,ma100,adx20,-0.15273690837896692,-0.16122794453061584,60,0.2,0.2171859116917232,-0.5232653829074582,-0.03402649448711159,-0.03920942765871638,19,0.2631578947368421,0.23136044628530736,-0.3560605675708823,-0.21706612662334335
lb30_atr14_m1.5_r0.0025_tfnone_rfnone,30,14,1.5,0.0025,none,none,-0.07786684188003745,-0.08125772272609622,60,0.3,0.2520009929465381,-0.4938711279381643,-0.03809668805741817,-0.04065019814037096,23,0.21739130434782608,0.16088599115501043,-0.6325364914219743,-0.21815600627294562
lb30_atr14_m1.5_r0.005_tfnone_rfadx20,30,14,1.5,0.005,none,adx20,-0.13264009598197635,-0.13824219704786567,51,0.2549019607843137,0.19892373160374716,-0.5370067509616964,-0.03865132940941751,-0.042884828511805084,18,0.2777777777777778,0.2741549579963678,-0.41428249711617127,-0.21832451299459724
lb10_atr20_m1.5_r0.0025_tfnone_rfadx20,10,20,1.5,0.0025,none,adx20,-0.1555582361458644,-0.1595492650206295,106,0.19811320754716982,0.15604910443574607,-0.5885773010457849,-0.03302330100380113,-0.036447099231327273,36,0.3333333333333333,0.31923697144208524,-0.35170572033144115,-0.2207662215764322
lb30_atr14_m1.5_r0.0025_tfma100_rfnone,30,14,1.5,0.0025,ma100,none,-0.07708422954135541,-0.07708656308878936,52,0.28846153846153844,0.19045593529105223,-0.56376268162243,-0.03550745254389043,-0.038067836123283905,21,0.23809523809523808,0.17094156506976663,-0.6414379008318326,-0.22313650410495295
lb10_atr10_m1.5_r0.0025_tfnone_rfadx20,10,10,1.5,0.0025,none,adx20,-0.1630418489963794,-0.16674879185482872,108,0.1574074074074074,0.1646271674613018,-0.6098978072258818,-0.03149671129043752,-0.03573778763292246,35,0.2857142857142857,0.3633439794659522,-0.34327493821625804,-0.22366312163682406
lb20_atr20_m1.5_r0.0025_tfnone_rfnone,20,20,1.5,0.0025,none,none,-0.11039864048951453,-0.11102288236401403,78,0.24358974358974358,0.2108630423387533,-0.5537037501443703,-0.040393573882970935,-0.042599911988504324,30,0.26666666666666666,0.1987985933687007,-0.5115128316360695,-0.2239943132671358
lb10_atr10_m2.0_r0.0025_tfma100_rfnone,10,10,2.0,0.0025,ma100,none,-0.09321668765186886,-0.09892332736281007,69,0.15942028985507245,0.21533263983740503,-0.5295621478812998,-0.03884916524407378,-0.041570032782386135,25,0.16,0.0972119470759602,-0.5818091482528637,-0.22469607352622545
lb30_atr10_m1.5_r0.005_tfma100_rfadx20,30,10,1.5,0.005,ma100,adx20,-0.12867301485083216,-0.1294417386191521,44,0.20454545454545456,0.154559971204773,-0.6074978561703746,-0.03758970529936401,-0.041827879484637176,16,0.1875,0.22524136291330016,-0.44785779201072046,-0.227492154012402
lb30_atr20_m2.0_r0.005_tfnone_rfnone,30,20,2.0,0.005,none,none,-0.1083422167810727,-0.11597492808029486,51,0.2549019607843137,0.3098428780117381,-0.41876529603323,-0.04761073467471788,-0.0513029596497816,18,0.16666666666666666,0.1833787921745914,-0.5754761465516985,-0.2278427616137929
lb10_atr14_m2.0_r0.0025_tfma100_rfnone,10,14,2.0,0.0025,ma100,none,-0.08525389973048736,-0.09170654759534158,67,0.208955223880597,0.24312548744321844,-0.49736245813379076,-0.04574310879455046,-0.048311601379448565,27,0.18518518518518517,0.09986786196719073,-0.624420001118248,-0.2294101220796345
lb10_atr14_m2.5_r0.005_tfnone_rfnone,10,14,2.5,0.005,none,none,-0.12670284721364955,-0.13175575346131396,75,0.22666666666666666,0.42377398044535575,-0.32827830694510135,-0.07069146416955463,-0.08236809766630238,31,0.16129032258064516,0.28911740344514053,-0.46805681811293853,-0.23045426605641234
lb30_atr10_m1.5_r0.0025_tfnone_rfnone,30,10,1.5,0.0025,none,none,-0.08213898093897865,-0.08598513724605894,60,0.21666666666666667,0.228422548375004,-0.5253272357620297,-0.04032236381943766,-0.04264114232437932,23,0.13043478260869565,0.11901705335317454,-0.6606189683142181,-0.23086190392393155
lb30_atr10_m1.5_r0.005_tfnone_rfadx20,30,10,1.5,0.005,none,adx20,-0.1340435986880023,-0.14039568598638064,51,0.19607843137254902,0.19789302514408022,-0.5367822347450273,-0.04284501890332004,-0.04706005022055204,18,0.16666666666666666,0.2024142493927962,-0.45845202114340533,-0.2312173332506848
lb30_atr20_m2.0_r0.005_tfma100_rfnone,30,20,2.0,0.005,ma100,none,-0.11745007359342596,-0.11745007359342596,46,0.2391304347826087,0.23298893761542314,-0.5154632168651407,-0.04028165603533573,-0.04400229439994696,16,0.1875,0.21069545447085,-0.5541007538884969,-0.23148050955897922
lb20_atr10_m1.5_r0.0025_tfnone_rfnone,20,10,1.5,0.0025,none,none,-0.11823590879722834,-0.11892057738373818,78,0.1794871794871795,0.18500049577840844,-0.5974701662231033,-0.03928130333789415,-0.041602597259029706,29,0.1724137931034483,0.21404705134037139,-0.5123408522159434,-0.2316940372384674
lb30_atr10_m1.5_r0.0025_tfma100_rfnone,30,10,1.5,0.0025,ma100,none,-0.07802419543847927,-0.07874008745223138,52,0.23076923076923078,0.17875156270619472,-0.5714013481862986,-0.037693341587206386,-0.040018472350459855,21,0.14285714285714285,0.1265471528822644,-0.6718011696579642,-0.23209138802081222
lb10_atr10_m2.0_r0.005_tfma100_rfadx20,10,10,2.0,0.005,ma100,adx20,-0.15638352363027297,-0.16324068384335577,60,0.18333333333333332,0.20894722425084283,-0.5378736414370896,-0.03798484261314983,-0.04336681905645867,19,0.21052631578947367,0.1796202360161858,-0.40782639986276187,-0.23303251091009894
lb10_atr14_m1.5_r0.0025_tfnone_rfadx20,10,14,1.5,0.0025,none,adx20,-0.16273833767489732,-0.16618946580070104,107,0.17757009345794392,0.15634798263263702,-0.6138177247202391,-0.036580052489934456,-0.041127653849129975,37,0.32432432432432434,0.3082557492796603,-0.37641011098198396,-0.23453404905503694
lb20_atr10_m1.5_r0.0025_tfma100_rfnone,20,10,1.5,0.0025,ma100,none,-0.10004326143073028,-0.10074205616989429,64,0.203125,0.1646450741591716,-0.6049543635076328,-0.03672290370515252,-0.03905037924587751,23,0.17391304347826086,0.1367724808787677,-0.5977113752955752,-0.23513981978601742
lb10_atr20_m1.5_r0.005_tfma100_rfadx20,10,20,1.5,0.005,ma100,adx20,-0.1921326984513574,-0.1921326984513574,71,0.18309859154929578,0.1466387152077463,-0.5967114287835976,-0.03603920390836368,-0.04109074845502403,22,0.4090909090909091,0.40510942782783,-0.3015647495675926,-0.23564063030518168
lb10_atr20_m1.5_r0.0025_tfma100_rfnone,10,20,1.5,0.0025,ma100,none,-0.11262961902186186,-0.11303101031099916,80,0.2,0.19819620848356048,-0.5470833053538489,-0.044328791095638254,-0.04698370057866896,30,0.3,0.2272361517500381,-0.5684252109718692,-0.23683098810962008
lb30_atr14_m2.0_r0.005_tfnone_rfnone,30,14,2.0,0.005,none,none,-0.09926260533013098,-0.10911448469551599,49,0.2857142857142857,0.32859989160321695,-0.39463537246163816,-0.05616500828955917,-0.0599183441152108,20,0.1,0.10186122735100388,-0.6265863969525731,-0.23732801608515164
lb20_atr20_m2.0_r0.005_tfma100_rfnone,20,20,2.0,0.005,ma100,none,-0.14433078251852693,-0.14433078251852693,55,0.2,0.2348808429621292,-0.5429505339367889,-0.04035818593723639,-0.04407852761054143,18,0.16666666666666666,0.21062000232156167,-0.4943818624211676,-0.24008446659668758
lb20_atr14_m1.5_r0.0025_tfma100_rfnone,20,14,1.5,0.0025,ma100,none,-0.10448100375266822,-0.10448326802869734,64,0.234375,0.14647863334307473,-0.6314762119127969,-0.03812272546542772,-0.04067616642835248,24,0.25,0.1702210260747355,-0.6055564142242783,-0.24198716168533055
lb20_atr10_m1.5_r0.005_tfnone_rfadx20,20,10,1.5,0.005,none,adx20,-0.1861189915352276,-0.19208908796089907,67,0.16417910447761194,0.16484641732668726,-0.6016660420762578,-0.0404161265007319,-0.044641853951552735,23,0.21739130434782608,0.3461443058825718,-0.3347926793454663,-0.24305065783685503
lb20_atr20_m1.5_r0.005_tfnone_rfadx20,20,20,1.5,0.005,none,adx20,-0.17835683154050286,-0.18366365751722225,67,0.22388059701492538,0.16328215936820697,-0.586811781217451,-0.04427892116415055,-0.04848763799412115,24,0.3333333333333333,0.30710723514631105,-0.3506650047215494,-0.24355971912945118
lb20_atr10_m1.5_r0.005_tfma100_rfadx20,20,10,1.5,0.005,ma100,adx20,-0.16232373265330557,-0.16306276824825672,55,0.18181818181818182,0.14448272492317135,-0.6270966266231195,-0.03886714540187397,-0.04309969411358827,18,0.2222222222222222,0.2307033687176191,-0.4119183522235407,-0.2442492204534685
lb20_atr14_m1.5_r0.0025_tfnone_rfnone,20,14,1.5,0.0025,none,none,-0.11898881203133727,-0.11904318008654702,78,0.23076923076923078,0.1782272549029608,-0.5991696684129127,-0.04469353140348853,-0.04722952922113277,31,0.22580645161290322,0.17156154844263619,-0.5540334267787258,-0.2443130719621919
lb30_atr14_m2.0_r0.005_tfma100_rfnone,30,14,2.0,0.005,ma100,none,-0.10785393676326727,-0.11024474696621034,44,0.2727272727272727,0.24089141355891927,-0.4917500103974978,-0.050278837153432177,-0.05405558043610237,18,0.1111111111111111,0.11288375995418232,-0.6275070572763446,-0.24594377702222586
lb10_atr10_m2.0_r0.0025_tfnone_rfnone,10,10,2.0,0.0025,none,none,-0.1384318732809232,-0.1415420654024847,103,0.1553398058252427,0.2079917885130152,-0.5428233551403904,-0.05237339775140737,-0.05505598030480452,39,0.15384615384615385,0.1721923342731884,-0.5150430167140458,-0.25088002526838926
lb30_atr20_m1.5_r0.005_tfma100_rfnone,30,20,1.5,0.005,ma100,none,-0.11647922696007451,-0.11647922696007451,51,0.29411764705882354,0.2828077351112045,-0.4873513242586536,-0.056223974905299956,-0.06038008920318394,21,0.23809523809523808,0.21237588215816292,-0.6212511979477795,-0.2518305029155813
lb10_atr20_m2.5_r0.005_tfnone_rfnone,10,20,2.5,0.005,none,none,-0.14055651778224576,-0.14456253517433615,78,0.1794871794871795,0.37365553907436366,-0.3636948830112801,-0.07750571457700373,-0.08511589193464797,32,0.25,0.1991658220529787,-0.49057712316484553,-0.25198243093423867
lb20_atr20_m2.0_r0.005_tfnone_rfnone,20,20,2.0,0.005,none,none,-0.1588440035649138,-0.16050886591905866,66,0.19696969696969696,0.26293984088503974,-0.5064217705264542,-0.05360248225272368,-0.05727147840648794,24,0.16666666666666666,0.2310447940269593,-0.47375622671066314,-0.25235404240629317
lb30_atr10_m2.0_r0.005_tfnone_rfnone,30,10,2.0,0.005,none,none,-0.11766507638869439,-0.12443766785546662,51,0.19607843137254902,0.27058192398534026,-0.45667891942106126,-0.05538413198849279,-0.05880358020737986,19,0.10526315789473684,0.0804684347650608,-0.6212230365624671,-0.2526186655332466
lb10_atr20_m2.0_r0.0025_tfnone_rfnone,10,20,2.0,0.0025,none,none,-0.12698596082086455,-0.1276596065169947,101,0.18811881188118812,0.2129096808076834,-0.5040242180592142,-0.058435422154605066,-0.061376713323718635,40,0.15,0.16637989772601938,-0.5604612718053426,-0.2528105710253793
lb30_atr10_m2.0_r0.005_tfma100_rfnone,30,10,2.0,0.005,ma100,none,-0.11759872566510332,-0.11759872566510332,45,0.2,0.20586315056440216,-0.5250099752636378,-0.0495280453096677,-0.052968692182781996,17,0.11764705882352941,0.08952073779184666,-0.622594988772063,-0.2535983740734128
lb20_atr14_m2.0_r0.005_tfma100_rfnone,20,14,2.0,0.005,ma100,none,-0.13141015005570522,-0.13373783333649603,52,0.23076923076923078,0.2502234337771606,-0.5139955911783789,-0.051109697571925405,-0.05488313678322487,20,0.1,0.11131810139557739,-0.5737531902602363,-0.25364927203389687
lb20_atr14_m1.5_r0.005_tfma100_rfadx20,20,14,1.5,0.005,ma100,adx20,-0.16868190161617014,-0.16868190161617014,55,0.2,0.11931973609618565,-0.6703607505704247,-0.04199840615990813,-0.046217165712689745,19,0.3157894736842105,0.27158139148007915,-0.424461552775633,-0.2557207820648702
lb10_atr14_m2.0_r0.0025_tfnone_rfnone,10,14,2.0,0.0025,none,none,-0.12151578028751742,-0.1259100906636933,98,0.20408163265306123,0.2413191716436193,-0.4975245423935334,-0.06476972232332756,-0.06728700258142484,42,0.16666666666666666,0.14398396283784393,-0.5855747726286363,-0.2587752412052921
lb30_atr20_m1.5_r0.005_tfnone_rfnone,30,20,1.5,0.005,none,none,-0.12417046066324822,-0.12982726537963707,60,0.31666666666666665,0.29361221606851995,-0.4410626911854472,-0.06281505902934914,-0.06694214811548993,23,0.21739130434782608,0.19398231355952994,-0.6262037971563231,-0.2594912845612791
lb20_atr14_m2.0_r0.005_tfnone_rfnone,20,14,2.0,0.005,none,none,-0.1465281680153433,-0.1501928753915046,63,0.2222222222222222,0.28211693516028097,-0.4822944576784158,-0.06268505502957611,-0.06641246267368195,26,0.11538461538461539,0.1620912093689312,-0.5290379264177296,-0.2607551204110046
lb10_atr10_m1.5_r0.0025_tfma100_rfnone,10,10,1.5,0.0025,ma100,none,-0.1278505685904786,-0.12852777162515228,84,0.16666666666666666,0.14509411263654362,-0.5954473439119113,-0.04921227365439651,-0.052209660280265635,30,0.2,0.1782356466721021,-0.6196019190371621,-0.26395577721906527
lb20_atr10_m2.0_r0.005_tfma100_rfnone,20,10,2.0,0.005,ma100,none,-0.14540861952031847,-0.145923925920333,54,0.16666666666666666,0.21676654807230714,-0.549550993575524,-0.05114098752227203,-0.05457579564911619,19,0.10526315789473684,0.08696025535791933,-0.5744212968953506,-0.26563787736812394
lb10_atr14_m1.5_r0.0025_tfma100_rfnone,10,14,1.5,0.0025,ma100,none,-0.12659861791527793,-0.12660082626800018,82,0.1951219512195122,0.13233580591544217,-0.6037421487083817,-0.05069248882017097,-0.05400618482812458,31,0.25806451612903225,0.19687359435829646,-0.6258234028187134,-0.26591115056372694
lb10_atr10_m1.5_r0.005_tfma100_rfadx20,10,10,1.5,0.005,ma100,adx20,-0.2102313651016703,-0.21092813443335345,74,0.14864864864864866,0.12507718253231023,-0.6344283270798283,-0.04090751964712669,-0.046156975699499836,22,0.2727272727272727,0.32192342128966356,-0.3682625237463812,-0.266398324200745
lb20_atr20_m1.5_r0.005_tfma100_rfnone,20,20,1.5,0.005,ma100,none,-0.1576887267307725,-0.1576887267307725,62,0.24193548387096775,0.22290653345913378,-0.5518027820894562,-0.05337715873761406,-0.05754580958343247,23,0.30434782608695654,0.23951240614528202,-0.5437247190263514,-0.26698269632199156
lb10_atr14_m2.0_r0.005_tfnone_rfadx20,10,14,2.0,0.005,none,adx20,-0.20948044992604475,-0.21982421700865984,87,0.20689655172413793,0.22511794566238222,-0.5114485832302667,-0.0574173741251387,-0.06352303239702095,31,0.22580645161290322,0.27637844103939335,-0.3689707011856262,-0.27009350898557366
lb10_atr10_m2.0_r0.005_tfnone_rfadx20,10,10,2.0,0.005,none,adx20,-0.22301803861636538,-0.2308842550568576,89,0.1797752808988764,0.2112377773071433,-0.5404323468810701,-0.051714564834288934,-0.0579866443312258,30,0.2,0.2958876454401716,-0.3366457363823515,-0.27020640803671947
lb20_atr14_m1.5_r0.005_tfnone_rfadx20,20,14,1.5,0.005,none,adx20,-0.1925132329663236,-0.197728625627819,67,0.19402985074626866,0.14377664734390824,-0.6345488152010337,-0.05142318632856702,-0.055600441898865594,25,0.28,0.2645115249309839,-0.39765220314601707,-0.2705257046052102
lb10_atr14_m1.5_r0.005_tfma100_rfadx20,10,14,1.5,0.005,ma100,adx20,-0.21003913401394758,-0.21003913401394758,73,0.1643835616438356,0.10810641227096361,-0.6488809965103005,-0.044406808082840254,-0.05002979545627029,23,0.34782608695652173,0.3468821753353176,-0.38053595479108226,-0.27206944043273984
lb30_atr14_m1.5_r0.005_tfma100_rfnone,30,14,1.5,0.005,ma100,none,-0.13649838985348273,-0.13649838985348273,52,0.28846153846153844,0.18561218684389977,-0.5637626816224299,-0.05765879493892023,-0.061808590707939315,21,0.23809523809523808,0.20075104506195104,-0.6414379008318326,-0.27601594100059157
lb30_atr14_m1.5_r0.005_tfnone_rfnone,30,14,1.5,0.005,none,none,-0.14148246889107952,-0.14702745887024515,60,0.3,0.22544025079453905,-0.4938711279381643,-0.06271606775590033,-0.06684359277073182,23,0.21739130434782608,0.18690222943926657,-0.6325364914219743,-0.27611331407220735
lb20_atr10_m2.0_r0.005_tfnone_rfnone,20,10,2.0,0.005,none,none,-0.16920000934621915,-0.1706570779246983,66,0.15151515151515152,0.23736101938300563,-0.5357784474903291,-0.06136371844499933,-0.06476152094846832,25,0.12,0.15033166103624696,-0.5192601789648149,-0.27645667085006564
lb10_atr20_m2.0_r0.005_tfma100_rfnone,10,20,2.0,0.005,ma100,none,-0.16836780301382792,-0.1716010039208521,69,0.18840579710144928,0.212442150450431,-0.5155560068555892,-0.060466730211931274,-0.06631446959613885,25,0.2,0.1958296250756037,-0.5523815038837028,-0.2791119403289621
lb10_atr20_m2.0_r0.005_tfnone_rfadx20,10,20,2.0,0.005,none,adx20,-0.22176854865868423,-0.22807003924171187,90,0.17777777777777778,0.19254855112902228,-0.5339924802815406,-0.05739374688275756,-0.06326061279097317,30,0.2,0.2892956607541196,-0.37527603889374644,-0.27978364567472574
lb10_atr20_m1.5_r0.0025_tfnone_rfnone,10,20,1.5,0.0025,none,none,-0.16499000696046384,-0.16596441167139508,120,0.21666666666666667,0.186987285829924,-0.5539353247701063,-0.066467991122108,-0.0690613966364626,47,0.2553191489361702,0.18674292229736467,-0.5500721689779627,-0.2842450938991342
lb30_atr10_m1.5_r0.005_tfma100_rfnone,30,10,1.5,0.005,ma100,none,-0.14076237469286246,-0.14152043268540282,52,0.23076923076923078,0.1733352138269296,-0.5714013481862986,-0.062436089846669485,-0.06656484780253868,21,0.14285714285714285,0.14720068178482432,-0.6718011696579642,-0.28927751402780627
lb30_atr10_m1.5_r0.005_tfnone_rfnone,30,10,1.5,0.005,none,none,-0.15129701337417378,-0.15752254095647888,60,0.21666666666666667,0.20461213204817152,-0.5253272357620297,-0.06755572790409492,-0.07166194046745078,23,0.13043478260869565,0.1369869197363875,-0.6606189683142182,-0.2944216097799473
lb20_atr20_m1.5_r0.005_tfnone_rfnone,20,20,1.5,0.005,none,none,-0.19196180681276243,-0.19196180681276243,78,0.24358974358974358,0.20721704233131807,-0.5537037501443703,-0.0688955099141687,-0.07299582246839087,30,0.26666666666666666,0.2193588690695907,-0.5115128316360695,-0.2952455467012621
lb10_atr14_m2.0_r0.005_tfma100_rfnone,10,14,2.0,0.005,ma100,none,-0.16110377831758482,-0.1695109640149559,67,0.208955223880597,0.23819412219570904,-0.49736245813379076,-0.07179316823865245,-0.07677346423123432,27,0.18518518518518517,0.12328825764955151,-0.624420001118248,-0.2957578843975876
lb10_atr10_m2.0_r0.005_tfma100_rfnone,10,10,2.0,0.005,ma100,none,-0.17559202790929485,-0.18229305580990596,69,0.15942028985507245,0.21102184000943658,-0.5295621478812998,-0.06634513492448102,-0.07156845022407199,25,0.16,0.1107099255824505,-0.5818091482528637,-0.29614116330104
lb10_atr10_m1.5_r0.0025_tfnone_rfnone,10,10,1.5,0.0025,none,none,-0.17959271551751177,-0.18022974202089648,123,0.17073170731707318,0.16499046508898813,-0.5951237916991665,-0.06692724746496159,-0.0698687871082645,46,0.21739130434782608,0.20835681338362977,-0.5594676135438733,-0.29821621784982477
lb10_atr14_m1.5_r0.0025_tfnone_rfnone,10,14,1.5,0.0025,none,none,-0.17134284821352763,-0.17176383413923468,120,0.20833333333333334,0.16976670116181541,-0.5790538822718989,-0.0712299225762788,-0.0744719296831653,48,0.25,0.1836346281642356,-0.5767362897694072,-0.2987138137850748
lb20_atr10_m1.5_r0.005_tfma100_rfnone,20,10,1.5,0.005,ma100,none,-0.1795397090024834,-0.18026355589050835,64,0.203125,0.156021599268508,-0.6049543635076328,-0.060374929587191706,-0.06451276429156572,23,0.17391304347826086,0.1599747637613567,-0.5977113752955752,-0.30131316747133424
lb10_atr20_m1.5_r0.005_tfma100_rfnone,10,20,1.5,0.005,ma100,none,-0.19667196656249553,-0.19667196656249553,80,0.2,0.1947513924185465,-0.5470833053538489,-0.06989234886869289,-0.0747664892403026,30,0.3,0.257586753724808,-0.5684252109718692,-0.30708759403549407
lb20_atr14_m1.5_r0.005_tfma100_rfnone,20,14,1.5,0.005,ma100,none,-0.18290348154542135,-0.18290348154542135,64,0.234375,0.1427330236573384,-0.6314762119127968,-0.0626818544861727,-0.06680953016626345,24,0.25,0.19791346856421027,-0.6055564142242783,-0.3080576283908329
lb20_atr10_m1.5_r0.005_tfnone_rfnone,20,10,1.5,0.005,none,none,-0.21096057295942805,-0.21165669895121486,78,0.1794871794871795,0.16631989683525858,-0.5974701662231033,-0.06643882998760675,-0.07054996104356737,29,0.1724137931034483,0.23999320583949596,-0.5123408522159434,-0.3085563436483959
lb10_atr20_m1.5_r0.005_tfnone_rfadx20,10,20,1.5,0.005,none,adx20,-0.2672618722034209,-0.2726156102291625,106,0.19811320754716982,0.15425720979800123,-0.5885773010457849,-0.06651601308787314,-0.07282778501957388,36,0.3333333333333333,0.3029278831119124,-0.3517057203314411,-0.31507895819884557
lb10_atr10_m1.5_r0.005_tfnone_rfadx20,10,10,1.5,0.005,none,adx20,-0.2807040701891279,-0.28623541024399535,108,0.1574074074074074,0.15149747497147711,-0.6098978072258818,-0.060798016802968036,-0.06823522295267881,35,0.2857142857142857,0.35400346231761715,-0.34327493821625804,-0.31822430081860836
lb20_atr14_m1.5_r0.005_tfnone_rfnone,20,14,1.5,0.005,none,none,-0.20887377926232997,-0.20887377926232997,78,0.23076923076923078,0.16074670126300583,-0.5991696684129129,-0.07649053653219662,-0.0805574028048004,31,0.22580645161290322,0.1922597276680148,-0.5540334267787258,-0.3232711223716159
lb10_atr14_m1.5_r0.005_tfnone_rfadx20,10,14,1.5,0.005,none,adx20,-0.2790677378067804,-0.2842205508210476,107,0.17757009345794392,0.14624084525849526,-0.6138177247202391,-0.07032418325615353,-0.07807359695355598,37,0.32432432432432434,0.30403787661319465,-0.376410110981984,-0.3317602216052286
lb10_atr10_m1.5_r0.005_tfma100_rfnone,10,10,1.5,0.005,ma100,none,-0.2224519473244635,-0.22313793511009405,84,0.16666666666666666,0.138753048319406,-0.5954473439119115,-0.07605542948748689,-0.08111250846275919,30,0.2,0.2012710447504712,-0.6196019190371621,-0.3416676876857
lb10_atr14_m1.5_r0.005_tfma100_rfnone,10,14,1.5,0.005,ma100,none,-0.21851513442718584,-0.21851513442718584,82,0.1951219512195122,0.1312812527667022,-0.6037421487083817,-0.07813924876796718,-0.08356374468116934,31,0.25806451612903225,0.22958380302170336,-0.6258234028187134,-0.34229549340857635
lb10_atr20_m2.0_r0.005_tfnone_rfnone,10,20,2.0,0.005,none,none,-0.23303082802875708,-0.23419143674771015,101,0.18811881188118812,0.20949101792732513,-0.5040242180592142,-0.10270179656595657,-0.10828666110703189,40,0.15,0.18142285862641166,-0.5604612718053426,-0.3517308680738219
lb10_atr10_m2.0_r0.005_tfnone_rfnone,10,10,2.0,0.005,none,none,-0.25475421580755286,-0.257509208527284,103,0.1553398058252427,0.2007865010812318,-0.5428233551403904,-0.09507782969374923,-0.10014040045078942,39,0.15384615384615385,0.18207067220240924,-0.5150430167140458,-0.3545528941775025
lb10_atr14_m2.0_r0.005_tfnone_rfnone,10,14,2.0,0.005,none,none,-0.22642020653623907,-0.23141405452504815,98,0.20408163265306123,0.23113200419811522,-0.4975245423935334,-0.10904862764628143,-0.11382902938163442,42,0.16666666666666666,0.16287613341757276,-0.5855747726286363,-0.3569456807853588
lb10_atr20_m1.5_r0.005_tfnone_rfnone,10,20,1.5,0.005,none,none,-0.2808907413004448,-0.2813448107143858,120,0.21666666666666667,0.18626527007300728,-0.5539353247701063,-0.11353431149260385,-0.11817975032449102,47,0.2553191489361702,0.1999918699702102,-0.5500721689779628,-0.39096015506663157
lb10_atr14_m1.5_r0.005_tfnone_rfnone,10,14,1.5,0.005,none,none,-0.2928818059841978,-0.29337074938723495,120,0.20833333333333334,0.159626633514049,-0.5790538822718989,-0.11863877805981171,-0.1238249630016045,48,0.25,0.20199667545962455,-0.5767362897694072,-0.4090863828833752
lb10_atr10_m1.5_r0.005_tfnone_rfnone,10,10,1.5,0.005,none,none,-0.3068400624700872,-0.30745159927350096,123,0.17073170731707318,0.15297107957910602,-0.5951237916991665,-0.11099990519953895,-0.11586572056542899,46,0.21739130434782608,0.2258099270474159,-0.5594676135438734,-0.40927361627813863
