key,breakout_lookback,atr_period,atr_mult,risk_per_trade,trend_filter,regime_filter,is_return,is_mdd,is_trades,is_win_rate,is_pf,is_avg_r,oos_return,oos_mdd,oos_trades,oos_win_rate,oos_pf,oos_avg_r,rank_score
lb55_atr14_m3.0_r0.0025_tfnone_rfadx20,55,14,3.0,0.0025,none,adx20,0.0008802556199680733,-0.017767547870335854,19,0.2631578947368421,1.042124535731164,0.01742348426192423,0.002661836070770418,-0.00622328894494395,6,0.6666666666666666,1.6083371422021806,0.16959233925167447,0.06914280493981213
lb55_atr14_m3.0_r0.0025_tfma100_rfadx20,55,14,3.0,0.0025,ma100,adx20,0.0007750066887604046,-0.017767547870336076,18,0.2222222222222222,1.0370917601564096,0.01617975794577886,0.002661836070770418,-0.00622328894494395,6,0.6666666666666666,1.6083371422021806,0.16959233925167447,0.068933772724571
lb55_atr14_m3.0_r0.005_tfnone_rfadx20,55,14,3.0,0.005,none,adx20,0.0014478459903175533,-0.03525722953295962,19,0.2631578947368421,1.0343249366706382,0.01742348426192426,0.005300968202253342,-0.012383703976133198,6,0.6666666666666666,1.6031641666693526,0.1695923392516745,0.06661671112488282
lb55_atr14_m3.0_r0.005_tfma100_rfadx20,55,14,3.0,0.005,ma100,adx20,0.0012372509018354627,-0.03525722953295907,18,0.2222222222222222,1.029338404604677,0.016179757945778913,0.005300968202253342,-0.012383703976133198,6,0.6666666666666666,1.6031641666693526,0.1695923392516745,0.06636075869571063
lb55_atr10_m2.5_r0.0025_tfnone_rfadx20,55,10,2.5,0.0025,none,adx20,-0.00958961493025512,-0.025209564580617405,24,0.16666666666666666,0.7117495735745573,-0.15108860437355254,0.002787881939988024,-0.006501916595204049,6,0.5,1.5047659822311241,0.17895969537433784,0.04467517578402294
lb55_atr10_m2.5_r0.0025_tfma100_rfadx20,55,10,2.5,0.0025,ma100,adx20,-0.010384451763683966,-0.025209564580617738,23,0.13043478260869565,0.6876071834022848,-0.17079541318594035,0.002787881939988024,-0.006501916595204049,6,0.5,1.5047659822311241,0.17895969537433784,0.04233965834108712
lb55_atr10_m3.0_r0.0025_tfnone_rfadx20,55,10,3.0,0.0025,none,adx20,-0.004886186716839269,-0.021114022097380003,21,0.2857142857142857,0.7981018691859282,-0.09013802870486654,0.0018203011790920431,-0.0065304776310969315,6,0.6666666666666666,1.4088273506808924,0.11535468037257716,0.04085875536180217
lb55_atr10_m3.0_r0.0025_tfma100_rfadx20,55,10,3.0,0.0025,ma100,adx20,-0.0052251462371109,-0.021114022097380225,20,0.25,0.7840224325592126,-0.10111867238461729,0.0018203011790920431,-0.0065304776310969315,6,0.6666666666666666,1.4088273506808924,0.11535468037257716,0.03959758317112119
lb55_atr20_m3.0_r0.0025_tfnone_rfadx20,55,20,3.0,0.0025,none,adx20,-0.011992394311997057,-0.02358048965826287,22,0.18181818181818182,0.6146249442759677,-0.2074227071806045,0.0025018831000722663,-0.00611148037201148,6,0.6666666666666666,1.6423151866262082,0.15898881628507922,0.03725410863789248
lb55_atr10_m2.5_r0.005_tfnone_rfadx20,55,10,2.5,0.005,none,adx20,-0.019554294517075244,-0.04983135385311632,24,0.16666666666666666,0.7065548424909229,-0.1510886043735525,0.005541636652204529,-0.012927523892343307,6,0.5,1.5001866265160402,0.17895969537433787,0.03644408455344462
lb55_atr20_m3.0_r0.0025_tfma100_rfadx20,55,20,3.0,0.0025,ma100,adx20,-0.01203988032113723,-0.023580489658263426,21,0.14285714285714285,0.613080387210422,-0.21816464976299596,0.0025018831000722663,-0.00611148037201148,6,0.6666666666666666,1.6423151866262082,0.15898881628507922,0.036276602108631845
lb55_atr10_m3.0_r0.005_tfnone_rfadx20,55,10,3.0,0.005,none,adx20,-0.010064543880413668,-0.04182484889110427,21,0.2857142857142857,0.7931190462977629,-0.09013802870486651,0.003617215783382477,-0.012994745978472388,6,0.6666666666666666,1.40477624864736,0.11535468037257708,0.03480525601913478
lb55_atr10_m2.5_r0.005_tfma100_rfadx20,55,10,2.5,0.005,ma100,adx20,-0.02112671230236185,-0.0498313538531161,23,0.13043478260869565,0.6824487807153573,-0.17079541318594038,0.005541636652204529,-0.012927523892343307,6,0.5,1.5001866265160402,0.17895969537433787,0.0337590371303383
lb55_atr10_m3.0_r0.005_tfma100_rfadx20,55,10,3.0,0.005,ma100,adx20,-0.01073870554126366,-0.041824848891103716,20,0.25,0.7791109394591467,-0.10111867238461732,0.003617215783382477,-0.012994745978472388,6,0.6666666666666666,1.40477624864736,0.11535468037257708,0.03339399182796869
lb55_atr20_m3.0_r0.005_tfnone_rfadx20,55,20,3.0,0.005,none,adx20,-0.024149969760432488,-0.04665861817178141,22,0.18181818181818182,0.6117192429741609,-0.2074227071806045,0.0049821303392751926,-0.012156919717103754,6,0.6666666666666666,1.6367582086429322,0.15898881628507924,0.028205712511698712
lb55_atr20_m3.0_r0.005_tfma100_rfadx20,55,20,3.0,0.005,ma100,adx20,-0.024243768626192264,-0.046658618171781185,21,0.14285714285714285,0.610173684182917,-0.21816464976299602,0.0049821303392751926,-0.012156919717103754,6,0.6666666666666666,1.6367582086429322,0.15898881628507924,0.02720735467883953
lb55_atr14_m3.0_r0.0025_tfnone_rfnone,55,14,3.0,0.0025,none,none,0.0002974154924566541,-0.015311412777811007,20,0.25,1.0135726217697627,0.006479207058064073,-0.0032721717881578627,-0.010963119938905086,8,0.5,0.6825379789716454,-0.15594496071139743,-0.008195906320504983
lb55_atr14_m3.0_r0.0025_tfma100_rfnone,55,14,3.0,0.0025,ma100,none,0.00019222785059902492,-0.01531141277781145,19,0.21052631578947367,1.0087732830386162,0.004724925432038982,-0.0032721717881578627,-0.010963119938905086,8,0.5,0.6825379789716454,-0.15594496071139743,-0.008426095929923683
lb55_atr14_m3.0_r0.005_tfnone_rfnone,55,14,3.0,0.005,none,none,0.0002780402901170209,-0.03042085649895898,20,0.25,1.006306150480061,0.006479207058064082,-0.006580632856589608,-0.02179817420755581,8,0.5,0.6814933305288357,-0.1559449607113975,-0.015711200746400273
lb55_atr14_m3.0_r0.005_tfma100_rfnone,55,14,3.0,0.005,ma100,none,6.76912007999686e-05,-0.030420856498959314,19,0.21052631578947367,1.001535607246242,0.004724925432038995,-0.006580632856589608,-0.02179817420755581,8,0.5,0.6814933305288357,-0.1559449607113975,-0.015967378364961874
lb30_atr14_m3.0_r0.0025_tfma100_rfadx20,30,14,3.0,0.0025,ma100,adx20,-0.015685392396740827,-0.031635947564661926,26,0.23076923076923078,0.5875409909017081,-0.22956166723408875,-0.0017436945595111775,-0.009446436741469721,8,0.5,0.8155450042617153,-0.08541068069626497,-0.026796138306653762
lb55_atr10_m2.5_r0.0025_tfnone_rfnone,55,10,2.5,0.0025,none,none,-0.010254145079387156,-0.022781263198220714,25,0.16,0.7021155299011506,-0.15404326093596185,-0.0033225593306750456,-0.010228215205889013,8,0.375,0.7142811265191631,-0.1548715679774424,-0.02963520581602283
lb10_atr20_m3.0_r0.0025_tfma100_rfadx20,10,20,3.0,0.0025,ma100,adx20,-0.03646069580718181,-0.0449445900907246,41,0.1951219512195122,0.446552671515282,-0.3446955303269318,0.00016892954617486744,-0.011254655162453386,10,0.4,1.0145759583547758,0.002715501045372487,-0.030779410562679875
lb55_atr10_m3.0_r0.0025_tfnone_rfnone,55,10,3.0,0.0025,none,none,-0.005961397563914561,-0.01918535694731749,22,0.2727272727272727,0.7678363378647536,-0.10376835289669582,-0.004099836062717799,-0.010720792017071212,8,0.5,0.6046603468480102,-0.1963119100727843,-0.031538152589491525
lb55_atr10_m2.5_r0.0025_tfma100_rfnone,55,10,2.5,0.0025,ma100,none,-0.011048448605564753,-0.022781263198220048,24,0.125,0.6787831048719176,-0.17305206340460058,-0.0033225593306750456,-0.010228215205889013,8,0.375,0.7142811265191631,-0.1548715679774424,-0.03190090308161549
lb55_atr10_m3.0_r0.0025_tfma100_rfnone,55,10,3.0,0.0025,ma100,none,-0.006299990841703851,-0.019185356947317378,21,0.23809523809523808,0.7545663905761582,-0.11487517183892658,-0.004099836062717799,-0.010720792017071212,8,0.5,0.6046603468480102,-0.1963119100727843,-0.03280170066847214
lb30_atr20_m3.0_r0.0025_tfma100_rfadx20,30,20,3.0,0.0025,ma100,adx20,-0.021400483797192615,-0.031041545429305595,27,0.14814814814814814,0.49800674151341695,-0.30011162789790585,-0.001497064957389993,-0.00988427125292457,8,0.5,0.8308082569121593,-0.07525180338680232,-0.034427684016908496
lb10_atr14_m3.0_r0.0025_tfma100_rfadx20,10,14,3.0,0.0025,ma100,adx20,-0.030206524833902515,-0.04228711677426944,39,0.23076923076923078,0.4870530864953274,-0.30118051889142883,-0.0013739875102002364,-0.01136335426028301,10,0.4,0.8989375342166306,-0.05159893101691708,-0.035318080129761384
lb10_atr10_m3.0_r0.0025_tfma100_rfadx20,10,10,3.0,0.0025,ma100,adx20,-0.03149172654352872,-0.04267920902047484,40,0.225,0.4923541591576044,-0.30721300196622264,-0.0013215533041975869,-0.01219863313953673,10,0.4,0.9099045104652953,-0.04951328327397779,-0.036059054719880385
lb20_atr10_m2.5_r0.0025_tfma100_rfadx20,20,10,2.5,0.0025,ma100,adx20,-0.04059561170588233,-0.050037890451275824,39,0.1794871794871795,0.3991078964103685,-0.40325054574920544,0.00019661050863040153,-0.011778797656423978,9,0.3333333333333333,1.0156849838332918,0.006325987933515538,-0.03848764115855032
lb55_atr20_m3.0_r0.0025_tfnone_rfnone,55,20,3.0,0.0025,none,none,-0.015121493395340302,-0.023629506505750908,24,0.16666666666666666,0.5630116611111047,-0.23955507595116424,-0.0029669915918569822,-0.011341850825114741,8,0.5,0.6831386457186488,-0.14316364050087602,-0.03968586422269841
lb55_atr20_m3.0_r0.0025_tfma100_rfnone,55,20,3.0,0.0025,ma100,none,-0.015168829012491503,-0.023629506505750686,23,0.13043478260869565,0.5616226637473055,-0.2507599960816331,-0.0029669915918569822,-0.011341850825114741,8,0.5,0.6831386457186488,-0.14316364050087602,-0.040702180234152334
lb30_atr14_m3.0_r0.005_tfma100_rfadx20,30,14,3.0,0.005,ma100,adx20,-0.031480751499444626,-0.06234932275528837,26,0.23076923076923078,0.5861810154628622,-0.22956166723408872,-0.003528468597530199,-0.01879276405593422,8,0.5,0.8139187924316748,-0.08541068069626498,-0.04166158412502308
lb55_atr14_m2.5_r0.0025_tfnone_rfadx20,55,14,2.5,0.0025,none,adx20,-0.01006138474606555,-0.02070360818853545,22,0.22727272727272727,0.6513337990364396,-0.17630655129506703,-0.004404623941605124,-0.008269531196505087,9,0.4444444444444444,0.4997063927707433,-0.18972287322013948,-0.04167226014877752
lb55_atr10_m3.0_r0.005_tfnone_rfnone,55,10,3.0,0.005,none,none,-0.01220722485464365,-0.03804092305352924,22,0.2727272727272727,0.76287042469815,-0.10376835289669585,-0.00822672764138388,-0.021323499417614244,8,0.5,0.6039392460375678,-0.19631191007278437,-0.042081251971649775
lb55_atr10_m2.5_r0.005_tfnone_rfnone,55,10,2.5,0.005,none,none,-0.02087478776837548,-0.045087081241450444,25,0.16,0.6965468800479612,-0.15404326093596185,-0.006694090899210581,-0.020343836863939035,8,0.375,0.7126461524827603,-0.15487156797744236,-0.04211206636307563
lb30_atr10_m3.0_r0.0025_tfma100_rfadx20,30,10,3.0,0.0025,ma100,adx20,-0.01758790757747719,-0.03484387901216279,27,0.25925925925925924,0.5708575767690723,-0.25199874395792576,-0.0028989098821986525,-0.009527849849040093,8,0.5,0.6990779974273305,-0.14173234701515647,-0.04231971384790044
lb10_atr10_m2.5_r0.0025_tfma100_rfadx20,10,10,2.5,0.0025,ma100,adx20,-0.05332589080087469,-0.060468191802481086,49,0.16326530612244897,0.34845052489088024,-0.42208932019824325,0.0008178380833532284,-0.01165018861689704,11,0.45454545454545453,1.0567281717150576,0.03235848926854148,-0.04245106695870034
lb55_atr10_m3.0_r0.005_tfma100_rfnone,55,10,3.0,0.005,ma100,none,-0.012879927315952111,-0.03804092305352913,21,0.23809523809523808,0.7496324418908347,-0.11487517183892651,-0.00822672764138388,-0.021323499417614244,8,0.5,0.6039392460375678,-0.19631191007278437,-0.04349481355616056
lb20_atr10_m3.0_r0.0025_tfma100_rfadx20,20,10,3.0,0.0025,ma100,adx20,-0.031047651621838646,-0.04521760925917484,35,0.2,0.4596815147391767,-0.34739637023114006,-0.0014766627372789776,-0.012322736713073046,9,0.4444444444444444,0.872952323691856,-0.06699423441521629,-0.04375250384795915
lb55_atr14_m2.5_r0.0025_tfma100_rfadx20,55,14,2.5,0.0025,ma100,adx20,-0.010657639605358815,-0.02070360818853556,21,0.19047619047619047,0.6304486576364431,-0.19545062654097153,-0.004404623941605124,-0.008269531196505087,9,0.4444444444444444,0.4997063927707433,-0.18972287322013948,-0.043834975404176114
lb55_atr10_m2.5_r0.005_tfma100_rfnone,55,10,2.5,0.005,ma100,none,-0.02244508777491916,-0.04508708124145011,24,0.125,0.6731955830034504,-0.17305206340460055,-0.006694090899210581,-0.020343836863939035,8,0.375,0.7126461524827603,-0.15487156797744236,-0.04472716020099349
lb30_atr10_m2.5_r0.0025_tfma100_rfadx20,30,10,2.5,0.0025,ma100,adx20,-0.026219526270098825,-0.03879350266235848,31,0.16129032258064516,0.47875242544237645,-0.3220938158324047,-0.0022292073888204866,-0.009142438746284731,8,0.375,0.7921250667820072,-0.1059092670400964,-0.04575310084211694
lb20_atr14_m3.0_r0.0025_tfma100_rfadx20,20,14,3.0,0.0025,ma100,adx20,-0.030282333969369746,-0.04311266203104225,33,0.21212121212121213,0.428567547341981,-0.3560094049466119,-0.001772364530253423,-0.011457174315471219,9,0.4444444444444444,0.8452249290246061,-0.07735252864134194,-0.04635525225820018
lb30_atr14_m3.0_r0.0025_tfnone_rfadx20,30,14,3.0,0.0025,none,adx20,-0.014278803066115286,-0.03268244388039632,29,0.3103448275862069,0.6571487852919979,-0.18751276013633622,-0.004953347281288711,-0.012631323150953833,10,0.4,0.6086043200523268,-0.1965475228185076,-0.04658798103031471
lb30_atr20_m3.0_r0.005_tfma100_rfadx20,30,20,3.0,0.005,ma100,adx20,-0.04269080006278103,-0.06120833460498143,27,0.14814814814814814,0.49673230672439955,-0.3001116278979058,-0.003033088035796938,-0.01965504755055336,8,0.5,0.8291515872481031,-0.07525180338680226,-0.05166257797525897
lb20_atr20_m3.0_r0.0025_tfma100_rfadx20,20,20,3.0,0.0025,ma100,adx20,-0.036731070737799576,-0.04332168741772835,35,0.17142857142857143,0.3930715308981961,-0.4070646664857894,-0.0015610151280853746,-0.01125491645147414,9,0.4444444444444444,0.8507251785082409,-0.06948567270513306,-0.05257204274507094
lb55_atr14_m2.5_r0.005_tfnone_rfadx20,55,14,2.5,0.005,none,adx20,-0.020254626100261186,-0.04103441972660793,22,0.22727272727272727,0.6490654490971421,-0.17630655129506706,-0.008815664886781538,-0.016488826768562892,9,0.4444444444444444,0.4994350043142496,-0.1897228732201395,-0.05369773149134202
lb55_atr20_m3.0_r0.005_tfnone_rfnone,55,20,3.0,0.005,none,none,-0.030333068192461177,-0.046756510989837574,24,0.16666666666666666,0.5601948314461624,-0.2395550759511643,-0.005967812118477189,-0.022540842361555735,8,0.5,0.6821066715642916,-0.14316364050087604,-0.05438074280578258
lb55_atr20_m3.0_r0.005_tfma100_rfnone,55,20,3.0,0.005,ma100,none,-0.03042627273778098,-0.046756510989837574,23,0.13043478260869565,0.5588010321504052,-0.2507599960816331,-0.005967812118477189,-0.022540842361555735,8,0.5,0.6821066715642916,-0.14316364050087604,-0.05541775025519796
lb10_atr14_m3.0_r0.0025_tfnone_rfadx20,10,14,3.0,0.0025,none,adx20,-0.04096792619481604,-0.05538340428853916,57,0.2807017543859649,0.5020494297937566,-0.28585614771577783,-0.004910492162424562,-0.016751601684273476,18,0.3333333333333333,0.7686096051693506,-0.10786982700170533,-0.0555272840145782
lb10_atr20_m3.0_r0.005_tfma100_rfadx20,10,20,3.0,0.005,ma100,adx20,-0.07198290211680702,-0.08799684219580384,41,0.1951219512195122,0.446637226883606,-0.34469553032693184,0.0002610360851658111,-0.022361797691873964,10,0.4,1.0111992447378564,0.0027155010453725204,-0.05569387524208917
lb55_atr14_m2.5_r0.005_tfma100_rfadx20,55,14,2.5,0.005,ma100,adx20,-0.02143414629219642,-0.041034419726607596,21,0.19047619047619047,0.6281812790687302,-0.19545062654097156,-0.008815664886781538,-0.016488826768562892,9,0.4444444444444444,0.4994350043142496,-0.1897228732201395,-0.056122905947027804
lb30_atr10_m3.0_r0.0025_tfnone_rfadx20,30,10,3.0,0.0025,none,adx20,-0.013880568523938042,-0.0343426821021644,30,0.3,0.6819573862027872,-0.17964614405042598,-0.006278073355443392,-0.012884547925321232,10,0.4,0.5173260305928566,-0.24740020443540528,-0.05653031480962818
lb10_atr14_m3.0_r0.005_tfma100_rfadx20,10,14,3.0,0.005,ma100,adx20,-0.059947691137983705,-0.08291202363536954,39,0.23076923076923078,0.48705714216505164,-0.30118051889142883,-0.0028318563045359735,-0.022578940430388217,10,0.4,0.8962979287487709,-0.05159893101691713,-0.0581584018903551
lb10_atr10_m3.0_r0.005_tfma100_rfadx20,10,10,3.0,0.005,ma100,adx20,-0.06240333267983145,-0.08367326984661794,40,0.225,0.4925106797850853,-0.30721300196622264,-0.0021811836342487956,-0.024211478329696834,10,0.4,0.9245365172732459,-0.0495132832739778,-0.05901761482850286
lb30_atr10_m3.0_r0.005_tfma100_rfadx20,30,10,3.0,0.005,ma100,adx20,-0.03523700632164384,-0.06855514294312948,27,0.25925925925925924,0.5700515677933421,-0.25199874395792576,-0.0058303049408752194,-0.01895872245919461,8,0.5,0.6979910762574726,-0.14173234701515652,-0.059075337451080456
lb10_atr10_m3.0_r0.0025_tfnone_rfadx20,10,10,3.0,0.0025,none,adx20,-0.042169257992652254,-0.05964821874340587,59,0.2542372881355932,0.5291445699050259,-0.28794497366671684,-0.005675132056624954,-0.016742390951961394,19,0.3157894736842105,0.7565830384554426,-0.1197521930581557,-0.05914679033332815
lb30_atr20_m3.0_r0.0025_tfnone_rfadx20,30,20,3.0,0.0025,none,adx20,-0.019696590300448014,-0.03179544894053821,30,0.23333333333333334,0.5741721729554715,-0.24843236218184037,-0.005640110385052521,-0.013992516005021605,10,0.4,0.5656699029497317,-0.2235032805209079,-0.061052687211967806
lb30_atr10_m2.5_r0.0025_tfnone_rfadx20,30,10,2.5,0.0025,none,adx20,-0.022893954049227005,-0.03888037500690822,34,0.23529411764705882,0.5783456869426384,-0.25616430073993496,-0.005488541433815608,-0.01237918991904996,10,0.3,0.6072470086727253,-0.21382490073833074,-0.06122979529337808
lb30_atr14_m3.0_r0.005_tfnone_rfadx20,30,14,3.0,0.005,none,adx20,-0.02895047680192886,-0.06439370873195993,29,0.3103448275862069,0.653232860171106,-0.1875127601363362,-0.009931349216499186,-0.025097563135719425,10,0.4,0.6080099733438509,-0.1965475228185076,-0.06366164172563918
lb20_atr10_m2.5_r0.0025_tfnone_rfadx20,20,10,2.5,0.0025,none,adx20,-0.04432849662995819,-0.058285137584721425,46,0.21739130434782608,0.44526996557396387,-0.3771675637100959,-0.003998545233436901,-0.015923724571679232,14,0.2857142857142857,0.7895612200646297,-0.1126290607204297,-0.06567971677428541
lb20_atr10_m2.5_r0.005_tfma100_rfadx20,20,10,2.5,0.005,ma100,adx20,-0.08004290843220618,-0.09769809904185756,39,0.1794871794871795,0.39909449599535174,-0.40325054574920544,0.00027423399724324504,-0.02336582827756417,9,0.3333333333333333,1.010885935319345,0.006325987933515631,-0.0659750110812165
lb30_atr10_m2.5_r0.005_tfma100_rfadx20,30,10,2.5,0.005,ma100,adx20,-0.05221529031333216,-0.07617033755650549,31,0.16129032258064516,0.47735229219402026,-0.32209381583240476,-0.004509266141213053,-0.0181890353874411,8,0.375,0.7901736348603504,-0.10590926704009646,-0.06634285330884915
lb20_atr10_m3.0_r0.005_tfma100_rfadx20,20,10,3.0,0.005,ma100,adx20,-0.061539561379399865,-0.08850855644353428,35,0.2,0.46051717263333747,-0.3473963702311401,-0.0030331071851560365,-0.024456215033404893,9,0.4444444444444444,0.8700585484978081,-0.0669942344152164,-0.06759299886268595
lb20_atr10_m3.0_r0.0025_tfnone_rfadx20,20,10,3.0,0.0025,none,adx20,-0.032109814487681576,-0.05183406314510708,42,0.21428571428571427,0.5245080425768066,-0.3041947840275239,-0.00644749284507895,-0.017239573099286032,14,0.2857142857142857,0.6479520771719796,-0.1824001179155641,-0.06784925824215692
lb20_atr14_m3.0_r0.005_tfma100_rfadx20,20,14,3.0,0.005,ma100,adx20,-0.06002938238396083,-0.08446994839035893,33,0.21212121212121213,0.429327181646792,-0.3560094049466119,-0.003609850461177566,-0.022764475755960634,9,0.4444444444444444,0.842998050380682,-0.077352528641342,-0.06951740774496204
lb10_atr10_m2.5_r0.0025_tfnone_rfadx20,10,10,2.5,0.0025,none,adx20,-0.07616493631426169,-0.08444030810322467,72,0.18055555555555555,0.3521496300371564,-0.4206542325963919,-0.0013814482986254095,-0.01416996714441543,20,0.4,0.9403509282516817,-0.029351838174506,-0.07008235733690478
lb10_atr10_m2.5_r0.005_tfma100_rfadx20,10,10,2.5,0.005,ma100,adx20,-0.10449120296646153,-0.11705265987624558,49,0.16326530612244897,0.34635453206982214,-0.42208932019824325,0.0030654012478803505,-0.02311230953002119,11,0.45454545454545453,1.1116239340111433,0.032358489268541485,-0.07409281522031125
lb30_atr10_m3.0_r0.005_tfnone_rfadx20,30,10,3.0,0.005,none,adx20,-0.027982731797491,-0.06760053106976138,30,0.3,0.6804383499059937,-0.17964614405042598,-0.01256258880197314,-0.025602103757863204,10,0.4,0.517091681104143,-0.24740020443540528,-0.0743159548463891
lb55_atr14_m2.5_r0.0025_tfnone_rfnone,55,14,2.5,0.0025,none,none,-0.009813015241661449,-0.02063124271101624,25,0.24,0.6987358708474034,-0.15016250967017525,-0.01048183874729447,-0.014323154217663281,11,0.36363636363636365,0.2954189142386468,-0.3657440072671145,-0.07640225225251604
lb10_atr20_m3.0_r0.0025_tfnone_rfadx20,10,20,3.0,0.0025,none,adx20,-0.04963337111988475,-0.059132485166297544,59,0.22033898305084745,0.4506797412483435,-0.33186811344056855,-0.007387149213126998,-0.019533506385874366,18,0.3333333333333333,0.6702088319711572,-0.16167596157974595,-0.07726480283099027
lb55_atr14_m2.5_r0.0025_tfma100_rfnone,55,14,2.5,0.0025,ma100,none,-0.010409419697627653,-0.020631242711015574,24,0.20833333333333334,0.6802333766036429,-0.16582424044263785,-0.01048183874729447,-0.014323154217663281,11,0.36363636363636365,0.2954189142386468,-0.3657440072671145,-0.07811603099865745
lb20_atr20_m3.0_r0.005_tfma100_rfadx20,20,20,3.0,0.005,ma100,adx20,-0.07250048401289955,-0.08489457151727786,35,0.17142857142857143,0.3934755250790813,-0.4070646664857894,-0.003179248281147684,-0.02236505051396742,9,0.4444444444444444,0.8485957474011734,-0.0694856727051331,-0.07830442755092391
lb20_atr14_m3.0_r0.0025_tfnone_rfadx20,20,14,3.0,0.0025,none,adx20,-0.034693003582541126,-0.05080941195472799,40,0.25,0.4528835143985325,-0.33979028829896957,-0.007452695198099546,-0.01708239438521275,14,0.2857142857142857,0.6035736772380305,-0.2095165359831602,-0.07851869790101268
lb55_atr20_m2.5_r0.0025_tfnone_rfadx20,55,20,2.5,0.0025,none,adx20,-0.01746638850547222,-0.025505793038811286,24,0.16666666666666666,0.48170971512391925,-0.2754104748361591,-0.007196133871207433,-0.008947728548439171,9,0.3333333333333333,0.25749183611012066,-0.30270969264980085,-0.08092466769546242
lb30_atr20_m3.0_r0.005_tfnone_rfadx20,30,20,3.0,0.005,none,adx20,-0.03950975753605701,-0.06268392998063688,30,0.23333333333333334,0.5716880878056761,-0.24843236218184037,-0.01129813465184537,-0.027782294939174057,10,0.4,0.565383914724612,-0.22350328052090784,-0.08102191534768405
lb30_atr10_m2.5_r0.005_tfnone_rfadx20,30,10,2.5,0.005,none,adx20,-0.04632107872834201,-0.07636002667382003,34,0.23529411764705882,0.5715771777465186,-0.25616430073993496,-0.011007322242456263,-0.024597796927729898,10,0.3,0.6062366061230005,-0.2138249007383307,-0.08332209209563551
lb55_atr20_m2.5_r0.0025_tfma100_rfadx20,55,20,2.5,0.0025,ma100,adx20,-0.018083392656347508,-0.025505793038810953,23,0.13043478260869565,0.46306381160647714,-0.29759263937941666,-0.007196133871207433,-0.008947728548439171,9,0.3333333333333333,0.25749183611012066,-0.30270969264980085,-0.08333904094782442
lb10_atr14_m3.0_r0.005_tfnone_rfadx20,10,14,3.0,0.005,none,adx20,-0.08370996836492062,-0.10786928608172952,57,0.2807017543859649,0.4841036279445889,-0.28585614771577783,-0.009918675018160461,-0.0332442880437549,18,0.3333333333333333,0.767006565364258,-0.1078698270017053,-0.08937151566190739
lb20_atr20_m3.0_r0.0025_tfnone_rfadx20,20,20,3.0,0.0025,none,adx20,-0.040417863120407294,-0.050604602078548555,42,0.21428571428571427,0.42919303052887264,-0.37721097247323643,-0.008353996219846227,-0.01798194410051801,14,0.2857142857142857,0.5533473222734686,-0.23442538639933902,-0.09034597185864515
lb55_atr14_m2.5_r0.005_tfnone_rfnone,55,14,2.5,0.005,none,none,-0.01978791252456047,-0.04089642132523219,25,0.24,0.6961838555867919,-0.15016250967017528,-0.020897728672939486,-0.028477358375071704,11,0.36363636363636365,0.29578261795202243,-0.3657440072671145,-0.09324481604221657
lb30_atr14_m2.5_r0.0025_tfma100_rfadx20,30,14,2.5,0.0025,ma100,adx20,-0.026076950801721233,-0.03438641876369053,29,0.20689655172413793,0.4328789882778401,-0.34376168760322445,-0.008900639146899758,-0.012748092843654524,11,0.36363636363636365,0.35806328086048295,-0.31269563037061876,-0.09412330640464722
lb55_atr14_m2.5_r0.005_tfma100_rfnone,55,14,2.5,0.005,ma100,none,-0.020967994595226136,-0.0408964213252313,24,0.20833333333333334,0.6776772747427524,-0.16582424044263785,-0.020897728672939486,-0.028477358375071704,11,0.36363636363636365,0.29578261795202243,-0.3657440072671145,-0.09511861028579309
lb10_atr10_m3.0_r0.005_tfnone_rfadx20,10,10,3.0,0.005,none,adx20,-0.09112271372425484,-0.11592489677777496,59,0.2542372881355932,0.48193064815209385,-0.28794497366671684,-0.01146465157547738,-0.03321016144618272,19,0.3157894736842105,0.7546801448613228,-0.11975219305815572,-0.09705328900471848
lb55_atr20_m2.5_r0.005_tfnone_rfadx20,55,20,2.5,0.005,none,adx20,-0.03485106906912361,-0.05041535167721478,24,0.16666666666666666,0.4809146506835212,-0.27541047483615916,-0.014363487185627632,-0.017826597732953697,9,0.3333333333333333,0.2566966194838886,-0.3027096926498009,-0.09850951737022262
lb20_atr10_m3.0_r0.005_tfnone_rfadx20,20,10,3.0,0.005,none,adx20,-0.06737233737879844,-0.10112565902619575,42,0.21428571428571427,0.49683723894710635,-0.3041947840275239,-0.01295331089869145,-0.03416325059104319,14,0.2857142857142857,0.646810589509061,-0.18240011791556415,-0.09890937549139443
lb20_atr14_m2.5_r0.0025_tfma100_rfadx20,20,14,2.5,0.0025,ma100,adx20,-0.04057078660460167,-0.046344517877140556,38,0.23684210526315788,0.36829238940024756,-0.4152100773618002,-0.008385350181352003,-0.013149651950323693,12,0.3333333333333333,0.4638523895223333,-0.27035432887539634,-0.1001272071087195
lb20_atr10_m2.5_r0.005_tfnone_rfadx20,20,10,2.5,0.005,none,adx20,-0.0895061410379574,-0.11333780614568978,46,0.21739130434782608,0.431085866249962,-0.37716756371009585,-0.008123580093150173,-0.0315651719472253,14,0.2857142857142857,0.7867725454896629,-0.11262906072042966,-0.10025588804401876
lb55_atr20_m2.5_r0.005_tfma100_rfadx20,55,20,2.5,0.005,ma100,adx20,-0.036062482431676646,-0.05041535167721445,23,0.13043478260869565,0.4621963619211615,-0.29759263937941666,-0.014363487185627632,-0.017826597732953697,9,0.3333333333333333,0.2566966194838886,-0.3027096926498009,-0.10119213481291126
lb30_atr14_m2.5_r0.0025_tfnone_rfadx20,30,14,2.5,0.0025,none,adx20,-0.02631992683172002,-0.03815092722386171,33,0.24242424242424243,0.4921666188019803,-0.30679642932501117,-0.012048984310863209,-0.015884216112701743,13,0.3076923076923077,0.29135541299611784,-0.3620125719105434,-0.10276448489644854
lb55_atr20_m2.5_r0.0025_tfnone_rfnone,55,20,2.5,0.0025,none,none,-0.01658656738652453,-0.023979079827896044,27,0.2222222222222222,0.5510094569686373,-0.2309809582664906,-0.012722741111109381,-0.014130741823356496,11,0.2727272727272727,0.1638959384293584,-0.44087629233410675,-0.10436418824009142
lb55_atr20_m2.5_r0.0025_tfma100_rfnone,55,20,2.5,0.0025,ma100,none,-0.017204124040924418,-0.023979079827896266,26,0.19230769230769232,0.5339998547853201,-0.24889481472515423,-0.012722741111109381,-0.014130741823356496,11,0.2727272727272727,0.1638959384293584,-0.44087629233410675,-0.10638815199762931
lb30_atr14_m3.0_r0.0025_tfma100_rfnone,30,14,3.0,0.0025,ma100,none,-0.01760498280538003,-0.02770013774064506,29,0.20689655172413793,0.5942593130009616,-0.231128481814695,-0.015073108743764108,-0.021302912749792124,12,0.3333333333333333,0.33750286783843964,-0.4677144165308183,-0.10903553480581166
lb10_atr14_m2.5_r0.0025_tfma100_rfadx20,10,14,2.5,0.0025,ma100,adx20,-0.05042171358083447,-0.056563825851063454,48,0.20833333333333334,0.35341551777451646,-0.40941699243289825,-0.010401907521044085,-0.016866504270565352,14,0.2857142857142857,0.4999335657780292,-0.285258868443264,-0.10943403246805064
lb20_atr14_m3.0_r0.005_tfnone_rfadx20,20,14,3.0,0.005,none,adx20,-0.06999296139416189,-0.09917166585463144,40,0.25,0.44306676785772087,-0.3397902882989696,-0.014939526320836838,-0.03387634968742592,14,0.2857142857142857,0.6028612765697345,-0.2095165359831602,-0.10977554761001973
lb20_atr14_m2.5_r0.0025_tfnone_rfadx20,20,14,2.5,0.0025,none,adx20,-0.04580908630140723,-0.05638493385581189,46,0.2391304347826087,0.4013162682903449,-0.39210671183574286,-0.01317950722667982,-0.01792077503695,17,0.29411764705882354,0.4153296445627239,-0.30204297837858063,-0.11149468244585292
lb10_atr20_m3.0_r0.005_tfnone_rfadx20,10,20,3.0,0.005,none,adx20,-0.09754148383167127,-0.11495040978196647,59,0.22033898305084745,0.45059587199840767,-0.33186811344056855,-0.014832371098800978,-0.03870211775545018,18,0.3333333333333333,0.6696001524174755,-0.16167596157974598,-0.11572942386911939
lb20_atr10_m2.5_r0.0025_tfma100_rfnone,20,10,2.5,0.0025,ma100,none,-0.042814960804140156,-0.04630927696626308,42,0.19047619047619047,0.40644439894623857,-0.3942497009754491,-0.012647498784086886,-0.02063695108526231,13,0.23076923076923078,0.5005712629155236,-0.3557943541226083,-0.11635638831504332
lb10_atr20_m3.0_r0.0025_tfma100_rfnone,10,20,3.0,0.0025,ma100,none,-0.044950900295874674,-0.047562600232985086,46,0.17391304347826086,0.3974181921090218,-0.37971319573768086,-0.013551996659006194,-0.024818865678758795,15,0.26666666666666666,0.4643668740022132,-0.34281100316689156,-0.1164968199861713
lb20_atr10_m3.0_r0.0025_tfma100_rfnone,20,10,3.0,0.0025,ma100,none,-0.03401463904930313,-0.04238457383839034,38,0.18421052631578946,0.4643483463940876,-0.34992752647232334,-0.013859903166517973,-0.020971562171123836,13,0.3076923076923077,0.4217175037692747,-0.3998487052774766,-0.1168109050289176
lb20_atr14_m3.0_r0.0025_tfma100_rfnone,20,14,3.0,0.0025,ma100,none,-0.03186506283268442,-0.038917349645910204,36,0.19444444444444445,0.45065368188846,-0.3433314024756342,-0.0143399702081628,-0.020574411420694827,13,0.3076923076923077,0.4020184418374043,-0.4099763596518128,-0.11711547069338496
lb30_atr14_m3.0_r0.0025_tfnone_rfnone,30,14,3.0,0.0025,none,none,-0.02051910374563637,-0.030049007661436256,34,0.2647058823529412,0.5993379865200696,-0.23092244445934357,-0.018239903944599845,-0.02444967751628435,14,0.2857142857142857,0.29607062958499564,-0.49248305578462687,-0.11799710540172759
lb30_atr14_m2.5_r0.005_tfma100_rfadx20,30,14,2.5,0.005,ma100,adx20,-0.05100385250375494,-0.06768858524606958,29,0.20689655172413793,0.43651863368404453,-0.34376168760322445,-0.017762760024777613,-0.025366658796828978,11,0.36363636363636365,0.3582728620139377,-0.31269563037061876,-0.11811540599949612
lb55_atr20_m2.0_r0.0025_tfnone_rfadx20,55,20,2.0,0.0025,none,adx20,-0.03504588945067377,-0.039193711299325695,29,0.20689655172413793,0.22805052992573507,-0.4576761291434118,-0.010046180639092572,-0.012034958102498772,11,0.18181818181818182,0.2725239626017073,-0.3466737341131249,-0.11858465355133722
lb30_atr20_m2.5_r0.0025_tfma100_rfadx20,30,20,2.5,0.0025,ma100,adx20,-0.03310064983378369,-0.03940312738652818,31,0.1935483870967742,0.3460176213048284,-0.40703489656780906,-0.011044551217421095,-0.012454945272110107,11,0.2727272727272727,0.24316111463222304,-0.38427531333103726,-0.11940998430659464
lb10_atr14_m3.0_r0.0025_tfma100_rfnone,10,14,3.0,0.0025,ma100,none,-0.03805890908624043,-0.04431692940915588,43,0.20930232558139536,0.4238258407360997,-0.34342484662395995,-0.015678983424307402,-0.02552525571384412,15,0.26666666666666666,0.4377573204659602,-0.39284971347455566,-0.11949220001745509
lb10_atr10_m2.5_r0.005_tfnone_rfadx20,10,10,2.5,0.005,none,adx20,-0.15242295834224484,-0.16161106864693975,72,0.18055555555555555,0.32684707164704285,-0.4206542325963919,-0.0029532240632899054,-0.02814654080253609,20,0.4,0.9365320532205147,-0.02935183817450603,-0.1200409044734981
lb10_atr14_m2.5_r0.0025_tfnone_rfadx20,10,14,2.5,0.0025,none,adx20,-0.06508953457310185,-0.07255865098930026,69,0.2318840579710145,0.3777830981331208,-0.3760826924617386,-0.017442858428235897,-0.024011746353646668,24,0.20833333333333334,0.4640008951197883,-0.2833707247652916,-0.12122536626340412
lb30_atr10_m3.0_r0.0025_tfma100_rfnone,30,10,3.0,0.0025,ma100,none,-0.020772639343952792,-0.032154540569676926,30,0.23333333333333334,0.5604580420597282,-0.2671265677054125,-0.015963168339487965,-0.02200721127850036,12,0.3333333333333333,0.29589200005232436,-0.5001845732284277,-0.12134980528485763
lb55_atr20_m2.0_r0.0025_tfma100_rfadx20,55,20,2.0,0.0025,ma100,adx20,-0.036018757648994426,-0.03885628376573991,28,0.17857142857142858,0.20582064520093063,-0.48727047084297787,-0.010046180639092572,-0.012034958102498772,11,0.18181818181818182,0.2725239626017073,-0.3466737341131249,-0.12179812307420197
lb30_atr20_m3.0_r0.0025_tfma100_rfnone,30,20,3.0,0.0025,ma100,none,-0.02842353071615289,-0.0321038667713498,31,0.12903225806451613,0.4308370121067285,-0.34828291041735426,-0.014264956697545905,-0.020829052292349437,12,0.3333333333333333,0.3393001366955949,-0.44500774086750655,-0.12219478120972246
lb10_atr20_m2.5_r0.0025_tfma100_rfadx20,10,20,2.5,0.0025,ma100,adx20,-0.0544598393455723,-0.0579323999199558,50,0.18,0.33741913680020025,-0.42419681964425665,-0.013143988355932334,-0.017379721414219063,16,0.3125,0.29915063886777543,-0.3176664664958892,-0.12372706898789182
lb20_atr20_m3.0_r0.005_tfnone_rfadx20,20,20,3.0,0.005,none,adx20,-0.08144023887175733,-0.09880347786495824,42,0.21428571428571427,0.41690370366256685,-0.37721097247323643,-0.016719618017540294,-0.035644808846079234,14,0.2857142857142857,0.5531185958247147,-0.234425386399339,-0.12488081847727459
lb30_atr10_m3.0_r0.0025_tfnone_rfnone,30,10,3.0,0.0025,none,none,-0.021164143392505275,-0.03276704052707202,35,0.2571428571428571,0.6072911102005768,-0.23406597583775363,-0.019298057199634955,-0.025321616950600867,14,0.2857142857142857,0.2577868843384179,-0.5244541533552809,-0.1256099739717043
lb55_atr20_m2.5_r0.005_tfnone_rfnone,55,20,2.5,0.005,none,none,-0.033147782598277886,-0.047456180939778214,27,0.2222222222222222,0.5497652634248512,-0.23098095826649062,-0.025321760208576682,-0.028097866441599395,11,0.2727272727272727,0.16363282013728925,-0.44087629233410675,-0.1256826369842992
lb20_atr20_m3.0_r0.0025_tfma100_rfnone,20,20,3.0,0.0025,ma100,none,-0.043253703965048906,-0.045133034396875216,39,0.15384615384615385,0.35742095756203646,-0.4303879818838,-0.013439988421379057,-0.020009577551858504,13,0.3076923076923077,0.39744575899749407,-0.3862796964023753,-0.1273035621204422
lb10_atr10_m3.0_r0.0025_tfma100_rfnone,10,10,3.0,0.0025,ma100,none,-0.038045249036484985,-0.0434065399724366,44,0.20454545454545456,0.4531003630741559,-0.33675423588037073,-0.018498592691219784,-0.027324337324145964,16,0.25,0.4184375485786804,-0.43323616003724225,-0.1274256169830296
lb30_atr10_m2.5_r0.0025_tfma100_rfnone,30,10,2.5,0.0025,ma100,none,-0.02874833115400155,-0.03529509327455882,34,0.17647058823529413,0.4792090187582943,-0.32138067039152807,-0.01592990973457864,-0.020845395693151247,12,0.25,0.3467601956959393,-0.4893986700469937,-0.12791388934083878
lb55_atr20_m2.5_r0.005_tfma100_rfnone,55,20,2.5,0.005,ma100,none,-0.034361333852636955,-0.04745618093977777,26,0.19230769230769232,0.5326954807111755,-0.24889481472515426,-0.025321760208576682,-0.028097866441599395,11,0.2727272727272727,0.16363282013728925,-0.44087629233410675,-0.1279754302073874
lb55_atr14_m2.0_r0.0025_tfnone_rfadx20,55,14,2.0,0.0025,none,adx20,-0.03388924025031137,-0.03790188461150712,29,0.20689655172413793,0.24016860538314866,-0.44515165824577746,-0.012270569773488726,-0.01429080180280018,12,0.08333333333333333,0.13479772750180727,-0.3888664481752102,-0.12801208568456685
lb20_atr10_m3.0_r0.0025_tfnone_rfnone,20,10,3.0,0.0025,none,none,-0.03897891011422727,-0.05001033782608022,47,0.19148936170212766,0.49586030538549347,-0.3286944036609284,-0.021124285047959934,-0.028183556154552147,19,0.21052631578947367,0.3584673216171361,-0.4256200269939054,-0.12921540695237407
lb30_atr20_m2.5_r0.0025_tfnone_rfadx20,30,20,2.5,0.0025,none,adx20,-0.03295673682231515,-0.04275833880174229,35,0.2,0.41361256056024825,-0.36052238021290756,-0.01501859935200256,-0.016423325837066405,13,0.23076923076923078,0.1907276148916007,-0.4464351742681903,-0.1293762970744659
lb55_atr10_m2.0_r0.0025_tfnone_rfadx20,55,10,2.0,0.0025,none,adx20,-0.03745042290552336,-0.041158805196257586,30,0.16666666666666666,0.20383965126280343,-0.4764716648380908,-0.010671067492952768,-0.012614608193727506,11,0.09090909090909091,0.10765515773922762,-0.37061575564029264,-0.12944054733716087
lb20_atr10_m2.5_r0.0025_tfnone_rfnone,20,10,2.5,0.0025,none,none,-0.05004582008094827,-0.05512525641841848,51,0.21568627450980393,0.4302186969564961,-0.3834827567663983,-0.019086847148567787,-0.027024193574136213,19,0.21052631578947367,0.43863177600614084,-0.37747798571896124,-0.1295865091422211
lb30_atr14_m2.5_r0.005_tfnone_rfadx20,30,14,2.5,0.005,none,adx20,-0.05272554705797028,-0.07496396091916224,33,0.24242424242424243,0.4841277833153395,-0.3067964293250112,-0.023998648083900065,-0.03155427230513452,13,0.3076923076923077,0.2915017045887984,-0.3620125719105434,-0.1305289234873585
lb30_atr10_m2.5_r0.0025_tfnone_rfnone,30,10,2.5,0.0025,none,none,-0.029289663892648532,-0.03620161849247738,39,0.23076923076923078,0.5345782294341841,-0.28597269658022806,-0.019144488845949215,-0.024043917799394965,14,0.21428571428571427,0.3061602166588226,-0.5116970651161757,-0.13161965123199595
lb20_atr14_m2.5_r0.005_tfma100_rfadx20,20,14,2.5,0.005,ma100,adx20,-0.07911687107753629,-0.0907042411057637,38,0.23684210526315788,0.3712270058863923,-0.41521007736180016,-0.01675446232039579,-0.026155504833765164,12,0.3333333333333333,0.464030892332403,-0.27035432887539634,-0.13163354552181533
lb30_atr14_m3.0_r0.005_tfma100_rfnone,30,14,3.0,0.005,ma100,none,-0.03528591431983974,-0.05472539451658154,29,0.20689655172413793,0.5919369413879431,-0.23112848181469503,-0.027095402404763158,-0.03933559144957255,12,0.3333333333333333,0.36140488697698,-0.4677144165308184,-0.1316345434401772
lb55_atr14_m2.0_r0.0025_tfma100_rfadx20,55,14,2.0,0.0025,ma100,adx20,-0.03519071377587957,-0.0379018846115079,28,0.17857142857142858,0.20992390654743398,-0.47881058089739587,-0.012270569773488726,-0.01429080180280018,12,0.08333333333333333,0.13479772750180727,-0.3888664481752102,-0.13186047384086425
lb10_atr14_m3.0_r0.0025_tfnone_rfnone,10,14,3.0,0.0025,none,none,-0.05275264126927848,-0.05662712432825068,64,0.25,0.4457071899276989,-0.3266482496478544,-0.024455302155429126,-0.036063837387339315,25,0.24,0.39893367437167965,-0.37760815933029557,-0.13197741547419636
lb10_atr10_m2.5_r0.0025_tfma100_rfnone,10,10,2.5,0.0025,ma100,none,-0.05803773967400494,-0.06158489873132433,54,0.16666666666666666,0.3471544587208584,-0.4181972996749145,-0.016781757052584,-0.026106535819554466,17,0.29411764705882354,0.4749944157652907,-0.3605862022643801,-0.1330365430332176
lb55_atr10_m2.0_r0.0025_tfma100_rfadx20,55,10,2.0,0.0025,ma100,adx20,-0.03888904604718202,-0.04035873965478198,29,0.13793103448275862,0.17201839409929512,-0.5120356519056883,-0.010671067492952768,-0.012614608193727506,11,0.09090909090909091,0.10765515773922762,-0.37061575564029264,-0.13342189064373228
lb20_atr20_m2.5_r0.0025_tfma100_rfadx20,20,20,2.5,0.0025,ma100,adx20,-0.04677802001785447,-0.05001090105804917,40,0.2,0.32693022026968627,-0.45408602975345447,-0.013059190622619732,-0.014466711509014907,13,0.23076923076923078,0.21367001329905147,-0.38585005440912473,-0.13382936386369296
lb30_atr20_m3.0_r0.0025_tfnone_rfnone,30,20,3.0,0.0025,none,none,-0.030575959291550325,-0.03374864272754463,36,0.19444444444444445,0.4663850867988719,-0.32379708796779505,-0.018355024859304736,-0.02489188433362588,14,0.2857142857142857,0.28510655216918257,-0.49807937632319554,-0.13386466793342833
lb10_atr10_m3.0_r0.0025_tfnone_rfnone,10,10,3.0,0.0025,none,none,-0.04983000282965633,-0.05692130369939252,65,0.23076923076923078,0.5028720720503762,-0.30676877978661465,-0.028333363493666774,-0.03707067302606293,27,0.2222222222222222,0.38209398914940756,-0.4045480090604328,-0.1354645388582601
lb20_atr14_m3.0_r0.0025_tfnone_rfnone,20,14,3.0,0.0025,none,none,-0.04001946835898462,-0.047446795395070906,45,0.2222222222222222,0.4445280131507268,-0.3485420826261112,-0.02213990446105296,-0.02832500996949694,19,0.21052631578947367,0.3376135721654302,-0.44474610846370427,-0.1357104282223295
lb55_atr20_m2.0_r0.0025_tfnone_rfnone,55,20,2.0,0.0025,none,none,-0.032680596870621303,-0.036838585847569605,33,0.24242424242424243,0.33792206246750833,-0.37323715138263414,-0.016174640157774478,-0.01815110579214607,13,0.15384615384615385,0.1885877429835219,-0.4732123851757514,-0.13580863089612585
lb55_atr20_m2.0_r0.0025_tfma100_rfnone,55,20,2.0,0.0025,ma100,none,-0.033655849760510725,-0.03650033121264096,32,0.21875,0.317476241188854,-0.39649348231473014,-0.016174640157774478,-0.01815110579214607,13,0.15384615384615385,0.1885877429835219,-0.4732123851757514,-0.13844974912767036
lb20_atr20_m2.5_r0.0025_tfnone_rfadx20,20,20,2.5,0.0025,none,adx20,-0.05112301788696927,-0.059457448539437796,48,0.1875,0.37165641964016394,-0.4189980155089114,-0.018903971787457396,-0.020303157167317787,18,0.2222222222222222,0.22056140728429707,-0.4061123670149456,-0.14145765233995455
lb10_atr20_m3.0_r0.0025_tfnone_rfnone,10,20,3.0,0.0025,none,none,-0.06548426607488655,-0.06584584285718542,68,0.19117647058823528,0.39332076815262484,-0.38142857138075703,-0.022783272467540527,-0.034741231100035797,24,0.25,0.3964913262517473,-0.36852913615064736,-0.14164939336964633
lb10_atr20_m2.5_r0.0025_tfnone_rfadx20,10,20,2.5,0.0025,none,adx20,-0.06866208042206001,-0.07248660240535998,70,0.18571428571428572,0.3490979839314604,-0.388467173162679,-0.02261580159789045,-0.026810880222300826,25,0.32,0.31161205751395427,-0.3511719249544042,-0.141769931767338
lb55_atr14_m2.0_r0.0025_tfnone_rfnone,55,14,2.0,0.0025,none,none,-0.032346900188733985,-0.03636595050503233,33,0.24242424242424243,0.33319079690970194,-0.3719215087903392,-0.018575087551806146,-0.02058242476563943,14,0.07142857142857142,0.0933157304780045,-0.5040182203781405,-0.144342999466924
lb30_atr14_m3.0_r0.005_tfnone_rfnone,30,14,3.0,0.005,none,none,-0.04124820693772735,-0.059307702050039546,34,0.2647058823529412,0.5952783364437807,-0.23092244445934354,-0.0333468524419569,-0.04550839150356267,14,0.2857142857142857,0.3145915776167974,-0.492483055784627,-0.14488697420199262
lb20_atr14_m3.0_r0.005_tfma100_rfnone,20,14,3.0,0.005,ma100,none,-0.06312510596227294,-0.07643709095580353,36,0.19444444444444445,0.4502837615738714,-0.34333140247563426,-0.025666114455633937,-0.038825726948838124,13,0.3076923076923077,0.4287070988726703,-0.4099763596518129,-0.14689343060962676
lb20_atr20_m3.0_r0.0025_tfnone_rfnone,20,20,3.0,0.0025,none,none,-0.04985067177150637,-0.05130511733393539,48,0.1875,0.37979735336850473,-0.40754681043390456,-0.022032154093123202,-0.028544527243285267,19,0.21052631578947367,0.31855159025931395,-0.4453075837014124,-0.146977980602421
lb55_atr20_m2.0_r0.005_tfnone_rfadx20,55,20,2.0,0.005,none,adx20,-0.06807316272029873,-0.07605058257220032,29,0.20689655172413793,0.2317089820421347,-0.4576761291434118,-0.020033535068612718,-0.023955876991504588,11,0.18181818181818182,0.272043060186796,-0.3466737341131249,-0.14717033619811706
lb55_atr14_m2.0_r0.0025_tfma100_rfnone,55,14,2.0,0.0025,ma100,none,-0.03365045144166068,-0.03636595050503255,32,0.21875,0.3053832435004875,-0.3990846239400229,-0.018575087551806146,-0.02058242476563943,14,0.07142857142857142,0.0933157304780045,-0.5040182203781405,-0.14759834941713515
lb30_atr10_m3.0_r0.005_tfma100_rfnone,30,10,3.0,0.005,ma100,none,-0.041508937575411076,-0.0633664398264937,30,0.23333333333333334,0.5588607900868893,-0.2671265677054125,-0.030167782352388706,-0.042017560321846004,12,0.3333333333333333,0.30728727612790074,-0.5001845732284277,-0.14786059710557456
lb30_atr20_m2.5_r0.005_tfma100_rfadx20,30,20,2.5,0.005,ma100,adx20,-0.06521670490101272,-0.07735206865760624,31,0.1935483870967742,0.3465171001243737,-0.4070348965678091,-0.022004575172280938,-0.02479012950589654,11,0.2727272727272727,0.24260706817044483,-0.3842753133310373,-0.1484157813191555
lb10_atr14_m2.5_r0.005_tfma100_rfadx20,10,14,2.5,0.005,ma100,adx20,-0.0987910709597204,-0.10974156372120947,48,0.20833333333333334,0.3516319547788258,-0.40941699243289825,-0.020628290717697895,-0.03335870538102892,14,0.2857142857142857,0.5019509517404024,-0.2852588684432639,-0.14853699802243836
lb30_atr20_m2.0_r0.0025_tfma100_rfadx20,30,20,2.0,0.0025,ma100,adx20,-0.05358147372968125,-0.056367303129342905,38,0.23684210526315788,0.1951372792389933,-0.5392119078725626,-0.013716482108245387,-0.01569788608341105,13,0.15384615384615385,0.26628772257042693,-0.4027892814136787,-0.14902134930412567
lb20_atr10_m3.0_r0.005_tfma100_rfnone,20,10,3.0,0.005,ma100,none,-0.06730399649543795,-0.08310020173847377,38,0.18421052631578946,0.46427116112629674,-0.3499275264723234,-0.02605384974202085,-0.041009160943992984,13,0.3076923076923077,0.43640156723077145,-0.3998487052774766,-0.14912222129097513
lb55_atr10_m2.0_r0.0025_tfnone_rfnone,55,10,2.0,0.0025,none,none,-0.037172234917649094,-0.04088168897386146,34,0.17647058823529413,0.27960779392735025,-0.416010955501832,-0.01697262938791233,-0.018903790644784313,13,0.07692307692307693,0.0705031897761507,-0.49715550232965333,-0.14957890759838527
lb30_atr20_m3.0_r0.005_tfma100_rfnone,30,20,3.0,0.005,ma100,none,-0.05640287432375424,-0.06326889885329967,31,0.12903225806451613,0.4293988306657079,-0.34828291041735426,-0.02603177051655947,-0.0389282957573851,12,0.3333333333333333,0.359840454398278,-0.44500774086750655,-0.14994070593591116
lb20_atr10_m2.5_r0.005_tfma100_rfnone,20,10,2.5,0.005,ma100,none,-0.08431422081493023,-0.09060328272156859,42,0.19047619047619047,0.4054521739473406,-0.39424970097544915,-0.02135422637395723,-0.039176061114091554,13,0.23076923076923078,0.5423052823289416,-0.3557943541226083,-0.15003768989149271
lb55_atr20_m2.0_r0.005_tfma100_rfadx20,55,20,2.0,0.005,ma100,adx20,-0.06995041017916503,-0.07540963394902966,28,0.17857142857142858,0.2089283774059972,-0.48727047084297787,-0.020033535068612718,-0.023955876991504588,11,0.18181818181818182,0.272043060186796,-0.3466737341131249,-0.15075406599475447
lb55_atr20_m1.5_r0.0025_tfnone_rfadx20,55,20,1.5,0.0025,none,adx20,-0.04735181551907097,-0.050983357559860054,35,0.2571428571428571,0.19770741885819754,-0.5048662380398434,-0.017381403593019984,-0.019714779742848965,15,0.26666666666666666,0.23426724171835803,-0.4344664332025524,-0.15126405386364608
lb10_atr10_m2.5_r0.0025_tfnone_rfnone,10,10,2.5,0.0025,none,none,-0.08544655788141653,-0.08800453596608993,81,0.1728395061728395,0.351542397248417,-0.420864913750177,-0.024682714755271173,-0.03419432798969724,28,0.2857142857142857,0.4667098172076202,-0.33347351917604423,-0.15146069468720116
lb30_atr14_m2.5_r0.0025_tfma100_rfnone,30,14,2.5,0.0025,ma100,none,-0.030528891994346496,-0.03605565002499078,35,0.2,0.4378607214200455,-0.3322706212113497,-0.022807478912239665,-0.02660094617314479,15,0.26666666666666666,0.17795473265077452,-0.5690228599290417,-0.1517183910405659
lb20_atr14_m2.5_r0.005_tfnone_rfadx20,20,14,2.5,0.005,none,adx20,-0.09232626940556843,-0.10978434197360509,46,0.2391304347826087,0.38299048738483393,-0.39210671183574286,-0.026266090091166983,-0.035576189687820725,17,0.29411764705882354,0.4152207177228069,-0.30204297837858063,-0.1518859051367971
lb55_atr20_m1.5_r0.0025_tfma100_rfadx20,55,20,1.5,0.0025,ma100,adx20,-0.04615661902940138,-0.048248712061181975,33,0.24242424242424243,0.16898097102707074,-0.5214975154509316,-0.017381403593019984,-0.019714779742848965,15,0.26666666666666666,0.23426724171835803,-0.4344664332025524,-0.15210022954917687
lb30_atr20_m2.0_r0.0025_tfnone_rfadx20,30,20,2.0,0.0025,none,adx20,-0.051272812425650294,-0.0574843649539436,42,0.23809523809523808,0.2841760270837469,-0.4681273117704022,-0.01748623908347391,-0.01946006976828174,15,0.13333333333333333,0.22111573413983873,-0.4486234564782076,-0.15236447267827136
lb30_atr14_m2.0_r0.0025_tfnone_rfadx20,30,14,2.0,0.0025,none,adx20,-0.04861400009164163,-0.054950627768163396,41,0.24390243902439024,0.2942994220966211,-0.4550748689687692,-0.01875367845275644,-0.020760650389371915,16,0.125,0.14388986619547334,-0.4516074470982925,-0.1525909450444479
lb55_atr10_m2.0_r0.0025_tfma100_rfnone,55,10,2.0,0.0025,ma100,none,-0.03861127383807483,-0.04008139220416751,33,0.15151515151515152,0.2505993891066716,-0.44543201355104617,-0.01697262938791233,-0.018903790644784313,13,0.07692307692307693,0.0705031897761507,-0.49715550232965333,-0.15299336439474304
lb20_atr14_m2.5_r0.0025_tfma100_rfnone,20,14,2.5,0.0025,ma100,none,-0.04515645384300215,-0.04763144768271754,43,0.20930232558139536,0.37340533045022306,-0.40721607303982305,-0.021359840363873506,-0.025158927366354944,16,0.25,0.25257179514879624,-0.4985100515925887,-0.15307142401996546
lb30_atr14_m2.0_r0.0025_tfma100_rfadx20,30,14,2.0,0.0025,ma100,adx20,-0.051000850489133054,-0.053667593910788236,37,0.24324324324324326,0.19500201737800502,-0.5270273680816547,-0.01570154463748985,-0.017714759193088514,14,0.14285714285714285,0.16747952294938706,-0.42779416039252993,-0.15402360669939147
lb10_atr20_m3.0_r0.005_tfma100_rfnone,10,20,3.0,0.005,ma100,none,-0.08828992306127215,-0.09299755636753271,46,0.17391304347826086,0.39723603145070596,-0.37971319573768086,-0.025838613688698553,-0.04787115351528726,15,0.26666666666666666,0.47665367949409404,-0.34281100316689156,-0.15487382827308566
lb30_atr10_m3.0_r0.005_tfnone_rfnone,30,10,3.0,0.005,none,none,-0.04232554578606973,-0.06456586668949993,35,0.2571428571428571,0.6054389183893216,-0.23406597583775363,-0.03673525852802584,-0.04850479258200491,14,0.2857142857142857,0.266690872344542,-0.5244541533552809,-0.155048347354227
lb30_atr10_m2.5_r0.005_tfma100_rfnone,30,10,2.5,0.005,ma100,none,-0.05715249825887592,-0.06943594938952535,34,0.17647058823529413,0.47682542732676,-0.321380670391528,-0.02779389084445949,-0.03744220286210487,12,0.25,0.3776334282627567,-0.4893986700469937,-0.15573884354346812
lb10_atr14_m3.0_r0.005_tfma100_rfnone,10,14,3.0,0.005,ma100,none,-0.07512211970861671,-0.08679153626220504,43,0.20930232558139536,0.42360609374989827,-0.34342484662395995,-0.030115440466782495,-0.04932222330532121,15,0.26666666666666666,0.44781576131669243,-0.3928497134745557,-0.15605052045086248
lb30_atr10_m2.0_r0.0025_tfnone_rfadx20,30,10,2.0,0.0025,none,adx20,-0.052771086602663386,-0.05642044348910813,42,0.21428571428571427,0.26324099028917436,-0.4838131475867646,-0.017399788368556268,-0.019330110469878203,15,0.13333333333333333,0.12212833257366379,-0.4480871493437149,-0.1562438426835207
lb20_atr20_m2.0_r0.0025_tfma100_rfadx20,20,20,2.0,0.0025,ma100,adx20,-0.06794696825806723,-0.07069051211926258,48,0.20833333333333334,0.2219716976960703,-0.5480931932993196,-0.01506297580224969,-0.017041674725663425,15,0.13333333333333333,0.24852817612604935,-0.3840748991951557,-0.15638160280537342
lb30_atr10_m2.0_r0.0025_tfma100_rfadx20,30,10,2.0,0.0025,ma100,adx20,-0.054714642722770934,-0.05616013644150797,38,0.21052631578947367,0.16744812428509212,-0.5530126527396043,-0.014360965598083641,-0.016297257479064076,13,0.15384615384615385,0.14453274681522246,-0.4232449503533781,-0.1572091440298097
lb55_atr20_m1.5_r0.0025_tfnone_rfnone,55,20,1.5,0.0025,none,none,-0.04106699473333175,-0.044722494822090786,39,0.3076923076923077,0.3468529765707935,-0.39010555498502986,-0.02385796742254387,-0.026175963994143903,17,0.23529411764705882,0.18225483994800293,-0.5270626869101939,-0.15725492667708574
lb55_atr20_m1.5_r0.0025_tfma100_rfnone,55,20,1.5,0.0025,ma100,none,-0.039863913280605345,-0.041969808290898025,37,0.2972972972972973,0.328912625889365,-0.3987355762946592,-0.02385796742254387,-0.026175963994143903,17,0.23529411764705882,0.18225483994800293,-0.5270626869101939,-0.15727166445573945
lb55_atr14_m1.5_r0.0025_tfnone_rfadx20,55,14,1.5,0.0025,none,adx20,-0.05146684970094639,-0.054952419457980684,36,0.25,0.17485560444992018,-0.5367766917819271,-0.017450720859403135,-0.020128411158611526,15,0.26666666666666666,0.22161191603613337,-0.4365206197742131,-0.15742984949825337
lb30_atr14_m2.5_r0.0025_tfnone_rfnone,30,14,2.5,0.0025,none,none,-0.034830934805916036,-0.04079677303142548,41,0.21951219512195122,0.4566169038904234,-0.3260945129097205,-0.025911647343324073,-0.029693064203656583,17,0.23529411764705882,0.15975778408208147,-0.5765796705703461,-0.15767478368567248
lb55_atr14_m2.0_r0.005_tfnone_rfadx20,55,14,2.0,0.005,none,adx20,-0.06641642385987456,-0.07414641966083202,29,0.20689655172413793,0.24249773760526883,-0.44515165824577746,-0.024424678751779894,-0.028407278769039812,12,0.08333333333333333,0.13463534307150468,-0.3888664481752102,-0.15805730777311688
lb55_atr14_m1.5_r0.0025_tfma100_rfadx20,55,14,1.5,0.0025,ma100,adx20,-0.050412320086170026,-0.05240055776513597,34,0.23529411764705882,0.1420704992782669,-0.556937815077997,-0.017450720859403135,-0.020128411158611526,15,0.26666666666666666,0.22161191603613337,-0.4365206197742131,-0.1587063924273142
lb20_atr14_m2.0_r0.0025_tfma100_rfadx20,20,14,2.0,0.0025,ma100,adx20,-0.06235753267722188,-0.06529776532650211,46,0.21739130434782608,0.2377934614095973,-0.5260190393120209,-0.017354690871126732,-0.019364524198154043,16,0.125,0.15402301433389665,-0.414520507099581,-0.15966840134027185
lb55_atr10_m2.0_r0.005_tfnone_rfadx20,55,10,2.0,0.005,none,adx20,-0.07320426850227824,-0.08031813047760628,30,0.16666666666666666,0.20587662941557675,-0.4764716648380908,-0.02125201391888787,-0.025089982990285975,11,0.09090909090909091,0.10771724742251544,-0.37061575564029264,-0.16005260235703064
lb10_atr14_m2.5_r0.0025_tfma100_rfnone,10,14,2.5,0.0025,ma100,none,-0.05527375690552783,-0.05877789910373166,54,0.18518518518518517,0.3575583400925867,-0.3992452928981485,-0.0249355389847552,-0.031305194093389055,19,0.21052631578947367,0.2938903837549307,-0.4962722230350962,-0.16104896770550428
lb20_atr14_m2.5_r0.0025_tfnone_rfnone,20,14,2.5,0.0025,none,none,-0.05369047562601681,-0.05796882051344787,53,0.20754716981132076,0.3865399779186029,-0.3978209922814897,-0.02819636142435089,-0.031968909010840374,22,0.22727272727272727,0.24789313861313017,-0.4874352597213701,-0.16122124458805334
lb20_atr10_m2.0_r0.0025_tfnone_rfadx20,20,10,2.0,0.0025,none,adx20,-0.0754088142688446,-0.07946893027944579,56,0.17857142857142858,0.25350097346774314,-0.5254904234043456,-0.01947431525477883,-0.021400561939618146,20,0.15,0.21919301974346572,-0.37469741141225965,-0.1612673534504951
lb20_atr14_m2.0_r0.0025_tfnone_rfadx20,20,14,2.0,0.0025,none,adx20,-0.07263097027142573,-0.07678435380837512,55,0.2,0.2727941698962535,-0.5155466155923367,-0.021015527763947883,-0.02301787347369988,21,0.14285714285714285,0.22729883465499587,-0.3845120122520457,-0.1612737983242512
lb20_atr20_m3.0_r0.005_tfma100_rfnone,20,20,3.0,0.005,ma100,none,-0.0850384379775655,-0.08862589706479584,39,0.15384615384615385,0.35735180376159165,-0.4303879818838,-0.02441443977665514,-0.03733238044570364,13,0.3076923076923077,0.4204570180701921,-0.3862796964023754,-0.16228757676037223
lb55_atr14_m2.0_r0.005_tfma100_rfadx20,55,14,2.0,0.005,ma100,adx20,-0.06892835055763147,-0.07414641966083124,28,0.17857142857142858,0.2117273968601162,-0.47881058089739587,-0.024424678751779894,-0.028407278769039812,12,0.08333333333333333,0.13463534307150468,-0.3888664481752102,-0.16245591909694806
lb30_atr20_m2.5_r0.005_tfnone_rfadx20,30,20,2.5,0.005,none,adx20,-0.0661035389330531,-0.08380527024715023,35,0.2,0.40410378359139787,-0.36052238021290756,-0.02985706112550912,-0.03262024978570599,13,0.23076923076923078,0.1902125404720715,-0.44643517426819024,-0.16252116873808375
lb20_atr20_m2.0_r0.0025_tfnone_rfadx20,20,20,2.0,0.0025,none,adx20,-0.07818689138142898,-0.08214927312632381,57,0.19298245614035087,0.25409417266385087,-0.5348014797045783,-0.01959334641461108,-0.021562944005418805,20,0.15,0.2837073565113363,-0.37576637314360106,-0.16272458817381763
lb30_atr10_m2.5_r0.005_tfnone_rfnone,30,10,2.5,0.005,none,none,-0.058795774782600674,-0.07120752037590372,39,0.23076923076923078,0.5276785888824338,-0.28597269658022806,-0.034139956783994285,-0.043725289538608436,14,0.21428571428571427,0.3302040664627968,-0.5116970651161757,-0.16276648256889029
lb20_atr10_m2.0_r0.0025_tfma100_rfadx20,20,10,2.0,0.0025,ma100,adx20,-0.0651043684097804,-0.06703867362580718,47,0.19148936170212766,0.2154504176585402,-0.5385021571481361,-0.016369522608108866,-0.018301868670696053,15,0.13333333333333333,0.12909900203597482,-0.41850797017226193,-0.16279092735919332
lb55_atr10_m2.0_r0.005_tfma100_rfadx20,55,10,2.0,0.005,ma100,adx20,-0.07597050523960813,-0.07879217061408872,29,0.13793103448275862,0.173401186515996,-0.5120356519056883,-0.02125201391888787,-0.025089982990285975,11,0.09090909090909091,0.10771724742251544,-0.37061575564029264,-0.16453661552679702
lb10_atr10_m3.0_r0.005_tfma100_rfnone,10,10,3.0,0.005,ma100,none,-0.07507606246864762,-0.08507508473237257,44,0.20454545454545456,0.4528194989208898,-0.33675423588037073,-0.034776545228912714,-0.052017681462631415,16,0.25,0.4333327854043307,-0.4332361600372423,-0.16500871462114028
lb10_atr20_m2.0_r0.0025_tfma100_rfadx20,10,20,2.0,0.0025,ma100,adx20,-0.08771156739513597,-0.09039693318836228,62,0.1774193548387097,0.1813604453983565,-0.5517784682199186,-0.017573112712162886,-0.020781192887495914,19,0.21052631578947367,0.2852786730540455,-0.3552367321066643,-0.16573346425195962
lb10_atr20_m2.5_r0.005_tfma100_rfadx20,10,20,2.5,0.005,ma100,adx20,-0.10588266885958131,-0.11202091290238858,50,0.18,0.3364753645850233,-0.42419681964425665,-0.02616585473878774,-0.03448980961868664,16,0.3125,0.2994364869943114,-0.31766646649588914,-0.1660547191002604
lb30_atr20_m3.0_r0.005_tfnone_rfnone,30,20,3.0,0.005,none,none,-0.06074067937497962,-0.06646585919297121,36,0.19444444444444445,0.46395137225901956,-0.3237970879677951,-0.03410615365067082,-0.046895764227608105,14,0.2857142857142857,0.29990979707824006,-0.4980793763231956,-0.16614022261075986
lb10_atr20_m2.5_r0.0025_tfma100_rfnone,10,20,2.5,0.0025,ma100,none,-0.05889185943551867,-0.062348143114568044,56,0.17857142857142858,0.3436176443406847,-0.4094788497122623,-0.026979825535894952,-0.031156173119258557,21,0.23809523809523808,0.17175175863865222,-0.49021805803262664,-0.16670227505886626
lb30_atr20_m2.5_r0.0025_tfma100_rfnone,30,20,2.5,0.0025,ma100,none,-0.03648559921998529,-0.03915840072795451,37,0.21621621621621623,0.3713484846365147,-0.37476333581151633,-0.02421843975461513,-0.025610045931556136,15,0.2,0.1270235375761378,-0.6056960120343077,-0.1667207253258145
lb55_atr20_m2.0_r0.005_tfnone_rfnone,55,20,2.0,0.005,none,none,-0.06353547785079294,-0.07155174089929706,33,0.24242424242424243,0.341900428280294,-0.3732371513826342,-0.03214799181143413,-0.03602184529798058,13,0.15384615384615385,0.18855347760304175,-0.4732123851757514,-0.16794380005935985
lb55_atr10_m1.5_r0.0025_tfnone_rfadx20,55,10,1.5,0.0025,none,adx20,-0.05416580534223836,-0.057532286900665586,37,0.1891891891891892,0.13803121029521992,-0.5513656003517686,-0.01870719696541745,-0.021275853176009774,15,0.2,0.17591211842312648,-0.4709445859698425,-0.16814318396037098
lb55_atr10_m1.5_r0.0025_tfma100_rfadx20,55,10,1.5,0.0025,ma100,adx20,-0.053142696365086395,-0.055207592097309965,35,0.17142857142857143,0.10432823765652682,-0.5724550400711754,-0.01870719696541745,-0.021275853176009774,15,0.2,0.17591211842312648,-0.4709445859698425,-0.16955653483633717
lb55_atr20_m2.0_r0.005_tfma100_rfnone,55,20,2.0,0.005,ma100,none,-0.06542186589564536,-0.07090767140573762,32,0.21875,0.3209934760406091,-0.39649348231473014,-0.03214799181143413,-0.03602184529798058,13,0.15384615384615385,0.18855347760304175,-0.4732123851757514,-0.1709569569055202
lb20_atr20_m2.5_r0.005_tfma100_rfadx20,20,20,2.5,0.005,ma100,adx20,-0.09163087613532062,-0.09776206635817286,40,0.2,0.32700333163886225,-0.45408602975345447,-0.02598925362506377,-0.0287634586843879,13,0.23076923076923078,0.21335904892948448,-0.3858500544091248,-0.17153229731134145
lb20_atr10_m3.0_r0.005_tfnone_rfnone,20,10,3.0,0.005,none,none,-0.08059765013283116,-0.0976737893893822,47,0.19148936170212766,0.4709830988615053,-0.3286944036609284,-0.0399606420533728,-0.054702409203877256,19,0.21052631578947367,0.370290193208889,-0.4256200269939053,-0.17190228599787233
lb30_atr20_m1.5_r0.0025_tfma100_rfadx20,30,20,1.5,0.0025,ma100,adx20,-0.0666236831407867,-0.06909216064486567,44,0.25,0.1916670210140142,-0.5735311078343522,-0.02024017917898069,-0.022566766734746446,17,0.29411764705882354,0.25265969151086615,-0.44817545025911093,-0.17272613270061096
lb20_atr20_m2.5_r0.0025_tfma100_rfnone,20,20,2.5,0.0025,ma100,none,-0.05052173704801011,-0.052758922809086006,45,0.2,0.33857781641065576,-0.4348215706604479,-0.025163390569117983,-0.02655364910900171,17,0.17647058823529413,0.12284322119368037,-0.5571717979918024,-0.17350163916710032
lb20_atr10_m2.5_r0.005_tfnone_rfnone,20,10,2.5,0.005,none,none,-0.10039520852280692,-0.10737876166560811,51,0.21568627450980393,0.41631144905218104,-0.3834827567663983,-0.0339058410208799,-0.05149910194198004,19,0.21052631578947367,0.46691407082281744,-0.3774779857189613,-0.17366766883514523
lb30_atr20_m2.5_r0.0025_tfnone_rfnone,30,20,2.5,0.0025,none,none,-0.03992992128433104,-0.04307728253775811,43,0.20930232558139536,0.40504220676269254,-0.35519992241127746,-0.02813954954174014,-0.02952556364682546,17,0.17647058823529413,0.11104606450251457,-0.6271805293740987,-0.17373117073483735
lb55_atr14_m1.5_r0.0025_tfnone_rfnone,55,14,1.5,0.0025,none,none,-0.05120861003968935,-0.054695128748642796,40,0.3,0.22297103310033242,-0.47958095370601156,-0.024178546229077114,-0.02683790153673893,17,0.23529411764705882,0.1703562208921041,-0.5327674448362201,-0.173852148448427
lb10_atr14_m2.0_r0.0025_tfma100_rfadx20,10,14,2.0,0.0025,ma100,adx20,-0.08305888772625047,-0.08838457578778991,60,0.2,0.21851486296218564,-0.5406652641377787,-0.021252334138143092,-0.02391664933578963,20,0.25,0.19369403091701098,-0.4038406971460775,-0.17451833692469587
lb55_atr14_m1.5_r0.0025_tfma100_rfnone,55,14,1.5,0.0025,ma100,none,-0.05015379332754499,-0.0521425723073865,38,0.2894736842105263,0.19488974864586947,-0.49460955149323643,-0.024178546229077114,-0.02683790153673893,17,0.23529411764705882,0.1703562208921041,-0.5327674448362201,-0.1746299788193402
lb10_atr10_m2.0_r0.0025_tfma100_rfadx20,10,10,2.0,0.0025,ma100,adx20,-0.08401664181985535,-0.08896292256450322,61,0.18032786885245902,0.21186737765243258,-0.5376216894572174,-0.02044727894470022,-0.023382225813644464,19,0.2631578947368421,0.16937097673800344,-0.40801210872027605,-0.1754042040919078
lb10_atr14_m2.5_r0.005_tfnone_rfadx20,10,14,2.5,0.005,none,adx20,-0.13187942108922657,-0.13972093576348266,69,0.2318840579710145,0.3480067655368068,-0.3760826924617386,-0.03472195998484606,-0.04756256964017491,24,0.20833333333333334,0.46372720085878566,-0.2833707247652916,-0.17662824350502956
lb10_atr14_m2.5_r0.0025_tfnone_rfnone,10,14,2.5,0.0025,none,none,-0.07602509281506264,-0.07855778098567434,79,0.21518987341772153,0.3634074938937577,-0.3841927622062947,-0.03720920313114118,-0.043498679943203444,31,0.16129032258064516,0.28727595109021725,-0.4645222770175479,-0.17666817658839173
lb20_atr14_m3.0_r0.005_tfnone_rfnone,20,14,3.0,0.005,none,none,-0.08026494855036659,-0.09278925544257532,45,0.2222222222222222,0.4348831475714356,-0.34854208262611125,-0.04100109633423765,-0.0539535904852525,19,0.21052631578947367,0.3540246853944185,-0.44474610846370427,-0.17698717956006735
lb10_atr10_m2.5_r0.005_tfma100_rfnone,10,10,2.5,0.005,ma100,none,-0.113404645562179,-0.11913441199042152,54,0.16666666666666666,0.34476260604597425,-0.4181972996749145,-0.027827472970947786,-0.049277022829349315,17,0.29411764705882354,0.5218600808457448,-0.36058620226438004,-0.17721928690083372
lb20_atr20_m1.5_r0.0025_tfma100_rfadx20,20,20,1.5,0.0025,ma100,adx20,-0.08411287804079282,-0.08653510229910644,55,0.21818181818181817,0.1830129632645078,-0.5874035532935984,-0.02048032816680745,-0.02280634545255933,19,0.3684210526315789,0.2725389895860707,-0.40595920997916063,-0.17728957587323896
lb55_atr14_m2.0_r0.005_tfnone_rfnone,55,14,2.0,0.005,none,none,-0.0634670755176755,-0.07122149168214775,33,0.24242424242424243,0.3353464544214608,-0.3719215087903392,-0.03685863382579091,-0.040790474595031934,14,0.07142857142857142,0.09346209696305217,-0.5040182203781405,-0.1785114089857456
lb20_atr20_m2.5_r0.0025_tfnone_rfnone,20,20,2.5,0.0025,none,none,-0.057351714479273896,-0.059158510282998567,55,0.18181818181818182,0.36703768018447835,-0.4094958779295059,-0.03270955307462253,-0.03408904969115911,23,0.17391304347826086,0.13943894815296592,-0.5444172519767673,-0.1786696077001734
lb30_atr14_m1.5_r0.0025_tfnone_rfadx20,30,14,1.5,0.0025,none,adx20,-0.07207487070469631,-0.07548704986753974,51,0.2549019607843137,0.22970045584428128,-0.5376206111821283,-0.023357325329522838,-0.026018918667666036,19,0.21052631578947367,0.22448840323676567,-0.46654280174836005,-0.17867895669646247
lb30_atr20_m1.5_r0.0025_tfnone_rfadx20,30,20,1.5,0.0025,none,adx20,-0.07116988432234561,-0.07512917419188181,51,0.27450980392156865,0.20557099825521338,-0.529822950178716,-0.02366453140683822,-0.0259829873214501,19,0.2631578947368421,0.22407314139859089,-0.4723984262854918,-0.1789119319823348
lb30_atr14_m1.5_r0.0025_tfma100_rfadx20,30,14,1.5,0.0025,ma100,adx20,-0.07178659584057745,-0.07373242229190458,45,0.24444444444444444,0.15906183533096035,-0.6065430656296965,-0.020728414641839277,-0.023397172413151757,17,0.23529411764705882,0.24639087134729631,-0.4580099910577597,-0.1811347706567946
lb55_atr14_m2.0_r0.005_tfma100_rfnone,55,14,2.0,0.005,ma100,none,-0.06598693781652043,-0.07122149168214775,32,0.21875,0.30709305574424234,-0.3990846239400229,-0.03685863382579091,-0.040790474595031934,14,0.07142857142857142,0.09346209696305217,-0.5040182203781405,-0.18231878028193396
lb10_atr20_m1.5_r0.0025_tfma100_rfadx20,10,20,1.5,0.0025,ma100,adx20,-0.11015464644012318,-0.11250799867083217,72,0.18055555555555555,0.15036638647424647,-0.5933569841007692,-0.021259989468776386,-0.024158620025462096,23,0.391304347826087,0.36406903273162683,-0.35088871894474183,-0.1835549058675106
lb30_atr14_m2.5_r0.005_tfma100_rfnone,30,14,2.5,0.005,ma100,none,-0.05969519243336863,-0.07091528014249038,35,0.2,0.4407453165350356,-0.3322706212113497,-0.04006423558909744,-0.04749548955014293,15,0.26666666666666666,0.19712012349294297,-0.5690228599290418,-0.18424335853473744
lb10_atr14_m3.0_r0.005_tfnone_rfnone,10,14,3.0,0.005,none,none,-0.10612620197692701,-0.11022443903101753,64,0.25,0.4292794758521986,-0.3266482496478544,-0.04733214298659505,-0.06977632127167144,25,0.24,0.40596820422374563,-0.3776081593302956,-0.18488196778377064
lb55_atr10_m2.0_r0.005_tfnone_rfnone,55,10,2.0,0.005,none,none,-0.07269808077969908,-0.07981582813070331,34,0.17647058823529413,0.2815274386316772,-0.416010955501832,-0.03370044421739471,-0.03748959920063888,13,0.07692307692307693,0.0707429369002277,-0.49715550232965333,-0.18502409476068818
lb55_atr10_m1.5_r0.0025_tfnone_rfnone,55,10,1.5,0.0025,none,none,-0.05481668148108476,-0.05818084639402532,41,0.21951219512195122,0.17387444537128122,-0.5026276632597355,-0.02540901276166363,-0.0279601261341611,17,0.17647058823529413,0.13570637548395328,-0.562867854612165,-0.1850314058868167
lb55_atr10_m1.5_r0.0025_tfma100_rfnone,55,10,1.5,0.0025,ma100,none,-0.05379427655674085,-0.055857751330228855,39,0.20512820512820512,0.1440966981877675,-0.5190547021314066,-0.02540901276166363,-0.0279601261341611,17,0.17647058823529413,0.13570637548395328,-0.562867854612165,-0.18599612260862852
lb10_atr10_m2.0_r0.0025_tfnone_rfadx20,10,10,2.0,0.0025,none,adx20,-0.11810724697594088,-0.1241328861780624,88,0.18181818181818182,0.22192043700538192,-0.5368982908408163,-0.026203060042693793,-0.02961861439872293,30,0.23333333333333334,0.29186090890905036,-0.3378626725274012,-0.1864992203932428
lb20_atr10_m1.5_r0.0025_tfnone_rfadx20,20,10,1.5,0.0025,none,adx20,-0.10251244564842321,-0.10627323006568345,67,0.1791044776119403,0.18853559459231584,-0.6006208665354178,-0.02399584335356353,-0.02655065587311023,24,0.20833333333333334,0.3064843955981676,-0.3780209351670744,-0.1871363954515698
lb30_atr10_m1.5_r0.0025_tfnone_rfadx20,30,10,1.5,0.0025,none,adx20,-0.07212640715392171,-0.07601451962104544,51,0.21568627450980393,0.22646775453183665,-0.541298400551459,-0.02510574817594513,-0.027657655381291613,19,0.15789473684210525,0.17771388054746534,-0.5034975599465261,-0.18743669930842005
lb55_atr20_m1.5_r0.005_tfma100_rfadx20,55,20,1.5,0.005,ma100,adx20,-0.08278820055729408,-0.08680289080881698,33,0.24242424242424243,0.1817419030500707,-0.5214975154509316,-0.03423181912506745,-0.03848478046149573,15,0.26666666666666666,0.23160508262680402,-0.43446643320255235,-0.18804787730691552
lb55_atr20_m1.5_r0.005_tfnone_rfadx20,55,20,1.5,0.005,none,adx20,-0.08545970388276758,-0.0913665334974908,35,0.2571428571428571,0.20644997001066195,-0.5048662380398434,-0.03423181912506745,-0.03848478046149573,15,0.26666666666666666,0.23160508262680402,-0.43446643320255235,-0.18817429230323654
lb20_atr20_m2.5_r0.005_tfnone_rfadx20,20,20,2.5,0.005,none,adx20,-0.10355543482783736,-0.11564897227078852,48,0.1875,0.3485466021366286,-0.4189980155089114,-0.037516842815165985,-0.04025821466769852,18,0.2222222222222222,0.21973382207797396,-0.4061123670149456,-0.18860323829638342
lb55_atr10_m2.0_r0.005_tfma100_rfnone,55,10,2.0,0.005,ma100,none,-0.07546582835164517,-0.07828903483418359,33,0.15151515151515152,0.2519411321320326,-0.44543201355104617,-0.03370044421739471,-0.03748959920063888,13,0.07692307692307693,0.0707429369002277,-0.49715550232965333,-0.18894082890410366
lb30_atr10_m1.5_r0.0025_tfma100_rfadx20,30,10,1.5,0.0025,ma100,adx20,-0.07094291859443713,-0.07355611135377704,45,0.2222222222222222,0.16212186376424567,-0.6000508975923127,-0.022435040257481442,-0.024993938373655156,17,0.17647058823529413,0.19513926314874583,-0.498825995916131,-0.18911604775056415
lb30_atr20_m2.0_r0.005_tfma100_rfadx20,30,20,2.0,0.005,ma100,adx20,-0.10233721378975003,-0.10760633284903154,38,0.23684210526315788,0.19478046726381007,-0.5392119078725626,-0.027303660138474073,-0.03119690319179569,13,0.15384615384615385,0.2659351933762803,-0.40278928141367876,-0.18964820970174406
lb20_atr20_m1.5_r0.0025_tfnone_rfadx20,20,20,1.5,0.0025,none,adx20,-0.10026378705942596,-0.10409905942303943,67,0.22388059701492538,0.17565787394073268,-0.5850270411743701,-0.026121370167463076,-0.028433991947662052,25,0.32,0.257437127844688,-0.39510772378896925,-0.18998260354357982
lb10_atr10_m3.0_r0.005_tfnone_rfnone,10,10,3.0,0.005,none,none,-0.10564670242636909,-0.11080599693117621,65,0.23076923076923078,0.4593908474796527,-0.30676877978661465,-0.05420770604354008,-0.07110175654376538,27,0.2222222222222222,0.39120531901586725,-0.40454800906043287,-0.19148376277186016
lb20_atr14_m2.5_r0.005_tfma100_rfnone,20,14,2.5,0.005,ma100,none,-0.08793207643483314,-0.09316230396477432,43,0.20930232558139536,0.3758531104001841,-0.40721607303982305,-0.03722612703858619,-0.044679351954553526,16,0.25,0.2789456493139905,-0.4985100515925886,-0.19195655028410508
lb10_atr20_m2.5_r0.0025_tfnone_rfnone,10,20,2.5,0.0025,none,none,-0.08006549830777998,-0.08127930639361514,80,0.1875,0.33598597947872844,-0.3971261922032806,-0.04287500884472284,-0.04698313193270476,33,0.24242424242424243,0.1912851687023904,-0.5058433020033913,-0.19289561111982279
lb20_atr20_m3.0_r0.005_tfnone_rfnone,20,20,3.0,0.005,none,none,-0.09943459701021273,-0.10013173650305485,48,0.1875,0.3683584614387038,-0.40754681043390456,-0.04189028665603811,-0.054576825834193765,19,0.21052631578947367,0.3287559491989884,-0.4453075837014125,-0.19373796755269426
lb30_atr20_m2.0_r0.0025_tfma100_rfnone,30,20,2.0,0.0025,ma100,none,-0.058148045595241005,-0.060920433066405266,46,0.2608695652173913,0.24998377098778166,-0.48296379717017696,-0.028059878099882085,-0.03001246676857683,17,0.11764705882352941,0.149664355013666,-0.6136002351962091,-0.1943577414155566
lb55_atr20_m1.5_r0.005_tfma100_rfnone,55,20,1.5,0.005,ma100,none,-0.07022859222514743,-0.07429825662458744,37,0.2972972972972973,0.3485963041789751,-0.3987355762946592,-0.04694182684541515,-0.051138817015583427,17,0.23529411764705882,0.18017839192877969,-0.5270626869101938,-0.19448202932998734
lb30_atr14_m2.0_r0.005_tfma100_rfadx20,30,14,2.0,0.005,ma100,adx20,-0.09751494773002078,-0.10257280699377347,37,0.24324324324324326,0.19799532117830082,-0.5270273680816547,-0.031205028557803716,-0.03515994909131037,14,0.14285714285714285,0.167402341103276,-0.42779416039253,-0.19483442117521524
lb30_atr20_m2.0_r0.0025_tfnone_rfnone,30,20,2.0,0.0025,none,none,-0.05904477572461697,-0.05999025939355018,52,0.25,0.31096211923257094,-0.4354240957240793,-0.03177481197799181,-0.033719937493729035,19,0.10526315789473684,0.13419334481897552,-0.6275944835332024,-0.19541395520153002
lb55_atr20_m1.5_r0.005_tfnone_rfnone,55,20,1.5,0.005,none,none,-0.07293667710729801,-0.0789243904028577,39,0.3076923076923077,0.3619318202803255,-0.3901055549850299,-0.04694182684541515,-0.051138817015583427,17,0.23529411764705882,0.18017839192877969,-0.5270626869101938,-0.19545317647225618
lb30_atr14_m2.5_r0.005_tfnone_rfnone,30,14,2.5,0.005,none,none,-0.06925875800473835,-0.08005318446531207,41,0.21951219512195122,0.44960483267087253,-0.3260945129097205,-0.0461585392126963,-0.05354261468574106,17,0.23529411764705882,0.17504399215336605,-0.576579670570346,-0.19577542106979856
lb20_atr20_m2.0_r0.0025_tfma100_rfnone,20,20,2.0,0.0025,ma100,none,-0.07328063663859963,-0.07600848058504261,55,0.21818181818181817,0.24669683762708366,-0.5156477291244295,-0.02809991508346421,-0.030052423319467003,19,0.10526315789473684,0.14957209424942114,-0.5507613399842434,-0.19599697854112158
lb20_atr10_m1.5_r0.0025_tfma100_rfadx20,20,10,1.5,0.0025,ma100,adx20,-0.08982429092936073,-0.09238437536364752,56,0.19642857142857142,0.15542474616173654,-0.6196918835546782,-0.023081663110198436,-0.025638868610466492,19,0.21052631578947367,0.2007770781765008,-0.459413031496128,-0.19604630858846858
lb55_atr14_m1.5_r0.005_tfnone_rfadx20,55,14,1.5,0.005,none,adx20,-0.09294127408846764,-0.09879978176413218,36,0.25,0.18292053790034785,-0.5367766917819272,-0.034334793899330474,-0.038587301764892556,15,0.26666666666666666,0.22221575802240678,-0.4365206197742131,-0.19622106620513047
lb30_atr20_m2.0_r0.005_tfnone_rfadx20,30,20,2.0,0.005,none,adx20,-0.10056034803685876,-0.11104511402499129,42,0.23809523809523808,0.26618369508148576,-0.4681273117704022,-0.03473272858021481,-0.03859623658887945,15,0.13333333333333333,0.22069158973648786,-0.4486234564782076,-0.19670053147171387
lb30_atr14_m2.0_r0.005_tfnone_rfadx20,30,14,2.0,0.005,none,adx20,-0.09592943595183356,-0.10665278601909345,41,0.24390243902439024,0.2758916416084895,-0.4550748689687692,-0.03720941513021192,-0.04113982390173987,16,0.125,0.14376392984172132,-0.4516074470982924,-0.1967661710765042
lb55_atr14_m1.5_r0.005_tfma100_rfadx20,55,14,1.5,0.005,ma100,adx20,-0.09146625691841836,-0.09526286628444014,34,0.23529411764705882,0.1513168057751466,-0.556937815077997,-0.034334793899330474,-0.038587301764892556,15,0.26666666666666666,0.22221575802240678,-0.4365206197742131,-0.1971580777871721
lb10_atr20_m3.0_r0.005_tfnone_rfnone,10,20,3.0,0.005,none,none,-0.12744955433691496,-0.1281206309588313,68,0.19117647058823528,0.39227786464078895,-0.38142857138075703,-0.0445544136092858,-0.06770402127229525,24,0.25,0.4015033383175086,-0.36852913615064736,-0.19870991274612881
lb30_atr10_m2.0_r0.005_tfma100_rfadx20,30,10,2.0,0.005,ma100,adx20,-0.1050881467089455,-0.10782089691222596,38,0.21052631578947367,0.16881824015708033,-0.5530126527396043,-0.028554075381986066,-0.0323634108454981,13,0.15384615384615385,0.14464619495184927,-0.4232449503533781,-0.19907653909058787
lb10_atr14_m2.0_r0.0025_tfnone_rfadx20,10,14,2.0,0.0025,none,adx20,-0.11546716730188955,-0.12145659927113839,87,0.19540229885057472,0.22700664119689196,-0.5308055098344938,-0.032887820528835654,-0.036059780865090985,32,0.21875,0.25665475162539164,-0.3952056607669812,-0.19970605809548309
lb10_atr20_m2.5_r0.005_tfnone_rfadx20,10,20,2.5,0.005,none,adx20,-0.1344194659620389,-0.14069691975165333,70,0.18571428571428572,0.3395011919430319,-0.3884671731626789,-0.044823876158353704,-0.05298834954009357,25,0.32,0.310936363769789,-0.3511719249544042,-0.2000447250635802
lb20_atr20_m2.0_r0.0025_tfnone_rfnone,20,20,2.0,0.0025,none,none,-0.08529368708411866,-0.08621279551608252,66,0.19696969696969696,0.2672698312043352,-0.5043293222846944,-0.0342111436310798,-0.03615137465437679,25,0.12,0.18334013096587748,-0.5174766308472372,-0.2005047393984435
lb30_atr10_m2.0_r0.005_tfnone_rfadx20,30,10,2.0,0.005,none,adx20,-0.10343798442924113,-0.11031977964509232,42,0.21428571428571427,0.25083751369161045,-0.4838131475867646,-0.034539387742104966,-0.03832525297216827,15,0.13333333333333333,0.12215260007056691,-0.4480871493437148,-0.2010851337614505
lb10_atr20_m2.0_r0.0025_tfnone_rfadx20,10,20,2.0,0.0025,none,adx20,-0.12052771156101372,-0.12410369313219205,90,0.17777777777777778,0.19585727939336084,-0.5352873158109498,-0.031977293723302935,-0.03513833755614393,31,0.16129032258064516,0.2726898786860299,-0.39897125446585224,-0.20263198146952835
lb30_atr20_m2.5_r0.005_tfma100_rfnone,30,20,2.5,0.005,ma100,none,-0.07178509244654474,-0.07690080614495642,37,0.21621621621621623,0.37156838493242433,-0.3747633358115163,-0.04337430457840863,-0.04609899304205767,15,0.2,0.1385440786573557,-0.6056960120343076,-0.20352532643377255
lb30_atr10_m2.0_r0.0025_tfnone_rfnone,30,10,2.0,0.0025,none,none,-0.06409307157537458,-0.0646440486509895,52,0.19230769230769232,0.2683305301485212,-0.4752680760118387,-0.0318188468151297,-0.03372084261764752,19,0.10526315789473684,0.07019619496470654,-0.6301661140930864,-0.20396148767175795
lb20_atr20_m2.0_r0.005_tfma100_rfadx20,20,20,2.0,0.005,ma100,adx20,-0.12806586001244635,-0.13318395654716286,48,0.20833333333333334,0.22458498497330068,-0.5480931932993196,-0.029961799484019336,-0.033844403263687206,15,0.13333333333333333,0.24846063067756333,-0.3840748991951557,-0.2047211263794441
lb30_atr10_m2.0_r0.0025_tfma100_rfnone,30,10,2.0,0.0025,ma100,none,-0.06264021903237604,-0.0640735932671026,46,0.1956521739130435,0.20097005784601937,-0.5231974272506477,-0.028824616914287948,-0.030732494893590978,17,0.11764705882352941,0.07709289907443535,-0.6325901930709903,-0.20596457371628848
lb30_atr14_m2.0_r0.0025_tfnone_rfnone,30,14,2.0,0.0025,none,none,-0.05815728808784748,-0.058929566891185337,51,0.2549019607843137,0.3064058965459957,-0.4378966198833093,-0.037406836887859396,-0.03937565697138112,21,0.09523809523809523,0.07690015628886658,-0.6645637959642647,-0.20682310622779582
lb20_atr14_m1.5_r0.0025_tfma100_rfadx20,20,14,1.5,0.0025,ma100,adx20,-0.09632487845335691,-0.0982192649673117,56,0.19642857142857142,0.12255997097269487,-0.66361849127637,-0.025053880775748216,-0.027710850579828694,20,0.25,0.225128542586214,-0.47359988939323927,-0.2074310617142905
lb20_atr14_m2.0_r0.005_tfma100_rfadx20,20,14,2.0,0.005,ma100,adx20,-0.1195821607495895,-0.12451634720844029,46,0.21739130434782608,0.23531906982210793,-0.526019039312021,-0.034460711501047014,-0.03840234133042919,16,0.125,0.1541038839768851,-0.414520507099581,-0.2080926333907867
lb10_atr10_m1.5_r0.0025_tfma100_rfadx20,10,10,1.5,0.0025,ma100,adx20,-0.12427208248457688,-0.12673527435836462,76,0.15789473684210525,0.12953316590357086,-0.6381631319177854,-0.024522652950925372,-0.028054340872210815,23,0.2608695652173913,0.3090461916316397,-0.4053452803381268,-0.2087683463969618
lb20_atr14_m1.5_r0.0025_tfnone_rfadx20,20,14,1.5,0.0025,none,adx20,-0.10830677599874161,-0.1115857226966247,67,0.19402985074626866,0.16410216200040792,-0.6329976061909464,-0.02971991533775742,-0.032364169041233404,26,0.23076923076923078,0.2299850859763899,-0.4344302823944793,-0.2088951173167152
lb30_atr14_m2.0_r0.0025_tfma100_rfnone,30,14,2.0,0.0025,ma100,none,-0.05685209135006597,-0.059502392440784924,45,0.26666666666666666,0.23919730165113487,-0.48287986768972674,-0.03441272309709731,-0.03638766712954111,19,0.10526315789473684,0.08319644636635917,-0.669433621430121,-0.20920261674008864
lb20_atr10_m2.0_r0.0025_tfma100_rfnone,20,10,2.0,0.0025,ma100,none,-0.07720075781993663,-0.0791100355266453,55,0.16363636363636364,0.21479348749769328,-0.54672820085586,-0.029649989442941393,-0.03155624597456397,19,0.10526315789473684,0.07511483630921927,-0.5833643744259698,-0.20924322163205852
lb20_atr10_m2.0_r0.0025_tfnone_rfnone,20,10,2.0,0.0025,none,none,-0.0901655987736244,-0.09119285921436471,66,0.15151515151515152,0.24144101524807685,-0.5349659316109006,-0.03488231556986632,-0.03677829317558945,25,0.12,0.13414847642839967,-0.5271212260150633,-0.20940484182016478
lb20_atr14_m2.0_r0.0025_tfma100_rfnone,20,14,2.0,0.0025,ma100,none,-0.06913829474363997,-0.07205726447159422,53,0.22641509433962265,0.2525618957367128,-0.5057882458265245,-0.03483628541601602,-0.03681036312400199,21,0.09523809523809523,0.0822913526810111,-0.6142464562572774,-0.20974584042082375
lb55_atr10_m1.5_r0.005_tfnone_rfadx20,55,10,1.5,0.005,none,adx20,-0.0987742715553902,-0.10485207389676166,37,0.1891891891891892,0.1450487945554586,-0.5513656003517686,-0.036977341866290536,-0.0412182127214854,15,0.2,0.17559255902950038,-0.4709445859698425,-0.21000790388648977
lb10_atr14_m2.5_r0.005_tfma100_rfnone,10,14,2.5,0.005,ma100,none,-0.10800910115955753,-0.11368858062953957,54,0.18518518518518517,0.35593327526729257,-0.3992452928981485,-0.04587994713532251,-0.058282126814851676,19,0.21052631578947367,0.3111313176394729,-0.4962722230350961,-0.21068165999374006
lb20_atr14_m2.0_r0.0025_tfnone_rfnone,20,14,2.0,0.0025,none,none,-0.08201102917588854,-0.08306334622043432,64,0.203125,0.2743865742530074,-0.5005635900050286,-0.04040326088742985,-0.04236595229689155,27,0.1111111111111111,0.13098152833943688,-0.5615407816884058,-0.21138526500281918
lb55_atr10_m1.5_r0.005_tfma100_rfadx20,55,10,1.5,0.005,ma100,adx20,-0.09789967526528354,-0.10182671280582845,35,0.17142857142857143,0.10957117729436866,-0.5724550400711755,-0.036977341866290536,-0.0412182127214854,15,0.2,0.17559255902950038,-0.4709445859698425,-0.2114086259599007
lb20_atr10_m2.0_r0.005_tfma100_rfadx20,20,10,2.0,0.005,ma100,adx20,-0.1249817414301232,-0.12817975583632557,47,0.19148936170212766,0.21483011386393527,-0.5385021571481361,-0.03251356286605822,-0.03630737197271583,15,0.13333333333333333,0.12933164176689815,-0.4185079701722619,-0.21185812644330776
lb20_atr14_m2.5_r0.005_tfnone_rfnone,20,14,2.5,0.005,none,none,-0.10729763653415614,-0.11277308996641333,53,0.20754716981132076,0.37017359663862676,-0.39782099228148976,-0.05085252740275148,-0.058200264800246204,22,0.22727272727272727,0.26611643622347836,-0.4874352597213701,-0.21211460121353504
lb10_atr14_m1.5_r0.0025_tfma100_rfadx20,10,14,1.5,0.0025,ma100,adx20,-0.12252043728241135,-0.1243599096882001,74,0.16216216216216217,0.10811804818996358,-0.6455790589598267,-0.026885597704952247,-0.030455792360068457,24,0.2916666666666667,0.3094063813383561,-0.42176939259672214,-0.21310719889863428
lb30_atr20_m2.5_r0.005_tfnone_rfnone,30,20,2.5,0.005,none,none,-0.07956727022193189,-0.08443478001724081,43,0.20930232558139536,0.3966193948215615,-0.35519992241127746,-0.05105520946313147,-0.05375802095543225,17,0.17647058823529413,0.11967960909547355,-0.6271805293740986,-0.21618216466670745
lb30_atr20_m1.5_r0.0025_tfma100_rfnone,30,20,1.5,0.0025,ma100,none,-0.06637273989615722,-0.06884188106369415,52,0.28846153846153844,0.2885595022359884,-0.4818172748677453,-0.03888737557173094,-0.04116968254550568,22,0.22727272727272727,0.14833787601963827,-0.6696474350649357,-0.21665202672159037
lb55_atr14_m1.5_r0.005_tfnone_rfnone,55,14,1.5,0.005,none,none,-0.0917038686703272,-0.09757036849570921,40,0.3,0.23409849192705387,-0.47958095370601156,-0.04730830136856179,-0.05150367769183739,17,0.23529411764705882,0.17153691713095057,-0.5327674448362201,-0.2170721536295074
lb20_atr10_m2.0_r0.005_tfnone_rfadx20,20,10,2.0,0.005,none,adx20,-0.14245859955608675,-0.1495539980772138,56,0.17857142857142858,0.24888062848684997,-0.5254904234043456,-0.03863499426772887,-0.042404799376701274,20,0.15,0.21869207749298097,-0.37469741141225965,-0.21730942350838955
lb20_atr14_m2.0_r0.005_tfnone_rfadx20,20,14,2.0,0.005,none,adx20,-0.13779947463938003,-0.14493842460696227,55,0.2,0.2622710659000723,-0.5155466155923367,-0.04166821353590977,-0.04558042011410535,21,0.14285714285714285,0.22662274825905546,-0.3845120122520457,-0.21749011077939806
lb55_atr14_m1.5_r0.005_tfma100_rfnone,55,14,1.5,0.005,ma100,none,-0.09022683928851472,-0.09402862797189027,38,0.2894736842105263,0.20693052644549143,-0.49460955149323643,-0.04730830136856179,-0.05150367769183739,17,0.23529411764705882,0.17153691713095057,-0.5327674448362201,-0.2175119126782957
lb20_atr20_m2.5_r0.005_tfma100_rfnone,20,20,2.5,0.005,ma100,none,-0.0987846251236264,-0.1030215768449888,45,0.2,0.33838545112187385,-0.434821570660448,-0.045225008536197264,-0.04794442577229352,17,0.17647058823529413,0.1336402057755298,-0.5571717979918024,-0.21864368081668972
lb20_atr20_m2.0_r0.005_tfnone_rfadx20,20,20,2.0,0.005,none,adx20,-0.1458415281940132,-0.15315324031247202,57,0.19298245614035087,0.24984503726657592,-0.5348014797045781,-0.038897444721576524,-0.04274428334276448,20,0.15,0.2827995802981122,-0.375766373143601,-0.21929644999991138
lb10_atr20_m2.5_r0.005_tfma100_rfnone,10,20,2.5,0.005,ma100,none,-0.11428021384073184,-0.11994324761144248,56,0.17857142857142858,0.3426240432204434,-0.4094788497122622,-0.05084500042175055,-0.05895800757904279,21,0.23809523809523808,0.1795948416589758,-0.49021805803262664,-0.21990216501040533
lb10_atr10_m2.5_r0.005_tfnone_rfnone,10,10,2.5,0.005,none,none,-0.16942193076188383,-0.17318675330726419,81,0.1728395061728395,0.32789737478470676,-0.420864913750177,-0.04475387753158433,-0.06488098671558795,28,0.2857142857142857,0.48989849538712926,-0.33347351917604434,-0.21998888721824822
lb10_atr20_m2.0_r0.0025_tfma100_rfnone,10,20,2.0,0.0025,ma100,none,-0.0898442142004583,-0.0925233024431037,69,0.2028985507246377,0.2150828708795893,-0.5077127370245403,-0.04038935410486666,-0.04352292865272267,26,0.15384615384615385,0.1466554906422731,-0.5787982158531702,-0.2202746872936527
lb30_atr20_m1.5_r0.005_tfma100_rfadx20,30,20,1.5,0.005,ma100,adx20,-0.1197930120234858,-0.12364573002831158,44,0.25,0.17958682949311502,-0.5735311078343522,-0.03985754178883383,-0.044085729083776504,17,0.29411764705882354,0.2506151308871665,-0.4481754502591109,-0.22084102100080658
lb30_atr20_m1.5_r0.0025_tfnone_rfnone,30,20,1.5,0.0025,none,none,-0.07353754906220589,-0.07418765672092786,61,0.3114754098360656,0.2907877032237362,-0.45645785410013207,-0.04224655410379763,-0.04452088420119504,24,0.20833333333333334,0.1380187304129854,-0.6703679590186685,-0.2214194231157147
lb20_atr20_m1.5_r0.0025_tfma100_rfnone,20,20,1.5,0.0025,ma100,none,-0.08956773033559673,-0.0919755282795347,63,0.23809523809523808,0.22965917822150114,-0.5460787117272351,-0.03744058300251141,-0.03972632560358569,24,0.2916666666666667,0.1686306478006346,-0.5913182063388042,-0.22227459472121758
lb10_atr10_m2.0_r0.0025_tfma100_rfnone,10,10,2.0,0.0025,ma100,none,-0.09436186637546995,-0.09925228323944635,70,0.15714285714285714,0.21383268302860117,-0.528974705371354,-0.03823916329056942,-0.04112080191572942,25,0.2,0.09788755147530083,-0.5723021147345376,-0.22321143776917396
lb10_atr20_m2.0_r0.005_tfma100_rfadx20,10,20,2.0,0.005,ma100,adx20,-0.16271242821429432,-0.1676271556268243,62,0.1774193548387097,0.18466165600885714,-0.5517784682199187,-0.03491293096797732,-0.04119237890074101,19,0.21052631578947367,0.2854875659432106,-0.3552367321066643,-0.22510115504335826
lb10_atr20_m1.5_r0.0025_tfnone_rfadx20,10,20,1.5,0.0025,none,adx20,-0.1558046677157654,-0.15979453189741177,106,0.19811320754716982,0.1553209395228953,-0.5894634000920121,-0.03608927435857445,-0.03967899441890643,37,0.32432432432432434,0.2968271496973877,-0.3727604288249295,-0.22738159229187632
lb30_atr14_m1.5_r0.0025_tfnone_rfnone,30,14,1.5,0.0025,none,none,-0.08112814891927189,-0.0811848533927364,61,0.29508196721311475,0.2454550080633279,-0.5067061871215816,-0.0420781971740436,-0.04468877149665751,24,0.16666666666666666,0.13706978400397918,-0.6698375385730487,-0.23057088854202665
lb30_atr14_m1.5_r0.005_tfma100_rfadx20,30,14,1.5,0.005,ma100,adx20,-0.12874508600106294,-0.13238591342422656,45,0.24444444444444444,0.15334519286858717,-0.6065430656296965,-0.04078499536651781,-0.045009098426459504,17,0.23529411764705882,0.24695065999310156,-0.4580099910577597,-0.23167690901683308
lb55_atr10_m1.5_r0.005_tfnone_rfnone,55,10,1.5,0.005,none,none,-0.09946443492166179,-0.10553758285028014,41,0.21951219512195122,0.1832187206472855,-0.5026276632597355,-0.04982729765090799,-0.05401158104939319,17,0.17647058823529413,0.13627030532584486,-0.562867854612165,-0.23184716148368184
lb30_atr20_m1.5_r0.005_tfnone_rfadx20,30,20,1.5,0.005,none,adx20,-0.1282403898413096,-0.13387090771358579,51,0.27450980392156865,0.19246588873019452,-0.529822950178716,-0.04656408486301544,-0.05076273849868007,19,0.2631578947368421,0.222096945112347,-0.47239842628549167,-0.23203113134347889
lb55_atr10_m1.5_r0.005_tfma100_rfnone,55,10,1.5,0.005,ma100,none,-0.09859050840195693,-0.10251453859665849,39,0.20512820512820512,0.15152100495743218,-0.5190547021314066,-0.04982729765090799,-0.05401158104939319,17,0.17647058823529413,0.13627030532584486,-0.562867854612165,-0.2328008602703223
lb30_atr14_m1.5_r0.0025_tfma100_rfnone,30,14,1.5,0.0025,ma100,none,-0.07771633732801486,-0.07964973318117996,53,0.2830188679245283,0.19119118259945023,-0.557931725100272,-0.03949967902126705,-0.04211728044490337,22,0.18181818181818182,0.1450111915611302,-0.6817253427507384,-0.23356279931087617
lb20_atr20_m1.5_r0.0025_tfnone_rfnone,20,20,1.5,0.0025,none,none,-0.1099564035400229,-0.11058095573646542,78,0.24358974358974358,0.21302394983558026,-0.5513169689798014,-0.04479174474599956,-0.047060030904107486,31,0.25806451612903225,0.16653201060592396,-0.5489966812174304,-0.2338008528449591
lb30_atr14_m1.5_r0.005_tfnone_rfadx20,30,14,1.5,0.005,none,adx20,-0.13284127908734478,-0.13844208075250797,51,0.2549019607843137,0.1992196882925589,-0.5376206111821283,-0.04593282498759288,-0.050134258507598894,19,0.21052631578947367,0.22470001932435532,-0.46654280174836005,-0.23383997950845603
lb20_atr20_m1.5_r0.005_tfma100_rfadx20,20,20,1.5,0.005,ma100,adx20,-0.15170006010500436,-0.15541311907473532,55,0.21818181818181817,0.1685654160009619,-0.5874035532935984,-0.04033359482100862,-0.04455968571727098,19,0.3684210526315789,0.2708705964390102,-0.40595920997916063,-0.23410612819199278
lb10_atr10_m2.0_r0.005_tfma100_rfadx20,10,10,2.0,0.005,ma100,adx20,-0.15877234492822667,-0.16444148032059958,61,0.18032786885245902,0.20611146508823958,-0.5376216894572174,-0.03800764374451582,-0.04369262049741196,19,0.2631578947368421,0.17828404466782108,-0.4080121087202761,-0.23443680409149914
lb10_atr14_m2.0_r0.005_tfma100_rfadx20,10,14,2.0,0.005,ma100,adx20,-0.15751919558878424,-0.16431973823912416,60,0.2,0.21224450140664103,-0.5406652641377787,-0.04075110541052218,-0.04595631129072508,20,0.25,0.1994931018214893,-0.4038406971460775,-0.23506379142781045
lb10_atr10_m1.5_r0.0025_tfnone_rfadx20,10,10,1.5,0.0025,none,adx20,-0.1665875088848514,-0.17027874778177488,109,0.1651376146788991,0.1613399513781529,-0.6185279511887064,-0.035316152128393896,-0.039991363540956004,36,0.2777777777777778,0.33080664351428096,-0.37494808426121784,-0.23553050226235742
lb20_atr20_m2.5_r0.005_tfnone_rfnone,20,20,2.5,0.005,none,none,-0.11532152934807571,-0.11584296352312495,55,0.18181818181818182,0.3458707470131228,-0.40949587792950587,-0.06075951818407388,-0.06343468958877696,23,0.17391304347826086,0.14622981987878184,-0.5444172519767673,-0.23583902582797664
lb10_atr14_m2.0_r0.0025_tfma100_rfnone,10,14,2.0,0.0025,ma100,none,-0.08810219830413857,-0.09339859430037989,68,0.20588235294117646,0.23832409863539833,-0.5075927344841024,-0.04842776018061801,-0.0510180993136129,28,0.17857142857142858,0.09437036427524255,-0.6399402980108345,-0.23668380391487548
lb20_atr10_m1.5_r0.0025_tfnone_rfnone,20,10,1.5,0.0025,none,none,-0.11795381673289018,-0.11863870435709623,78,0.19230769230769232,0.18637059874287623,-0.5963006194241836,-0.04309526098214389,-0.04560007839568481,30,0.16666666666666666,0.19511229229074287,-0.5446565940815471,-0.24016846981424905
lb30_atr10_m1.5_r0.0025_tfma100_rfnone,30,10,1.5,0.0025,ma100,none,-0.07865045329218623,-0.08124196678739082,53,0.24528301886792453,0.17899925655693963,-0.5653595648446351,-0.04136965704656581,-0.043878991443470294,22,0.13636363636363635,0.1149793325660333,-0.7059856413790885,-0.24099846795175392
lb10_atr14_m1.5_r0.0025_tfnone_rfadx20,10,14,1.5,0.0025,none,adx20,-0.16278035334050467,-0.16623130828096877,107,0.17757009345794392,0.15728118773963606,-0.6140152908956051,-0.03994162329032125,-0.04464421684479303,38,0.2894736842105263,0.28576680096817253,-0.40023713126696897,-0.24163989804598798
lb30_atr20_m2.0_r0.005_tfma100_rfnone,30,20,2.0,0.005,ma100,none,-0.1102549675643254,-0.11547761083340913,46,0.2608695652173913,0.2519104882352278,-0.48296379717017696,-0.04832274757741395,-0.05213186117243984,17,0.11764705882352941,0.16847565265423423,-0.6136002351962091,-0.24195243111158277
lb30_atr10_m1.5_r0.005_tfma100_rfadx20,30,10,1.5,0.005,ma100,adx20,-0.1299566544909514,-0.1342599354573799,45,0.2222222222222222,0.1535557665083144,-0.6000508975923127,-0.044297742611338564,-0.04850637655714629,17,0.17647058823529413,0.19484341522924165,-0.498825995916131,-0.24240419755644668
lb30_atr10_m1.5_r0.0025_tfnone_rfnone,30,10,1.5,0.0025,none,none,-0.08587749250320909,-0.08658728662087467,61,0.22950819672131148,0.2212699660366382,-0.5410925139783959,-0.04398863558327515,-0.04649111447745624,24,0.125,0.10863917974621401,-0.6924206591145713,-0.24247068451909806
lb10_atr10_m2.0_r0.0025_tfnone_rfnone,10,10,2.0,0.0025,none,none,-0.1346891494423086,-0.1391261464583451,102,0.1568627450980392,0.21297555445808747,-0.5325065476384515,-0.04971166677032823,-0.05255893135165879,38,0.18421052631578946,0.1764074039024528,-0.5008303807300027,-0.24339758871740122
lb20_atr10_m1.5_r0.0025_tfma100_rfnone,20,10,1.5,0.0025,ma100,none,-0.1004311834692625,-0.1029614335097978,65,0.2153846153846154,0.16527635104733843,-0.5985894213876838,-0.040402926543815054,-0.042914791478294356,24,0.16666666666666666,0.12421877499390804,-0.6321342158050386,-0.24392880527735747
lb10_atr20_m1.5_r0.0025_tfma100_rfnone,10,20,1.5,0.0025,ma100,none,-0.11331539632809295,-0.1156603894009216,81,0.19753086419753085,0.19858217538794665,-0.5438921542219495,-0.04766610694290141,-0.050486533300136305,31,0.2903225806451613,0.20174911724521705,-0.5909660790698349,-0.24413057105581562
lb30_atr10_m1.5_r0.005_tfnone_rfadx20,30,10,1.5,0.005,none,adx20,-0.13510094017196705,-0.14144527150780462,51,0.21568627450980393,0.19696092592104877,-0.541298400551459,-0.049516426474387254,-0.053702078858847035,19,0.15789473684210525,0.1772374025751831,-0.5034975599465261,-0.2454520806198671
lb30_atr20_m2.0_r0.005_tfnone_rfnone,30,20,2.0,0.005,none,none,-0.1145255637473449,-0.11627814360259481,52,0.25,0.29748240158406203,-0.4354240957240793,-0.05559128057477347,-0.05937130167254179,19,0.10526315789473684,0.14903387471897223,-0.6275944835332025,-0.24788117271800447
lb10_atr14_m2.5_r0.005_tfnone_rfnone,10,14,2.5,0.005,none,none,-0.1521186203290409,-0.15588208007769855,79,0.21518987341772153,0.33681962041680497,-0.3841927622062948,-0.07014965249324256,-0.08223636113145527,31,0.16129032258064516,0.29721793607129193,-0.46452227701754795,-0.25001001406504364
lb20_atr20_m2.0_r0.005_tfma100_rfnone,20,20,2.0,0.005,ma100,none,-0.13730822124549713,-0.14237206678254055,55,0.21818181818181817,0.25024443457171,-0.5156477291244295,-0.04839863626624308,-0.05220744611476713,19,0.10526315789473684,0.16845181302376605,-0.5507613399842434,-0.2506194919751633
lb20_atr14_m1.5_r0.0025_tfma100_rfnone,20,14,1.5,0.0025,ma100,none,-0.10503110028708396,-0.1069072358291615,65,0.23076923076923078,0.1474565758145477,-0.6254145567641065,-0.042104126808042874,-0.04471463046597768,25,0.2,0.1459836866355729,-0.6424446225772177,-0.25174013076105894
lb10_atr20_m1.5_r0.005_tfma100_rfadx20,10,20,1.5,0.005,ma100,adx20,-0.19382324832027875,-0.19735193160579634,72,0.18055555555555555,0.1456214762803395,-0.5933569841007692,-0.04310753644589338,-0.048268303179944905,23,0.391304347826087,0.3447043536973587,-0.35088871894474183,-0.25179602858025973
lb20_atr14_m1.5_r0.0025_tfnone_rfnone,20,14,1.5,0.0025,none,none,-0.11858914646160901,-0.11864353918056891,78,0.23076923076923078,0.1801617970714676,-0.5971279170471272,-0.04851719621293227,-0.05111022266733334,32,0.1875,0.15295845576327546,-0.5827953697395793,-0.2520268787712941
lb20_atr10_m1.5_r0.005_tfnone_rfadx20,20,10,1.5,0.005,none,adx20,-0.18689761594650456,-0.19286200089498673,67,0.1791044776119403,0.16446495996412117,-0.6006208665354178,-0.04738979279438371,-0.051584810253192614,24,0.20833333333333334,0.30528683486558117,-0.3780209351670743,-0.2568837964309628
lb20_atr20_m1.5_r0.005_tfnone_rfadx20,20,20,1.5,0.005,none,adx20,-0.17814931653254473,-0.18345748280646001,67,0.22388059701492538,0.16377480602408967,-0.5850270411743701,-0.05137226309740428,-0.055549742918757694,25,0.32,0.25591214341295004,-0.39510772378896925,-0.25723386685365834
lb30_atr10_m2.0_r0.005_tfma100_rfnone,30,10,2.0,0.005,ma100,none,-0.11978503438240928,-0.1224729053915774,46,0.1956521739130435,0.20307795710528048,-0.5231974272506477,-0.050393706014944195,-0.0541174016323549,17,0.11764705882352941,0.08663637093567385,-0.6325901930709903,-0.2575904884351531
lb30_atr14_m2.0_r0.005_tfma100_rfnone,30,14,2.0,0.005,ma100,none,-0.10826860088482837,-0.1132661927080385,45,0.26666666666666666,0.24302677173009882,-0.48287986768972674,-0.05746074600900597,-0.06130848258808408,19,0.10526315789473684,0.09718895799445199,-0.669433621430121,-0.25870973927634117
lb20_atr10_m1.5_r0.005_tfma100_rfadx20,20,10,1.5,0.005,ma100,adx20,-0.16438142974532222,-0.1685144439303422,56,0.19642857142857142,0.14303498320034438,-0.6196918835546782,-0.04556627890648246,-0.04976932658850153,19,0.21052631578947367,0.2007045313724538,-0.4594130314961279,-0.2590271955910073
lb10_atr20_m2.0_r0.0025_tfnone_rfnone,10,20,2.0,0.0025,none,none,-0.13006622617592556,-0.13006622617592556,102,0.18627450980392157,0.20819199803563893,-0.5117219313308887,-0.06100698613351552,-0.0640732345348366,41,0.12195121951219512,0.16180057516024118,-0.5711847201538823,-0.25920401561774686
lb30_atr10_m2.0_r0.005_tfnone_rfnone,30,10,2.0,0.005,none,none,-0.1245068046619292,-0.12551495480860142,52,0.19230769230769232,0.258687986416153,-0.4752680760118387,-0.05624445914962928,-0.05994521218131332,19,0.10526315789473684,0.07799514125483228,-0.6301661140930864,-0.2598711845498335
lb30_atr14_m2.0_r0.005_tfnone_rfnone,30,14,2.0,0.005,none,none,-0.11364712978111435,-0.11508158320222106,51,0.2549019607843137,0.2919898631505717,-0.4378966198833093,-0.0633024051912442,-0.06712629431185013,21,0.09523809523809523,0.08867758716864536,-0.6645637959642647,-0.26103425399719077
lb20_atr20_m2.0_r0.005_tfnone_rfnone,20,20,2.0,0.005,none,none,-0.1582478381926552,-0.15991388051019484,66,0.19696969696969696,0.26434466166931886,-0.5043293222846944,-0.06153620302688512,-0.06529242941391933,25,0.12,0.1970892982807568,-0.5174766308472372,-0.2660203217191121
lb20_atr14_m2.0_r0.005_tfma100_rfnone,20,14,2.0,0.005,ma100,none,-0.131721544814013,-0.13658769768494783,53,0.22641509433962265,0.2522111091454639,-0.5057882458265245,-0.05828532335828862,-0.06212969375774535,21,0.09523809523809523,0.09599918121093544,-0.6142464562572774,-0.26615894103825893
lb10_atr14_m2.0_r0.0025_tfnone_rfnone,10,14,2.0,0.0025,none,none,-0.12706971204454842,-0.13108600761218625,100,0.19,0.22996416199685737,-0.5112079284527702,-0.06716103923254757,-0.06970038324001548,43,0.16279069767441862,0.14180345523572765,-0.5941850003076184,-0.2667000479175997
lb30_atr20_m1.5_r0.005_tfma100_rfnone,30,20,1.5,0.005,ma100,none,-0.11746239220455545,-0.12132531147006365,52,0.28846153846153844,0.2828669370296318,-0.4818172748677453,-0.06435992722150796,-0.06848021315879671,22,0.22727272727272727,0.17001669997782906,-0.6696474350649358,-0.26773772675157637
lb10_atr10_m2.0_r0.005_tfnone_rfadx20,10,10,2.0,0.005,none,adx20,-0.21949191954750458,-0.22739383464918728,88,0.18181818181818182,0.2137987609479492,-0.5368982908408163,-0.05190460640283989,-0.058473871487795925,30,0.23333333333333334,0.2899362759524592,-0.33786267252740126,-0.26833988111889984
lb20_atr10_m2.0_r0.005_tfma100_rfnone,20,10,2.0,0.005,ma100,none,-0.14720741906198076,-0.15032420312063544,55,0.16363636363636364,0.21480426309210945,-0.54672820085586,-0.052005179209250074,-0.05572255574926066,19,0.10526315789473684,0.08419266007225447,-0.5833643744259699,-0.26911766685990735
lb10_atr10_m1.5_r0.0025_tfma100_rfnone,10,10,1.5,0.0025,ma100,none,-0.1314763099135443,-0.13391923819392026,86,0.1744186046511628,0.14241130600147983,-0.5994079165275057,-0.05150217449990302,-0.05493618383268528,31,0.1935483870967742,0.17409484795991018,-0.6288165572510649,-0.2702633515809096
lb10_atr20_m2.5_r0.005_tfnone_rfnone,10,20,2.5,0.005,none,none,-0.15554391938849133,-0.15697977057000045,80,0.1875,0.32667148881219665,-0.3971261922032806,-0.08243306330559863,-0.09027606800768018,33,0.24242424242424243,0.19424391313603898,-0.5058433020033913,-0.27051216555935453
lb10_atr14_m1.5_r0.0025_tfma100_rfnone,10,14,1.5,0.0025,ma100,none,-0.12741063459133617,-0.1292398556096387,83,0.1927710843373494,0.13295678290599616,-0.6006755205904473,-0.05336754409710154,-0.05684058090187316,32,0.21875,0.1825286081645691,-0.6388162329727398,-0.2709704574693559
lb20_atr14_m1.5_r0.005_tfma100_rfadx20,20,14,1.5,0.005,ma100,adx20,-0.1704028446001935,-0.1738695912721805,56,0.19642857142857142,0.11853127936240049,-0.66361849127637,-0.049254550140579,-0.053441355752018915,20,0.25,0.22574904674130522,-0.4735998893932393,-0.2713876930893588
lb20_atr14_m2.0_r0.005_tfnone_rfnone,20,14,2.0,0.005,none,none,-0.15399716446582357,-0.15536631630418607,64,0.203125,0.26724020881305915,-0.5005635900050286,-0.06968988835748657,-0.07348770179740016,27,0.1111111111111111,0.14648199320921554,-0.5615407816884059,-0.27787351944583744
lb30_atr20_m1.5_r0.005_tfnone_rfnone,30,20,1.5,0.005,none,none,-0.13046976156938417,-0.13046976156938417,61,0.3114754098360656,0.2838727768265382,-0.4564578541001321,-0.070895322460366,-0.07498682842351645,24,0.20833333333333334,0.15645600763529266,-0.6703679590186685,-0.27830946133798057
lb20_atr10_m2.0_r0.005_tfnone_rfnone,20,10,2.0,0.005,none,none,-0.1689852894978724,-0.17044273465500792,66,0.15151515151515152,0.23797735622368812,-0.5349659316109007,-0.062346669091501106,-0.06602349349870051,25,0.12,0.14568749809247813,-0.5271212260150633,-0.2784891892259809
lb20_atr14_m1.5_r0.005_tfnone_rfadx20,20,14,1.5,0.005,none,adx20,-0.19246117491513004,-0.1976769038089814,67,0.19402985074626866,0.14421229768464633,-0.6329976061909464,-0.05834999124257623,-0.062496743184708436,26,0.23076923076923078,0.23018801222366478,-0.4344302823944793,-0.2826032597232675
lb20_atr20_m1.5_r0.005_tfma100_rfnone,20,20,1.5,0.005,ma100,none,-0.15882411645580907,-0.16250599300987523,63,0.23809523809523808,0.22314401168367395,-0.5460787117272351,-0.06153765242802223,-0.06567036684019256,24,0.2916666666666667,0.19407002696129957,-0.5913182063388043,-0.28288541379812376
lb10_atr10_m1.5_r0.005_tfma100_rfadx20,10,10,1.5,0.005,ma100,adx20,-0.21744721252586896,-0.22131776050827168,76,0.15789473684210525,0.12116612631052688,-0.6381631319177854,-0.047255159265408464,-0.05280529880244933,23,0.2608695652173913,0.2926780524835087,-0.4053452803381269,-0.28328386314047344
lb10_atr14_m2.0_r0.005_tfnone_rfadx20,10,14,2.0,0.005,none,adx20,-0.21658207761797665,-0.22440934023402437,87,0.19540229885057472,0.21465684144666558,-0.5308055098344939,-0.06349745588927347,-0.06962063612755731,32,0.21875,0.2596246089376086,-0.39520566076698116,-0.2852540339687975
lb10_atr14_m1.5_r0.005_tfma100_rfadx20,10,14,1.5,0.005,ma100,adx20,-0.21205459384146896,-0.21534728487437282,74,0.16216216216216217,0.10735064619214406,-0.6455790589598267,-0.05154183484233843,-0.05722510768313682,24,0.2916666666666667,0.3027980338234928,-0.42176939259672214,-0.2867936747833515
lb10_atr20_m2.0_r0.005_tfma100_rfnone,10,20,2.0,0.005,ma100,none,-0.16593251371148876,-0.17082833980146606,69,0.2028985507246377,0.21970170644681158,-0.5077127370245403,-0.06672661647447908,-0.07279906507205558,26,0.15384615384615385,0.17111881388129135,-0.5787982158531702,-0.28704888449948385
lb10_atr20_m2.0_r0.005_tfnone_rfadx20,10,20,2.0,0.005,none,adx20,-0.22231824942645928,-0.22861528897605,90,0.17777777777777778,0.19137259265611248,-0.5352873158109498,-0.0630801579527529,-0.06917633264423428,31,0.16129032258064516,0.2716193036666114,-0.39897125446585224,-0.28909376639983964
lb30_atr14_m1.5_r0.005_tfma100_rfnone,30,14,1.5,0.005,ma100,none,-0.1377483565566383,-0.14135156082977973,53,0.2830188679245283,0.1859778746006294,-0.557931725100272,-0.06541221282297816,-0.0695278648014489,22,0.18181818181818182,0.1679412712061433,-0.6817253427507384,-0.2902017125391135
lb10_atr20_m1.5_r0.0025_tfnone_rfnone,10,20,1.5,0.0025,none,none,-0.16807676319413922,-0.16845307363636597,121,0.21487603305785125,0.18416143680106567,-0.5602237078795145,-0.06901066381604004,-0.07176787626140291,48,0.25,0.17867550283378833,-0.5586520406941989,-0.2902161503338354
lb30_atr14_m1.5_r0.005_tfnone_rfnone,30,14,1.5,0.005,none,none,-0.14695986854646204,-0.14695986854646204,61,0.29508196721311475,0.21949925568945128,-0.5067061871215816,-0.07042787528768679,-0.0745214397518229,24,0.16666666666666666,0.15725235999998552,-0.6698375385730487,-0.29263145637263416
lb10_atr10_m2.0_r0.005_tfma100_rfnone,10,10,2.0,0.005,ma100,none,-0.17777238479029778,-0.18331347660518127,70,0.15714285714285714,0.20900101498050383,-0.5289747053713542,-0.06517048620941024,-0.07069494180332703,25,0.2,0.11168518496700769,-0.5723021147345376,-0.2947979207646039
lb30_atr10_m1.5_r0.005_tfma100_rfnone,30,10,1.5,0.005,ma100,none,-0.14192620108368081,-0.1461702800318475,53,0.24528301886792453,0.17257466071163327,-0.5653595648446351,-0.06952340558907188,-0.07362095307391037,22,0.13636363636363635,0.13196252078707038,-0.7059856413790884,-0.30151627612050863
lb10_atr14_m1.5_r0.0025_tfnone_rfnone,10,14,1.5,0.0025,none,none,-0.17513237142395455,-0.1757075662048606,122,0.20491803278688525,0.1680818323275844,-0.5830139268528065,-0.07364693793074417,-0.07704557301737958,49,0.22448979591836735,0.17585393669386276,-0.5844211080890629,-0.30473442891501135
lb10_atr10_m1.5_r0.0025_tfnone_rfnone,10,10,1.5,0.0025,none,none,-0.18385982578874915,-0.18503318211195385,125,0.176,0.16180401350454507,-0.6007665093226867,-0.0698139860065945,-0.07318169794793994,47,0.2127659574468085,0.19700491735682912,-0.5724065573864809,-0.3061090979814844
lb10_atr14_m2.0_r0.005_tfma100_rfnone,10,14,2.0,0.005,ma100,none,-0.16649568219537048,-0.17322376624523084,68,0.20588235294117646,0.23346154495569882,-0.5075927344841024,-0.07701396196875232,-0.08202239344008755,28,0.17857142857142858,0.11511502128686353,-0.6399402980108345,-0.3065664591964764
lb20_atr20_m1.5_r0.005_tfnone_rfnone,20,20,1.5,0.005,none,none,-0.1914488376812763,-0.1914488376812763,78,0.24358974358974358,0.2091580948316698,-0.5513169689798014,-0.07686349825723082,-0.0809287221151973,31,0.25806451612903225,0.18477721600762878,-0.5489966812174304,-0.307924085799065
lb30_atr10_m1.5_r0.005_tfnone_rfnone,30,10,1.5,0.005,none,none,-0.15805553201049682,-0.15879833320359682,61,0.22950819672131148,0.1969187203282632,-0.5410925139783958,-0.07460434282727113,-0.07867951534671436,24,0.125,0.12355476087045078,-0.6924206591145713,-0.31023280627717886
lb20_atr10_m1.5_r0.005_tfma100_rfnone,20,10,1.5,0.005,ma100,none,-0.18145781228278213,-0.1855063657655529,65,0.2153846153846154,0.1548283833379721,-0.5985894213876839,-0.06747782623388865,-0.0715843818534746,24,0.16666666666666666,0.1432725687819665,-0.6321342158050386,-0.3140305217684155
lb10_atr20_m1.5_r0.005_tfma100_rfnone,10,20,1.5,0.005,ma100,none,-0.19804664786813664,-0.20155684508423877,81,0.19753086419753085,0.19487481589664402,-0.5438921542219495,-0.07588233123867116,-0.08086633508961505,31,0.2903225806451613,0.2280891298106689,-0.5909660790698349,-0.31722810690206993
lb20_atr10_m1.5_r0.005_tfnone_rfnone,20,10,1.5,0.005,none,none,-0.211621713737432,-0.21231725644115473,78,0.19230769230769232,0.1661659875683429,-0.5963006194241836,-0.07377331462401249,-0.0778521467492369,30,0.16666666666666666,0.21673630790328977,-0.5446565940815471,-0.3204829681459002
lb20_atr14_m1.5_r0.005_tfma100_rfnone,20,14,1.5,0.005,ma100,none,-0.18433983163633672,-0.18774833798877755,65,0.23076923076923078,0.14316429621194435,-0.6254145567641065,-0.07039394351873196,-0.07448765740847996,25,0.2,0.16767415137132327,-0.6424446225772177,-0.3216693052399787
lb10_atr20_m1.5_r0.005_tfnone_rfadx20,10,20,1.5,0.005,none,adx20,-0.2677976899720742,-0.27314751305487217,106,0.19811320754716982,0.15329606344072386,-0.5894634000920121,-0.07193475279020933,-0.07835152568631565,37,0.32432432432432434,0.28387050841028477,-0.3727604288249295,-0.32369165664014665
lb20_atr14_m1.5_r0.005_tfnone_rfnone,20,14,1.5,0.005,none,none,-0.2085752049331513,-0.2085752049331513,78,0.23076923076923078,0.16230885848435825,-0.5971279170471271,-0.08383803887005825,-0.08787254888576612,32,0.1875,0.1699575776050283,-0.5827953697395792,-0.33395167954631194
lb10_atr10_m1.5_r0.005_tfnone_rfadx20,10,10,1.5,0.005,none,adx20,-0.28719748794133815,-0.292678894025753,109,0.1651376146788991,0.14736956993019798,-0.6185279511887064,-0.0682920817026006,-0.0759971585626974,36,0.2777777777777778,0.31936817536364376,-0.37494808426121784,-0.3348090204175408
lb10_atr14_m1.5_r0.005_tfnone_rfadx20,10,14,1.5,0.005,none,adx20,-0.2793747513258782,-0.2845253699824508,107,0.17757009345794392,0.14689173709841696,-0.614015290895605,-0.07686771908806378,-0.08466188218782023,38,0.2894736842105263,0.2800625746182402,-0.40023713126696897,-0.3416028131011155
lb10_atr10_m2.0_r0.005_tfnone_rfnone,10,10,2.0,0.005,none,none,-0.24834203473779226,-0.25339866599519767,102,0.1568627450980392,0.20577726058917686,-0.5325065476384515,-0.08999144293969141,-0.09536921695024758,38,0.18421052631578946,0.18722219561736667,-0.5008303807300027,-0.34368878463149377
lb10_atr14_m1.5_r0.005_tfma100_rfnone,10,14,1.5,0.005,ma100,none,-0.22026505483678172,-0.22352343573717637,83,0.1927710843373494,0.13149490371584902,-0.6006755205904472,-0.08338896419214425,-0.08888140528944555,32,0.21875,0.20963096748689442,-0.6388162329727399,-0.35028389691541517
lb10_atr10_m1.5_r0.005_tfma100_rfnone,10,10,1.5,0.005,ma100,none,-0.2294645423374836,-0.23327565196326605,86,0.1744186046511628,0.13489349230066208,-0.5994079165275057,-0.08059948876054235,-0.0859553835496144,31,0.1935483870967742,0.19328403965430746,-0.6288165572510649,-0.35204121667496174
lb10_atr20_m2.0_r0.005_tfnone_rfnone,10,20,2.0,0.005,none,none,-0.23846159454213023,-0.23846159454213023,102,0.18627450980392157,0.20439063597074267,-0.5117219313308887,-0.10760157795493752,-0.11340806900256195,41,0.12195121951219512,0.17560393642225927,-0.5711847201538823,-0.36138211417427035
lb10_atr14_m2.0_r0.005_tfnone_rfnone,10,14,2.0,0.005,none,none,-0.23620398567042644,-0.24053245860207328,100,0.19,0.21954073350982237,-0.5112079284527702,-0.11360395285484459,-0.11841383477684886,43,0.16279069767441862,0.15954107687035618,-0.5941850003076184,-0.3691056364569077
lb10_atr20_m1.5_r0.005_tfnone_rfnone,10,20,1.5,0.005,none,none,-0.28556235913883254,-0.28556235913883254,121,0.21487603305785125,0.18333248308978717,-0.5602237078795145,-0.11788773066243285,-0.12264518860957518,48,0.25,0.19189328019746102,-0.5586520406941989,-0.3993414138107104
lb10_atr14_m1.5_r0.005_tfnone_rfnone,10,14,1.5,0.005,none,none,-0.29863180102470643,-0.2994191133153409,122,0.20491803278688525,0.1579637400880576,-0.5830139268528065,-0.12327989363033176,-0.12853330358825477,49,0.22448979591836735,0.19176583752550827,-0.5844211080890629,-0.4181096823163157
lb10_atr10_m1.5_r0.005_tfnone_rfnone,10,10,1.5,0.005,none,none,-0.31418798522007674,-0.3155622100465676,125,0.176,0.14910537105805655,-0.6007665093226867,-0.11658392770936077,-0.1217301980021468,47,0.2127659574468085,0.2110934003809665,-0.5724065573864809,-0.4212355219137604
