key,breakout_lookback,atr_period,atr_mult,risk_per_trade,trend_filter,regime_filter,is_return,is_mdd,is_trades,is_win_rate,is_pf,is_avg_r,oos_return,oos_mdd,oos_trades,oos_win_rate,oos_pf,oos_avg_r,rank_score
lb55_atr14_m3.0_r0.0025_tfnone_rfadx20,55,14,3.0,0.0025,none,adx20,0.0010012963692775934,-0.017580109017397705,19,0.21052631578947367,1.0484923315590369,0.02034114810286472,0.0028689971899888977,-0.006150848325150449,6,0.6666666666666666,1.6667125877917335,0.18275467836848155,0.07295564663088162
lb55_atr14_m3.0_r0.005_tfnone_rfadx20,55,14,3.0,0.005,none,adx20,0.0016918462812189894,-0.03488842054074026,19,0.21052631578947367,1.0406311704294169,0.02034114810286466,0.005716420085322582,-0.012239494630413184,6,0.6666666666666666,1.661270997466151,0.18275467836848155,0.07063761182784263
lb55_atr14_m3.0_r0.0025_tfma100_rfadx20,55,14,3.0,0.0025,ma100,adx20,-0.001285156303876489,-0.01758010901739726,18,0.2222222222222222,0.9438442067341106,-0.025639684431885516,0.0028689971899888977,-0.006150848325150449,6,0.6666666666666666,1.6667125877917335,0.18275467836848155,0.06680461477050997
lb55_atr14_m3.0_r0.005_tfma100_rfadx20,55,14,3.0,0.005,ma100,adx20,-0.002888405023015461,-0.03488842054074037,18,0.2222222222222222,0.9372375693915709,-0.025639684431885516,0.005716420085322582,-0.012239494630413184,6,0.6666666666666666,1.661270997466151,0.18275467836848155,0.06346754308324909
lb55_atr10_m2.5_r0.0025_tfnone_rfadx20,55,10,2.5,0.0025,none,adx20,-0.010741819728571356,-0.025128303804137886,24,0.125,0.6801963880330382,-0.16922769363202425,0.0029688695032472623,-0.006676654394211168,6,0.5,1.545816955258031,0.18979517814064992,0.04486495263078668
lb55_atr20_m3.0_r0.0025_tfnone_rfadx20,55,20,3.0,0.0025,none,adx20,-0.011660324288501056,-0.023360649880783013,22,0.13636363636363635,0.6204277756897879,-0.2011993406159468,0.0028138423552905856,-0.006151237035839308,6,0.6666666666666666,1.7171065554649634,0.17922667121977742,0.042948115998584564
lb55_atr10_m3.0_r0.0025_tfnone_rfadx20,55,10,3.0,0.0025,none,adx20,-0.005020806693320723,-0.021056265081691228,21,0.23809523809523808,0.7905911095122355,-0.09215847869818042,0.0018469308048945088,-0.006583684766834241,6,0.6666666666666666,1.4190950541603373,0.11737190967967948,0.04107944242274615
lb55_atr20_m3.0_r0.0025_tfma100_rfadx20,55,20,3.0,0.0025,ma100,adx20,-0.013339258492649941,-0.02336064988078279,21,0.14285714285714285,0.5878645871536702,-0.24121174931394834,0.0028138423552905856,-0.006151237035839308,6,0.6666666666666666,1.7171065554649634,0.17922667121977742,0.038349596366013226
lb55_atr10_m2.5_r0.0025_tfma100_rfadx20,55,10,2.5,0.0025,ma100,adx20,-0.013738868733455645,-0.025128303804137775,23,0.08695652173913043,0.6223343711483695,-0.2255009045105463,0.0029688695032472623,-0.006676654394211168,6,0.5,1.545816955258031,0.18979517814064992,0.03798482344942907
lb55_atr10_m2.5_r0.005_tfnone_rfadx20,55,10,2.5,0.005,none,adx20,-0.021833887101532556,-0.049672919306101404,24,0.125,0.6750749114141995,-0.16922769363202436,0.005904534059202993,-0.01328905342302178,6,0.5,1.5410626180826843,0.18979517814064994,0.036186182821547064
lb55_atr10_m3.0_r0.0025_tfma100_rfadx20,55,10,3.0,0.0025,ma100,adx20,-0.0073707330849118735,-0.02105626508169134,20,0.25,0.7195440386872527,-0.140931124585094,0.0018469308048945088,-0.006583684766834241,6,0.6666666666666666,1.4190950541603373,0.11737190967967948,0.03500837478776287
lb55_atr10_m3.0_r0.005_tfnone_rfadx20,55,10,3.0,0.005,none,adx20,-0.010331298165547897,-0.041711781145919336,21,0.23809523809523808,0.7854716805011758,-0.09215847869818043,0.0036707615136510885,-0.013111111607257642,6,0.6666666666666666,1.4150087842924968,0.11737190967967955,0.03497048865551902
lb55_atr20_m3.0_r0.005_tfnone_rfadx20,55,20,3.0,0.005,none,adx20,-0.023491134782130607,-0.04622849086148895,22,0.13636363636363635,0.617200708717776,-0.20119934061594674,0.005607502043195822,-0.012236038690241036,6,0.6666666666666666,1.711303629832775,0.17922667121977742,0.03423017668432206
lb55_atr20_m3.0_r0.005_tfma100_rfadx20,55,20,3.0,0.005,ma100,adx20,-0.026814118145672805,-0.046228490861488614,21,0.14285714285714285,0.5846688092691802,-0.24121174931394843,0.005607502043195822,-0.012236038690241036,6,0.6666666666666666,1.711303629832775,0.17922667121977742,0.028892163465442718
lb55_atr10_m2.5_r0.005_tfma100_rfadx20,55,10,2.5,0.005,ma100,adx20,-0.027761999206370125,-0.04967291930610129,23,0.08695652173913043,0.6174680872365589,-0.22550090451054625,0.005904534059202993,-0.01328905342302178,6,0.5,1.5410626180826843,0.18979517814064994,0.027989754768634287
lb55_atr10_m3.0_r0.005_tfma100_rfadx20,55,10,3.0,0.005,ma100,adx20,-0.01500986238223001,-0.041711781145919336,20,0.25,0.7149553997134076,-0.140931124585094,0.0036707615136510885,-0.013111111607257642,6,0.6666666666666666,1.4150087842924968,0.11737190967967955,0.027857107294635572
lb55_atr14_m3.0_r0.0025_tfnone_rfnone,55,14,3.0,0.0025,none,none,0.00041838575640573694,-0.015123505222027878,20,0.2,1.0193119675594309,0.00925098770695756,-0.0029243175504781727,-0.010667061085202989,8,0.5,0.7102878877930237,-0.13928100688417405,-0.004249681059975389
lb55_atr14_m3.0_r0.0025_tfma100_rfnone,55,14,3.0,0.0025,ma100,none,-0.0018667354524105617,-0.015123505222027989,19,0.21052631578947367,0.9218915111361023,-0.03489349366259048,-0.0029243175504781727,-0.010667061085202989,8,0.5,0.7102878877930237,-0.13928100688417405,-0.009706518274459883
lb55_atr14_m3.0_r0.005_tfnone_rfnone,55,14,3.0,0.005,none,none,0.0005217555607524016,-0.03005019862233327,20,0.2,1.0119812446658727,0.009250987706957611,-0.005886307611230768,-0.021211926024202743,8,0.5,0.7091272826556712,-0.13928100688417405,-0.01137633750519659
lb55_atr14_m3.0_r0.005_tfma100_rfnone,55,14,3.0,0.005,ma100,none,-0.0040531454857472005,-0.03005019862233338,19,0.21052631578947367,0.9154204158222287,-0.034893493662590515,-0.005886307611230768,-0.021211926024202743,8,0.5,0.7091272826556712,-0.13928100688417405,-0.017396593589515227
lb55_atr14_m2.5_r0.0025_tfnone_rfadx20,55,14,2.5,0.0025,none,adx20,-0.002884292746740069,-0.020542433448954234,22,0.18181818181818182,0.8982925943182531,-0.049429212319852374,-0.004215850036334068,-0.008039313592174357,9,0.4444444444444444,0.5203377239579348,-0.18160350266845923,-0.02310609033484482
lb10_atr20_m3.0_r0.0025_tfma100_rfadx20,10,20,3.0,0.0025,ma100,adx20,-0.036304930294736804,-0.04497841059252905,42,0.21428571428571427,0.4476965072327601,-0.3347150962799431,0.00032224512407230677,-0.010951203299305101,10,0.4,1.0277357027113667,0.009041677988998891,-0.02838091287763226
lb55_atr10_m2.5_r0.0025_tfnone_rfnone,55,10,2.5,0.0025,none,none,-0.011405576789255245,-0.022699799992942804,25,0.12,0.6717090542622148,-0.1714567866240948,-0.002989871466531624,-0.009981554837967366,8,0.375,0.7375749332103653,-0.1394284595312414,-0.028774052354720404
lb30_atr14_m3.0_r0.0025_tfma100_rfadx20,30,14,3.0,0.0025,ma100,adx20,-0.01769217661710676,-0.0314607477199047,26,0.23076923076923078,0.5574035486445097,-0.25823639949154464,-0.0016426202392364475,-0.009395316733144532,8,0.5,0.8248980258283922,-0.08047120240168573,-0.02944621422204541
lb55_atr14_m2.5_r0.0025_tfma100_rfadx20,55,14,2.5,0.0025,ma100,adx20,-0.005872610319899718,-0.02054243344895401,21,0.14285714285714285,0.8103641699557882,-0.10440298255567787,-0.004215850036334068,-0.008039313592174357,9,0.4444444444444444,0.5203377239579348,-0.18160350266845923,-0.029917975136288442
lb55_atr10_m3.0_r0.0025_tfnone_rfnone,55,10,3.0,0.0025,none,none,-0.006095872084814324,-0.019127486134980387,22,0.22727272727272727,0.760493805540284,-0.10569696425394993,-0.003956193910657824,-0.01055761428687596,8,0.5,0.6124348145624593,-0.1891379926886418,-0.030397621204497228
lb55_atr14_m2.5_r0.005_tfnone_rfadx20,55,14,2.5,0.005,none,adx20,-0.0062235353169201035,-0.04071818318403686,22,0.18181818181818182,0.8907890338853907,-0.04942921231985243,-0.008440305269933113,-0.01603284958287754,9,0.4444444444444444,0.5199922427285454,-0.1816035026684592,-0.03209769099160166
lb55_atr20_m3.0_r0.0025_tfnone_rfnone,55,20,3.0,0.0025,none,none,-0.014790475064158648,-0.023409677764359538,24,0.125,0.5675991857251679,-0.2338503232668947,-0.0023896524577503575,-0.010699525711537539,8,0.5,0.7381575836241555,-0.11516880619125765,-0.03285222416379154
lb30_atr20_m3.0_r0.0025_tfma100_rfadx20,30,20,3.0,0.0025,ma100,adx20,-0.02270052334328665,-0.030871395352411568,27,0.18518518518518517,0.483112756337527,-0.3181980623829232,-0.00126112517463417,-0.009580398810754231,8,0.5,0.8579401538275864,-0.06363591428432666,-0.0341024029791884
lb10_atr14_m3.0_r0.0025_tfma100_rfadx20,10,14,3.0,0.0025,ma100,adx20,-0.0305340291591506,-0.04227780458802366,40,0.225,0.48407494217685415,-0.2962677070004079,-0.0014020993033251328,-0.011312333179308465,10,0.4,0.8963064914167896,-0.05229439734564386,-0.03523206746310856
lb55_atr10_m2.5_r0.0025_tfma100_rfnone,55,10,2.5,0.0025,ma100,none,-0.014400614880833773,-0.022699799992942915,24,0.08333333333333333,0.6162740131414456,-0.22547815925734796,-0.002989871466531624,-0.009981554837967366,8,0.375,0.7375749332103653,-0.1394284595312414,-0.03543075753310849
lb55_atr10_m3.0_r0.0025_tfma100_rfnone,55,10,3.0,0.0025,ma100,none,-0.008443259403675407,-0.019127486134980387,21,0.23809523809523808,0.6957768521904646,-0.15279179298223766,-0.003956193910657824,-0.01055761428687596,8,0.5,0.6124348145624593,-0.1891379926886418,-0.03625427102188299
lb55_atr20_m3.0_r0.0025_tfma100_rfnone,55,20,3.0,0.0025,ma100,none,-0.016464091949444315,-0.023409677764360204,23,0.13043478260869565,0.5407007408134075,-0.2718030000194592,-0.0023896524577503575,-0.010699525711537539,8,0.5,0.7381575836241555,-0.11516880619125765,-0.03720864464959306
lb10_atr10_m3.0_r0.0025_tfma100_rfadx20,10,10,3.0,0.0025,ma100,adx20,-0.03467713484634383,-0.04502476508609898,42,0.21428571428571427,0.4679509662705191,-0.32174148647412143,-0.0013517116798840156,-0.012197299363517433,10,0.4,0.9075575538016047,-0.050333940652531516,-0.03954370502890957
lb55_atr14_m2.5_r0.005_tfma100_rfadx20,55,14,2.5,0.005,ma100,adx20,-0.012181732786826438,-0.04071818318403697,21,0.14285714285714285,0.8036365842460566,-0.10440298255567788,-0.008440305269933113,-0.01603284958287754,9,0.4444444444444444,0.5199922427285454,-0.1816035026684592,-0.04006083147930465
lb55_atr10_m3.0_r0.005_tfnone_rfnone,55,10,3.0,0.005,none,none,-0.012473401759376612,-0.03792740879294321,22,0.22727272727272727,0.7553578298843072,-0.10569696425394999,-0.00793975825634452,-0.02100002956661373,8,0.5,0.6116807559860666,-0.18913799268864173,-0.040874118979651965
lb55_atr10_m2.5_r0.005_tfnone_rfnone,55,10,2.5,0.005,none,none,-0.023151310130171243,-0.04492785561730983,25,0.12,0.6661446057170146,-0.17145678662409478,-0.006030068724158455,-0.019854928522125115,8,0.375,0.7358489716488799,-0.13942845953124142,-0.04150282875529333
lb20_atr10_m2.5_r0.0025_tfma100_rfadx20,20,10,2.5,0.0025,ma100,adx20,-0.04376659981748987,-0.04982945274414474,39,0.15384615384615385,0.3793021379003,-0.4343071119022628,0.00028254351796874744,-0.011777464063405074,9,0.3333333333333333,1.0226915622411987,0.00972187071440365,-0.04207474541235408
lb10_atr10_m2.5_r0.0025_tfma100_rfadx20,10,10,2.5,0.0025,ma100,adx20,-0.054283977769889136,-0.05971252230250168,50,0.16,0.34728551261706253,-0.4205315834356227,0.000771634141072175,-0.011648854850321744,11,0.45454545454545453,1.0534767229375075,0.030962270624589113,-0.042967697196655
lb30_atr14_m3.0_r0.0025_tfnone_rfadx20,30,14,3.0,0.0025,none,adx20,-0.013007884908402323,-0.03234943158895598,29,0.3103448275862069,0.6772816837140702,-0.170251126791226,-0.004852597941147341,-0.012580367506703327,10,0.4,0.6143644465827885,-0.19259594018284423,-0.04342454253719113
lb30_atr14_m3.0_r0.005_tfma100_rfadx20,30,14,3.0,0.005,ma100,adx20,-0.035433297995348445,-0.06200949527920774,26,0.23076923076923078,0.5557599905520375,-0.25823639949154464,-0.0033265560315992593,-0.01869163650634731,8,0.5,0.8232284741478856,-0.08047120240168573,-0.0450995649451297
lb30_atr10_m3.0_r0.0025_tfma100_rfadx20,30,10,3.0,0.0025,ma100,adx20,-0.019494881492647664,-0.03465774339579697,27,0.25925925925925924,0.5448699266791409,-0.27849123065446024,-0.002918212724324687,-0.00952651246680336,8,0.5,0.6956279750494484,-0.1423433601228107,-0.04591958994547726
lb20_atr10_m3.0_r0.0025_tfma100_rfadx20,20,10,3.0,0.0025,ma100,adx20,-0.033064096713490976,-0.04503347427320625,35,0.2,0.4434478936620639,-0.36895876968485275,-0.0014959931126333759,-0.012321403104624151,9,0.4444444444444444,0.8707798633510977,-0.06753735717757564,-0.04683219360845303
lb55_atr20_m3.0_r0.005_tfnone_rfnone,55,20,3.0,0.005,none,none,-0.029678407668629614,-0.04632642784669749,24,0.125,0.5644616990787045,-0.2338503232668947,-0.004815205203217876,-0.02126924755791093,8,0.5,0.736899754739255,-0.11516880619125766,-0.046899791810438435
lb55_atr10_m3.0_r0.005_tfma100_rfnone,55,10,3.0,0.005,ma100,none,-0.017141839386015545,-0.03792740879294332,21,0.23809523809523808,0.6909859300635155,-0.1527917929822377,-0.00793975825634452,-0.02100002956661373,8,0.5,0.6116807559860666,-0.18913799268864173,-0.04777161837348298
lb20_atr14_m3.0_r0.0025_tfma100_rfadx20,20,14,3.0,0.0025,ma100,adx20,-0.03229353571887872,-0.042939538594002236,33,0.21212121212121213,0.41221246807067335,-0.37889019218130204,-0.0016712931128380903,-0.011406158076316508,9,0.4444444444444444,0.8531270864870809,-0.07296188126838268,-0.04847342720929494
lb55_atr10_m2.5_r0.005_tfma100_rfnone,55,10,2.5,0.005,ma100,none,-0.029071438078433487,-0.04492785561731005,24,0.08333333333333333,0.6108759875284513,-0.22547815925734793,-0.006030068724158455,-0.019854928522125115,8,0.375,0.7358489716488799,-0.13942845953124142,-0.04947407692840094
lb30_atr10_m2.5_r0.0025_tfma100_rfadx20,30,10,2.5,0.0025,ma100,adx20,-0.029293461677001198,-0.038582597746920966,31,0.12903225806451613,0.4490673871648843,-0.35990436489725675,-0.0021434827963371372,-0.009141101595530055,8,0.375,0.798547922232549,-0.10208889891159739,-0.04993340934492127
lb30_atr20_m3.0_r0.005_tfma100_rfadx20,30,20,3.0,0.005,ma100,adx20,-0.045238339395853866,-0.060878067467768804,27,0.18518518518518517,0.4814385171547354,-0.3181980623829231,-0.0025625563866569223,-0.019053843260389836,8,0.5,0.8561453768393689,-0.0636359142843267,-0.05167681468520098
lb55_atr20_m3.0_r0.005_tfma100_rfnone,55,20,3.0,0.005,ma100,none,-0.03298033622601515,-0.04632642784669749,23,0.13043478260869565,0.5375266291338747,-0.2718030000194592,-0.004815205203217876,-0.02126924755791093,8,0.5,0.736899754739255,-0.11516880619125766,-0.05198933711153202
lb20_atr20_m3.0_r0.0025_tfma100_rfadx20,20,20,3.0,0.0025,ma100,adx20,-0.03802623207900491,-0.04314543391575287,35,0.2,0.384630573350755,-0.42113740795522775,-0.0013250904563408827,-0.010951464668517374,9,0.4444444444444444,0.8736458015994332,-0.05916043794737694,-0.052116725959718925
lb10_atr20_m3.0_r0.005_tfma100_rfadx20,10,20,3.0,0.005,ma100,adx20,-0.07168190128164287,-0.08806155463078114,42,0.21428571428571427,0.4474912324419281,-0.3347150962799431,0.0005677306188540676,-0.021762253337626936,10,0.4,1.0242954894377876,0.009041677988998964,-0.05307728551906749
lb10_atr14_m3.0_r0.0025_tfnone_rfadx20,10,14,3.0,0.0025,none,adx20,-0.039609688347972405,-0.05525180295592502,58,0.27586206896551724,0.5104411955390064,-0.27151108780614924,-0.004973178968393666,-0.016735123365748228,18,0.3333333333333333,0.7652280119923288,-0.10900695588430503,-0.05383526440535579
lb30_atr10_m3.0_r0.0025_tfnone_rfadx20,30,10,3.0,0.0025,none,adx20,-0.012817020567593373,-0.03408674513780463,30,0.3,0.698783776010174,-0.16562180122080328,-0.006297310780471577,-0.01288321507545609,10,0.4,0.5141344209533986,-0.24788901492152862,-0.0547639820984582
lb30_atr20_m3.0_r0.0025_tfnone_rfadx20,30,20,3.0,0.0025,none,adx20,-0.01814490177000483,-0.0314293958003149,30,0.26666666666666666,0.5942776237193181,-0.22805236888233224,-0.0054011096080787135,-0.01368589809075249,10,0.4,0.5848573523189212,-0.21409108771654478,-0.056194015608455994
lb10_atr14_m3.0_r0.005_tfma100_rfadx20,10,14,3.0,0.005,ma100,adx20,-0.060582187430265555,-0.08289406849155878,40,0.225,0.4837858886114265,-0.2962677070004079,-0.0028869737258465644,-0.02247820310085391,10,0.4,0.8936962056562344,-0.052294397345643916,-0.05821375837836163
lb10_atr10_m3.0_r0.0025_tfnone_rfadx20,10,10,3.0,0.0025,none,adx20,-0.04275018643929884,-0.06161667196189158,61,0.26229508196721313,0.5265520402262622,-0.282320524422328,-0.005757784765906493,-0.016793105009584308,19,0.3157894736842105,0.7528404826317517,-0.12127866126389289,-0.05959854940473117
lb30_atr14_m3.0_r0.005_tfnone_rfadx20,30,14,3.0,0.005,none,adx20,-0.02644205232694452,-0.06374857302532833,29,0.3103448275862069,0.6729220995530448,-0.1702511267912261,-0.009730734050458323,-0.024997085386560314,10,0.4,0.6137431896429794,-0.1925959401828442,-0.05983500932952816
lb30_atr10_m2.5_r0.0025_tfnone_rfadx20,30,10,2.5,0.0025,none,adx20,-0.022577658695160596,-0.03858321825121658,34,0.23529411764705882,0.5813112901082053,-0.252449503338803,-0.005403096870658763,-0.012377857136253612,10,0.3,0.6110412271743211,-0.21076860623553148,-0.060071700681664564
lb30_atr10_m3.0_r0.005_tfma100_rfadx20,30,10,3.0,0.005,ma100,adx20,-0.0389862458876058,-0.06819528112945994,27,0.25925925925925924,0.5437786131518593,-0.27849123065446024,-0.005868537893278125,-0.018956076398367605,8,0.5,0.6945512182630161,-0.14234336012281068,-0.0634927802204242
lb10_atr10_m3.0_r0.005_tfma100_rfadx20,10,10,3.0,0.005,ma100,adx20,-0.0685678644732175,-0.08816289487148954,42,0.21428571428571427,0.4681944105070318,-0.32174148647412143,-0.0022407315021567564,-0.024208846436582943,10,0.4,0.9222240314975511,-0.05033394065253155,-0.06415728219265011
lb20_atr10_m2.5_r0.0025_tfnone_rfadx20,20,10,2.5,0.0025,none,adx20,-0.04407282158791381,-0.05790657078365524,46,0.21739130434782608,0.44630167176756125,-0.3744836673080526,-0.003913627962816135,-0.015923043978637974,14,0.2857142857142857,0.7931273855168213,-0.11046451904161703,-0.06479783010084765
lb20_atr10_m3.0_r0.0025_tfnone_rfadx20,20,10,3.0,0.0025,none,adx20,-0.030985440207298653,-0.05137096729994317,42,0.21428571428571427,0.5331614301882946,-0.2930298130805788,-0.006464830025436408,-0.017236369731085333,14,0.2857142857142857,0.646086923751243,-0.18269575500544358,-0.06630377496215754
lb55_atr14_m2.5_r0.0025_tfnone_rfnone,55,14,2.5,0.0025,none,none,-0.005992384575477794,-0.020470056061365316,24,0.16666666666666666,0.8127138162594263,-0.09356124431578944,-0.010116513786827763,-0.013917320853502058,11,0.36363636363636365,0.3110958624256523,-0.3529193719630075,-0.06650593518808805
lb10_atr10_m2.5_r0.0025_tfnone_rfadx20,10,10,2.5,0.0025,none,adx20,-0.07453871500279341,-0.08336218563627906,73,0.1917808219178082,0.3598850814464067,-0.405737816377286,-0.0014988578993666568,-0.014239034139487905,20,0.4,0.9353923237451253,-0.03152163010344487,-0.06834502861785972
lb20_atr10_m2.5_r0.005_tfma100_rfadx20,20,10,2.5,0.005,ma100,adx20,-0.0861240809367888,-0.09730151218790684,39,0.15384615384615385,0.37891366858595454,-0.4343071119022628,0.00044632728282612,-0.023363197059030893,9,0.3333333333333333,1.0178340866805755,0.009721870714403705,-0.07080270944758923
lb20_atr10_m3.0_r0.005_tfma100_rfadx20,20,10,3.0,0.005,ma100,adx20,-0.06544952166866458,-0.08815640359032195,35,0.2,0.44384848228438334,-0.36895876968485275,-0.0030714477098664483,-0.02445358380039353,9,0.4444444444444444,0.867893120233341,-0.06753735717757553,-0.07151579726231747
lb30_atr10_m2.5_r0.005_tfma100_rfadx20,30,10,2.5,0.005,ma100,adx20,-0.05819900953097046,-0.0757642886508948,31,0.12903225806451613,0.4474165169067482,-0.3599043648972567,-0.0043379958381960515,-0.018186390221747506,8,0.375,0.7965757959938435,-0.10208889891159739,-0.0717608904209679
lb30_atr10_m3.0_r0.005_tfnone_rfadx20,30,10,3.0,0.005,none,adx20,-0.025882581940738336,-0.06710533368697535,30,0.3,0.6969602594520996,-0.16562180122080325,-0.012600562849794938,-0.025599475615539102,10,0.4,0.5139031442856395,-0.24788901492152862,-0.07206276031068785
lb20_atr14_m3.0_r0.005_tfma100_rfadx20,20,14,3.0,0.005,ma100,adx20,-0.06393174385377731,-0.08413813796856273,33,0.21212121212121213,0.4125083381983101,-0.378890192181302,-0.003407954385452383,-0.022663757548515573,9,0.4444444444444444,0.8508539183674573,-0.0729618812683827,-0.07240178448713987
lb55_atr14_m2.5_r0.0025_tfma100_rfnone,55,14,2.5,0.0025,ma100,none,-0.008971387316504154,-0.02047005606136565,23,0.13043478260869565,0.7406669224909032,-0.1456734707048446,-0.010116513786827763,-0.013917320853502058,11,0.36363636363636365,0.3110958624256523,-0.3529193719630075,-0.0725669980669565
lb10_atr20_m3.0_r0.0025_tfnone_rfadx20,10,20,3.0,0.0025,none,adx20,-0.04795790100649744,-0.05887811237525675,60,0.23333333333333334,0.45999707565246745,-0.3150336697179952,-0.007324837566244025,-0.019321355225512482,18,0.3333333333333333,0.6727917093108283,-0.16015174501068588,-0.07451690124417623
lb10_atr10_m2.5_r0.005_tfma100_rfadx20,10,10,2.5,0.005,ma100,adx20,-0.1063053999168243,-0.11563129850034026,50,0.16,0.34489766850574116,-0.4205315834356227,0.0029728605224124127,-0.023109677628465053,11,0.45454545454545453,1.1081594692604104,0.030962270624589047,-0.07493386405292563
lb30_atr20_m3.0_r0.005_tfnone_rfadx20,30,20,3.0,0.005,none,adx20,-0.03646263063864574,-0.0619737274501333,30,0.26666666666666666,0.5914325774249882,-0.2280523688823322,-0.01082344704741367,-0.02717815120250966,10,0.4,0.5844445606009582,-0.21409108771654478,-0.0752413938556008
lb20_atr14_m3.0_r0.0025_tfnone_rfadx20,20,14,3.0,0.0025,none,adx20,-0.03352124592864547,-0.05052066400086286,40,0.25,0.46080564812331853,-0.32791105397024534,-0.007304396254600776,-0.016984331916705786,14,0.2857142857142857,0.6091123056537489,-0.20534023625481795,-0.07593465421464664
lb55_atr20_m2.5_r0.0025_tfnone_rfadx20,55,20,2.5,0.0025,none,adx20,-0.017127076440736633,-0.02524997385662242,24,0.125,0.4763533889826761,-0.26943521251888286,-0.006968602754385822,-0.009077077877272632,9,0.3333333333333333,0.29257704907059146,-0.29286219974467964,-0.07789367801397977
lb20_atr20_m3.0_r0.005_tfma100_rfadx20,20,20,3.0,0.005,ma100,adx20,-0.07499857655330955,-0.08455678831964286,35,0.2,0.3845903484140771,-0.42113740795522775,-0.0027087856142580247,-0.02176550815453926,9,0.4444444444444444,0.8713876919850746,-0.059160437947376944,-0.07816900973223583
lb30_atr10_m2.5_r0.005_tfnone_rfadx20,30,10,2.5,0.005,none,adx20,-0.04570237711723146,-0.07578764200987975,34,0.23529411764705882,0.574457033262705,-0.252449503338803,-0.010837169904679422,-0.0245951690283297,10,0.3,0.6100285572133323,-0.21076860623553148,-0.08194340131957747
lb55_atr14_m2.5_r0.005_tfnone_rfnone,55,14,2.5,0.005,none,none,-0.012423208730686253,-0.04058013927514892,24,0.16666666666666666,0.8061444461256579,-0.09356124431578934,-0.020174152402493872,-0.027676848615733607,11,0.36363636363636365,0.31141090876810834,-0.35291937196300754,-0.08211259403947634
lb30_atr14_m2.5_r0.0025_tfnone_rfadx20,30,14,2.5,0.0025,none,adx20,-0.0142555532871943,-0.034316839591289394,32,0.28125,0.7109803194420694,-0.16795664336347152,-0.01202435252915679,-0.015817834160994693,13,0.3076923076923077,0.292138815765832,-0.3610679373128373,-0.08215313314097718
lb55_atr20_m2.5_r0.0025_tfma100_rfadx20,55,20,2.5,0.0025,ma100,adx20,-0.01956923501186969,-0.025249973856622976,23,0.13043478260869565,0.4426428682263889,-0.32149631437231174,-0.006968602754385822,-0.009077077877272632,9,0.3333333333333333,0.29257704907059146,-0.29286219974467964,-0.08390195625110576
lb30_atr14_m2.5_r0.0025_tfma100_rfadx20,30,14,2.5,0.0025,ma100,adx20,-0.021342025883084315,-0.034243846766617736,29,0.1724137931034483,0.5569613083929347,-0.277532372445408,-0.008875928870055838,-0.012681499349782466,11,0.36363636363636365,0.3591154087244063,-0.3115792440278752,-0.08464186643943976
lb20_atr20_m3.0_r0.0025_tfnone_rfadx20,20,20,3.0,0.0025,none,adx20,-0.0387683098063063,-0.05009304581580987,42,0.23809523809523808,0.4395931397487435,-0.36133450212938395,-0.008174746111997422,-0.017735095486726027,14,0.2857142857142857,0.5653429207418839,-0.22936965116451605,-0.08681542334392497
lb10_atr14_m3.0_r0.005_tfnone_rfadx20,10,14,3.0,0.005,none,adx20,-0.0811094147235436,-0.10762045630461814,58,0.27586206896551724,0.4920089273327449,-0.27151108780614924,-0.010042905249312284,-0.033212527727592756,18,0.3333333333333333,0.763636744949574,-0.10900695588430506,-0.08713879585526416
lb55_atr14_m2.5_r0.005_tfma100_rfnone,55,14,2.5,0.005,ma100,none,-0.018344235992038826,-0.04058013927514925,23,0.13043478260869565,0.7344979250555108,-0.14567347070484465,-0.020174152402493872,-0.027676848615733607,11,0.36363636363636365,0.31141090876810834,-0.35291937196300754,-0.0889049591350934
lb20_atr14_m2.5_r0.0025_tfma100_rfadx20,20,14,2.5,0.0025,ma100,adx20,-0.03651504453678722,-0.04620371148289737,37,0.1891891891891892,0.4507761509899103,-0.3806884231947697,-0.008360627057225622,-0.013109887023426858,12,0.3333333333333333,0.46489696743118786,-0.2693309747278814,-0.09418508512924582
lb55_atr20_m2.5_r0.005_tfnone_rfadx20,55,20,2.5,0.005,none,adx20,-0.03417908732353303,-0.049915523108420956,24,0.125,0.47515586258793746,-0.26943521251888286,-0.013913094321112873,-0.018083961536219273,9,0.3333333333333333,0.2916546733223059,-0.2928621997446796,-0.09521208027375226
lb20_atr10_m3.0_r0.005_tfnone_rfadx20,20,10,3.0,0.005,none,adx20,-0.06520242249628971,-0.10024616816517318,42,0.21428571428571427,0.5047695724360375,-0.2930298130805788,-0.01298750663891235,-0.0341569629731866,14,0.2857142857142857,0.6449481876913784,-0.18269575500544355,-0.09685109135325987
lb20_atr14_m2.5_r0.0025_tfnone_rfadx20,20,14,2.5,0.0025,none,adx20,-0.03463478532704933,-0.05266146986029274,44,0.25,0.5338093648568335,-0.3075284502344923,-0.013157912543793726,-0.017884196863273583,17,0.29411764705882354,0.4158736715702445,-0.3013926923497676,-0.09701551923688967
lb10_atr10_m3.0_r0.005_tfnone_rfadx20,10,10,3.0,0.005,none,adx20,-0.0922254557011245,-0.1196265926308061,61,0.26229508196721313,0.47992278537337013,-0.282320524422328,-0.011628349342668431,-0.03330996088434934,19,0.3157894736842105,0.7509622286666402,-0.12127866126389293,-0.09803323563913378
lb20_atr10_m2.5_r0.005_tfnone_rfadx20,20,10,2.5,0.005,none,adx20,-0.08901850394154676,-0.11262354473504843,46,0.21739130434782608,0.43201659204031473,-0.3744836673080525,-0.007954244808493938,-0.03156384475636864,14,0.2857142857142857,0.7903212953910349,-0.110464519041617,-0.09917742307509919
lb55_atr20_m2.5_r0.0025_tfnone_rfnone,55,20,2.5,0.0025,none,none,-0.01625434748669774,-0.023717434936115,27,0.18518518518518517,0.5477814966087949,-0.2257703311114982,-0.012204498287285537,-0.013570380632096701,11,0.2727272727272727,0.19091652918510837,-0.42259861730503406,-0.09982827153324444
lb10_atr14_m2.5_r0.0025_tfma100_rfadx20,10,14,2.5,0.0025,ma100,adx20,-0.043934421629145404,-0.05607366942936931,48,0.1875,0.43937369246512115,-0.35417780828740697,-0.010544181792701002,-0.01680018857752974,14,0.2857142857142857,0.49262172451661396,-0.28862573461857643,-0.10146084517107945
lb55_atr20_m2.5_r0.005_tfma100_rfadx20,55,20,2.5,0.005,ma100,adx20,-0.038982091690502485,-0.04991552310842051,23,0.13043478260869565,0.44128903433960254,-0.3214963143723117,-0.013913094321112873,-0.018083961536219273,9,0.3333333333333333,0.2916546733223059,-0.2928621997446796,-0.102284380347671
lb30_atr14_m2.5_r0.005_tfnone_rfadx20,30,14,2.5,0.005,none,adx20,-0.02932953116282988,-0.06757627502122476,32,0.28125,0.700774266108032,-0.16795664336347144,-0.023950044537320414,-0.03142382809052868,13,0.3076923076923077,0.2922644862562214,-0.3610679373128373,-0.10431414615681775
lb55_atr20_m2.5_r0.0025_tfma100_rfnone,55,20,2.5,0.0025,ma100,none,-0.01869867454008689,-0.02371743493611489,26,0.19230769230769232,0.5122802708743486,-0.2701449642354013,-0.012204498287285537,-0.013570380632096701,11,0.2727272727272727,0.19091652918510837,-0.42259861730503406,-0.10518376197582274
lb20_atr14_m3.0_r0.005_tfnone_rfadx20,20,14,3.0,0.005,none,adx20,-0.06773137336830204,-0.09862279025755116,40,0.25,0.4505737513742939,-0.32791105397024534,-0.014645215644885745,-0.0336838963736934,14,0.2857142857142857,0.6083625500430795,-0.20534023625481795,-0.10656490181217476
lb30_atr14_m2.5_r0.005_tfma100_rfadx20,30,14,2.5,0.005,ma100,adx20,-0.041983187610091455,-0.06741279961558333,29,0.1724137931034483,0.5587691254957342,-0.27753237244540796,-0.017713845939411277,-0.025235381145344626,11,0.36363636363636365,0.35931263670257707,-0.3115792440278751,-0.10667607824528608
lb10_atr14_m2.5_r0.0025_tfnone_rfadx20,10,14,2.5,0.0025,none,adx20,-0.05355542927521373,-0.06858797165816855,68,0.25,0.4774841492738248,-0.31203208663847276,-0.01762431048062929,-0.0239858424307704,24,0.20833333333333334,0.4586511623353629,-0.2859943046387398,-0.10945154985408302
lb30_atr14_m3.0_r0.0025_tfnone_rfnone,30,14,3.0,0.0025,none,none,-0.016249285836238747,-0.029715088773579867,33,0.2727272727272727,0.6540447467513486,-0.18766273856779292,-0.018000726635701625,-0.024189323709526867,14,0.2857142857142857,0.2995984449159844,-0.48577923990794275,-0.11066217962158578
lb30_atr14_m3.0_r0.0025_tfma100_rfnone,30,14,3.0,0.0025,ma100,none,-0.019607853435809508,-0.027524225815271808,29,0.20689655172413793,0.5673426535303483,-0.2568368624593107,-0.014833159937269969,-0.021041719137883774,12,0.3333333333333333,0.34193213754199414,-0.45989329800802015,-0.11088712244895604
lb10_atr20_m3.0_r0.005_tfnone_rfadx20,10,20,3.0,0.005,none,adx20,-0.0943525036759052,-0.11447121864159082,60,0.23333333333333334,0.4597067703319395,-0.3150336697179952,-0.01470965553709136,-0.038287653473994654,18,0.3333333333333333,0.6721117941253242,-0.16015174501068588,-0.11218670130325074
lb10_atr20_m3.0_r0.0025_tfma100_rfnone,10,20,3.0,0.0025,ma100,none,-0.04479650730767171,-0.04763297665861532,47,0.19148936170212766,0.39832059961472366,-0.37004945328269634,-0.013666585725159996,-0.024782382587901997,15,0.26666666666666666,0.4660361311528471,-0.34555900343352675,-0.11604968100909983
lb10_atr10_m2.5_r0.005_tfnone_rfadx20,10,10,2.5,0.005,none,adx20,-0.14943312996024904,-0.15963420188403787,73,0.1917808219178082,0.334243664786907,-0.405737816377286,-0.0031876178100250785,-0.02828274556881183,20,0.4,0.9316064194244272,-0.031521630103444845,-0.1176488405550657
lb20_atr14_m3.0_r0.0025_tfma100_rfnone,20,14,3.0,0.0025,ma100,none,-0.033872981990599405,-0.038743467178135815,36,0.19444444444444445,0.43486905621718036,-0.3643054574407668,-0.014099842793775741,-0.02031302338714558,13,0.3076923076923077,0.406801762745871,-0.4027568656307683,-0.11852918564518533
lb20_atr10_m3.0_r0.0025_tfma100_rfnone,20,10,3.0,0.0025,ma100,none,-0.036024909670925864,-0.04219989248610645,38,0.18421052631578946,0.44943851908158367,-0.36978763123232183,-0.013762977548071875,-0.020855058252499115,13,0.3076923076923077,0.4218552737800791,-0.3967410238644541,-0.11899269891879463
lb20_atr10_m2.5_r0.0025_tfma100_rfnone,20,10,2.5,0.0025,ma100,none,-0.04597861360470257,-0.04610002113845313,42,0.16666666666666666,0.3875285381629457,-0.4230879409747165,-0.012411310093184524,-0.020485507711258344,13,0.23076923076923078,0.5053374272185444,-0.34894089904570613,-0.11909679308642064
lb30_atr10_m3.0_r0.0025_tfnone_rfnone,30,10,3.0,0.0025,none,none,-0.017150315807185734,-0.03251068595605755,34,0.2647058823529412,0.6566442648822493,-0.1948924288080302,-0.01920166608581453,-0.025161271187350565,14,0.2857142857142857,0.2568827541257468,-0.5215684491860457,-0.11968623708543591
lb20_atr20_m3.0_r0.005_tfnone_rfadx20,20,20,3.0,0.005,none,adx20,-0.07827549000520506,-0.09783056646778754,42,0.23809523809523808,0.426778622898035,-0.3613345021293839,-0.016365783725433403,-0.035161541745037383,14,0.2857142857142857,0.5649958929027739,-0.22936965116451605,-0.1204541735090521
lb30_atr20_m2.5_r0.0025_tfma100_rfadx20,30,20,2.5,0.0025,ma100,adx20,-0.03457316426699686,-0.039202167183892245,31,0.1935483870967742,0.3367831771672891,-0.42486854861414775,-0.010910928769359174,-0.01227859980804813,11,0.2727272727272727,0.26036615387267065,-0.37944426162036676,-0.12046200125540747
lb55_atr20_m2.5_r0.005_tfnone_rfnone,55,20,2.5,0.005,none,none,-0.032489110694147505,-0.04694433008445664,27,0.18518518518518517,0.5461395464337742,-0.22577033111149822,-0.02429829324266164,-0.026992886372845026,11,0.2727272727272727,0.19054242307268185,-0.42259861730503406,-0.12055165456144609
lb30_atr20_m3.0_r0.0025_tfma100_rfnone,30,20,3.0,0.0025,ma100,none,-0.029714240359076105,-0.03193390323914913,31,0.16129032258064516,0.4198201731411301,-0.3640356114204339,-0.01376799842501819,-0.02030543358580772,12,0.3333333333333333,0.3553160503079136,-0.4287195193934596,-0.1208772295828741
lb10_atr20_m2.5_r0.0025_tfma100_rfadx20,10,20,2.5,0.0025,ma100,adx20,-0.0537446334326388,-0.05792241493795314,51,0.19607843137254902,0.3451900711476027,-0.4098830510878137,-0.013102163522779597,-0.017196157848461735,16,0.3125,0.3052685583050247,-0.316388282814638,-0.1216720444076943
lb10_atr14_m3.0_r0.0025_tfma100_rfnone,10,14,3.0,0.0025,ma100,none,-0.03838376162028456,-0.044307636959506236,44,0.20454545454545456,0.42147532513729274,-0.3379985556382015,-0.016151866270809112,-0.02591572126880559,15,0.26666666666666666,0.4283789379474463,-0.4048978575511716,-0.12168927114878464
lb55_atr20_m2.0_r0.0025_tfnone_rfadx20,55,20,2.0,0.0025,none,adx20,-0.03931778723988366,-0.04163250147319464,30,0.16666666666666666,0.1917574744643279,-0.4983681266229129,-0.009988577196113901,-0.01191733075184298,11,0.18181818181818182,0.2948990572525803,-0.34384853596508685,-0.12383239099306745
lb30_atr10_m3.0_r0.0025_tfma100_rfnone,30,10,3.0,0.0025,ma100,none,-0.02267343133154609,-0.031967886299739456,30,0.23333333333333334,0.538167456723768,-0.2909698057322936,-0.01586644944651494,-0.021846320257535856,12,0.3333333333333333,0.29513178758064634,-0.49681791836431993,-0.12387208022605731
lb20_atr14_m2.5_r0.005_tfma100_rfadx20,20,14,2.5,0.005,ma100,adx20,-0.07153691431441545,-0.09043526370165111,37,0.1891891891891892,0.4524265539760826,-0.3806884231947697,-0.01670549802316723,-0.02607729808648529,12,0.3333333333333333,0.465067891688307,-0.26933097472788137,-0.12407788749309846
lb30_atr20_m3.0_r0.0025_tfnone_rfnone,30,20,3.0,0.0025,none,none,-0.0260900794444775,-0.03338332803945654,35,0.22857142857142856,0.5069376084935756,-0.2826983496722535,-0.017856139216573585,-0.024366475322262104,14,0.2857142857142857,0.29803189617466125,-0.4840326996865964,-0.12482731425924806
lb30_atr20_m2.5_r0.0025_tfnone_rfadx20,30,20,2.5,0.0025,none,adx20,-0.031101241962038895,-0.04229813207515187,35,0.2,0.42879577850134465,-0.3395416177160936,-0.014880712017496855,-0.016242893805787362,13,0.23076923076923078,0.2047138689431188,-0.4422374525677225,-0.1254040428463249
lb55_atr10_m2.0_r0.0025_tfnone_rfadx20,55,10,2.0,0.0025,none,adx20,-0.03468122219657788,-0.03662124167423331,29,0.1724137931034483,0.19161564977146572,-0.45567224100657394,-0.010622678639338523,-0.012422029379784316,11,0.09090909090909091,0.1080900297442463,-0.36907441222133297,-0.12553191788466145
lb20_atr20_m3.0_r0.0025_tfma100_rfnone,20,20,3.0,0.0025,ma100,none,-0.04454009531259784,-0.045600822359155524,39,0.1794871794871795,0.35051410382934167,-0.44301736525380875,-0.01294261424113663,-0.01948552062530584,13,0.3076923076923077,0.41358681211228215,-0.3712444150417167,-0.1259577271937451
lb30_atr10_m2.5_r0.0025_tfnone_rfnone,30,10,2.5,0.0025,none,none,-0.025943977961117026,-0.035903633525005585,38,0.23684210526315788,0.5649689954638726,-0.2593116389143774,-0.018909854327011866,-0.02390586622171964,14,0.21428571428571427,0.3088451857349034,-0.5053331425447667,-0.1261689923678384
lb55_atr10_m2.0_r0.0025_tfma100_rfadx20,55,10,2.0,0.0025,ma100,adx20,-0.03378699866753576,-0.03378699866753576,27,0.18518518518518517,0.19584037980301572,-0.47657330261535963,-0.010622678639338523,-0.012422029379784316,11,0.09090909090909091,0.1080900297442463,-0.36907441222133297,-0.12651720650109233
lb55_atr20_m2.5_r0.005_tfma100_rfnone,55,20,2.5,0.005,ma100,none,-0.03730051927459388,-0.046944330084455865,26,0.19230769230769232,0.510497729543366,-0.27014496423540124,-0.02429829324266164,-0.026992886372845026,11,0.2727272727272727,0.19054242307268185,-0.42259861730503406,-0.12697380789833768
lb20_atr10_m3.0_r0.0025_tfnone_rfnone,20,10,3.0,0.0025,none,none,-0.03786251549369413,-0.04954635125115592,47,0.19148936170212766,0.5029165610322005,-0.31871719558067957,-0.021026204267467707,-0.028066054738294044,19,0.21052631578947367,0.35827661733390714,-0.42345428783747296,-0.12726826618443743
lb55_atr14_m2.0_r0.0025_tfnone_rfadx20,55,14,2.0,0.0025,none,adx20,-0.034023318044375306,-0.03783773352405917,29,0.1724137931034483,0.2155197632121078,-0.446140250562492,-0.0121341273948804,-0.0141068715363456,12,0.08333333333333333,0.1361010299285404,-0.3843202404071729,-0.12752171587302125
lb20_atr10_m2.5_r0.0025_tfnone_rfnone,20,10,2.5,0.0025,none,none,-0.0497916746198418,-0.054745419353760094,51,0.21568627450980393,0.4311001678398575,-0.3810619874625945,-0.01885284431990608,-0.02687437809032578,19,0.21052631578947367,0.44171421786530496,-0.3728024302202712,-0.12821035477096743
lb10_atr14_m3.0_r0.0025_tfnone_rfnone,10,14,3.0,0.0025,none,none,-0.049572882440187205,-0.05653462107223961,64,0.25,0.4613348707305851,-0.3067309409901002,-0.024516757713652915,-0.036047682723722385,25,0.24,0.39682007876139386,-0.37842689212576736,-0.12883057792742736
lb55_atr20_m2.0_r0.0025_tfma100_rfadx20,55,20,2.0,0.0025,ma100,adx20,-0.04240210046054271,-0.04240210046054271,29,0.13793103448275862,0.17197963106717748,-0.5563618373138985,-0.009988577196113901,-0.01191733075184298,11,0.18181818181818182,0.2948990572525803,-0.34384853596508685,-0.13061019284172407
lb30_atr10_m2.5_r0.0025_tfma100_rfnone,30,10,2.5,0.0025,ma100,none,-0.03181428387581198,-0.03508342074910331,34,0.14705882352941177,0.4519947770035451,-0.355854994538893,-0.015694506242826756,-0.020706891676036676,12,0.25,0.3502033969527657,-0.4819740937136831,-0.13112706776982458
lb20_atr14_m2.5_r0.005_tfnone_rfadx20,20,14,2.5,0.005,none,adx20,-0.07115686538429433,-0.1027467000943616,44,0.25,0.5138632787183409,-0.3075284502344923,-0.02622379406846087,-0.035504875056974194,17,0.29411764705882354,0.415744154415984,-0.3013926923497676,-0.1324419581533109
lb10_atr10_m3.0_r0.0025_tfma100_rfnone,10,10,3.0,0.0025,ma100,none,-0.04120910290808455,-0.04575031398596063,46,0.1956521739130435,0.433036126429514,-0.34873497243479357,-0.018945139533051103,-0.027691950982812297,16,0.25,0.41124170520398035,-0.44397180598411445,-0.13266251024685738
lb20_atr14_m3.0_r0.0025_tfnone_rfnone,20,14,3.0,0.0025,none,none,-0.038854176343371516,-0.047157024518451496,45,0.2222222222222222,0.45130469238806875,-0.33798276322280074,-0.02185457526459056,-0.028018885236587465,19,0.21052631578947367,0.3412162820911544,-0.43880896151034965,-0.1328788206007126
lb30_atr14_m3.0_r0.005_tfma100_rfnone,30,14,3.0,0.005,ma100,none,-0.03922293186988535,-0.05438280394294848,29,0.20689655172413793,0.5646850176810695,-0.25683686245931064,-0.026620400416351497,-0.03882191113969513,12,0.3333333333333333,0.36636241807532716,-0.45989329800802015,-0.13413145557214812
lb10_atr10_m3.0_r0.0025_tfnone_rfnone,10,10,3.0,0.0025,none,none,-0.0487473488664415,-0.05902394793150467,66,0.24242424242424243,0.5089486649248548,-0.29566509154954956,-0.028414132749887355,-0.03707652129770467,27,0.2222222222222222,0.38006008822341564,-0.40562219039039604,-0.13449649699710797
lb20_atr20_m2.5_r0.0025_tfma100_rfadx20,20,20,2.5,0.0025,ma100,adx20,-0.04824809553251197,-0.049802316642580724,40,0.2,0.32041064535009567,-0.46803021776842835,-0.012925840382016274,-0.014290725285120098,13,0.23076923076923078,0.22909323014902908,-0.3817622414231728,-0.13466614662575285
lb30_atr14_m3.0_r0.005_tfnone_rfnone,30,14,3.0,0.005,none,none,-0.03285919914759272,-0.058659059350621656,33,0.2727272727272727,0.6495801465361789,-0.18766273856779292,-0.032874902603987954,-0.04499801187373198,14,0.2857142857142857,0.31846956899140777,-0.48577923990794275,-0.13511159611190676
lb55_atr14_m2.0_r0.0025_tfma100_rfadx20,55,14,2.0,0.0025,ma100,adx20,-0.03794993637612054,-0.03930038675141634,28,0.14285714285714285,0.1832447442165931,-0.5149838849840876,-0.0121341273948804,-0.0141068715363456,12,0.08333333333333333,0.1361010299285404,-0.3843202404071729,-0.1358561712854791
lb10_atr10_m2.5_r0.0025_tfma100_rfnone,10,10,2.5,0.0025,ma100,none,-0.05899105798930748,-0.06250306663471539,55,0.16363636363636364,0.3460684633563263,-0.41685193935477444,-0.0173288954462385,-0.026602233599063663,17,0.29411764705882354,0.4664334989951281,-0.37295923291861255,-0.13609512660240713
lb10_atr20_m3.0_r0.0025_tfnone_rfnone,10,20,3.0,0.0025,none,none,-0.060985798927610135,-0.06404286028665529,68,0.20588235294117646,0.41167333017917074,-0.3545811843354011,-0.02272192731811351,-0.03453237055334091,24,0.25,0.3978816552195251,-0.3673859737238523,-0.13652989844219893
lb10_atr14_m2.5_r0.005_tfma100_rfadx20,10,14,2.5,0.005,ma100,adx20,-0.08666196985905528,-0.10881719221808583,48,0.1875,0.43659274747715804,-0.35417780828740697,-0.020908301117619876,-0.033228504213450805,14,0.2857142857142857,0.49463491814016175,-0.28862573461857643,-0.1380339054057185
lb55_atr20_m2.0_r0.0025_tfnone_rfnone,55,20,2.0,0.0025,none,none,-0.03697721035653767,-0.03929756408910656,34,0.20588235294117646,0.29713697522041466,-0.4117824717237626,-0.01562895020154076,-0.017546715106796507,13,0.15384615384615385,0.21074045552361045,-0.4564146464622424,-0.13826844137495023
lb20_atr20_m2.5_r0.0025_tfnone_rfadx20,20,20,2.5,0.0025,none,adx20,-0.04917623398638238,-0.05885247747892386,48,0.1875,0.38156718199090545,-0.4025646652553391,-0.0188430219859812,-0.020199724857612122,18,0.16666666666666666,0.22932076210825492,-0.4047719078421995,-0.13850587565837436
lb10_atr20_m2.5_r0.0025_tfnone_rfadx20,10,20,2.5,0.0025,none,adx20,-0.06626113188956617,-0.07153069606517581,71,0.19718309859154928,0.3615283954721763,-0.36911099084331106,-0.022725743186710945,-0.0267798155680129,25,0.32,0.3103597900225237,-0.3527833699969338,-0.1390701628651982
lb30_atr14_m2.5_r0.0025_tfnone_rfnone,30,14,2.5,0.0025,none,none,-0.02306678495090564,-0.03697323217274584,38,0.23684210526315788,0.6057954597938295,-0.22934804907161277,-0.025712457613396467,-0.029453381699565462,17,0.23529411764705882,0.16102833895238708,-0.571857499796803,-0.14137906426718505
lb55_atr14_m2.0_r0.0025_tfnone_rfnone,55,14,2.0,0.0025,none,none,-0.03251585364797005,-0.03633622175118634,33,0.21212121212121213,0.3120297046831522,-0.3731932890941033,-0.01820849855667872,-0.020169112326547056,14,0.07142857142857142,0.0950114516019306,-0.4938297663652468,-0.14275056322250404
lb20_atr20_m3.0_r0.0025_tfnone_rfnone,20,20,3.0,0.0025,none,none,-0.048217333766312764,-0.05079393852506553,48,0.20833333333333334,0.3878310648613103,-0.39365489888303357,-0.021593436029037072,-0.02807899871878594,19,0.21052631578947367,0.32882827170548967,-0.4361859080089768,-0.142826517295628
lb55_atr20_m2.0_r0.0025_tfma100_rfnone,55,20,2.0,0.0025,ma100,none,-0.040069038103986876,-0.040069038103986876,33,0.18181818181818182,0.27358086015584154,-0.460122834000715,-0.01562895020154076,-0.017546715106796507,13,0.15384615384615385,0.21074045552361045,-0.4564146464622424,-0.144244891130797
lb55_atr10_m2.0_r0.0025_tfnone_rfnone,55,10,2.0,0.0025,none,none,-0.0342985110431302,-0.03623929966265782,33,0.18181818181818182,0.27723297891974336,-0.394701821212036,-0.016721298626204195,-0.01850955799013254,13,0.07692307692307693,0.07148540660461669,-0.48984956218663395,-0.1443490827479613
lb55_atr10_m2.0_r0.0025_tfma100_rfnone,55,10,2.0,0.0025,ma100,none,-0.03340393298942035,-0.03340393298942035,31,0.1935483870967742,0.2827473348794033,-0.4089723961748792,-0.016721298626204195,-0.01850955799013254,13,0.07692307692307693,0.07148540660461669,-0.48984956218663395,-0.14474034586121096
lb30_atr10_m3.0_r0.005_tfnone_rfnone,30,10,3.0,0.005,none,none,-0.03444421569927225,-0.06406905759638126,34,0.2647058823529412,0.6546301297408232,-0.19489242880803015,-0.0365449962006289,-0.04819092339647235,14,0.2857142857142857,0.2657954062731082,-0.5215684491860457,-0.14727044295069677
lb10_atr10_m2.5_r0.0025_tfnone_rfnone,10,10,2.5,0.0025,none,none,-0.0824068964327831,-0.08385665159406774,81,0.18518518518518517,0.3619057787322273,-0.4054259205262959,-0.024797384779036924,-0.03426199208326919,28,0.2857142857142857,0.46466847348985396,-0.3350233705538577,-0.1484247340393544
lb30_atr14_m2.5_r0.0025_tfma100_rfnone,30,14,2.5,0.0025,ma100,none,-0.02909581799500638,-0.03591332448844675,34,0.14705882352941177,0.48372721225787135,-0.323280299473525,-0.0226076544160001,-0.026360499862710607,15,0.26666666666666666,0.17950586842771843,-0.5636710663856928,-0.14871299774780058
lb30_atr20_m3.0_r0.005_tfma100_rfnone,30,20,3.0,0.005,ma100,none,-0.05891392382833771,-0.06293935662309413,31,0.16129032258064516,0.41796127942278777,-0.3640356114204339,-0.025048902420650054,-0.037899638078917275,12,0.3333333333333333,0.376952307658316,-0.4287195193934596,-0.1487344523493099
lb20_atr14_m3.0_r0.005_tfma100_rfnone,20,14,3.0,0.005,ma100,none,-0.06701461529374808,-0.0761023692305387,36,0.19444444444444445,0.43403872518127345,-0.3643054574407668,-0.025190414644825854,-0.038452176897764145,13,0.3076923076923077,0.43403697305386857,-0.40275686563076835,-0.14896679322464806
lb30_atr14_m2.0_r0.0025_tfnone_rfadx20,30,14,2.0,0.0025,none,adx20,-0.04694957207428141,-0.05465152758985703,41,0.24390243902439024,0.30187264985570494,-0.4387674819561255,-0.018657126323121442,-0.020616844194242256,16,0.125,0.14786947926678257,-0.4491194729105481,-0.1497212716141643
lb30_atr20_m2.5_r0.005_tfma100_rfadx20,30,20,2.5,0.005,ma100,adx20,-0.0680666963239398,-0.07696508161936666,31,0.1935483870967742,0.33676716244832156,-0.42486854861414775,-0.02174212890367755,-0.024443781386960017,11,0.2727272727272727,0.25971428257812385,-0.37944426162036676,-0.14995388563118323
lb55_atr14_m2.0_r0.0025_tfma100_rfnone,55,14,2.0,0.0025,ma100,none,-0.03644859970251135,-0.03780115753640101,32,0.1875,0.27597135567015046,-0.43115187666711247,-0.01820849855667872,-0.020169112326547056,14,0.07142857142857142,0.0950114516019306,-0.4938297663652468,-0.15017537903425252
lb30_atr10_m2.0_r0.0025_tfnone_rfadx20,30,10,2.0,0.0025,none,adx20,-0.04809074631416688,-0.05175813498978221,41,0.24390243902439024,0.28373024165625577,-0.45064697130746256,-0.01738825157005175,-0.019175297966745553,15,0.13333333333333333,0.12414668758525636,-0.4478770401930344,-0.15024769165029478
lb20_atr14_m2.5_r0.0025_tfma100_rfnone,20,14,2.5,0.0025,ma100,none,-0.04378553245008676,-0.04749083130252918,42,0.16666666666666666,0.4096210270932444,-0.401989261742168,-0.021159719842400948,-0.024918124852470247,16,0.25,0.2545859107645599,-0.4934927451456991,-0.15056994980408375
lb20_atr14_m2.5_r0.0025_tfnone_rfnone,20,14,2.5,0.0025,none,none,-0.04526977035469304,-0.05425160646576643,51,0.21568627450980393,0.4683869514513213,-0.34597303511358907,-0.028000602548442277,-0.03173274095674117,22,0.22727272727272727,0.2493099598671434,-0.48384200900001206,-0.15073482544250796
lb30_atr10_m3.0_r0.005_tfma100_rfnone,30,10,3.0,0.005,ma100,none,-0.045233803307628606,-0.0630045733679977,30,0.23333333333333334,0.5362307312734871,-0.2909698057322936,-0.029976222828853927,-0.0417015511966794,12,0.3333333333333333,0.3065666351427174,-0.49681791836432,-0.15108947529908193
lb30_atr10_m2.0_r0.0025_tfma100_rfadx20,30,10,2.0,0.0025,ma100,adx20,-0.04946424743137301,-0.04946424743137301,36,0.25,0.1845458754687405,-0.526249190198699,-0.014349393120484666,-0.016141966197529167,13,0.15384615384615385,0.14688328917932586,-0.42300251671797756,-0.1512557406897731
lb20_atr10_m3.0_r0.005_tfma100_rfnone,20,10,3.0,0.005,ma100,none,-0.07118994009580892,-0.08274595937849327,38,0.18421052631578946,0.4489231094394732,-0.3697876312323219,-0.025861477641881292,-0.04078026681698721,13,0.3076923076923077,0.43663184773288216,-0.39674102386445403,-0.15204540986245071
lb55_atr20_m1.5_r0.0025_tfma100_rfadx20,55,20,1.5,0.0025,ma100,adx20,-0.04527931815529318,-0.04527931815529318,32,0.25,0.17245402016122846,-0.5271568918372241,-0.017614529063720297,-0.019876446574226048,15,0.26666666666666666,0.24307659256030606,-0.43929182632590574,-0.15253105385306584
lb20_atr10_m2.5_r0.005_tfma100_rfnone,20,10,2.5,0.005,ma100,none,-0.09036715875546764,-0.09036715875546764,42,0.16666666666666666,0.3861651640060504,-0.42308794097471664,-0.020884879852940186,-0.03887802915330152,13,0.23076923076923078,0.5478961036640492,-0.34894089904570624,-0.15389597785140385
lb55_atr10_m2.0_r0.005_tfnone_rfadx20,55,10,2.0,0.005,none,adx20,-0.06785372631494369,-0.07159291572744897,29,0.1724137931034483,0.19299590490684784,-0.455672241006574,-0.021156276123434514,-0.024710199917069464,11,0.09090909090909091,0.10814694062546053,-0.36907441222133297,-0.154328379620218
lb10_atr20_m3.0_r0.005_tfma100_rfnone,10,20,3.0,0.005,ma100,none,-0.08799421138181018,-0.09340003375739547,47,0.19148936170212766,0.3978587041813637,-0.3700494532826963,-0.026066008281271147,-0.047801598730804695,15,0.26666666666666666,0.4781991640827424,-0.34555900343352675,-0.1544683851992245
lb55_atr20_m2.0_r0.005_tfnone_rfadx20,55,20,2.0,0.005,none,adx20,-0.0763131661359776,-0.08075361864737296,30,0.16666666666666666,0.19470133901876263,-0.4983681266229129,-0.019922764223067824,-0.02372660065781329,11,0.18181818181818182,0.294278005809865,-0.34384853596508685,-0.15447268086638302
lb55_atr10_m2.0_r0.005_tfma100_rfadx20,55,10,2.0,0.005,ma100,adx20,-0.06612518268645318,-0.06612518268645318,27,0.18518518518518517,0.19734009734238678,-0.4765733026153597,-0.021156276123434514,-0.024710199917069464,11,0.09090909090909091,0.10814694062546053,-0.36907441222133297,-0.15456828123185345
lb55_atr20_m1.5_r0.0025_tfma100_rfnone,55,20,1.5,0.0025,ma100,none,-0.03900110552238378,-0.03900110552238378,36,0.3055555555555556,0.33419320426884,-0.4005590859971093,-0.02353241515168214,-0.025780706880289106,17,0.23529411764705882,0.19376333169356946,-0.5188627874748464,-0.15473317375706896
lb30_atr20_m3.0_r0.005_tfnone_rfnone,30,20,3.0,0.005,none,none,-0.05201521422292121,-0.06575852222274359,35,0.22857142857142856,0.5043990802059939,-0.28269834967225355,-0.033123558599098435,-0.04586786299908174,14,0.2857142857142857,0.3135055465089279,-0.4840326996865964,-0.15473851191707114
lb30_atr20_m2.0_r0.0025_tfnone_rfadx20,30,20,2.0,0.0025,none,adx20,-0.05357318979615677,-0.05985721271969935,43,0.23255813953488372,0.27629594023082626,-0.47898700995299176,-0.017543718193196,-0.019457752721723454,15,0.13333333333333333,0.23045611784570796,-0.4494806429416969,-0.1547529720814319
lb55_atr20_m1.5_r0.0025_tfnone_rfadx20,55,20,1.5,0.0025,none,adx20,-0.0494160952696594,-0.050778649687384436,35,0.2571428571428571,0.16001258244631386,-0.5269113404009591,-0.017614529063720297,-0.019876446574226048,15,0.26666666666666666,0.24307659256030606,-0.43929182632590574,-0.15527165931435682
lb30_atr10_m2.5_r0.005_tfnone_rfnone,30,10,2.5,0.005,none,none,-0.05228620913130366,-0.07063194267606965,38,0.23684210526315788,0.5579614515979935,-0.25931163891437736,-0.033676742142609184,-0.043453918315711326,14,0.21428571428571427,0.33332031528602546,-0.5053331425447667,-0.15568555570293258
lb20_atr10_m2.0_r0.0025_tfnone_rfadx20,20,10,2.0,0.0025,none,adx20,-0.07092715612228173,-0.07500695223829124,55,0.2,0.266962742497343,-0.5017298872591223,-0.019457387669801207,-0.021240670990979926,20,0.15,0.2208879668735887,-0.37443583095058613,-0.15627909475881938
lb30_atr20_m2.0_r0.0025_tfma100_rfadx20,30,20,2.0,0.0025,ma100,adx20,-0.059854736397318864,-0.059854736397318864,39,0.20512820512820512,0.17326613266276905,-0.5893075542944268,-0.013780190951884319,-0.01570155763475023,13,0.15384615384615385,0.27661510711230053,-0.40391501714496586,-0.1569631167881599
lb30_atr14_m2.0_r0.0025_tfma100_rfadx20,30,14,2.0,0.0025,ma100,adx20,-0.053683521942317514,-0.055011886745005234,37,0.21621621621621623,0.17683389794318347,-0.5541046565422779,-0.01560469218569005,-0.017570505693606187,14,0.14285714285714285,0.17213894693230505,-0.4249507613208222,-0.1573353519693103
lb55_atr14_m2.0_r0.005_tfnone_rfadx20,55,14,2.0,0.005,none,adx20,-0.06666933504702355,-0.07402258308555487,29,0.1724137931034483,0.21723331642746685,-0.446140250562492,-0.02415583610327987,-0.028045542616524588,12,0.08333333333333333,0.1359177543494657,-0.3843202404071729,-0.15749987829831927
lb20_atr10_m2.0_r0.0025_tfma100_rfadx20,20,10,2.0,0.0025,ma100,adx20,-0.060086717264305034,-0.06059490217962338,45,0.2222222222222222,0.2315211201085424,-0.5174983733707261,-0.016357973713161056,-0.018146893845167655,15,0.13333333333333333,0.1312271070677232,-0.41829786102158145,-0.15750199675305193
lb30_atr20_m2.5_r0.005_tfnone_rfadx20,30,20,2.5,0.005,none,adx20,-0.06251096825136804,-0.0829225018460994,35,0.2,0.4187605981454695,-0.3395416177160936,-0.02958723704683086,-0.03226722371323343,13,0.23076923076923078,0.20407998513525488,-0.4422374525677225,-0.15759847611451538
lb55_atr14_m1.5_r0.0025_tfma100_rfadx20,55,14,1.5,0.0025,ma100,adx20,-0.0494744842433914,-0.0494744842433914,33,0.24242424242424243,0.14543779152682185,-0.5627451956298108,-0.017400249750809227,-0.020014813108436225,15,0.26666666666666666,0.23275364329106676,-0.4350950244213477,-0.15784128770560946
lb55_atr20_m1.5_r0.0025_tfnone_rfnone,55,20,1.5,0.0025,none,none,-0.04316508595059043,-0.04453660048253649,39,0.3076923076923077,0.31128564173064993,-0.41007701208047004,-0.02353241515168214,-0.025780706880289106,17,0.23529411764705882,0.19376333169356946,-0.5188627874748464,-0.1584552821831284
lb10_atr14_m3.0_r0.005_tfma100_rfnone,10,14,3.0,0.005,ma100,none,-0.0757463738914177,-0.08677365707316564,44,0.20454545454545456,0.4209621770018142,-0.3379985556382015,-0.03104835956635954,-0.050086275370105016,15,0.26666666666666666,0.43816214923742863,-0.40489785755117164,-0.1587397203008653
lb10_atr14_m2.5_r0.0025_tfma100_rfnone,10,14,2.5,0.0025,ma100,none,-0.051426724611135066,-0.05762345716285855,54,0.16666666666666666,0.4037317819470995,-0.36940067480369476,-0.025601855198533974,-0.031762657220040125,19,0.21052631578947367,0.28520401105750764,-0.5095797320037608,-0.15887722488408357
lb20_atr14_m2.0_r0.0025_tfnone_rfadx20,20,14,2.0,0.0025,none,adx20,-0.07114001206340992,-0.0768036188170812,55,0.2,0.2771193191746402,-0.5042670451195838,-0.020993021527156652,-0.02294807467231963,21,0.14285714285714285,0.22779531056959543,-0.3840256424584075,-0.15945394525767909
lb30_atr10_m2.5_r0.005_tfma100_rfnone,30,10,2.5,0.005,ma100,none,-0.06310504703689424,-0.06902694053246816,34,0.14705882352941177,0.4493357142457448,-0.355854994538893,-0.027327632707612626,-0.03716904862759396,12,0.25,0.38171145564069264,-0.4819740937136831,-0.16005189733956215
lb10_atr14_m2.5_r0.005_tfnone_rfadx20,10,14,2.5,0.005,none,adx20,-0.11054791533144492,-0.1323419865217742,68,0.25,0.44612355889283817,-0.31203208663847276,-0.03507745811726204,-0.0475127741134963,24,0.20833333333333334,0.45835443153402666,-0.28599430463873987,-0.16007503654757504
lb55_atr14_m1.5_r0.0025_tfnone_rfadx20,55,14,1.5,0.0025,none,adx20,-0.053709027227982875,-0.05496220348437009,36,0.25,0.1396068849160643,-0.5603122622836644,-0.017400249750809227,-0.020014813108436225,15,0.26666666666666666,0.23275364329106676,-0.4350950244213477,-0.16036345559403775
lb20_atr20_m3.0_r0.005_tfma100_rfnone,20,20,3.0,0.005,ma100,none,-0.08750276126124745,-0.08953026071202685,39,0.1794871794871795,0.3500129229040928,-0.44301736525380875,-0.023429939571261382,-0.03630201462149374,13,0.3076923076923077,0.43769193003810847,-0.3712444150417167,-0.1611165782107784
lb20_atr14_m2.0_r0.0025_tfma100_rfadx20,20,14,2.0,0.0025,ma100,adx20,-0.06505764439156203,-0.06688272840599885,46,0.1956521739130435,0.22233141302450643,-0.5480939735307331,-0.017258001084690888,-0.019220512974912785,16,0.125,0.1583023155207626,-0.41203253291183667,-0.16262089021580045
lb55_atr20_m2.0_r0.005_tfma100_rfadx20,55,20,2.0,0.005,ma100,adx20,-0.08224455892402638,-0.08224455892402638,29,0.13793103448275862,0.17423274833965066,-0.5563618373138985,-0.019922764223067824,-0.02372660065781329,11,0.18181818181818182,0.294278005809865,-0.34384853596508685,-0.16263990914732837
lb20_atr20_m2.0_r0.0025_tfma100_rfadx20,20,20,2.0,0.0025,ma100,adx20,-0.07414737779445069,-0.07414737779445069,49,0.1836734693877551,0.20324276848484532,-0.5879048281282153,-0.015126597669319786,-0.01704534126452839,15,0.13333333333333333,0.2584980740839072,-0.385050536828938,-0.16333599352782335
lb10_atr20_m2.5_r0.005_tfma100_rfadx20,10,20,2.5,0.005,ma100,adx20,-0.10452763663486375,-0.1115859145271677,51,0.19607843137254902,0.3439051194278777,-0.4098830510878137,-0.026084648950503775,-0.03413154458971601,16,0.3125,0.30544719979598234,-0.316388282814638,-0.16359086181314342
lb20_atr20_m2.0_r0.0025_tfnone_rfadx20,20,20,2.0,0.0025,none,adx20,-0.08040107398748364,-0.08435393814507575,58,0.1896551724137931,0.24954101636576748,-0.541488061049734,-0.019753875112669905,-0.021663603783791174,20,0.15,0.286996348757904,-0.3784603138164225,-0.1651505997948331
lb30_atr20_m2.5_r0.0025_tfnone_rfnone,30,20,2.5,0.0025,none,none,-0.03506797605101519,-0.04261190921412339,42,0.21428571428571427,0.43829045135185524,-0.3181569354010675,-0.02771610572003047,-0.029060539262235063,17,0.17647058823529413,0.12067343792016952,-0.6173571545929347,-0.1657499425574395
lb10_atr20_m2.5_r0.0025_tfma100_rfnone,10,20,2.5,0.0025,ma100,none,-0.0581699810937375,-0.06232822438953012,57,0.19298245614035087,0.35079282181009236,-0.39685951605507575,-0.02726381097799202,-0.03129905788101206,21,0.23809523809523808,0.17387271894938683,-0.4953799833026047,-0.1661859062866482
lb10_atr14_m2.5_r0.0025_tfnone_rfnone,10,14,2.5,0.0025,none,none,-0.06522233047027404,-0.07138355602506741,77,0.22077922077922077,0.4412747520324851,-0.33598466428358614,-0.03738700486777946,-0.04347329322739746,31,0.16129032258064516,0.2839966889405009,-0.4665534356292497,-0.16625192655542081
lb30_atr20_m2.5_r0.0025_tfma100_rfnone,30,20,2.5,0.0025,ma100,none,-0.03796019144856444,-0.03924201146942474,37,0.21621621621621623,0.3623878073804695,-0.38977854056466044,-0.023798045883996588,-0.025147897155626597,15,0.2,0.13812575820211542,-0.5946581081682354,-0.16644238686854437
lb55_atr14_m2.0_r0.005_tfma100_rfadx20,55,14,2.0,0.005,ma100,adx20,-0.07403241055073517,-0.07663434429791416,28,0.14285714285714285,0.1847124951451049,-0.5149838849840876,-0.02415583610327987,-0.028045542616524588,12,0.08333333333333333,0.1359177543494657,-0.3843202404071729,-0.1675441954800742
lb10_atr20_m2.0_r0.0025_tfma100_rfadx20,10,20,2.0,0.0025,ma100,adx20,-0.09060223302645087,-0.0923734441321864,64,0.171875,0.18329435215643197,-0.5531830401810782,-0.01771086150950174,-0.02078484547756121,19,0.21052631578947367,0.29199732343391,-0.35748631565215067,-0.1677248244995159
lb10_atr10_m2.0_r0.0025_tfma100_rfadx20,10,10,2.0,0.0025,ma100,adx20,-0.07758391067187409,-0.08338893179841,60,0.21666666666666667,0.23883290261789905,-0.5025647150329742,-0.02066607599080572,-0.023444063717138697,19,0.21052631578947367,0.1690388112181891,-0.41233205061606654,-0.16922337710977337
lb20_atr10_m3.0_r0.005_tfnone_rfnone,20,10,3.0,0.005,none,none,-0.07845850616150363,-0.09679092109543097,47,0.19148936170212766,0.47746313999909173,-0.3187171955806796,-0.03976735562263767,-0.054473178307734016,19,0.21052631578947367,0.370137484173561,-0.42345428783747296,-0.16936016115402247
lb55_atr10_m1.5_r0.0025_tfma100_rfadx20,55,10,1.5,0.0025,ma100,adx20,-0.05239267570056971,-0.052528408806177374,34,0.17647058823529413,0.1069172303427346,-0.580688452743465,-0.018751568153099862,-0.02112954919743326,15,0.2,0.18106789034551163,-0.47192253673289625,-0.1695819236274714
lb55_atr10_m1.5_r0.0025_tfnone_rfadx20,55,10,1.5,0.0025,none,adx20,-0.0558723397891423,-0.05713601616762887,37,0.1891891891891892,0.10620002911375818,-0.5689175378965224,-0.018751568153099862,-0.02112954919743326,15,0.2,0.18106789034551163,-0.47192253673289625,-0.17077041306172908
lb20_atr10_m2.5_r0.005_tfnone_rfnone,20,10,2.5,0.005,none,none,-0.0999134033309158,-0.1066596998749062,51,0.21568627450980393,0.4171059110732224,-0.3810619874625945,-0.03344379354917126,-0.05120614832441828,19,0.21052631578947367,0.47040557140104344,-0.3728024302202712,-0.17197187260297386
lb55_atr20_m2.0_r0.005_tfnone_rfnone,55,20,2.0,0.005,none,none,-0.07184297056497002,-0.07630491270945527,34,0.20588235294117646,0.30047356720221285,-0.4117824717237626,-0.031074635650798266,-0.034835189889708684,13,0.15384615384615385,0.21058875178274347,-0.4564146464622424,-0.17209711672338043
lb10_atr10_m3.0_r0.005_tfma100_rfnone,10,10,3.0,0.005,ma100,none,-0.08115727331133538,-0.08955784143944356,46,0.1956521739130435,0.4328072890411202,-0.3487349724347936,-0.03565605240604919,-0.052736048518798984,16,0.25,0.4257766877496776,-0.44397180598411445,-0.1721936788442504
lb10_atr14_m2.0_r0.0025_tfma100_rfadx20,10,14,2.0,0.0025,ma100,adx20,-0.08189686196923329,-0.08843260713385148,61,0.19672131147540983,0.2260816417414394,-0.5233637205018542,-0.021215595962944978,-0.023852513472018888,20,0.25,0.19471764314497825,-0.4029649990011818,-0.17220967076923094
lb55_atr14_m1.5_r0.0025_tfma100_rfnone,55,14,1.5,0.0025,ma100,none,-0.049262443610287976,-0.049262443610287976,37,0.2972972972972973,0.19806923020040063,-0.4985694897683611,-0.02380794657984453,-0.026405459933813602,17,0.23529411764705882,0.18136119535812437,-0.5244193702354562,-0.17225133972318152
lb20_atr20_m2.5_r0.005_tfma100_rfadx20,20,20,2.5,0.005,ma100,adx20,-0.09443544902275691,-0.09736488520888664,40,0.2,0.3199944654985519,-0.46803021776842846,-0.02572787664979803,-0.02841852170281678,13,0.23076923076923078,0.2287129572890458,-0.3817622414231728,-0.1728353475207379
lb30_atr20_m1.5_r0.0025_tfma100_rfadx20,30,20,1.5,0.0025,ma100,adx20,-0.06576351804856118,-0.06618610865321528,43,0.2558139534883721,0.19540808094781595,-0.5789429287263002,-0.020462902264711036,-0.02271826146851308,17,0.29411764705882354,0.2606067593750971,-0.45222085147018376,-0.1730307605303968
lb20_atr20_m2.5_r0.0025_tfma100_rfnone,20,20,2.5,0.0025,ma100,none,-0.05199316625106598,-0.053256288762847714,45,0.2,0.33225142272727237,-0.4472768347277545,-0.024743403809626585,-0.026091947879818722,17,0.17647058823529413,0.1335636044695307,-0.5474324710511504,-0.1732469531425241
lb30_atr14_m2.5_r0.005_tfnone_rfnone,30,14,2.5,0.005,none,none,-0.04663081303374428,-0.07270614302168166,38,0.23684210526315788,0.5967542409981003,-0.22934804907161277,-0.04576746211356708,-0.0530741859217877,17,0.23529411764705882,0.17651698609850983,-0.5718574997968029,-0.17342091564169265
lb20_atr14_m3.0_r0.005_tfnone_rfnone,20,14,3.0,0.005,none,none,-0.07802833990873692,-0.09223649103650366,45,0.2222222222222222,0.4413084431542488,-0.3379827632228007,-0.04044065263451846,-0.05349494356838225,19,0.21052631578947367,0.35789738260888826,-0.43880896151034976,-0.17344411639424062
lb20_atr20_m2.5_r0.0025_tfnone_rfnone,20,20,2.5,0.0025,none,none,-0.055424811332307033,-0.05854811556037842,55,0.18181818181818182,0.3756783003561921,-0.3952034879342034,-0.03236344133386648,-0.0337014487345727,23,0.13043478260869565,0.14651020023140218,-0.5384800670079352,-0.1749819157073865
lb55_atr14_m1.5_r0.0025_tfnone_rfnone,55,14,1.5,0.0025,none,none,-0.05349793122515212,-0.05475138703667215,40,0.3,0.18872871325810847,-0.5011930276964379,-0.02380794657984453,-0.026405459933813602,17,0.23529411764705882,0.18136119535812437,-0.5244193702354562,-0.17525339622616493
lb55_atr14_m2.0_r0.005_tfnone_rfnone,55,14,2.0,0.005,none,none,-0.06378750178009984,-0.07116345434941851,33,0.21212121212121213,0.31359371869857966,-0.3731932890941033,-0.03613830399321205,-0.039980248491659154,14,0.07142857142857142,0.09513874313433268,-0.4938297663652468,-0.1766920015066936
lb55_atr10_m2.0_r0.005_tfma100_rfnone,55,10,2.0,0.005,ma100,none,-0.06541501030677,-0.06541501030677,31,0.1935483870967742,0.2844141704199811,-0.40897239617487924,-0.03320507488900459,-0.03671525266724085,13,0.07692307692307693,0.07171914260995718,-0.4898495621866339,-0.17740437941375542
lb20_atr20_m1.5_r0.0025_tfma100_rfadx20,20,20,1.5,0.0025,ma100,adx20,-0.08329836910343769,-0.08371302802970748,54,0.2222222222222222,0.18587484070980598,-0.592107054082115,-0.020702996660869166,-0.02295780305344286,19,0.3684210526315789,0.27979541970795974,-0.4095787794838048,-0.17751798936462432
lb55_atr10_m2.0_r0.005_tfnone_rfnone,55,10,2.0,0.005,none,none,-0.06714486841972955,-0.07088690132795183,33,0.18181818181818182,0.2787594620337319,-0.39470182121203606,-0.03320507488900459,-0.03671525266724085,13,0.07692307692307693,0.07171914260995718,-0.4898495621866339,-0.1777595794363595
lb30_atr14_m1.5_r0.0025_tfnone_rfadx20,30,14,1.5,0.0025,none,adx20,-0.0718173851217555,-0.0752305111141578,51,0.2549019607843137,0.23136036993874745,-0.5355970971853062,-0.023405098536624425,-0.02600368381406204,19,0.21052631578947367,0.22948343906515814,-0.46728365611362643,-0.17837798602362281
lb30_atr20_m1.5_r0.0025_tfnone_rfadx20,30,20,1.5,0.0025,none,adx20,-0.07059435953384097,-0.0745561026716619,51,0.27450980392156865,0.20837148466645816,-0.5252737843791306,-0.023878545543676077,-0.02612604031587673,19,0.2631578947368421,0.23170633828746615,-0.4758943809573537,-0.1787194055485514
lb55_atr20_m2.0_r0.005_tfma100_rfnone,55,20,2.0,0.005,ma100,none,-0.0778030684127845,-0.0778030684127845,33,0.18181818181818182,0.2761512851998928,-0.460122834000715,-0.031074635650798266,-0.034835189889708684,13,0.15384615384615385,0.21058875178274347,-0.4564146464622424,-0.17947406821362075
lb10_atr14_m3.0_r0.005_tfnone_rfnone,10,14,3.0,0.005,none,none,-0.10010762139473484,-0.11004914840705682,64,0.25,0.4443948657841915,-0.30673094099010023,-0.0474516787712842,-0.06974576112315356,25,0.24,0.4038019390353785,-0.37842689212576736,-0.18048067502599197
lb30_atr14_m2.5_r0.005_tfma100_rfnone,30,14,2.5,0.005,ma100,none,-0.05712814188688642,-0.07064044899574418,34,0.14705882352941177,0.4844584643221777,-0.323280299473525,-0.039670659812064524,-0.04702406789142621,15,0.26666666666666666,0.19896723836777125,-0.5636710663856928,-0.1805593467249635
lb30_atr14_m1.5_r0.0025_tfma100_rfadx20,30,14,1.5,0.0025,ma100,adx20,-0.07081469972575882,-0.07081704912539277,44,0.25,0.16225172275715788,-0.6116073829451664,-0.02077631644407474,-0.023381896550620285,17,0.23529411764705882,0.2516832099653226,-0.4588380047601163,-0.18075262499949585
lb10_atr20_m1.5_r0.0025_tfma100_rfadx20,10,20,1.5,0.0025,ma100,adx20,-0.10727357777918389,-0.1076773918089774,72,0.19444444444444445,0.17210378673715734,-0.5763585156823168,-0.021584019495726525,-0.024309868034048665,23,0.391304347826087,0.36553745110093505,-0.3554666983532062,-0.18079935981278217
lb10_atr10_m2.5_r0.005_tfma100_rfnone,10,10,2.5,0.005,ma100,none,-0.11520078491173646,-0.12085988094148137,55,0.16363636363636364,0.3433771064240143,-0.41685193935477444,-0.02891164871331342,-0.05024709705822328,17,0.29411764705882354,0.5117217641974164,-0.37295923291861255,-0.18122277459306477
lb10_atr10_m2.0_r0.0025_tfnone_rfadx20,10,10,2.0,0.0025,none,adx20,-0.11458484839308991,-0.12063455481076968,89,0.20224719101123595,0.2366084624174506,-0.5137289271800012,-0.026623666459540618,-0.0298824724802903,30,0.2,0.288146228455352,-0.3433011254957793,-0.18349895255907267
lb55_atr10_m1.5_r0.0025_tfma100_rfnone,55,10,1.5,0.0025,ma100,none,-0.05295830209797858,-0.05309395418455509,38,0.21052631578947367,0.1476626768460001,-0.5241601687862465,-0.025164726770585566,-0.0275271660121178,17,0.17647058823529413,0.14133782319997212,-0.5572870882783891,-0.18437867337165312
lb20_atr20_m2.5_r0.005_tfnone_rfadx20,20,20,2.5,0.005,none,adx20,-0.09986813790941707,-0.11450925372621079,48,0.1875,0.357712830171651,-0.402564665255339,-0.03740022535510901,-0.04005863490990469,18,0.16666666666666666,0.22838287217776637,-0.4047719078421995,-0.1847477191127232
lb55_atr14_m2.0_r0.005_tfma100_rfnone,55,14,2.0,0.005,ma100,none,-0.07117331215873823,-0.07378327986377664,32,0.1875,0.27744542108297787,-0.4311518766671124,-0.03613830399321205,-0.039980248491659154,14,0.07142857142857142,0.09513874313433268,-0.4938297663652468,-0.18583332528669314
lb55_atr10_m1.5_r0.0025_tfnone_rfnone,55,10,1.5,0.0025,none,none,-0.056435889176577936,-0.05769881126718701,41,0.21951219512195122,0.14447439960398933,-0.5176738517748997,-0.025164726770585566,-0.0275271660121178,17,0.17647058823529413,0.14133782319997212,-0.5572870882783891,-0.18605419172113957
lb20_atr10_m1.5_r0.0025_tfnone_rfadx20,20,10,1.5,0.0025,none,adx20,-0.10180752719729691,-0.10557126546758111,67,0.19402985074626866,0.1909027359856722,-0.5958205940264097,-0.0241259029762525,-0.02649085972834697,24,0.20833333333333334,0.30662161985788144,-0.37992621632354706,-0.18663894638536305
lb30_atr10_m1.5_r0.0025_tfnone_rfadx20,30,10,1.5,0.0025,none,adx20,-0.07125308381226358,-0.07514485580736474,51,0.21568627450980393,0.22981828756280534,-0.5345164069696504,-0.025234381017928187,-0.02759665145768253,19,0.15789473684210525,0.17874719970390252,-0.505872499258015,-0.18671401079304392
lb55_atr20_m1.5_r0.005_tfma100_rfadx20,55,20,1.5,0.005,ma100,adx20,-0.08094360423467717,-0.08094360423467717,32,0.25,0.18607714414283866,-0.5271568918372241,-0.0346564837358031,-0.0389075749731681,15,0.26666666666666666,0.24073083197181191,-0.4392918263259057,-0.18779685062294157
lb20_atr20_m3.0_r0.005_tfnone_rfnone,20,20,3.0,0.005,none,none,-0.09633184478985968,-0.09916025906388981,48,0.20833333333333334,0.3759642122885178,-0.39365489888303357,-0.04103089553885586,-0.05367097409917809,19,0.21052631578947367,0.33926702066429815,-0.43618590800897666,-0.18851489480827932
lb10_atr20_m2.5_r0.0025_tfnone_rfnone,10,20,2.5,0.0025,none,none,-0.07477360095925811,-0.07742047005693953,80,0.2,0.3556268849605894,-0.3700544257999197,-0.04330253307757448,-0.04727124580163511,33,0.24242424242424243,0.18952996248630002,-0.5109686806589306,-0.18857615964472896
lb20_atr14_m2.5_r0.005_tfma100_rfnone,20,14,2.5,0.005,ma100,none,-0.08551988192104776,-0.09289405367652104,42,0.16666666666666666,0.41045287001890474,-0.401989261742168,-0.03683138763079796,-0.04420653650899142,16,0.25,0.2813452383848717,-0.4934927451456991,-0.1888107212733734
lb30_atr10_m1.5_r0.0025_tfma100_rfadx20,30,10,1.5,0.0025,ma100,adx20,-0.0699629610604724,-0.0706851124286283,44,0.22727272727272727,0.16550217871640066,-0.6049817388796249,-0.022564025487171624,-0.024932767330729244,17,0.17647058823529413,0.19615698067747364,-0.5014803398525011,-0.18913560511942018
lb30_atr10_m2.0_r0.005_tfma100_rfadx20,30,10,2.0,0.005,ma100,adx20,-0.09516767999820108,-0.09516767999820108,36,0.25,0.18566884563650585,-0.526249190198699,-0.02853142035173928,-0.03205856693884468,13,0.15384615384615385,0.14698997207185313,-0.42300251671797756,-0.19014532557096794
lb10_atr10_m3.0_r0.005_tfnone_rfnone,10,10,3.0,0.005,none,none,-0.10360381322285361,-0.1147698665611856,66,0.24242424242424243,0.4654150045226379,-0.29566509154954956,-0.054364325720311135,-0.07111296989552762,27,0.2222222222222222,0.389130126850805,-0.40562219039039604,-0.19038865501580496
lb20_atr20_m1.5_r0.0025_tfnone_rfadx20,20,20,1.5,0.0025,none,adx20,-0.09969306739356443,-0.1035307725428436,67,0.22388059701492538,0.17760310403278573,-0.5814020883552531,-0.026500622050107836,-0.028742079557976585,25,0.32,0.25900463446113586,-0.40040780997029723,-0.19042800018265685
lb55_atr20_m1.5_r0.005_tfma100_rfnone,55,20,1.5,0.005,ma100,none,-0.0683978569244027,-0.0683978569244027,36,0.3055555555555556,0.35529857929211783,-0.4005590859971094,-0.04626976048924947,-0.050469710243596366,17,0.23529411764705882,0.1918417671949823,-0.5188627874748464,-0.19081780196436007
lb10_atr20_m3.0_r0.005_tfnone_rfnone,10,20,3.0,0.005,none,none,-0.11901617554811161,-0.12471545205614931,68,0.20588235294117646,0.41077581414488373,-0.35458118433540115,-0.04443540031816884,-0.0673020611826447,24,0.25,0.4028244477439456,-0.3673859737238523,-0.191513299946937
lb30_atr10_m2.0_r0.005_tfnone_rfadx20,30,10,2.0,0.005,none,adx20,-0.09460475950208769,-0.10155435643604482,41,0.24390243902439024,0.2700872351217989,-0.45064697130746256,-0.034516872294957146,-0.03802228728225987,15,0.13333333333333333,0.12415906235866964,-0.44787704019303437,-0.19261443746859783
lb55_atr20_m1.5_r0.005_tfnone_rfadx20,55,20,1.5,0.005,none,adx20,-0.08863528455987202,-0.0910220870497398,35,0.2571428571428571,0.1717830324136496,-0.5269113404009591,-0.0346564837358031,-0.0389075749731681,15,0.26666666666666666,0.24073083197181191,-0.4392918263259057,-0.1927976967858713
lb30_atr20_m2.0_r0.0025_tfnone_rfnone,30,20,2.0,0.0025,none,none,-0.05823522641827317,-0.06228336970451642,52,0.25,0.31533373293076894,-0.4300255851862405,-0.031350813219897966,-0.03323794858038187,19,0.10526315789473684,0.14256515273236903,-0.6184136610755783,-0.19283877150322162
lb30_atr14_m2.0_r0.005_tfnone_rfadx20,30,14,2.0,0.005,none,adx20,-0.0928069312686306,-0.10608625972748187,41,0.24390243902439024,0.2825586744698437,-0.4387674819561255,-0.037020923283976326,-0.040859349669459255,16,0.125,0.1477088795562054,-0.44911947291054816,-0.19312701393882328
lb30_atr10_m2.0_r0.0025_tfnone_rfnone,30,10,2.0,0.0025,none,none,-0.05628558624287694,-0.05992140293509507,50,0.22,0.2978913148556315,-0.43235238364065265,-0.03160730622456187,-0.0333684928547453,19,0.10526315789473684,0.07182755298687182,-0.6258937940135652,-0.19478741579248407
lb55_atr14_m1.5_r0.005_tfma100_rfadx20,55,14,1.5,0.005,ma100,adx20,-0.08963332562699033,-0.08963332562699033,33,0.24242424242424243,0.1551816213947319,-0.5627451956298108,-0.03427698702377746,-0.03852974945395615,15,0.26666666666666666,0.23312471529267242,-0.4350950244213477,-0.19552154695425616
lb20_atr10_m1.5_r0.0025_tfma100_rfadx20,20,10,1.5,0.0025,ma100,adx20,-0.08909050073116742,-0.08979780002530402,55,0.2,0.15767444103957434,-0.6250837327905199,-0.02321056302095803,-0.025577738029909924,19,0.21052631578947367,0.20172461597583935,-0.46178797080761685,-0.19622459911483525
lb10_atr14_m2.0_r0.0025_tfnone_rfadx20,10,14,2.0,0.0025,none,adx20,-0.11264883218300736,-0.12009039546846134,88,0.20454545454545456,0.2389746744851531,-0.5109893654834493,-0.03286031856099436,-0.03600521373974708,32,0.21875,0.2570480940769486,-0.3947705479952988,-0.19627927224126232
lb10_atr20_m2.5_r0.005_tfnone_rfadx20,10,20,2.5,0.005,none,adx20,-0.12994639948183517,-0.138924708773159,71,0.19718309859154928,0.35154703272755383,-0.36911099084331106,-0.04504124659084452,-0.052931514898203025,25,0.32,0.3095668151239879,-0.3527833699969338,-0.19635693107829974
lb55_atr20_m1.5_r0.005_tfnone_rfnone,55,20,1.5,0.005,none,none,-0.0761945339377178,-0.07861391791121963,39,0.3076923076923077,0.3293169200726278,-0.4100770120804701,-0.04626976048924947,-0.050469710243596366,17,0.23529411764705882,0.1918417671949823,-0.5188627874748464,-0.19686218111260495
lb20_atr14_m2.5_r0.005_tfnone_rfnone,20,14,2.5,0.005,none,none,-0.09153907086256186,-0.10575907577541721,51,0.21568627450980393,0.45029485691530047,-0.34597303511358907,-0.05046941522064474,-0.05774013535958289,22,0.22727272727272727,0.2677141079077018,-0.4838420090000122,-0.19771791199468758
lb30_atr14_m2.0_r0.005_tfma100_rfadx20,30,14,2.0,0.005,ma100,adx20,-0.10245097467064446,-0.1049730533323191,37,0.21621621621621623,0.1786642069486994,-0.5541046565422779,-0.031015361193310498,-0.034877725698058804,14,0.14285714285714285,0.17203535659786298,-0.4249507613208222,-0.19923381594159398
lb30_atr10_m2.0_r0.0025_tfma100_rfnone,30,10,2.0,0.0025,ma100,none,-0.05733259592407347,-0.05733259592407347,44,0.22727272727272727,0.21873781516477867,-0.49904577876056755,-0.028612422106108815,-0.030379055441851155,17,0.11764705882352941,0.07892661791317183,-0.6278152470997607,-0.19931228535516823
lb30_atr20_m2.0_r0.0025_tfma100_rfnone,30,20,2.0,0.0025,ma100,none,-0.06440487783210258,-0.06440487783210258,47,0.23404255319148937,0.22685318656584177,-0.5258429527150205,-0.02764017726669632,-0.02953454173800041,17,0.11764705882352941,0.1590617109893902,-0.6034438317173582,-0.19946717546290413
lb55_atr14_m1.5_r0.005_tfnone_rfadx20,55,14,1.5,0.005,none,adx20,-0.09664072282322789,-0.09900655961225635,36,0.25,0.1495613426477899,-0.5603122622836644,-0.03427698702377746,-0.03852974945395615,15,0.26666666666666666,0.23312471529267242,-0.4350950244213477,-0.19983325970955534
lb30_atr20_m2.0_r0.005_tfnone_rfadx20,30,20,2.0,0.005,none,adx20,-0.10495968196457273,-0.11552234487919488,43,0.23255813953488372,0.25874358688472093,-0.47898700995299187,-0.034849136624148125,-0.038595041421360055,15,0.13333333333333333,0.22991489075034077,-0.44948064294169693,-0.20035854089697142
lb20_atr20_m2.0_r0.0025_tfma100_rfnone,20,20,2.0,0.0025,ma100,none,-0.0794591804322714,-0.0794591804322714,56,0.19642857142857142,0.22821990968084532,-0.5511576855573461,-0.027680231538951605,-0.029574517975984316,19,0.10526315789473684,0.15896763663164631,-0.5416740316084292,-0.200546568131891
lb30_atr14_m2.0_r0.0025_tfnone_rfnone,30,14,2.0,0.0025,none,none,-0.053385289329071384,-0.0586402232705886,50,0.26,0.3255062742159751,-0.4089242845337129,-0.0370855444818029,-0.03900846124968993,21,0.09523809523809523,0.07944975530920459,-0.6584737269181707,-0.20058803025898092
lb30_atr20_m2.0_r0.005_tfma100_rfadx20,30,20,2.0,0.005,ma100,adx20,-0.11425093269719222,-0.11425093269719222,39,0.20512820512820512,0.17200515321228482,-0.5893075542944268,-0.027432847476461575,-0.031207536077480835,13,0.15384615384615385,0.2761595182021043,-0.40391501714496586,-0.2006195123566916
lb20_atr20_m2.0_r0.0025_tfnone_rfnone,20,20,2.0,0.0025,none,none,-0.08750429633174406,-0.08842118351567396,67,0.19402985074626866,0.26283338740394935,-0.5106522456412836,-0.03388989678926202,-0.03577208547302091,25,0.12,0.1884863319544292,-0.5121400464396063,-0.2011656794977542
lb10_atr10_m1.5_r0.0025_tfma100_rfadx20,10,10,1.5,0.0025,ma100,adx20,-0.11776844622648475,-0.1184534777864259,75,0.17333333333333334,0.15569027988773657,-0.6101674112918736,-0.02490039158138857,-0.027993361836308628,23,0.2608695652173913,0.3020655126222588,-0.4111750286993779,-0.20323334235595425
lb10_atr20_m2.0_r0.0025_tfnone_rfadx20,10,20,2.0,0.0025,none,adx20,-0.12137530582882872,-0.12494784103618017,92,0.18478260869565216,0.20281874083146612,-0.5277497778106416,-0.03229807659804651,-0.0353264112113858,31,0.16129032258064516,0.272294113960541,-0.4027615993134127,-0.2032479278578238
lb20_atr10_m2.0_r0.0025_tfma100_rfnone,20,10,2.0,0.0025,ma100,none,-0.07214837134922947,-0.07265003486435895,53,0.18867924528301888,0.22909532953980616,-0.5284588496543314,-0.02943797497269962,-0.031203106900304034,19,0.10526315789473684,0.07689127810590342,-0.5790920543464487,-0.2033791933100462
lb30_atr20_m2.5_r0.005_tfma100_rfnone,30,20,2.5,0.005,ma100,none,-0.07462892238863861,-0.0770969477660779,37,0.21621621621621623,0.36207516407507506,-0.38977854056466044,-0.04255032527188363,-0.0451945118077387,15,0.2,0.15066595823164325,-0.5946581081682354,-0.20352762920012704
lb20_atr10_m2.0_r0.005_tfma100_rfadx20,20,10,2.0,0.005,ma100,adx20,-0.11561233602882848,-0.1161456091623373,45,0.2222222222222222,0.23073551217432356,-0.5174983733707261,-0.032491000174773466,-0.03600377057025339,15,0.13333333333333333,0.13145705758642665,-0.41829786102158145,-0.2037853415252711
lb20_atr10_m2.0_r0.0025_tfnone_rfnone,20,10,2.0,0.0025,none,none,-0.08565726283061115,-0.08668961346706361,65,0.16923076923076924,0.25303768500916696,-0.5143980637509968,-0.034666113173109636,-0.03642173684320815,25,0.12,0.13594284670454732,-0.5237910638756965,-0.2040364252382863
lb30_atr20_m2.5_r0.005_tfnone_rfnone,30,20,2.5,0.005,none,none,-0.07020667754598442,-0.08354255533127697,42,0.21428571428571427,0.42936211605623076,-0.3181569354010675,-0.050228562740548655,-0.052851544305876796,17,0.17647058823529413,0.1300294081378874,-0.6173571545929347,-0.20577146746056754
lb20_atr14_m1.5_r0.0025_tfma100_rfadx20,20,14,1.5,0.0025,ma100,adx20,-0.09544260467131793,-0.09544489180049731,55,0.2,0.12463732572352411,-0.669021377571415,-0.02510157099457233,-0.02769564219114995,20,0.25,0.22979694125368158,-0.4743037010402424,-0.20714217765287085
lb10_atr14_m2.5_r0.005_tfma100_rfnone,10,14,2.5,0.005,ma100,none,-0.10094299820188057,-0.11174582178084325,54,0.16666666666666666,0.4007897223371948,-0.3694006748036948,-0.04718460791889689,-0.05917416840304024,19,0.21052631578947367,0.30174234347649287,-0.5095797320037608,-0.20744258009395034
lb20_atr14_m2.0_r0.0025_tfnone_rfnone,20,14,2.0,0.0025,none,none,-0.08056809163373768,-0.0831153290167368,64,0.203125,0.2778315192262899,-0.4910780149556236,-0.04015534699357004,-0.04207213344044025,27,0.1111111111111111,0.131902256026009,-0.5579001287761665,-0.20905475512886396
lb10_atr14_m1.5_r0.0025_tfma100_rfadx20,10,14,1.5,0.0025,ma100,adx20,-0.11920137143793297,-0.11920359849423157,74,0.17567567567567569,0.13073696832481282,-0.6264072234324947,-0.027031129489531014,-0.030440626907321633,24,0.2916666666666667,0.3101565315529016,-0.4237934097545882,-0.20936707575417965
lb20_atr14_m1.5_r0.0025_tfnone_rfadx20,20,14,1.5,0.0025,none,adx20,-0.10820129290202984,-0.11148062748382037,67,0.19402985074626866,0.16501730165518402,-0.6322282036235126,-0.02997479042629847,-0.03255589465340891,26,0.23076923076923078,0.22843495496586322,-0.43817104026127845,-0.2095841355683001
lb20_atr10_m2.0_r0.005_tfnone_rfadx20,20,10,2.0,0.005,none,adx20,-0.1341726647106093,-0.14133662203230068,55,0.2,0.2621956374986845,-0.5017298872591223,-0.03860222833392413,-0.04209281046928304,20,0.15,0.22037223341454232,-0.37443583095058613,-0.21003705742929185
lb55_atr10_m1.5_r0.005_tfma100_rfadx20,55,10,1.5,0.005,ma100,adx20,-0.09657380306088292,-0.09683307387253759,34,0.17647058823529413,0.11226243128196388,-0.580688452743465,-0.03713873222906072,-0.04137889236817838,15,0.2,0.18041058089927445,-0.47192253673289625,-0.2110005464394147
lb30_atr14_m2.0_r0.0025_tfma100_rfnone,30,14,2.0,0.0025,ma100,none,-0.05955191527384496,-0.06087204248653988,45,0.24444444444444444,0.2219359831663557,-0.5054389620426724,-0.03409043132177447,-0.03601932925785767,19,0.10526315789473684,0.08600373552788676,-0.6627024924844381,-0.21134287419677927
lb20_atr14_m2.0_r0.0025_tfma100_rfnone,20,14,2.0,0.0025,ma100,none,-0.0718521323571727,-0.07366395297489015,53,0.20754716981132076,0.23805316447404354,-0.5251985580321896,-0.03451413501647005,-0.03644218682657141,21,0.09523809523809523,0.08506345677550994,-0.6081563872111834,-0.2117261469267134
lb20_atr14_m2.0_r0.005_tfma100_rfadx20,20,14,2.0,0.005,ma100,adx20,-0.12449059319595246,-0.12695074136689544,46,0.1956521739130435,0.21894288168099862,-0.5480939735307331,-0.0342716815230204,-0.038121066362711176,16,0.125,0.1583655269331056,-0.41203253291183667,-0.21208125407077663
lb55_atr10_m1.5_r0.005_tfnone_rfadx20,55,10,1.5,0.005,none,adx20,-0.10189053395607917,-0.10429228686580794,37,0.1891891891891892,0.11252991410763603,-0.5689175378965224,-0.03713873222906072,-0.04137889236817838,15,0.2,0.18041058089927445,-0.47192253673289625,-0.21340460154253385
lb55_atr14_m1.5_r0.005_tfma100_rfnone,55,14,1.5,0.005,ma100,none,-0.08848098116306646,-0.08848098116306646,37,0.2972972972972973,0.21067370641005403,-0.4985694897683611,-0.0466234135184892,-0.05082180588806229,17,0.23529411764705882,0.18243124460146792,-0.5244193702354563,-0.21413382068323353
lb20_atr20_m2.0_r0.005_tfma100_rfadx20,20,20,2.0,0.005,ma100,adx20,-0.13967982666445156,-0.13967982666445156,49,0.1836734693877551,0.20480464865873688,-0.5879048281282153,-0.030090633784854548,-0.03385500709231681,15,0.13333333333333333,0.2583485451087571,-0.3850505368289379,-0.2145873874130825
lb30_atr20_m1.5_r0.0025_tfma100_rfnone,30,20,1.5,0.0025,ma100,none,-0.06553206449097604,-0.0659547597908553,51,0.29411764705882354,0.2924260351332493,-0.48472517113186825,-0.0385572912309341,-0.04077098856528116,22,0.22727272727272727,0.15621045422603885,-0.663147100216619,-0.214588341628578
lb20_atr14_m2.0_r0.005_tfnone_rfadx20,20,14,2.0,0.005,none,adx20,-0.1350667929953272,-0.14463867503770778,55,0.2,0.2661450478911922,-0.5042670451195838,-0.04162550681037647,-0.04544557936520066,21,0.14285714285714285,0.2270909668337535,-0.38402564245840753,-0.21504408722517465
lb10_atr10_m2.5_r0.005_tfnone_rfnone,10,10,2.5,0.005,none,none,-0.16388413291335202,-0.16564246808687622,81,0.18518518518518517,0.33788924062995424,-0.4054259205262959,-0.044978444445696875,-0.0650120431680169,28,0.2857142857142857,0.4877391234820544,-0.3350233705538578,-0.21543639683852697
lb30_atr20_m1.5_r0.0025_tfnone_rfnone,30,20,1.5,0.0025,none,none,-0.06966785929214225,-0.07363355178836462,60,0.31666666666666665,0.3038348520406407,-0.43885252427569793,-0.04190983942324822,-0.04411581760082284,24,0.20833333333333334,0.14534542642248527,-0.6643114569984256,-0.21650546406553808
lb20_atr20_m2.5_r0.005_tfma100_rfnone,20,20,2.5,0.005,ma100,none,-0.10158057152821753,-0.103976715089108,45,0.2,0.3315573307993719,-0.44727683472775437,-0.04440262331372147,-0.04704169436239025,17,0.17647058823529413,0.14531607281301634,-0.5474324710511504,-0.2186997648481845
lb55_atr14_m1.5_r0.005_tfnone_rfnone,55,14,1.5,0.005,none,none,-0.09549724834058959,-0.09786607981187423,40,0.3,0.2014561717442601,-0.501193027696438,-0.0466234135184892,-0.05082180588806229,17,0.23529411764705882,0.18243124460146792,-0.5244193702354563,-0.21893139840664957
lb10_atr20_m2.5_r0.005_tfma100_rfnone,10,20,2.5,0.005,ma100,none,-0.11291900419510248,-0.11991113978468482,57,0.19298245614035087,0.34943693999294256,-0.39685951605507575,-0.05140156146441699,-0.05923927819225161,21,0.23809523809523808,0.18160404575909417,-0.4953799833026047,-0.21928827077233093
lb10_atr10_m2.0_r0.0025_tfma100_rfnone,10,10,2.0,0.0025,ma100,none,-0.0879038219915439,-0.09364389704447162,69,0.18840579710144928,0.2383498999513078,-0.49779176507202827,-0.03906808408117746,-0.04179387250004052,25,0.16,0.09670698014106242,-0.5852334428253753,-0.21928947241776542
lb20_atr20_m1.5_r0.0025_tfma100_rfnone,20,20,1.5,0.0025,ma100,none,-0.08877730284218932,-0.08918948343886435,62,0.24193548387096775,0.23229808119723452,-0.5496266543900842,-0.0371100017755438,-0.039327031456977246,24,0.2916666666666667,0.17661187674042075,-0.5853595660611806,-0.22040204341085443
lb30_atr20_m1.5_r0.005_tfma100_rfadx20,30,20,1.5,0.005,ma100,adx20,-0.11814373289767577,-0.11814373289767577,43,0.2558139534883721,0.18300286095617047,-0.5789429287263002,-0.040260791600757684,-0.04448720310116394,17,0.29411764705882354,0.25881082296081037,-0.4522208514701837,-0.22058996413602858
lb20_atr20_m2.0_r0.005_tfnone_rfadx20,20,20,2.0,0.005,none,adx20,-0.14998078518599456,-0.1572570647044047,58,0.1896551724137931,0.2452731852923269,-0.541488061049734,-0.039216987820944516,-0.04294594028938348,20,0.15,0.2859839738865281,-0.3784603138164225,-0.222970580569737
lb10_atr20_m2.0_r0.0025_tfma100_rfnone,10,20,2.0,0.0025,ma100,none,-0.09271474192687457,-0.09448183855227898,71,0.19718309859154928,0.21587581334668268,-0.5101437936887017,-0.04079923951473641,-0.04380097051668286,26,0.15384615384615385,0.1504485656237266,-0.5846615679646239,-0.22322156900406512
lb10_atr10_m2.0_r0.005_tfma100_rfadx20,10,10,2.0,0.005,ma100,adx20,-0.14696401154871175,-0.1538977362970796,60,0.21666666666666667,0.2328757913320129,-0.5025647150329742,-0.03842232127999623,-0.04381401436206378,19,0.21052631578947367,0.17789542766735794,-0.41233205061606654,-0.22526762285864235
lb10_atr20_m1.5_r0.0025_tfnone_rfadx20,10,20,1.5,0.0025,none,adx20,-0.1530326932916496,-0.1570356584714232,107,0.205607476635514,0.170790534512462,-0.5723397061379326,-0.03663078500709904,-0.04004943783547643,37,0.32432432432432434,0.29414357682290104,-0.37805784829042643,-0.22539451403220587
lb30_atr14_m1.5_r0.0025_tfnone_rfnone,30,14,1.5,0.0025,none,none,-0.07758315402224703,-0.08097507804923298,60,0.3,0.25505124436921495,-0.4920375358732174,-0.04181049055938346,-0.04436010160946846,24,0.16666666666666666,0.14149422318477317,-0.6654018258655512,-0.22652223213710526
lb10_atr20_m2.0_r0.005_tfma100_rfadx20,10,20,2.0,0.005,ma100,adx20,-0.16805437059236095,-0.17128879005488729,64,0.171875,0.18600764140213544,-0.5531830401810782,-0.03518709002040288,-0.041202902083276816,19,0.21052631578947367,0.29210950799047075,-0.35748631565215067,-0.22851637809590244
lb10_atr10_m1.5_r0.0025_tfnone_rfadx20,10,10,1.5,0.0025,none,adx20,-0.15976800396313184,-0.1634894468971837,109,0.1834862385321101,0.18155675339472563,-0.5908521739892809,-0.035794592588121454,-0.04003555355921762,36,0.2777777777777778,0.3240044153762926,-0.37986363310410676,-0.23008336779087554
lb55_atr10_m1.5_r0.005_tfma100_rfnone,55,10,1.5,0.005,ma100,none,-0.0971006607531315,-0.09735978036392223,38,0.21052631578947367,0.1552604533550003,-0.5241601687862465,-0.04942247605408667,-0.05360854216879052,17,0.17647058823529413,0.14170869412805348,-0.5572870882783891,-0.23047586170180176
lb30_atr14_m1.5_r0.005_tfma100_rfadx20,30,14,1.5,0.005,ma100,adx20,-0.12702366423644829,-0.12702366423644829,44,0.25,0.15604093871591185,-0.6116073829451664,-0.040920159607755746,-0.04514366744380893,17,0.23529411764705882,0.2520130152703072,-0.4588380047601163,-0.2307115413460934
lb20_atr20_m2.5_r0.005_tfnone_rfnone,20,20,2.5,0.005,none,none,-0.11169593830084357,-0.11458727823397197,55,0.18181818181818182,0.353870996562103,-0.3952034879342034,-0.060088840428111356,-0.06268459088752398,23,0.13043478260869565,0.15360621353858817,-0.5384800670079352,-0.2310245965094809
lb30_atr20_m1.5_r0.005_tfnone_rfadx20,30,20,1.5,0.005,none,adx20,-0.12713397827416995,-0.13277164223354432,51,0.27450980392156865,0.1949036547110783,-0.5252737843791306,-0.04694899029979516,-0.0511459489242001,19,0.2631578947368421,0.22989332885843067,-0.4758943809573537,-0.23168309627279024
lb30_atr14_m1.5_r0.0025_tfma100_rfnone,30,14,1.5,0.0025,ma100,none,-0.0767960378234468,-0.07679837209955942,52,0.28846153846153844,0.19382061579148968,-0.5616128990023059,-0.03923125179834552,-0.04178772584951862,22,0.18181818181818182,0.149715309153553,-0.6768863834334683,-0.23193258730078972
lb10_atr14_m2.0_r0.005_tfma100_rfadx20,10,14,2.0,0.005,ma100,adx20,-0.15528239088326,-0.16385702269751157,61,0.19672131147540983,0.219038615701474,-0.5233637205018542,-0.0406800685876213,-0.04583199763713164,20,0.25,0.20050675730848852,-0.4029649990011818,-0.23217376683318786
lb20_atr20_m1.5_r0.0025_tfnone_rfnone,20,20,1.5,0.0025,none,none,-0.10941062702067417,-0.11003556219377697,78,0.24358974358974358,0.21467308377757233,-0.5482969228926511,-0.04461861586331406,-0.04681835715216931,31,0.25806451612903225,0.1702498047431572,-0.5464393575813656,-0.2325512102387417
lb55_atr10_m1.5_r0.005_tfnone_rfnone,55,10,1.5,0.005,none,none,-0.10241429105131139,-0.10481464331315149,41,0.21951219512195122,0.15314506413719917,-0.5176738517748997,-0.04942247605408667,-0.05360854216879052,17,0.17647058823529413,0.14170869412805348,-0.5572870882783891,-0.23336533499716888
lb30_atr14_m1.5_r0.005_tfnone_rfadx20,30,14,1.5,0.005,none,adx20,-0.13246388538255804,-0.13806712455684067,51,0.2549019607843137,0.2002774784479056,-0.5355970971853062,-0.04606726384142412,-0.05026810533193615,19,0.21052631578947367,0.2294795054972306,-0.46728365611362643,-0.23356542460047505
lb20_atr20_m1.5_r0.005_tfma100_rfadx20,20,20,1.5,0.005,ma100,adx20,-0.1499041581474636,-0.1499041581474636,54,0.2222222222222222,0.17140577435959448,-0.592107054082115,-0.040736644695627544,-0.04496096067781896,19,0.3684210526315789,0.2783812690496069,-0.4095787794838048,-0.23367618118689187
lb10_atr14_m2.5_r0.005_tfnone_rfnone,10,14,2.5,0.005,none,none,-0.13239537696352754,-0.1375707439015985,77,0.22077922077922077,0.41284101723870736,-0.33598466428358614,-0.07049210311188525,-0.08218837842696791,31,0.16129032258064516,0.2937770849865048,-0.4665534356292498,-0.23412756645868338
lb10_atr14_m2.0_r0.0025_tfma100_rfnone,10,14,2.0,0.0025,ma100,none,-0.08697927424051688,-0.09347883899135512,69,0.2028985507246377,0.2449129332781633,-0.49296922637833096,-0.04903031397954183,-0.051592296582986474,28,0.17857142857142858,0.09368377616393002,-0.6483389009417703,-0.23669983994387106
lb30_atr10_m1.5_r0.0025_tfnone_rfnone,30,10,1.5,0.0025,none,none,-0.08169930081826227,-0.08554729953768392,60,0.23333333333333334,0.2319117296548085,-0.5225058513343992,-0.04383194449446104,-0.04614914515169888,24,0.125,0.11018117144054335,-0.6897365573561669,-0.23806550107256003
lb20_atr10_m1.5_r0.0025_tfnone_rfnone,20,10,1.5,0.0025,none,none,-0.11718042037865928,-0.11786590852651335,78,0.20512820512820512,0.18869647774292175,-0.591760283294213,-0.04293967911887275,-0.045259042113476755,30,0.16666666666666666,0.1966647046539282,-0.5425294093693921,-0.23874036988271008
lb10_atr14_m1.5_r0.0025_tfnone_rfadx20,10,14,1.5,0.0025,none,adx20,-0.160330201817237,-0.16379125609368528,108,0.18518518518518517,0.17154662188743638,-0.5980752519816789,-0.04011943756116554,-0.04466334631104596,38,0.2894736842105263,0.2857343690722096,-0.4018835642031578,-0.23902213137506947
lb30_atr10_m1.5_r0.0025_tfma100_rfnone,30,10,1.5,0.0025,ma100,none,-0.07759440505270565,-0.0783106307883441,52,0.25,0.18258975436811278,-0.5682391364573256,-0.041212536704905656,-0.04353608529796571,22,0.13636363636363635,0.1166274933602774,-0.7030575303699199,-0.23964359253299233
lb30_atr10_m1.5_r0.005_tfma100_rfadx20,30,10,1.5,0.005,ma100,adx20,-0.12842481049707344,-0.12919375324241278,44,0.22727272727272727,0.15610272223352478,-0.604981738879625,-0.04462367767394593,-0.04883087629681915,17,0.17647058823529413,0.19556475383529928,-0.5014803398525011,-0.24209120683022234
lb10_atr20_m1.5_r0.0025_tfma100_rfnone,10,20,1.5,0.0025,ma100,none,-0.11042021431768145,-0.11082260500438879,81,0.20987654320987653,0.21871220901113345,-0.5286610125599298,-0.04840807806345526,-0.051059195278602254,31,0.2903225806451613,0.20263285867498199,-0.5998085774449284,-0.24258300834592375
lb20_atr10_m1.5_r0.0025_tfma100_rfnone,20,10,1.5,0.0025,ma100,none,-0.0996237355039794,-0.10032285599492485,64,0.21875,0.1676602251950014,-0.6023850664778422,-0.040245647754189706,-0.042571539529182245,24,0.16666666666666666,0.12590906831778992,-0.6294501140466342,-0.24285826501111674
lb10_atr10_m2.0_r0.0025_tfnone_rfnone,10,10,2.0,0.0025,none,none,-0.12990078098973667,-0.13304176967306658,102,0.17647058823529413,0.22812817195451748,-0.5120517007382713,-0.05287138345005582,-0.05555801730142207,39,0.15384615384615385,0.16704493616916102,-0.5201625468012979,-0.24428376020449985
lb30_atr10_m1.5_r0.005_tfnone_rfadx20,30,10,1.5,0.005,none,adx20,-0.13377463340162743,-0.14012869365265868,51,0.21568627450980393,0.1993290058710749,-0.5345164069696504,-0.04984058174413708,-0.054024806643350964,19,0.15789473684210525,0.17801582192100854,-0.505872499258015,-0.24468557547881709
lb30_atr20_m2.0_r0.005_tfnone_rfnone,30,20,2.0,0.005,none,none,-0.11303397867674325,-0.1206265278591665,52,0.25,0.3021931422037565,-0.4300255851862405,-0.054764787087888456,-0.05843339606178144,19,0.10526315789473684,0.15832202411048002,-0.6184136610755783,-0.24492547134450332
lb30_atr10_m2.0_r0.005_tfnone_rfnone,30,10,2.0,0.005,none,none,-0.10987773958435576,-0.11671010478259736,50,0.22,0.2875716944917901,-0.43235238364065276,-0.05583098176501278,-0.0592590108336668,19,0.10526315789473684,0.07984107098459459,-0.6258937940135652,-0.24686095168943215
lb10_atr20_m1.5_r0.005_tfma100_rfadx20,10,20,1.5,0.005,ma100,adx20,-0.18839791259038519,-0.18839791259038519,72,0.19444444444444445,0.1685373012731445,-0.5763585156823168,-0.043649836800427555,-0.04866802055986297,23,0.391304347826087,0.34755281671799526,-0.35546669835320627,-0.24746365102935658
lb30_atr10_m2.0_r0.005_tfma100_rfnone,30,10,2.0,0.005,ma100,none,-0.10983688229929167,-0.10983688229929167,44,0.22727272727272727,0.2208812896648825,-0.49904577876056755,-0.049977665303280405,-0.053426946222600136,17,0.11764705882352941,0.08874860463336626,-0.6278152470997607,-0.2478191144546912
lb30_atr20_m2.0_r0.005_tfma100_rfnone,30,20,2.0,0.005,ma100,none,-0.12208948856816648,-0.12208948856816648,47,0.23404255319148937,0.22763033205468655,-0.5258429527150205,-0.04750153124101386,-0.05119833007200858,17,0.11764705882352941,0.17907974764366885,-0.6034438317173582,-0.24965891370750734
lb20_atr14_m1.5_r0.0025_tfma100_rfnone,20,14,1.5,0.0025,ma100,none,-0.10420136701201643,-0.1042036319950933,64,0.234375,0.1490809103605045,-0.629729513533946,-0.04183642743983451,-0.04438596947543294,25,0.2,0.15038302932169764,-0.63818633837802,-0.2503383045803321
lb20_atr14_m1.5_r0.0025_tfnone_rfnone,20,14,1.5,0.0025,none,none,-0.11852821583548212,-0.11858261231452971,78,0.23076923076923078,0.18064365489611828,-0.596687563836056,-0.048454750762781496,-0.0509866823464693,32,0.1875,0.1531163456107045,-0.5820680686963535,-0.25175960906260736
lb30_atr14_m2.0_r0.005_tfnone_rfnone,30,14,2.0,0.005,none,none,-0.10467528527473191,-0.11458349840561255,50,0.26,0.31032862113383475,-0.4089242845337129,-0.06267663338056473,-0.06641279632444841,21,0.09523809523809523,0.0916767916975137,-0.6584737269181706,-0.25262175111497814
lb20_atr10_m1.5_r0.005_tfnone_rfadx20,20,10,1.5,0.005,none,adx20,-0.18469691563230106,-0.1906774434726104,67,0.19402985074626866,0.1672776906102095,-0.5958205940264097,-0.047717522750613695,-0.05191109698230012,24,0.20833333333333334,0.3050491956754407,-0.379926216323547,-0.25571741391174546
lb20_atr20_m1.5_r0.005_tfnone_rfadx20,20,20,1.5,0.005,none,adx20,-0.17682916069670485,-0.1821458535884415,67,0.22388059701492538,0.1656553519448637,-0.5814020883552531,-0.05207772572323266,-0.05625209889297822,25,0.32,0.2576170484400113,-0.40040780997029723,-0.257517874887108
lb20_atr20_m2.0_r0.005_tfma100_rfnone,20,20,2.0,0.005,ma100,none,-0.14882417940925197,-0.14882417940925197,56,0.19642857142857142,0.23063993353445517,-0.5511576855573461,-0.047577485415311926,-0.05127398945601347,19,0.10526315789473684,0.17906353774984848,-0.5416740316084292,-0.25763998942284744
lb10_atr20_m2.0_r0.0025_tfnone_rfnone,10,20,2.0,0.0025,none,none,-0.12799783659005282,-0.12867070149031223,103,0.1941747572815534,0.21876761573678802,-0.49851950385597127,-0.061587517690702365,-0.06452419367846562,41,0.12195121951219512,0.16156074403887713,-0.5767263240028562,-0.25815333952432207
lb20_atr10_m1.5_r0.005_tfma100_rfadx20,20,10,1.5,0.005,ma100,adx20,-0.16208511397152525,-0.16282436008658596,55,0.2,0.14569339390861755,-0.6250837327905198,-0.04589178134433325,-0.050093395608570956,19,0.21052631578947367,0.2013599645003021,-0.46178797080761685,-0.258277546228532
lb20_atr10_m2.0_r0.005_tfma100_rfnone,20,10,2.0,0.005,ma100,none,-0.13789139960010066,-0.1384112387763914,53,0.18867924528301888,0.22909504492594368,-0.5284588496543314,-0.051589844514868366,-0.0550332720360206,19,0.10526315789473684,0.08623163884020822,-0.5790920543464486,-0.2603673617082285
lb30_atr14_m2.0_r0.005_tfma100_rfnone,30,14,2.0,0.005,ma100,none,-0.11320900631652087,-0.11570085531798746,45,0.24444444444444444,0.22463164670261226,-0.5054389620426724,-0.056831071609418804,-0.06059053491265909,19,0.10526315789473684,0.10055804624787183,-0.6627024924844381,-0.2617483510646684
lb10_atr20_m2.5_r0.005_tfnone_rfnone,10,20,2.5,0.005,none,none,-0.14578719280633068,-0.14987411757591385,80,0.2,0.34609718114185195,-0.37005442579991976,-0.0832562362696454,-0.09083075636185611,33,0.24242424242424243,0.19230895918949303,-0.5109686806589308,-0.264021667584249
lb10_atr10_m2.0_r0.005_tfnone_rfadx20,10,10,2.0,0.005,none,adx20,-0.2132962935615733,-0.22126093358791554,89,0.20224719101123595,0.22806003676738154,-0.5137289271800012,-0.052709517165175246,-0.05898698700441063,30,0.2,0.28626941956214147,-0.3433011254957793,-0.26404754382080425
lb10_atr14_m2.0_r0.0025_tfnone_rfnone,10,14,2.0,0.0025,none,none,-0.12304782429055905,-0.12749134192356193,100,0.2,0.24261353863842608,-0.4939287757008522,-0.06776021268419119,-0.07027173555653088,43,0.16279069767441862,0.14079810448441374,-0.5997373546394855,-0.2641421598306448
lb30_atr20_m1.5_r0.005_tfma100_rfnone,30,20,1.5,0.005,ma100,none,-0.1158458732173383,-0.1158458732173383,51,0.29411764705882354,0.2867187973310987,-0.48472517113186825,-0.06368166470925618,-0.0678049375167874,22,0.22727272727272727,0.17920125852664615,-0.663147100216619,-0.26467314888867816
lb10_atr10_m1.5_r0.0025_tfma100_rfnone,10,10,1.5,0.0025,ma100,none,-0.12494627916541978,-0.12562573731090498,85,0.18823529411764706,0.16714754555409322,-0.573867184499649,-0.05267773985120361,-0.055682601659337916,31,0.1935483870967742,0.16831838748419953,-0.6433325067348441,-0.26698131540142706
lb20_atr20_m2.0_r0.005_tfnone_rfnone,20,20,2.0,0.005,none,none,-0.16235167294772124,-0.16400959272910798,67,0.19402985074626866,0.2598633456872527,-0.5106522456412835,-0.06091395085222384,-0.06455869393849478,25,0.12,0.20261748988080275,-0.5121400464396062,-0.26753275205893795
lb20_atr14_m2.0_r0.005_tfma100_rfnone,20,14,2.0,0.005,ma100,none,-0.13662382442066778,-0.1390498786728328,53,0.20754716981132076,0.2367343597684895,-0.5251985580321896,-0.05765619982726722,-0.06141237417646961,21,0.09523809523809523,0.09932080968707757,-0.6081563872111834,-0.26898365137754293
lb10_atr14_m1.5_r0.0025_tfma100_rfnone,10,14,1.5,0.0025,ma100,none,-0.1241531254900925,-0.12415534002612272,83,0.20481927710843373,0.153750357958857,-0.5837898168860128,-0.054350675629948775,-0.057664439335342155,32,0.21875,0.18106068275018355,-0.6506012612904793,-0.269795531762892
lb20_atr14_m1.5_r0.005_tfma100_rfadx20,20,14,1.5,0.005,ma100,adx20,-0.16850533070394735,-0.16850533070394735,55,0.2,0.12048444221065213,-0.669021377571415,-0.04938852092577328,-0.05357473656895695,20,0.25,0.23022950555566413,-0.4743037010402424,-0.27037042308742393
lb20_atr10_m2.0_r0.005_tfnone_rfnone,20,10,2.0,0.005,none,none,-0.1607759678877454,-0.162247810667297,65,0.16923076923076924,0.24954941446305107,-0.5143980637509968,-0.06192577019623968,-0.06533167069309553,25,0.12,0.14769192450258206,-0.5237910638756965,-0.2707349041093942
lb30_atr20_m1.5_r0.005_tfnone_rfnone,30,20,1.5,0.005,none,none,-0.12354868539844455,-0.12920950603470427,60,0.31666666666666665,0.2972003200704671,-0.438852524275698,-0.07020664880615579,-0.07430118748718084,24,0.20833333333333334,0.16487884949833143,-0.6643114569984256,-0.27163267157462173
lb10_atr10_m1.5_r0.005_tfma100_rfadx20,10,10,1.5,0.005,ma100,adx20,-0.20534081469250287,-0.20604189868722733,75,0.17333333333333334,0.14882251102590693,-0.6101674112918736,-0.04790419184413364,-0.0531283324270424,23,0.2608695652173913,0.28754466762202785,-0.4111750286993779,-0.2744457376404289
lb20_atr14_m2.0_r0.005_tfnone_rfnone,20,14,2.0,0.005,none,none,-0.15137629457817559,-0.15513042916126996,64,0.203125,0.2703006567495725,-0.49107801495562364,-0.0692091251573429,-0.07291924964472707,27,0.1111111111111111,0.14759594621671823,-0.5579001287761665,-0.27477343577457203
lb20_atr20_m1.5_r0.005_tfma100_rfnone,20,20,1.5,0.005,ma100,none,-0.1570786922329157,-0.1570786922329157,62,0.24193548387096775,0.22598383629591617,-0.5496266543900842,-0.060857343997423485,-0.06499305428946389,24,0.2916666666666667,0.2034198501538614,-0.5853595660611806,-0.27991990611623063
lb10_atr14_m2.0_r0.005_tfnone_rfadx20,10,14,2.0,0.005,none,adx20,-0.21162203716490557,-0.22203929582313053,88,0.20454545454545456,0.22619114363612708,-0.5109893654834493,-0.06344599177365062,-0.0695171782538504,32,0.21875,0.25996452102836126,-0.3947705479952988,-0.28070264832176023
lb10_atr14_m1.5_r0.005_tfma100_rfadx20,10,14,1.5,0.005,ma100,adx20,-0.20589022201555685,-0.20589022201555685,74,0.17567567567567569,0.13125398395296078,-0.6264072234324947,-0.05176906352742239,-0.057357955326639565,24,0.2916666666666667,0.30475255928219086,-0.4237934097545882,-0.2812175037121422
lb20_atr14_m1.5_r0.005_tfnone_rfadx20,20,14,1.5,0.005,none,adx20,-0.19200161020158057,-0.19722030733037077,67,0.19402985074626866,0.1449837234690598,-0.6322282036235126,-0.05888456576703893,-0.06302896359891064,26,0.23076923076923078,0.22846732788841503,-0.43817104026127845,-0.2833309291938172
lb10_atr20_m1.5_r0.0025_tfnone_rfnone,10,20,1.5,0.0025,none,none,-0.1623132352212201,-0.16329076355823302,121,0.2231404958677686,0.2012206415440981,-0.5392471998471751,-0.06995070357225242,-0.07254180343749428,48,0.25,0.17692677568009435,-0.5662526332662114,-0.28687271263660136
lb30_atr14_m1.5_r0.005_tfnone_rfnone,30,14,1.5,0.005,none,none,-0.1411237578166027,-0.1466710646375814,60,0.3,0.2277732038753438,-0.4920375358732174,-0.06994636452369618,-0.07404204942077142,24,0.16666666666666666,0.16223376632289133,-0.6654018258655512,-0.2873869774122372
lb30_atr14_m1.5_r0.005_tfma100_rfnone,30,14,1.5,0.005,ma100,none,-0.136129614696762,-0.136129614696762,52,0.28846153846153844,0.18818450892596358,-0.5616128990023059,-0.06492810398682025,-0.06904588783938193,22,0.18181818181818182,0.17330078268757154,-0.6768863834334683,-0.28775872406659014
lb10_atr10_m2.0_r0.005_tfma100_rfnone,10,10,2.0,0.005,ma100,none,-0.1660521861283939,-0.17283075663910263,69,0.18840579710144928,0.23332897199923266,-0.49779176507202827,-0.06676971668136078,-0.07200246217233663,25,0.16,0.11005436636639465,-0.5852334428253753,-0.28842497357959684
lb10_atr20_m2.0_r0.005_tfnone_rfadx20,10,20,2.0,0.005,none,adx20,-0.22385636132207087,-0.2301409464821491,92,0.18478260869565216,0.1983630227154976,-0.5277497778106416,-0.06370561691145693,-0.0695436099419443,31,0.16129032258064516,0.27114091369492693,-0.4027615993134127,-0.29033132887993646
lb10_atr20_m2.0_r0.005_tfma100_rfnone,10,20,2.0,0.005,ma100,none,-0.17122945564200376,-0.17445153108045353,71,0.19718309859154928,0.2198473436123162,-0.5101437936887017,-0.06752839872280436,-0.07334255590211625,26,0.15384615384615385,0.1750459777978166,-0.5846615679646239,-0.2916094462892838
lb30_atr10_m1.5_r0.005_tfma100_rfnone,30,10,1.5,0.005,ma100,none,-0.14025832688960393,-0.14101682957573625,52,0.25,0.17550966842902788,-0.5682391364573256,-0.06928846734069327,-0.07338704942504182,22,0.13636363636363635,0.13375037076836963,-0.7030575303699199,-0.299564682505457
lb10_atr10_m1.5_r0.0025_tfnone_rfnone,10,10,1.5,0.0025,none,none,-0.1732656321458591,-0.1740181802595293,123,0.1951219512195122,0.18344818300163246,-0.5721932993294548,-0.07106790034580235,-0.07401442942679592,47,0.2127659574468085,0.19137872510270357,-0.5828931527063189,-0.29979213648821323
lb10_atr14_m1.5_r0.0025_tfnone_rfnone,10,14,1.5,0.0025,none,none,-0.16887647606739808,-0.16929871499376892,121,0.21487603305785125,0.18426697253196997,-0.5649983011994757,-0.07464201193060016,-0.07788467032027635,49,0.22448979591836735,0.17444022352330954,-0.592402923312615,-0.3013657939975226
lb30_atr10_m1.5_r0.005_tfnone_rfnone,30,10,1.5,0.005,none,none,-0.15077729217085545,-0.15700663208649435,60,0.23333333333333334,0.2065995440127862,-0.5225058513343991,-0.07437068747682074,-0.07844688894626584,24,0.125,0.125210280443323,-0.6897365573561669,-0.3043213360886327
lb20_atr20_m1.5_r0.005_tfnone_rfnone,20,20,1.5,0.005,none,none,-0.19018405067236954,-0.19018405067236954,78,0.24358974358974358,0.21086529729476938,-0.5482969228926511,-0.07649344000388536,-0.0805602934904468,31,0.25806451612903225,0.1889715627389355,-0.5464393575813656,-0.3060990034714257
lb10_atr14_m2.0_r0.005_tfma100_rfnone,10,14,2.0,0.005,ma100,none,-0.1643422606392747,-0.17282492675208416,69,0.2028985507246377,0.23927363227158363,-0.49296922637833096,-0.07818660750016238,-0.08313711153905534,28,0.17857142857142858,0.11397111448893506,-0.6483389009417703,-0.30652285899796483
lb20_atr10_m1.5_r0.005_tfma100_rfnone,20,10,1.5,0.005,ma100,none,-0.17905840884155233,-0.17978268035417833,64,0.21875,0.15771141814327108,-0.6023850664778422,-0.06724237149231493,-0.07134996398589644,24,0.16666666666666666,0.14510996239107668,-0.6294501140466341,-0.31178887687764867
lb10_atr20_m1.5_r0.005_tfma100_rfnone,10,20,1.5,0.005,ma100,none,-0.19260554613410708,-0.19260554613410708,81,0.20987654320987653,0.21629893639391828,-0.5286610125599298,-0.07723570547775904,-0.08207765665290834,31,0.2903225806451613,0.2292738788101721,-0.5998085774449284,-0.3144418539265071
lb20_atr10_m1.5_r0.005_tfnone_rfnone,20,10,1.5,0.005,none,none,-0.20934345018989942,-0.21004100287996408,78,0.20512820512820512,0.16894010387668032,-0.591760283294213,-0.07354222158682944,-0.07762207137837551,30,0.16666666666666666,0.21831753952364422,-0.5425294093693921,-0.3181492441191372
lb20_atr14_m1.5_r0.005_tfma100_rfnone,20,14,1.5,0.005,ma100,none,-0.18255452458563382,-0.18255452458563382,64,0.234375,0.14471736606652605,-0.629729513533946,-0.06991241517836189,-0.07400824957845031,25,0.2,0.17263317793129607,-0.63818633837802,-0.31932187585130983
lb10_atr20_m1.5_r0.005_tfnone_rfadx20,10,20,1.5,0.005,none,adx20,-0.2628145626852807,-0.2682007948984765,107,0.205607476635514,0.16937988415228744,-0.5723397061379326,-0.07288764662223612,-0.07916264956485197,37,0.32432432432432434,0.28195572563955024,-0.37805784829042643,-0.3207226582239475
lb10_atr10_m1.5_r0.005_tfnone_rfadx20,10,10,1.5,0.005,none,adx20,-0.2751917889579695,-0.28076551810570394,109,0.1834862385321101,0.16845394791674612,-0.5908521739892809,-0.06912922653306985,-0.07651312005665234,36,0.2777777777777778,0.31373135445804545,-0.3798636331041067,-0.32659884111222454
lb20_atr14_m1.5_r0.005_tfnone_rfnone,20,14,1.5,0.005,none,none,-0.2082026193737615,-0.2082026193737615,78,0.23076923076923078,0.1626523284589939,-0.596687563836056,-0.08375473951780754,-0.08778961635956295,32,0.1875,0.17005734460992494,-0.5820680686963534,-0.33350220774889916
lb10_atr14_m1.5_r0.005_tfnone_rfadx20,10,14,1.5,0.005,none,adx20,-0.2750153089361491,-0.2801970864028607,108,0.18518518518518517,0.16176465937072543,-0.5980752519816789,-0.07715455142311267,-0.08485598678045048,38,0.2894736842105263,0.2808103756281125,-0.4018835642031578,-0.33794537344656594
lb10_atr10_m2.0_r0.005_tfnone_rfnone,10,10,2.0,0.005,none,none,-0.24004889091720905,-0.24285824565263148,102,0.17647058823529413,0.22061866421205784,-0.5120517007382713,-0.09602728477259981,-0.10109597921396551,39,0.15384615384615385,0.1765728367968656,-0.5201625468012979,-0.3446933879027176
lb10_atr10_m1.5_r0.005_tfma100_rfnone,10,10,1.5,0.005,ma100,none,-0.21740104951843786,-0.218091493432779,85,0.18823529411764706,0.16103169418244792,-0.573867184499649,-0.0827956942904211,-0.08782838553349781,31,0.1935483870967742,0.18728506056850075,-0.6433325067348441,-0.3461483129804571
lb10_atr14_m1.5_r0.005_tfma100_rfnone,10,14,1.5,0.005,ma100,none,-0.21424213158987038,-0.21424213158987038,83,0.20481927710843373,0.15344805292187474,-0.5837898168860128,-0.08524161658757146,-0.09063322050036648,32,0.21875,0.20812829777290565,-0.6506012612904793,-0.3479849916662608
lb10_atr20_m2.0_r0.005_tfnone_rfnone,10,20,2.0,0.005,none,none,-0.2348664893825264,-0.23602432030460052,103,0.1941747572815534,0.2152993181069039,-0.49851950385597127,-0.10871027531127664,-0.11426765480095546,41,0.12195121951219512,0.17512027472086125,-0.5767263240028562,-0.35989656277491383
lb10_atr14_m2.0_r0.005_tfnone_rfnone,10,14,2.0,0.005,none,none,-0.22918674709232678,-0.23426265442992877,100,0.2,0.23186465019356056,-0.4939287757008522,-0.11474701951124067,-0.11950117961675522,43,0.16279069767441862,0.15817691946929527,-0.5997373546394855,-0.3652690344893331
lb10_atr20_m1.5_r0.005_tfnone_rfnone,10,20,1.5,0.005,none,none,-0.27621752203240313,-0.2766745422718391,121,0.2231404958677686,0.20100739191366973,-0.5392471998471751,-0.119585014651035,-0.12420474950449134,48,0.25,0.19014980010558932,-0.5662526332662116,-0.3944789979371105
lb10_atr10_m1.5_r0.005_tfnone_rfnone,10,10,1.5,0.005,none,none,-0.29683742543454006,-0.297457787013229,123,0.1951219512195122,0.17127227300591089,-0.5721932993294548,-0.11888579808772448,-0.12372046327683284,47,0.2127659574468085,0.2053810627377509,-0.5828931527063189,-0.41175920244377606
lb10_atr14_m1.5_r0.005_tfnone_rfnone,10,14,1.5,0.005,none,none,-0.2887651032365234,-0.2892568931716789,121,0.21487603305785125,0.17442888339886306,-0.5649983011994757,-0.1251141768230254,-0.13027077108116536,49,0.22448979591836735,0.19046121151491474,-0.592402923312615,-0.4132807887272627
