key,breakout_lookback,atr_period,atr_mult,risk_per_trade,trend_filter,regime_filter,is_return,is_mdd,is_trades,is_win_rate,is_pf,is_avg_r,oos_return,oos_mdd,oos_trades,oos_win_rate,oos_pf,oos_avg_r,rank_score
lb55_atr14_m3.0_r0.005_tfnone_rfadx20,55,14,3.0,0.005,none,adx20,0.0034527567104372103,-0.03517032908996032,19,0.2631578947368421,1.0859320462405058,0.03769452575216808,0.013151615770589542,-0.012148861234751451,5,0.8,5.522019360029084,0.5048206040124923,0.20511786236132828
lb55_atr14_m3.0_r0.0025_tfnone_rfadx20,55,14,3.0,0.0025,none,adx20,0.001880494417774603,-0.01772339551280766,19,0.2631578947368421,1.0945097108901736,0.03769452575216814,0.006566341593641667,-0.006105320489746324,5,0.8,5.525527284021433,0.5048206040124922,0.20496080482348383
lb55_atr20_m3.0_r0.0025_tfnone_rfadx20,55,20,3.0,0.0025,none,adx20,-0.010746330755607603,-0.02342298436793222,22,0.18181818181818182,0.6402719389287889,-0.18542130111366387,0.006115563801499135,-0.005964198423909717,5,0.8,7.23093369546149,0.47127944973317487,0.20178241100352073
lb55_atr14_m3.0_r0.0025_tfma100_rfadx20,55,14,3.0,0.0025,ma100,adx20,-0.0013915089661034052,-0.01772339551280755,18,0.2222222222222222,0.9394823049794092,-0.028126584211100442,0.006566341593641667,-0.006105320489746324,5,0.8,5.525527284021433,0.5048206040124922,0.1961012684168897
lb55_atr20_m3.0_r0.005_tfnone_rfadx20,55,20,3.0,0.005,none,adx20,-0.021683496085394216,-0.046350398091927425,22,0.18181818181818182,0.6369981719798548,-0.18542130111366387,0.012247796720613158,-0.011863816740810496,5,0.8,7.225649807227231,0.47127944973317487,0.19535226565334407
lb55_atr20_m3.0_r0.0025_tfma100_rfadx20,55,20,3.0,0.0025,ma100,adx20,-0.013469565316382992,-0.023422984367931443,21,0.14285714285714285,0.5855025225372118,-0.24375016955859033,0.006115563801499135,-0.005964198423909717,5,0.8,7.23093369546149,0.47127944973317487,0.19487810059012928
lb55_atr14_m3.0_r0.005_tfma100_rfadx20,55,14,3.0,0.005,ma100,adx20,-0.003100992862564156,-0.03517032908996098,18,0.2222222222222222,0.9329368550861197,-0.0281265842111004,0.013151615770589542,-0.012148861234751451,5,0.8,5.522019360029084,0.5048206040124923,0.19480287842457053
lb55_atr20_m3.0_r0.005_tfma100_rfadx20,55,20,3.0,0.005,ma100,adx20,-0.02707144925019922,-0.04635039809192687,21,0.14285714285714285,0.5823379981323812,-0.24375016955859038,0.012247796720613158,-0.011863816740810496,5,0.8,7.225649807227231,0.47127944973317487,0.18724997891485234
lb55_atr10_m3.0_r0.0025_tfnone_rfadx20,55,10,3.0,0.0025,none,adx20,-0.003877613892874443,-0.02087065864137394,21,0.2857142857142857,0.83280874058968,-0.07138870011681621,0.005484327480997475,-0.006501698853593529,5,0.8,4.339453582464022,0.4221908004901106,0.15238245040469006
lb55_atr10_m3.0_r0.005_tfnone_rfadx20,55,10,3.0,0.005,none,adx20,-0.008054920221125306,-0.04134783507929396,21,0.2857142857142857,0.8272935494537702,-0.07138870011681618,0.010977693173426006,-0.01293746721726774,5,0.8,4.336359675276487,0.4221908004901108,0.14886566851486485
lb55_atr10_m2.5_r0.0025_tfnone_rfadx20,55,10,2.5,0.0025,none,adx20,-0.009569863367442255,-0.02519012452344016,24,0.16666666666666666,0.7121723968493343,-0.15080560140683882,0.006833704143077934,-0.006428596506767303,5,0.6,3.6174704047450614,0.5253964884953128,0.1444539685551394
lb55_atr10_m3.0_r0.0025_tfma100_rfadx20,55,10,3.0,0.0025,ma100,adx20,-0.007148927725761811,-0.02087065864137394,20,0.25,0.7256842412998082,-0.13676834949413258,0.005484327480997475,-0.006501698853593529,5,0.8,4.339453582464022,0.4221908004901106,0.14406483261683192
lb55_atr10_m3.0_r0.005_tfma100_rfadx20,55,10,3.0,0.005,ma100,adx20,-0.014568955484291934,-0.04134783507929396,20,0.25,0.7210242641361696,-0.13676834949413258,0.010977693173426006,-0.01293746721726774,5,0.8,4.336359675276487,0.4221908004901108,0.13909780583008985
lb55_atr10_m2.5_r0.005_tfnone_rfadx20,55,10,2.5,0.005,none,adx20,-0.019515281995901135,-0.049793546074246464,24,0.16666666666666666,0.7069687403464997,-0.15080560140683882,0.013675272983802778,-0.012781631792928905,5,0.6,3.6184298051577635,0.525396488495313,0.13860919475798456
lb55_atr10_m2.5_r0.0025_tfma100_rfadx20,55,10,2.5,0.0025,ma100,adx20,-0.013719434929648777,-0.025190124523439827,23,0.08695652173913043,0.6226872377829543,-0.22537445135396467,0.006833704143077934,-0.006428596506767303,5,0.6,3.6174704047450614,0.5253964884953128,0.135122292811576
lb55_atr10_m2.5_r0.005_tfma100_rfadx20,55,10,2.5,0.005,ma100,adx20,-0.027723580662718406,-0.04979354607424635,23,0.08695652173913043,0.6178358482775222,-0.2253744513539646,0.013675272983802778,-0.012781631792928905,5,0.6,3.6184298051577635,0.525396488495313,0.12745479062081902
lb55_atr14_m2.5_r0.0025_tfnone_rfadx20,55,14,2.5,0.0025,none,adx20,-0.0017262105418889284,-0.02063547189553916,22,0.22727272727272727,0.9379876057289779,-0.029831566965011987,0.002740585002363183,-0.0058261554351694,7,0.5714285714285714,1.9350597085483514,0.1491687093274072,0.06553894786204245
lb55_atr14_m2.5_r0.005_tfnone_rfadx20,55,14,2.5,0.005,none,adx20,-0.0039138638625009214,-0.040900631042531055,22,0.22727272727272727,0.9301276859107924,-0.029831566965011932,0.005473989170238891,-0.011620484741502457,7,0.5714285714285714,1.9330078993485813,0.14916870932740717,0.06159168882238677
lb55_atr14_m2.5_r0.0025_tfma100_rfadx20,55,14,2.5,0.0025,ma100,adx20,-0.005946280602116549,-0.020635471895538937,21,0.14285714285714285,0.8084516323335611,-0.10597459964515729,0.002740585002363183,-0.0058261554351694,7,0.5714285714285714,1.9350597085483514,0.1491687093274072,0.05561727325477546
lb55_atr14_m2.5_r0.005_tfma100_rfadx20,55,14,2.5,0.005,ma100,adx20,-0.012328245974527308,-0.04090063104253039,21,0.14285714285714285,0.8017650459631098,-0.10597459964515736,0.005473989170238891,-0.011620484741502457,7,0.5714285714285714,1.9330078993485813,0.14916870932740717,0.049794893793011594
lb55_atr14_m3.0_r0.0025_tfnone_rfnone,55,14,3.0,0.0025,none,none,0.0012970718236737788,-0.01526715001448764,20,0.25,1.062018320063028,0.02573669647379574,0.0007516682511095052,-0.007124057274387696,7,0.5714285714285714,1.103523966198044,0.04476098496831136,0.03909389395121288
lb55_atr14_m3.0_r0.005_tfnone_rfnone,55,14,3.0,0.005,none,none,0.002280609045053117,-0.03033352041345272,20,0.25,1.054181375164471,0.02573669647379574,0.0014631098673931753,-0.014183225975884395,7,0.5714285714285714,1.1003676733740175,0.04476098496831133,0.03578484811902284
lb55_atr14_m3.0_r0.0025_tfma100_rfnone,55,14,3.0,0.0025,ma100,none,-0.0019730261825541273,-0.015267150014488085,19,0.21052631578947367,0.917814779531807,-0.037249503979741395,0.0007516682511095052,-0.007124057274387696,7,0.5714285714285714,1.103523966198044,0.04476098496831136,0.030706000847660793
lb55_atr14_m3.0_r0.005_tfma100_rfnone,55,14,3.0,0.005,ma100,none,-0.004265484998367541,-0.030333520413453052,19,0.21052631578947367,0.9113931462164713,-0.03724950397974144,0.0014631098673931753,-0.014183225975884395,7,0.5714285714285714,1.1003676733740175,0.04476098496831133,0.025992036691376983
lb55_atr10_m2.5_r0.0025_tfnone_rfnone,55,10,2.5,0.0025,none,none,-0.01023440676917009,-0.022761774713898175,25,0.16,0.7025183587577023,-0.1537715780879167,0.0008520017941280322,-0.007311645434336711,7,0.42857142857142855,1.099245835351952,0.05325481391181907,0.01478607240206742
lb55_atr10_m3.0_r0.0025_tfnone_rfnone,55,10,3.0,0.0025,none,none,-0.0049539144931277646,-0.018941514000720083,22,0.2727272727272727,0.7991935107684748,-0.08587126651719325,-0.0003398665874693174,-0.007169963830856885,7,0.5714285714285714,0.9544535349283098,-0.015197342448093945,0.010087881124962129
lb30_atr14_m3.0_r0.0025_tfma100_rfadx20,30,14,3.0,0.0025,ma100,adx20,-0.01789790358762966,-0.03160291833304674,26,0.23076923076923078,0.5543296226688544,-0.261357225405815,0.0016871310434667386,-0.0061959563965050535,7,0.5714285714285714,1.2578492695651429,0.09306896001007203,0.009441978802926661
lb10_atr20_m3.0_r0.0025_tfma100_rfadx20,10,20,3.0,0.0025,ma100,adx20,-0.036446508016077406,-0.044982036600562214,41,0.1951219512195122,0.44635547175278584,-0.34427136340924885,0.004102705610491197,-0.007978323977037127,9,0.4444444444444444,1.4720993884326854,0.17282377381531966,0.008836499594948746
lb55_atr10_m2.5_r0.0025_tfma100_rfnone,55,10,2.5,0.0025,ma100,none,-0.014381194116417695,-0.022761774713897398,24,0.08333333333333333,0.6166135988379854,-0.22535697498229057,0.0008520017941280322,-0.007311645434336711,7,0.42857142857142855,1.099245835351952,0.05325481391181907,0.005754295888391363
lb55_atr10_m2.5_r0.005_tfnone_rfnone,55,10,2.5,0.005,none,none,-0.020835827790418038,-0.045049084685135354,25,0.16,0.6969416008320856,-0.15377157808791667,0.0016484738942730282,-0.014539721124920413,7,0.42857142857142855,1.0957391457857633,0.0532548139118191,0.005327033117300972
lb30_atr20_m3.0_r0.0025_tfma100_rfadx20,30,20,3.0,0.0025,ma100,adx20,-0.022902757337861734,-0.030933250462534367,27,0.14814814814814814,0.4803771808479403,-0.32115584060461133,0.0019651241524618612,-0.006603399129275878,7,0.5714285714285714,1.330381591252828,0.10690857766110654,0.00498494788880955
lb55_atr20_m3.0_r0.0025_tfnone_rfnone,55,20,3.0,0.0025,none,none,-0.013879376221861639,-0.023472009122279647,24,0.16666666666666666,0.5839836088591028,-0.2193871203898021,0.0007121957541300628,-0.007845612837153237,7,0.5714285714285714,1.1115784864498375,0.04128310772424169,0.004139788100028808
lb10_atr10_m3.0_r0.0025_tfma100_rfadx20,10,10,3.0,0.0025,ma100,adx20,-0.03208771178121028,-0.0423846951740533,40,0.225,0.48695982327100634,-0.31212649322001906,0.0032451834990370187,-0.009264831057781753,9,0.4444444444444444,1.2730302985871633,0.1382411834387635,0.004092960342377661
lb55_atr10_m3.0_r0.005_tfnone_rfnone,55,10,3.0,0.005,none,none,-0.01020195095609333,-0.03756202546829257,22,0.2727272727272727,0.7937912372336952,-0.08587126651719322,-0.0007173535926194852,-0.014267331086374901,7,0.5714285714285714,0.9520719139996658,-0.015197342448093929,0.0029632942916764625
lb55_atr10_m3.0_r0.0025_tfma100_rfnone,55,10,3.0,0.0025,ma100,none,-0.008221693703069688,-0.01894151400071975,21,0.23809523809523808,0.7013930888558795,-0.1488272452765601,-0.0003398665874693174,-0.007169963830856885,7,0.5714285714285714,0.9544535349283098,-0.015197342448093945,0.002081827908961459
lb10_atr14_m3.0_r0.0025_tfma100_rfadx20,10,14,3.0,0.0025,ma100,adx20,-0.030688518070229875,-0.04237042391398904,39,0.23076923076923078,0.48263704198775087,-0.3054970167456314,0.002608388633407177,-0.008119164239182464,9,0.4444444444444444,1.2439609704050218,0.11413632835770574,0.0007230308232783408
lb55_atr20_m3.0_r0.0025_tfma100_rfnone,55,20,3.0,0.0025,ma100,none,-0.016593986081048118,-0.023472009122279536,23,0.13043478260869565,0.5387434972965011,-0.2741206880689148,0.0007121957541300628,-0.007845612837153237,7,0.5714285714285714,1.1115784864498375,0.04128310772424169,-0.0023459946799347714
lb30_atr14_m3.0_r0.005_tfma100_rfadx20,30,14,3.0,0.005,ma100,adx20,-0.03583767078171152,-0.062285190093887444,26,0.23076923076923078,0.5527287567792165,-0.2613572254058151,0.0033391883236433273,-0.01233645838820796,7,0.5714285714285714,1.2541235981232262,0.09306896001007212,-0.003703793179632077
lb10_atr10_m2.5_r0.0025_tfma100_rfadx20,10,10,2.5,0.0025,ma100,adx20,-0.054891734331778075,-0.06026281899596164,49,0.14285714285714285,0.3400668878685952,-0.43421142645051886,0.005395852171682369,-0.00928708639980902,10,0.5,1.4681011423747894,0.2092446705534595,-0.0043775651288143844
lb55_atr10_m2.5_r0.005_tfma100_rfnone,55,10,2.5,0.005,ma100,none,-0.029033071278010913,-0.04504908468513513,24,0.08333333333333333,0.6112311369814426,-0.22535697498229057,0.0016484738942730282,-0.014539721124920413,7,0.42857142857142855,1.0957391457857633,0.0532548139118191,-0.00552540855080526
lb55_atr10_m3.0_r0.005_tfma100_rfnone,55,10,3.0,0.005,ma100,none,-0.016701886815770672,-0.03756202546829235,21,0.23809523809523808,0.6965441299345837,-0.14882724527656016,-0.0007173535926194852,-0.014267331086374901,7,0.5714285714285714,0.9520719139996658,-0.015197342448093929,-0.006491419613263584
lb20_atr10_m2.5_r0.0025_tfma100_rfadx20,20,10,2.5,0.0025,ma100,adx20,-0.04388206979160325,-0.049889623582725307,39,0.15384615384615385,0.37816753810608866,-0.43548394632829074,0.0035559041232018362,-0.008532895248516748,8,0.375,1.3691340712324533,0.16993899944238947,-0.006815168559846714
lb55_atr20_m3.0_r0.005_tfnone_rfnone,55,20,3.0,0.005,none,none,-0.02788222237932725,-0.046448322559225264,24,0.16666666666666666,0.5808551244456868,-0.2193871203898021,0.0013896560657638002,-0.0156080737302835,7,0.5714285714285714,1.1084173515992737,0.041283107724241694,-0.007118304428745276
lb30_atr20_m3.0_r0.005_tfma100_rfadx20,30,20,3.0,0.005,ma100,adx20,-0.04563367322694489,-0.06099810224836566,27,0.14814814814814814,0.47871977909714075,-0.3211558406046114,0.0038990772176037414,-0.0131412478483518,7,0.5714285714285714,1.3262891267132664,0.1069085776611065,-0.010186415769330819
lb30_atr10_m3.0_r0.0025_tfma100_rfadx20,30,10,3.0,0.0025,ma100,adx20,-0.01938918609787843,-0.034474631112007326,27,0.25925925925925924,0.5457368693318477,-0.2769309085119432,0.0002507519347514364,-0.006501698853593529,7,0.5714285714285714,1.0366731830466056,0.013975098731872573,-0.011119246991019875
lb10_atr20_m3.0_r0.005_tfma100_rfadx20,10,20,3.0,0.005,ma100,adx20,-0.07195470444406415,-0.0880684710248083,41,0.1951219512195122,0.4461467236272449,-0.34427136340924885,0.008147874913045694,-0.015865982708439086,9,0.4444444444444444,1.4653416535709574,0.1728237738153197,-0.013134205455921142
lb30_atr10_m2.5_r0.0025_tfma100_rfadx20,30,10,2.5,0.0025,ma100,adx20,-0.0294106793550597,-0.03864348080784774,31,0.12903225806451613,0.4474747551803795,-0.36138489853000155,0.0011219387930490043,-0.006428596506767303,7,0.42857142857142855,1.1433349778900683,0.06504342397381492,-0.013757367005837986
lb20_atr10_m3.0_r0.0025_tfma100_rfadx20,20,10,3.0,0.0025,ma100,adx20,-0.032959864037815145,-0.04485233012430634,35,0.2,0.44380376932233,-0.36775509260348244,0.001677491700901923,-0.009231543592036817,8,0.5,1.1901048175022444,0.0785920446884267,-0.014129225754610359
lb20_atr14_m3.0_r0.0025_tfma100_rfadx20,20,14,3.0,0.0025,ma100,adx20,-0.0324962046934234,-0.04308002425040891,33,0.21212121212121213,0.410485057232331,-0.38134902471981813,0.0016583625392425638,-0.008213292162876584,8,0.5,1.1941238411130526,0.07982442598356829,-0.014678914510872512
lb55_atr20_m3.0_r0.005_tfma100_rfnone,55,20,3.0,0.005,ma100,none,-0.03323603685096033,-0.046448322559225264,23,0.13043478260869565,0.5355961178097426,-0.2741206880689148,0.0013896560657638002,-0.0156080737302835,7,0.5714285714285714,1.1084173515992737,0.041283107724241694,-0.014791927682579932
lb10_atr10_m3.0_r0.005_tfma100_rfadx20,10,10,3.0,0.005,ma100,adx20,-0.06355804476409588,-0.08310834098848408,40,0.225,0.4867802066966795,-0.31212649322001906,0.0069595734387748465,-0.01808735092860181,9,0.4444444444444444,1.2978716818249956,0.13824118343876352,-0.015538419614391267
lb55_atr14_m2.5_r0.0025_tfnone_rfnone,55,14,2.5,0.0025,none,none,-0.004837912208294104,-0.02056310138306261,24,0.20833333333333334,0.8463080133985108,-0.07559673607385231,-0.003201300115298289,-0.007136456890858844,9,0.4444444444444444,0.6388867844589848,-0.13372228914278883,-0.015672148496929165
lb20_atr20_m3.0_r0.0025_tfma100_rfadx20,20,20,3.0,0.0025,ma100,adx20,-0.038229517930705614,-0.04321070698464202,35,0.17142857142857143,0.3829262513905889,-0.4234546231405707,0.0019009522422233083,-0.007978586131872079,8,0.5,1.2514826055084198,0.09062542704699583,-0.01818270189037906
lb10_atr14_m3.0_r0.005_tfma100_rfadx20,10,14,3.0,0.005,ma100,adx20,-0.06088185285818759,-0.08307168559111289,39,0.23076923076923078,0.4823646411604022,-0.30549701674563146,0.005139602063392257,-0.01614754765678872,9,0.4444444444444444,1.2389166632974677,0.11413632835770571,-0.01935858296547026
lb30_atr14_m3.0_r0.0025_tfnone_rfadx20,30,14,3.0,0.0025,none,adx20,-0.015855050047105523,-0.03508034748034394,30,0.3,0.6327163047173023,-0.20221464638788306,-0.0015335526717282777,-0.010388291458161336,9,0.4444444444444444,0.8427786041511861,-0.0700785625049391,-0.02159427490253071
lb55_atr14_m2.5_r0.005_tfnone_rfnone,55,14,2.5,0.005,none,none,-0.010127946159169787,-0.04076261338850973,24,0.20833333333333334,0.8395693536712807,-0.07559673607385231,-0.006424515929750352,-0.014246172594395867,9,0.4444444444444444,0.6377425372039299,-0.13372228914278883,-0.024594958985063566
lb55_atr14_m2.5_r0.0025_tfma100_rfnone,55,14,2.5,0.0025,ma100,none,-0.009044827962379931,-0.02056310138306172,23,0.13043478260869565,0.7391111044428696,-0.14710842543871724,-0.003201300115298289,-0.007136456890858844,9,0.4444444444444444,0.6388867844589848,-0.13372228914278883,-0.02494810094972758
lb30_atr10_m3.0_r0.005_tfma100_rfadx20,30,10,3.0,0.005,ma100,adx20,-0.03877850634849089,-0.06784122744195431,27,0.25925925925925924,0.544614798828213,-0.2769309085119431,0.0004672408156785046,-0.01293746721726774,7,0.5714285714285714,1.0340646356213874,0.013975098731872701,-0.02613264389511335
lb55_atr20_m2.5_r0.0025_tfnone_rfadx20,55,20,2.5,0.0025,none,adx20,-0.009023208266023874,-0.02430786275585506,24,0.16666666666666666,0.7216484242606093,-0.13828317953756672,-0.0034361092730839093,-0.008828670123977922,8,0.375,0.49290893578290124,-0.15653907538436862,-0.03199720409495488
lb10_atr10_m2.5_r0.005_tfma100_rfadx20,10,10,2.5,0.005,ma100,adx20,-0.10745324819734614,-0.11666577276637824,49,0.14285714285714285,0.3377664601139646,-0.43421142645051874,0.012263882451634789,-0.016928489498049815,10,0.5,1.5655699988271934,0.20924467055345936,-0.03225951983834888
lb20_atr10_m2.5_r0.005_tfma100_rfadx20,20,10,2.5,0.005,ma100,adx20,-0.08634480628802166,-0.09741593227913747,39,0.15384615384615385,0.3777797043794534,-0.43548394632829074,0.007011065919251713,-0.016933511822519343,8,0.375,1.361812478123376,0.1699389994423895,-0.03300774784190264
lb30_atr10_m2.5_r0.005_tfma100_rfadx20,30,10,2.5,0.005,ma100,adx20,-0.058426479529989916,-0.07588143865816643,31,0.12903225806451613,0.4458310608398176,-0.36138489853000155,0.0021953489793065106,-0.012781631792928905,7,0.42857142857142855,1.1398494259857836,0.06504342397381498,-0.03317443180827103
lb10_atr14_m3.0_r0.0025_tfnone_rfadx20,10,14,3.0,0.0025,none,adx20,-0.039702849525977135,-0.055284257722544417,57,0.2807017543859649,0.5100542278123039,-0.27697090368528837,-0.0009293386356560296,-0.013512374855522924,17,0.35294117647058826,0.9494086367699002,-0.02311970890307408,-0.03375330104006273
lb10_atr10_m3.0_r0.0025_tfnone_rfadx20,10,10,3.0,0.0025,none,adx20,-0.04035905507627613,-0.05919564013814271,59,0.2711864406779661,0.5408744180304647,-0.2756964422718963,-0.0010506313880674911,-0.013588333316759793,18,0.3333333333333333,0.9489622469356567,-0.02809954704511299,-0.03506544821851551
lb30_atr10_m3.0_r0.0025_tfnone_rfadx20,30,10,3.0,0.0025,none,adx20,-0.0153530146730263,-0.03648921256579629,31,0.2903225806451613,0.6593398797010671,-0.19272392477275294,-0.0031390857041020404,-0.009964717266297107,9,0.4444444444444444,0.6928466925061152,-0.13803528634552137,-0.03519516819659933
lb30_atr20_m3.0_r0.0025_tfnone_rfadx20,30,20,3.0,0.0025,none,adx20,-0.020968833888778127,-0.03407688196020686,31,0.22580645161290322,0.558714299283803,-0.25703558657408276,-0.0021900094887258303,-0.010850628788549588,9,0.4444444444444444,0.7830525580837467,-0.09822079035014324,-0.035547874660218734
lb55_atr14_m2.5_r0.005_tfma100_rfnone,55,14,2.5,0.005,ma100,none,-0.018489835157375456,-0.040762613388509505,23,0.13043478260869565,0.7329802513058419,-0.14710842543871722,-0.006424515929750352,-0.014246172594395867,9,0.4444444444444444,0.6377425372039299,-0.13372228914278883,-0.035734267428518866
lb20_atr14_m3.0_r0.005_tfma100_rfadx20,20,14,3.0,0.005,ma100,adx20,-0.06432416931090468,-0.08440732871735412,33,0.21212121212121213,0.41080492946407177,-0.3813490247198181,0.0032572455782231557,-0.016334303797628236,8,0.5,1.1896232366325243,0.07982442598356826,-0.03610380169664454
lb20_atr10_m3.0_r0.005_tfma100_rfadx20,20,10,3.0,0.005,ma100,adx20,-0.06524750261865908,-0.0878099344415838,35,0.2,0.4441801183950644,-0.3677550926034824,0.003282157358184934,-0.018333623619585238,8,0.5,1.1849944298001522,0.07859204468842675,-0.03625240331099298
lb30_atr14_m3.0_r0.005_tfnone_rfadx20,30,14,3.0,0.005,none,adx20,-0.03205830285120104,-0.06903291938042211,30,0.3,0.6291950981558602,-0.20221464638788303,-0.003107820788727178,-0.020652154444240844,9,0.4444444444444444,0.8410180673157398,-0.0700785625049391,-0.03724485370830103
lb30_atr10_m2.5_r0.0025_tfnone_rfadx20,30,10,2.5,0.0025,none,adx20,-0.025325282487238532,-0.0412307846356873,35,0.22857142857142856,0.5530706434667926,-0.27653105177758147,-0.0021483421597149333,-0.01016824455799048,9,0.3333333333333333,0.8062270428343867,-0.09285232258287013,-0.03875031909975721
lb30_atr14_m2.5_r0.0025_tfma100_rfadx20,30,14,2.5,0.0025,ma100,adx20,-0.0215380686612221,-0.03433558371913703,29,0.1724137931034483,0.5542025877470833,-0.2801685886135218,-0.0023938735366560993,-0.006332217866706902,9,0.4444444444444444,0.7015430714932757,-0.10158980926863612,-0.03898599815310705
lb55_atr20_m2.5_r0.0025_tfma100_rfadx20,55,20,2.5,0.0025,ma100,adx20,-0.012779484069397329,-0.02430786275585428,23,0.13043478260869565,0.6395902249719726,-0.20597256924459623,-0.0034361092730839093,-0.008828670123977922,8,0.375,0.49290893578290124,-0.15653907538436862,-0.04047196089836859
lb20_atr20_m3.0_r0.005_tfma100_rfadx20,20,20,3.0,0.005,ma100,adx20,-0.07538973053664122,-0.08468185758653757,35,0.17142857142857143,0.3828905238746452,-0.4234546231405707,0.0037519006827833046,-0.01586925714356968,8,0.5,1.2467866979609248,0.0906254270469958,-0.04183625680414242
lb55_atr20_m2.5_r0.005_tfnone_rfadx20,55,20,2.5,0.005,none,adx20,-0.01840026551995355,-0.048093739861735596,24,0.16666666666666666,0.716871204479347,-0.13828317953756675,-0.006877558301429443,-0.01759061267401918,8,0.375,0.49127534110569354,-0.15653907538436868,-0.04379982058655609
lb20_atr10_m2.5_r0.0025_tfnone_rfadx20,20,10,2.5,0.0025,none,adx20,-0.0443355195097499,-0.05811137223723717,46,0.21739130434782608,0.4449006727498711,-0.3768111641768578,-0.0005482667590561707,-0.01302303979531394,13,0.3076923076923077,0.9659698807153233,-0.01796359992679598,-0.04415630507262012
lb10_atr10_m2.5_r0.0025_tfnone_rfadx20,10,10,2.5,0.0025,none,adx20,-0.07527595212676241,-0.08403978815025537,72,0.18055555555555555,0.35473171835748957,-0.41569180046091825,0.0032832642005913293,-0.01192185502831955,19,0.42105263157894735,1.1616068467734322,0.06245598562870849,-0.046781554115946325
lb20_atr10_m3.0_r0.0025_tfnone_rfadx20,20,10,3.0,0.0025,none,adx20,-0.03105933141708761,-0.05136563556769447,42,0.21428571428571427,0.5325283929542759,-0.2937558156887752,-0.003227213799382178,-0.014082833091814462,13,0.3076923076923077,0.7921850166067974,-0.09922958197938775,-0.0473936773052645
lb20_atr14_m2.5_r0.0025_tfma100_rfadx20,20,14,2.5,0.0025,ma100,adx20,-0.036708047886637396,-0.04629431237064674,37,0.1891891891891892,0.44901972356348135,-0.38275464667788595,-0.0018752015959464519,-0.00765011517063463,10,0.4,0.8085483817221231,-0.07189082958456747,-0.050712106953822195
lb30_atr10_m3.0_r0.005_tfnone_rfadx20,30,10,3.0,0.005,none,adx20,-0.030887756057248472,-0.07174670987268394,31,0.2903225806451613,0.658119768753397,-0.19272392477275294,-0.006307688547360857,-0.01981775775519712,9,0.4444444444444444,0.6917319387884321,-0.1380352863455213,-0.05146092239581529
lb30_atr20_m3.0_r0.005_tfnone_rfadx20,30,20,3.0,0.005,none,adx20,-0.042004504913076945,-0.06710179651587522,31,0.22580645161290322,0.5564185494809623,-0.2570355865740827,-0.0044188821435967585,-0.02156527039349554,9,0.4444444444444444,0.7816063935078006,-0.0982207903501432,-0.053701407018572504
lb55_atr20_m2.5_r0.005_tfma100_rfadx20,55,20,2.5,0.005,ma100,adx20,-0.025837212766753548,-0.04809373986173582,23,0.13043478260869565,0.6352005026286183,-0.20597256924459623,-0.006877558301429443,-0.01759061267401918,8,0.375,0.49127534110569354,-0.15653907538436868,-0.05392681081641386
lb30_atr14_m2.5_r0.005_tfma100_rfadx20,30,14,2.5,0.005,ma100,adx20,-0.04236716419884967,-0.06759017036793835,29,0.1724137931034483,0.5560071394084962,-0.28016858861352173,-0.004809614691149489,-0.012643984232912131,9,0.4444444444444444,0.700334418687343,-0.1015898092686361,-0.05598907110332721
lb20_atr14_m3.0_r0.0025_tfnone_rfadx20,20,14,3.0,0.0025,none,adx20,-0.03366908780382094,-0.05060642333015286,40,0.25,0.4599585779871668,-0.3293954320584167,-0.0039471125063635926,-0.013763523508473763,13,0.3076923076923077,0.7513360123824473,-0.1201027079726853,-0.05684358980899383
lb30_atr14_m2.5_r0.0025_tfnone_rfadx20,30,14,2.5,0.0025,none,adx20,-0.020712722871321088,-0.04054152905408992,34,0.23529411764705882,0.6129952358268813,-0.23315484803674044,-0.005562888216564477,-0.011403230891366523,11,0.36363636363636365,0.5022475679118467,-0.19825634401618028,-0.05740839546591366
lb10_atr20_m3.0_r0.0025_tfnone_rfadx20,10,20,3.0,0.0025,none,adx20,-0.0481291096010622,-0.05891267335887118,59,0.22033898305084745,0.4590137694216188,-0.3215701866224708,-0.003740578109431958,-0.01653878653411167,17,0.35294117647058826,0.8099495622097547,-0.08716746215007565,-0.05795171893661284
lb30_atr10_m2.5_r0.005_tfnone_rfadx20,30,10,2.5,0.005,none,adx20,-0.05106764368193728,-0.08087825880653354,35,0.22857142857142856,0.5468947024374083,-0.2765310517775814,-0.004346471432048804,-0.020212907122397206,9,0.3333333333333333,0.8041836704955382,-0.0928523225828701,-0.059810304529235574
lb10_atr14_m2.5_r0.0025_tfma100_rfadx20,10,14,2.5,0.0025,ma100,adx20,-0.044624269552809404,-0.056655388063082124,47,0.1702127659574468,0.4307578211355105,-0.3676646108118346,-0.0032673389588273594,-0.010477393701593507,12,0.3333333333333333,0.7818514522796675,-0.10225085422175505,-0.06155119123305944
lb10_atr14_m3.0_r0.005_tfnone_rfadx20,10,14,3.0,0.005,none,adx20,-0.0812878971565153,-0.1076819430041871,57,0.2807017543859649,0.4916536676706982,-0.27697090368528837,-0.0019820314890045543,-0.02686177937091483,17,0.35294117647058826,0.946299047099527,-0.02311970890307411,-0.0641059175366376
lb10_atr10_m3.0_r0.005_tfnone_rfadx20,10,10,3.0,0.005,none,adx20,-0.08767929802574104,-0.11507276587069837,59,0.2711864406779661,0.4925628314562013,-0.2756964422718963,-0.0022578103329008448,-0.02699512986680974,18,0.3333333333333333,0.9454053588994861,-0.02809954704511301,-0.06890870164673894
lb20_atr20_m3.0_r0.0025_tfnone_rfadx20,20,20,3.0,0.0025,none,adx20,-0.039027136096961845,-0.05021289388239758,42,0.21428571428571427,0.43783433702585517,-0.3638217576755329,-0.004918349239374176,-0.014730643889904749,13,0.3076923076923077,0.6899828936187047,-0.14867687007281807,-0.06906954409930535
lb55_atr20_m2.0_r0.0025_tfnone_rfadx20,55,20,2.0,0.0025,none,adx20,-0.035052367719862976,-0.039200161721898996,29,0.20689655172413793,0.22802409816225044,-0.4579261111247343,-0.003066186336724064,-0.007725605344287012,9,0.2222222222222222,0.6123225172884377,-0.12269914786895104,-0.07062925212400768
lb20_atr14_m2.5_r0.0025_tfnone_rfadx20,20,14,2.5,0.0025,none,adx20,-0.03828933576725968,-0.05614835364964532,45,0.2222222222222222,0.4943319431069572,-0.33337238990107765,-0.006635126334481489,-0.012893165976724408,15,0.3333333333333333,0.6032704022496189,-0.17224543526979047,-0.07229822234532499
lb55_atr20_m2.5_r0.0025_tfnone_rfnone,55,20,2.5,0.0025,none,none,-0.011711589726589255,-0.02379094129699444,26,0.19230769230769232,0.6706471133462795,-0.16611966456675417,-0.008918438242911497,-0.010338975209258638,10,0.3,0.2722535699303415,-0.33536075472356436,-0.07287507573494557
lb20_atr10_m3.0_r0.005_tfnone_rfadx20,20,10,3.0,0.005,none,adx20,-0.06534500260358789,-0.10023607925235167,42,0.21428571428571427,0.5041591380528639,-0.2937558156887752,-0.0065395302740771655,-0.027943702336913567,13,0.3076923076923077,0.789932269966124,-0.09922958197938773,-0.0754314972558076
lb20_atr14_m2.5_r0.005_tfma100_rfadx20,20,14,2.5,0.005,ma100,adx20,-0.0719090456630711,-0.09060825576236797,37,0.1891891891891892,0.4506715823550057,-0.38275464667788595,-0.003788020171931583,-0.015243857216178158,10,0.4,0.8070004702100445,-0.07189082958456754,-0.07579577093386601
lb20_atr10_m2.5_r0.005_tfnone_rfadx20,20,10,2.5,0.005,none,adx20,-0.08951977068501893,-0.11301000722235044,46,0.21739130434782608,0.43067520784745145,-0.3768111641768577,-0.0012361645836574953,-0.025815250205269313,13,0.3076923076923077,0.9617673215628949,-0.017963599926796026,-0.07611066279447393
lb30_atr14_m2.5_r0.005_tfnone_rfadx20,30,14,2.5,0.005,none,adx20,-0.042009340791785754,-0.07956257819798485,34,0.23529411764705882,0.6041313136059486,-0.23315484803674047,-0.011127737836691742,-0.02269330708448214,11,0.36363636363636365,0.501287133385342,-0.1982563440161803,-0.07856270716813474
lb55_atr20_m2.0_r0.0025_tfma100_rfadx20,55,20,2.0,0.0025,ma100,adx20,-0.039739722757432205,-0.039739722757432205,28,0.14285714285714285,0.18142425843984064,-0.5383098784396863,-0.003066186336724064,-0.007725605344287012,9,0.2222222222222222,0.6123225172884377,-0.12269914786895104,-0.08033697839303208
lb55_atr20_m2.5_r0.0025_tfma100_rfnone,55,20,2.5,0.0025,ma100,none,-0.015457675278976346,-0.023790941296994328,25,0.16,0.5994289935814372,-0.2295073624983889,-0.008918438242911497,-0.010338975209258638,10,0.3,0.2722535699303415,-0.33536075472356436,-0.08085502806006861
lb55_atr10_m2.0_r0.0025_tfnone_rfadx20,55,10,2.0,0.0025,none,adx20,-0.037250102290489195,-0.040959256349700546,30,0.16666666666666666,0.20471647707489732,-0.4741016786660669,-0.003499520704425718,-0.007999249620332827,9,0.2222222222222222,0.3828000445091002,-0.1457169586984174,-0.0820501620029587
lb55_atr14_m2.0_r0.0025_tfnone_rfadx20,55,14,2.0,0.0025,none,adx20,-0.032568632503890194,-0.037876417917289684,29,0.20689655172413793,0.24750021837894193,-0.4272673096541696,-0.0049273700953539334,-0.009801529227429273,10,0.2,0.38111302038709677,-0.18277778874706677,-0.08227385836235832
lb20_atr14_m3.0_r0.005_tfnone_rfadx20,20,14,3.0,0.005,none,adx20,-0.06801688472810308,-0.09878587960954188,40,0.25,0.4497738266592935,-0.3293954320584167,-0.007964538021974277,-0.027336949057726545,13,0.3076923076923077,0.7495445198280388,-0.1201027079726853,-0.08492577097418048
lb55_atr10_m2.0_r0.0025_tfma100_rfadx20,55,10,2.0,0.0025,ma100,adx20,-0.03782483721328078,-0.03782483721328078,28,0.14285714285714285,0.17614200805139063,-0.5157557791894407,-0.003499520704425718,-0.007999249620332827,9,0.2222222222222222,0.3828000445091002,-0.1457169586984174,-0.08581473975965817
lb30_atr20_m2.5_r0.0025_tfma100_rfadx20,30,20,2.5,0.0025,ma100,adx20,-0.027976707177317928,-0.0382735410955487,31,0.1935483870967742,0.46765221358776116,-0.34018289794806295,-0.007480427313957705,-0.008903025410045728,10,0.3,0.3601421359042004,-0.2823901975261785,-0.08809812638811464
lb55_atr20_m2.5_r0.005_tfnone_rfnone,55,20,2.5,0.005,none,none,-0.02373248655047544,-0.047087994014124,26,0.19230769230769232,0.6661025523591338,-0.16611966456675414,-0.017789493347026952,-0.02060110721712316,10,0.3,0.2714273887708928,-0.3353607547235644,-0.08915712973837504
lb10_atr14_m2.5_r0.0025_tfnone_rfadx20,10,14,2.5,0.0025,none,adx20,-0.05758280904953961,-0.07245367779745926,68,0.22058823529411764,0.44510692074378705,-0.33637344962173843,-0.010348416028082341,-0.018866308683941013,22,0.22727272727272727,0.6139421426281692,-0.1831659608663599,-0.0892042990708336
lb10_atr14_m2.5_r0.005_tfma100_rfadx20,10,14,2.5,0.005,ma100,adx20,-0.08797879774009898,-0.10991457939995808,47,0.1702127659574468,0.4280775383334665,-0.3676646108118346,-0.006448550331638381,-0.020740357442820212,12,0.3333333333333333,0.7841176867170273,-0.10225085422175506,-0.09291900393016032
lb10_atr20_m3.0_r0.005_tfnone_rfadx20,10,20,3.0,0.005,none,adx20,-0.09467847362826132,-0.11453645136460755,59,0.22033898305084745,0.4587194165358984,-0.32157018662247083,-0.0075805130310582225,-0.03281772570436925,17,0.35294117647058826,0.8081331145533075,-0.08716746215007562,-0.09306926149541772
lb10_atr10_m2.5_r0.005_tfnone_rfadx20,10,10,2.5,0.005,none,adx20,-0.15078790082407145,-0.1608764034980532,72,0.18055555555555555,0.32923183756936164,-0.41569180046091825,0.0063777619740792435,-0.023645709196801867,19,0.42105263157894735,1.1559527127091518,0.06245598562870854,-0.09324328984934295
lb55_atr14_m2.0_r0.0025_tfma100_rfadx20,55,14,2.0,0.0025,ma100,adx20,-0.03805131679805196,-0.039339012337671786,28,0.14285714285714285,0.18285876457269523,-0.5166784968798156,-0.0049273700953539334,-0.009801529227429273,10,0.2,0.38111302038709677,-0.18277778874706677,-0.09344804366079423
lb55_atr20_m2.0_r0.005_tfnone_rfadx20,55,20,2.0,0.005,none,adx20,-0.0680855033830553,-0.07606281759721345,29,0.20689655172413793,0.23168909263915105,-0.45792611112473425,-0.00615207733403933,-0.015403079087252691,9,0.2222222222222222,0.6103087980347573,-0.1226991478689511,-0.09434910330012204
lb30_atr14_m3.0_r0.0025_tfma100_rfnone,30,14,3.0,0.0025,ma100,none,-0.01981317920176273,-0.027666974265328825,29,0.20689655172413793,0.5645917460866883,-0.2596348443134841,-0.011547402135628437,-0.017834982709871716,11,0.36363636363636365,0.4150904117261488,-0.383951566982932,-0.09486517586668772
lb10_atr20_m2.5_r0.0025_tfma100_rfadx20,10,20,2.5,0.0025,ma100,adx20,-0.04800987851682048,-0.057591512033455805,49,0.16326530612244897,0.41807665545732053,-0.37915247261934154,-0.00896644880466868,-0.013802112205739125,15,0.3333333333333333,0.43479742971575114,-0.22959716168955915,-0.09580437840029972
lb55_atr20_m2.0_r0.0025_tfnone_rfnone,55,20,2.0,0.0025,none,none,-0.03280037572593386,-0.03695784983761796,33,0.24242424242424243,0.3360067464713089,-0.37473977035365064,-0.008745998146226674,-0.010732898737870977,11,0.18181818181818182,0.35609675397216106,-0.2959408035648869,-0.09794327365104054
lb55_atr20_m2.5_r0.005_tfma100_rfnone,55,20,2.5,0.005,ma100,none,-0.03112903500220665,-0.047087994014124224,25,0.16,0.5950315777524301,-0.22950736249838888,-0.017789493347026952,-0.02060110721712316,10,0.3,0.2714273887708928,-0.3353607547235644,-0.09877824534404255
lb10_atr20_m3.0_r0.0025_tfma100_rfnone,10,20,3.0,0.0025,ma100,none,-0.04493683752016597,-0.047723803418665445,46,0.17391304347826086,0.3972088401345985,-0.37933513391974605,-0.010119755343973025,-0.022029665014546285,14,0.2857142857142857,0.5580395324652639,-0.270649491771605,-0.1003163906320327
lb20_atr20_m3.0_r0.005_tfnone_rfadx20,20,20,3.0,0.005,none,adx20,-0.07877226609768406,-0.09805858980580773,42,0.21428571428571427,0.42507632243035104,-0.3638217576755329,-0.009889975980769461,-0.029244464907286716,13,0.3076923076923077,0.6887594852948026,-0.14867687007281807,-0.10031905381676338
lb30_atr20_m2.5_r0.0025_tfnone_rfadx20,30,20,2.5,0.0025,none,adx20,-0.027129125830703038,-0.04397470969024431,36,0.19444444444444445,0.528528106521787,-0.2866090977660227,-0.011466090228887116,-0.013897574522545475,12,0.25,0.267998839796631,-0.3666440121402538,-0.10216671051500548
lb20_atr10_m2.5_r0.0025_tfma100_rfnone,20,10,2.5,0.0025,ma100,none,-0.046093816467068005,-0.046160428148347976,42,0.16666666666666666,0.386460288376114,-0.42418071579888544,-0.009179489311483269,-0.017269529467654476,12,0.25,0.5885268028446005,-0.2720180440403914,-0.10252811323940245
lb20_atr14_m3.0_r0.0025_tfma100_rfnone,20,14,3.0,0.0025,ma100,none,-0.03407532017810566,-0.03888456877039137,36,0.19444444444444445,0.4332162977344606,-0.3665593872677399,-0.010811639210944968,-0.017103899998161975,12,0.3333333333333333,0.48441955812285503,-0.32838224282633316,-0.10261225760914307
lb20_atr10_m3.0_r0.0025_tfma100_rfnone,20,10,3.0,0.0025,ma100,none,-0.03592099616165567,-0.04201821084531787,38,0.18421052631578946,0.44977598946497466,-0.3686789812889544,-0.010628480148253239,-0.017791895476703457,12,0.3333333333333333,0.49598949378659185,-0.3267550615110258,-0.10348122003667615
lb10_atr14_m3.0_r0.0025_tfma100_rfnone,10,14,3.0,0.0025,ma100,none,-0.03853699963999069,-0.04440005998459606,43,0.20930232558139536,0.42032819058577614,-0.3473398097940507,-0.012200615152470728,-0.02276971695592489,14,0.2857142857142857,0.5211959041725904,-0.3230926381851274,-0.10450614390778512
lb20_atr14_m2.5_r0.005_tfnone_rfadx20,20,14,2.5,0.005,none,adx20,-0.07817349518225802,-0.1093370757147677,45,0.2222222222222222,0.4751780233785135,-0.3333723899010776,-0.013297647055272033,-0.025635614067879176,15,0.3333333333333333,0.601809913985462,-0.1722454352697905,-0.10489953374962614
lb30_atr14_m3.0_r0.0025_tfnone_rfnone,30,14,3.0,0.0025,none,none,-0.021899516508438244,-0.03522753212464791,35,0.2571428571428571,0.5839111109003247,-0.24080006540753557,-0.014725533396901969,-0.020992897770162,13,0.3076923076923077,0.35726540925680156,-0.4235120784174775,-0.10513681003582452
lb55_atr20_m2.0_r0.005_tfma100_rfadx20,55,20,2.0,0.005,ma100,adx20,-0.07712663724344593,-0.07712663724344593,28,0.14285714285714285,0.18368305882973635,-0.5383098784396863,-0.00615207733403933,-0.015403079087252691,9,0.2222222222222222,0.6103087980347573,-0.1226991478689511,-0.10610419128282753
lb30_atr20_m3.0_r0.0025_tfma100_rfnone,30,20,3.0,0.0025,ma100,none,-0.029915022995043006,-0.031995690534183496,31,0.12903225806451613,0.4176821741158674,-0.3666117408393236,-0.010762795833301864,-0.017355183787981843,11,0.36363636363636365,0.42275410125522345,-0.3598083538696921,-0.10629105954031867
lb55_atr20_m2.0_r0.0025_tfma100_rfnone,55,20,2.0,0.0025,ma100,none,-0.03749867009913477,-0.03749867009913477,32,0.1875,0.2860200854060203,-0.44247599360513723,-0.008745998146226674,-0.010732898737870977,11,0.18181818181818182,0.35609675397216106,-0.2959408035648869,-0.10658500043128391
lb55_atr14_m2.0_r0.005_tfnone_rfadx20,55,14,2.0,0.005,none,adx20,-0.0638578495518416,-0.07409697095353229,29,0.20689655172413793,0.2497938558335693,-0.4272673096541696,-0.009849066860962319,-0.019522459852325702,10,0.2,0.37982027818597097,-0.18277778874706674,-0.10666038392221647
lb55_atr10_m2.0_r0.005_tfnone_rfadx20,55,10,2.0,0.005,none,adx20,-0.0728178861741241,-0.07993471392762608,30,0.16666666666666666,0.20675319934340033,-0.47410167866606695,-0.006994257792592773,-0.015940095453069514,9,0.2222222222222222,0.3820563915000206,-0.1457169586984174,-0.10749206977636519
lb55_atr14_m2.0_r0.0025_tfnone_rfnone,55,14,2.0,0.0025,none,none,-0.03119287664884418,-0.036508210108653016,33,0.24242424242424243,0.3393950385863849,-0.35812566784840716,-0.011046055490414819,-0.013143067565097089,12,0.16666666666666666,0.21531798895527843,-0.3441293109748373,-0.10813513227420642
lb30_atr10_m3.0_r0.0025_tfma100_rfnone,30,10,3.0,0.0025,ma100,none,-0.022568078574538464,-0.03178426378667776,30,0.23333333333333334,0.5389023326807629,-0.2895655158040282,-0.012738637384039908,-0.01880248568289844,11,0.36363636363636365,0.35654552770891945,-0.4295674952969314,-0.1090309174625846
lb20_atr20_m2.5_r0.0025_tfma100_rfadx20,20,20,2.5,0.0025,ma100,adx20,-0.042578131311611034,-0.04971078599054979,39,0.1794871794871795,0.404352314107233,-0.4209895523350223,-0.00950232733384837,-0.010922027400317669,12,0.25,0.30707166241598005,-0.301077019661583,-0.10971368109568524
lb10_atr10_m3.0_r0.0025_tfma100_rfnone,10,10,3.0,0.0025,ma100,none,-0.03863720147158911,-0.04311224988490325,44,0.20454545454545456,0.44858597888599083,-0.3412210461110947,-0.01442922896565424,-0.02466630693721006,15,0.26666666666666666,0.5111749019596402,-0.35706925588477634,-0.11097430363036706
lb55_atr10_m2.0_r0.005_tfma100_rfadx20,55,10,2.0,0.005,ma100,adx20,-0.07392174254540052,-0.07392174254540052,28,0.14285714285714285,0.17762776170377972,-0.5157557791894407,-0.006994257792592773,-0.015940095453069514,9,0.2222222222222222,0.3820563915000206,-0.1457169586984174,-0.1110975400409392
lb20_atr20_m3.0_r0.0025_tfma100_rfnone,20,20,3.0,0.0025,ma100,none,-0.04474200464418976,-0.045753319221168764,39,0.15384615384615385,0.34906589926692105,-0.44509691734321905,-0.009934896575194196,-0.016532801743616155,12,0.3333333333333333,0.48678639277917357,-0.30328625461561787,-0.11137455839161904
lb30_atr20_m2.5_r0.005_tfma100_rfadx20,30,20,2.5,0.005,ma100,adx20,-0.055493174624806074,-0.07519516579470964,31,0.1935483870967742,0.4665059728421118,-0.34018289794806295,-0.014937524867904006,-0.01775730260315811,10,0.3,0.35894168901180484,-0.2823901975261785,-0.11208852416447755
lb55_atr10_m2.0_r0.0025_tfnone_rfnone,55,10,2.0,0.0025,none,none,-0.03697185640763434,-0.04068208245537386,34,0.17647058823529413,0.28071666855895155,-0.41391979123239914,-0.009642048543647808,-0.011587610756322309,11,0.18181818181818182,0.18356688528104792,-0.3290616729343031,-0.11381215672464763
lb30_atr10_m3.0_r0.0025_tfnone_rfnone,30,10,3.0,0.0025,none,none,-0.02245426364683467,-0.03765295038908567,36,0.25,0.59346756365274,-0.24247412663852635,-0.016084454140396276,-0.022127752131084533,13,0.3076923076923077,0.3047799175824449,-0.46656813203838815,-0.1148346867527452
lb30_atr14_m3.0_r0.005_tfma100_rfnone,30,14,3.0,0.005,ma100,none,-0.03962571593790987,-0.054660740399995134,29,0.20689655172413793,0.5619693634136317,-0.25963484431348405,-0.020110445113841413,-0.03250833584488977,11,0.36363636363636365,0.4486408795167323,-0.3839515669829319,-0.11545799100607974
lb30_atr10_m2.5_r0.0025_tfma100_rfnone,30,10,2.5,0.0025,ma100,none,-0.031931197151960244,-0.03514452540015922,34,0.14705882352941177,0.4505381322376858,-0.3572048928511015,-0.012473429510399536,-0.017406180783888336,11,0.2727272727272727,0.4165780584970989,-0.4101521786777012,-0.11572650013934381
lb55_atr10_m2.0_r0.0025_tfma100_rfnone,55,10,2.0,0.0025,ma100,none,-0.03754675743548197,-0.03754675743548197,32,0.15625,0.2560772301806426,-0.4466057612257469,-0.009642048543647808,-0.011587610756322309,11,0.18181818181818182,0.18356688528104792,-0.3290616729343031,-0.11675065316178437
lb55_atr14_m2.0_r0.0025_tfma100_rfnone,55,14,2.0,0.0025,ma100,none,-0.03668335770799891,-0.037972884441787036,32,0.1875,0.27333984300988934,-0.43419978036441736,-0.011046055490414819,-0.013143067565097089,12,0.16666666666666666,0.21531798895527843,-0.3441293109748373,-0.1181609675561689
lb10_atr10_m2.5_r0.0025_tfma100_rfnone,10,10,2.5,0.0025,ma100,none,-0.05959578958511391,-0.06310554126727974,54,0.14814814814814814,0.33944755340263727,-0.429196988681609,-0.012788313674316543,-0.023406338016341288,16,0.3125,0.5687318401676569,-0.2867778269345187,-0.11827376468834633
lb20_atr20_m2.5_r0.0025_tfnone_rfadx20,20,20,2.5,0.0025,none,adx20,-0.04357055154031109,-0.0588196343605909,47,0.1702127659574468,0.4562676435793295,-0.36264803431432907,-0.015375509521315611,-0.01695761559792186,17,0.23529411764705882,0.28068779945038114,-0.3476447457787785,-0.11866675914049589
lb30_atr20_m2.0_r0.0025_tfma100_rfadx20,30,20,2.0,0.0025,ma100,adx20,-0.05735050256961749,-0.05735050256961749,38,0.21052631578947367,0.1777229134299203,-0.5778937782922787,-0.007012059776457358,-0.009820736795088214,11,0.18181818181818182,0.4529780615212277,-0.23825368158962199,-0.11882958702805867
lb20_atr10_m2.5_r0.0025_tfnone_rfnone,20,10,2.5,0.0025,none,none,-0.05280986530516618,-0.05769375642396024,52,0.21153846153846154,0.41678702322928923,-0.3972498089366089,-0.015537956509371842,-0.02357607984064114,18,0.2222222222222222,0.49886688948283253,-0.3205705392583812,-0.11926512494801787
lb30_atr10_m2.0_r0.0025_tfma100_rfadx20,30,10,2.0,0.0025,ma100,adx20,-0.053625198249223405,-0.053625198249223405,37,0.21621621621621623,0.16919440521391582,-0.5563528921261346,-0.007253066178413814,-0.009203321556634836,11,0.2727272727272727,0.31615457166219435,-0.25006061919861844,-0.11939509024854783
lb20_atr10_m3.0_r0.0025_tfnone_rfnone,20,10,3.0,0.0025,none,none,-0.04066320134487689,-0.05223542937554726,48,0.1875,0.48504426518063437,-0.33556538854205975,-0.01783603894495911,-0.024947268884878193,18,0.2222222222222222,0.4068463780428894,-0.37654863692043433,-0.11943216788833487
lb55_atr14_m2.0_r0.005_tfma100_rfadx20,55,14,2.0,0.005,ma100,adx20,-0.07422759888688679,-0.07670852235154246,28,0.14285714285714285,0.18434248187261407,-0.5166784968798156,-0.009849066860962319,-0.019522459852325702,10,0.2,0.37982027818597097,-0.18277778874706674,-0.12020310662754229
lb30_atr10_m2.5_r0.0025_tfnone_rfnone,30,10,2.5,0.0025,none,none,-0.031501227886562067,-0.041349003430660614,40,0.225,0.5167463876865794,-0.30162274563971747,-0.015699299615407725,-0.020615937484615543,13,0.23076923076923078,0.3616870992333506,-0.4463576028090192,-0.1204055367579012
lb30_atr20_m3.0_r0.0025_tfnone_rfnone,30,20,3.0,0.0025,none,none,-0.03169398958008551,-0.03880771145972195,37,0.1891891891891892,0.4581158301279989,-0.3278990022338887,-0.01486514699010999,-0.021430196415428093,13,0.3076923076923077,0.3462706047666802,-0.4300183884112036,-0.12044971463096295
lb10_atr20_m2.5_r0.0025_tfnone_rfadx20,10,20,2.5,0.0025,none,adx20,-0.060633290192194655,-0.07151441109488998,69,0.17391304347826086,0.4190969300508681,-0.3462928852947254,-0.0186028247250013,-0.02339146825444305,24,0.3333333333333333,0.37990014152267443,-0.2995582502665239,-0.12078060609105043
lb10_atr14_m3.0_r0.0025_tfnone_rfnone,10,14,3.0,0.0025,none,none,-0.054689173874179264,-0.058669591888808714,65,0.24615384615384617,0.4369595986706299,-0.3337478415009638,-0.020552343493163594,-0.032888233049222504,24,0.25,0.4577872442578536,-0.3288159228574564,-0.12179919716845296
lb30_atr14_m2.0_r0.0025_tfma100_rfadx20,30,14,2.0,0.0025,ma100,adx20,-0.05393200532608422,-0.05519844246373229,37,0.21621621621621623,0.1753781240792598,-0.5567983523899762,-0.00842325362510754,-0.010525827179383107,12,0.25,0.34143466732479244,-0.2637704717563419,-0.12244980008097198
lb30_atr14_m2.0_r0.0025_tfnone_rfadx20,30,14,2.0,0.0025,none,adx20,-0.04983740327768005,-0.05739625202027032,42,0.23809523809523808,0.2886414670276364,-0.4562201076910043,-0.011497956121646391,-0.015579467589374008,14,0.21428571428571427,0.2746601822588604,-0.314417612082383,-0.12346235662644876
lb10_atr10_m3.0_r0.0025_tfnone_rfnone,10,10,3.0,0.0025,none,none,-0.05153535820083521,-0.058820229929173795,66,0.24242424242424243,0.4950653224551376,-0.31261367601443724,-0.02381424388295783,-0.033953840139048674,26,0.23076923076923078,0.4490211194761428,-0.3520498624361062,-0.12395927753380642
lb55_atr20_m2.0_r0.005_tfnone_rfnone,55,20,2.0,0.005,none,none,-0.06376649328016448,-0.07178077880532807,33,0.24242424242424243,0.3399749839961378,-0.37473977035365064,-0.017460639402110845,-0.02138439029433603,11,0.18181818181818182,0.3550099380996858,-0.29594080356488695,-0.12429520351684353
lb20_atr14_m3.0_r0.0025_tfnone_rfnone,20,14,3.0,0.0025,none,none,-0.04175652186320067,-0.049974776430751655,46,0.21739130434782608,0.433749994065208,-0.3559690145736637,-0.01854650003439262,-0.024789559108990278,18,0.2222222222222222,0.38999612813619877,-0.3902190091541167,-0.12483134225239795
lb30_atr14_m2.5_r0.0025_tfma100_rfnone,30,14,2.5,0.0025,ma100,none,-0.029290307549252326,-0.036004902857665,34,0.14705882352941177,0.4815677183009448,-0.3255288367933867,-0.01621540600728788,-0.02009918576260883,13,0.3076923076923077,0.25648054638123535,-0.45707712268434536,-0.12506656035855673
lb30_atr20_m2.0_r0.0025_tfnone_rfadx20,30,20,2.0,0.0025,none,adx20,-0.05367847599422537,-0.059856024312223255,43,0.23255813953488372,0.2742620587641254,-0.48016111234355974,-0.010804055679221491,-0.015130005057007234,13,0.15384615384615385,0.3488454129145347,-0.3163756633400182,-0.12615409499346408
lb20_atr14_m2.5_r0.0025_tfma100_rfnone,20,14,2.5,0.0025,ma100,none,-0.0439770793905625,-0.04758130992706655,42,0.16666666666666666,0.4081331324997918,-0.403809506239199,-0.014758001789777153,-0.018647535077964905,14,0.2857142857142857,0.34799132390443277,-0.38448718010302024,-0.1261575990754772
lb30_atr10_m2.0_r0.0025_tfnone_rfadx20,30,10,2.0,0.0025,none,adx20,-0.05499101803728712,-0.05863182226876762,43,0.20930232558139536,0.2542464809945437,-0.49378020205557255,-0.010313803306833513,-0.013680025597268108,13,0.23076923076923078,0.24478277908800106,-0.3053684382112776,-0.1275690983549913
lb10_atr20_m3.0_r0.0025_tfnone_rfnone,10,20,3.0,0.0025,none,none,-0.06352993728951495,-0.06653059861968669,68,0.19117647058823528,0.40197716238763637,-0.36993890943833285,-0.01919326224568707,-0.031792961458859126,23,0.2608695652173913,0.452956059611647,-0.3224512528578867,-0.12843979959923257
lb20_atr20_m2.0_r0.0025_tfma100_rfadx20,20,20,2.0,0.0025,ma100,adx20,-0.07168733014774953,-0.07168733014774953,48,0.1875,0.20745120238708753,-0.5788774768789429,-0.008367706479944115,-0.01035536533126169,13,0.15384615384615385,0.4098518636584604,-0.24197333284887343,-0.12939225518571457
lb20_atr10_m2.0_r0.0025_tfma100_rfadx20,20,10,2.0,0.0025,ma100,adx20,-0.06420116843769752,-0.06470712878394169,46,0.1956521739130435,0.21706869100029966,-0.541902455721663,-0.009276107822983715,-0.011222388927688232,13,0.23076923076923078,0.2655702243034538,-0.2712386160903705,-0.13000410361146592
lb20_atr14_m3.0_r0.005_tfma100_rfnone,20,14,3.0,0.005,ma100,none,-0.06740574832671209,-0.07637392185800929,36,0.19444444444444445,0.4324090197430828,-0.3665593872677399,-0.018670895608433713,-0.032224972573153154,12,0.3333333333333333,0.520854776478426,-0.32838224282633316,-0.13041151925737482
lb30_atr14_m3.0_r0.005_tfnone_rfnone,30,14,3.0,0.005,none,none,-0.0439522964401724,-0.06933958017247266,35,0.2571428571428571,0.5808232150839261,-0.24080006540753557,-0.026406777364177292,-0.038725004791482,13,0.3076923076923077,0.38204550457402386,-0.42351207841747757,-0.13042049078673137
lb30_atr20_m2.5_r0.005_tfnone_rfadx20,30,20,2.5,0.005,none,adx20,-0.05502090501482193,-0.08615248509262785,36,0.19444444444444445,0.5181236201455411,-0.2866090977660227,-0.02284138683375192,-0.02763283153315943,12,0.25,0.2668715686674972,-0.3666440121402538,-0.1305817085535966
lb20_atr14_m2.0_r0.0025_tfma100_rfadx20,20,14,2.0,0.0025,ma100,adx20,-0.06530314116302782,-0.06706694063133445,46,0.1956521739130435,0.22109517251733934,-0.5502606419299686,-0.010088623874040747,-0.012187666119765184,14,0.21428571428571427,0.3022153314599487,-0.27203253779814135,-0.13163171681977984
lb30_atr20_m3.0_r0.005_tfma100_rfnone,30,20,3.0,0.005,ma100,none,-0.05930359507220051,-0.06305912793801849,31,0.12903225806451613,0.4158352519711561,-0.3666117408393236,-0.019092051760721596,-0.03209025074590144,11,0.36363636363636365,0.45192816838351996,-0.3598083538696921,-0.13172750475423406
lb30_atr14_m2.5_r0.0025_tfnone_rfnone,30,14,2.5,0.0025,none,none,-0.032320643394440074,-0.04599487061761465,41,0.1951219512195122,0.5067073250653484,-0.30230096572540516,-0.019340514943099074,-0.023211957409452366,15,0.26666666666666666,0.22390864043697734,-0.4805676063771165,-0.13251288869467334
lb10_atr20_m2.5_r0.005_tfma100_rfadx20,10,20,2.5,0.005,ma100,adx20,-0.09388903613241151,-0.11175368620977588,49,0.16326530612244897,0.416650335455359,-0.37915247261934154,-0.017900585996590723,-0.027452133469914375,15,0.3333333333333333,0.4345545755037939,-0.22959716168955915,-0.13251519671339693
lb30_atr10_m3.0_r0.005_tfma100_rfnone,30,10,3.0,0.005,ma100,none,-0.04502741428477186,-0.06264854739039083,30,0.23333333333333334,0.5369390102148134,-0.2895655158040282,-0.02379408673433847,-0.0357217409349051,11,0.36363636363636365,0.3717379634049155,-0.4295674952969314,-0.13366248413471596
lb20_atr10_m3.0_r0.005_tfma100_rfnone,20,10,3.0,0.005,ma100,none,-0.07098916193530502,-0.08239743444737369,38,0.18421052631578946,0.4492383423529009,-0.36867898128895443,-0.01965311753581278,-0.03476272990203999,12,0.3333333333333333,0.5150912268839176,-0.3267550615110258,-0.13392411495213036
lb20_atr10_m2.5_r0.005_tfma100_rfnone,20,10,2.5,0.005,ma100,none,-0.09058685929050614,-0.09058685929050614,42,0.16666666666666666,0.38509963130085384,-0.42418071579888544,-0.014460112543137726,-0.03255048576375119,12,0.25,0.6444550923423447,-0.27201804404039137,-0.13457075953833106
lb20_atr14_m2.0_r0.0025_tfnone_rfadx20,20,14,2.0,0.0025,none,adx20,-0.0713168294417027,-0.07691919489285093,55,0.2,0.27615703042393824,-0.5055630134390576,-0.013836548357859635,-0.018175322174980857,19,0.21052631578947367,0.346131407959985,-0.2776195424580829,-0.1348976739467681
lb55_atr20_m2.0_r0.005_tfma100_rfnone,55,20,2.0,0.005,ma100,none,-0.07284952878349271,-0.07284952878349271,32,0.1875,0.28857039270520857,-0.44247599360513723,-0.017460639402110845,-0.02138439029433603,11,0.18181818181818182,0.3550099380996858,-0.29594080356488695,-0.13499886223334412
lb20_atr10_m2.0_r0.0025_tfnone_rfadx20,20,10,2.0,0.0025,none,adx20,-0.07525462568457719,-0.07931541877662718,56,0.17857142857142858,0.25318780663983487,-0.5239949872933883,-0.012393078480618436,-0.015527153233616198,18,0.2222222222222222,0.3405731857589771,-0.26324841385152736,-0.13514977273889425
lb10_atr14_m2.5_r0.0025_tfma100_rfnone,10,14,2.5,0.0025,ma100,none,-0.05211116647294178,-0.058204220700422415,53,0.1509433962264151,0.39597533607130014,-0.38164789339170213,-0.01843575235001571,-0.02553608349769354,17,0.23529411764705882,0.38788174967648575,-0.4040155808277909,-0.13570294872164174
lb55_atr14_m2.0_r0.005_tfnone_rfnone,55,14,2.0,0.005,none,none,-0.06122622383047027,-0.07149412882579786,33,0.24242424242424243,0.34146751837336425,-0.35812566784840716,-0.022007208705197234,-0.026145972062766587,12,0.16666666666666666,0.2147645379642097,-0.3441293109748373,-0.1359465878204254
lb20_atr20_m3.0_r0.0025_tfnone_rfnone,20,20,3.0,0.0025,none,none,-0.05121992587193325,-0.053652965666619035,49,0.1836734693877551,0.3734760865401372,-0.41043242053310774,-0.018560317469426435,-0.025100741863199216,18,0.2222222222222222,0.3697621108204665,-0.39332563692007916,-0.13599114205480223
lb10_atr20_m3.0_r0.005_tfma100_rfnone,10,20,3.0,0.005,ma100,none,-0.08826222087513436,-0.09357294161488372,46,0.17391304347826086,0.3967422034487556,-0.37933513391974605,-0.01904676472083333,-0.04241285208907841,14,0.2857142857142857,0.5733847438779814,-0.270649491771605,-0.1361468443485439
lb10_atr14_m2.5_r0.005_tfnone_rfadx20,10,14,2.5,0.005,none,adx20,-0.118098169109495,-0.13952597773356823,68,0.22058823529411764,0.4147249962231597,-0.3363734496217384,-0.020730897448635655,-0.037427919465183646,22,0.22727272727272727,0.6123030494954165,-0.18316596086635986,-0.13671368919685142
lb10_atr20_m2.0_r0.0025_tfma100_rfadx20,10,20,2.0,0.0025,ma100,adx20,-0.08921948981884043,-0.09099339405866391,62,0.16129032258064516,0.17446238252921537,-0.5616349576335868,-0.010068892900187199,-0.014120320558708044,17,0.29411764705882354,0.45579232445825607,-0.22510911144186757,-0.13710050408580776
lb10_atr14_m3.0_r0.005_tfma100_rfnone,10,14,3.0,0.005,ma100,none,-0.07604120208678511,-0.08695052280774795,43,0.20930232558139536,0.41982874082874294,-0.3473398097940507,-0.023248477734397754,-0.04393441613658522,14,0.2857142857142857,0.5334146867648577,-0.3230926381851274,-0.13868622397301505
lb20_atr20_m2.0_r0.0025_tfnone_rfadx20,20,20,2.0,0.0025,none,adx20,-0.07800600198685659,-0.08196916127855369,57,0.19298245614035087,0.2541641394286299,-0.5334317645381629,-0.012943289344006792,-0.01743540251488329,18,0.16666666666666666,0.39838707030979836,-0.2725401389404536,-0.13875617790602765
lb20_atr14_m2.5_r0.0025_tfnone_rfnone,20,14,2.5,0.0025,none,none,-0.05168135840528032,-0.06050391124725052,53,0.18867924528301888,0.4216267741607153,-0.38191683038539825,-0.021575922910487266,-0.02543854044477556,20,0.25,0.31697508745967695,-0.40522649785505366,-0.1388668701994182
lb10_atr10_m2.5_r0.0025_tfnone_rfnone,10,10,2.5,0.0025,none,none,-0.0881634439790705,-0.08960410405835839,82,0.17073170731707318,0.3442252444585331,-0.42965258312712423,-0.020126846327399806,-0.030928592338825722,27,0.2962962962962963,0.5377218243286033,-0.28013177949976514,-0.14034539839802931
lb30_atr10_m2.5_r0.005_tfma100_rfnone,30,10,2.5,0.005,ma100,none,-0.06333133209731334,-0.06914494452143638,34,0.14705882352941177,0.4478869741184251,-0.3572048928511016,-0.02094514151741489,-0.03066142149968809,11,0.2727272727272727,0.4588850923260065,-0.4101521786777012,-0.14192527373228642
lb30_atr10_m3.0_r0.005_tfnone_rfnone,30,10,3.0,0.005,none,none,-0.04485170508425296,-0.0740056092165583,36,0.25,0.5925054843659063,-0.24247412663852635,-0.03040472408090955,-0.04225160700643704,13,0.3076923076923077,0.3160487267118444,-0.46656813203838815,-0.14290161842479202
lb20_atr20_m2.5_r0.005_tfma100_rfadx20,20,20,2.5,0.005,ma100,adx20,-0.08381208417491992,-0.09720517175344812,39,0.1794871794871795,0.403393246204607,-0.4209895523350223,-0.01895099683276058,-0.0217592858562089,12,0.25,0.3062645739247315,-0.30107701966158307,-0.14295843775247039
lb10_atr10_m2.0_r0.0025_tfma100_rfadx20,10,10,2.0,0.0025,ma100,adx20,-0.08306006403887423,-0.08883062220844806,60,0.18333333333333332,0.21323250859192266,-0.539887054502631,-0.012236716445896967,-0.016339382878156172,17,0.35294117647058826,0.3384833804667885,-0.26981713880129155,-0.1430377845851126
lb55_atr10_m2.0_r0.005_tfnone_rfnone,55,10,2.0,0.005,none,none,-0.07231148742123317,-0.07943220217022962,34,0.17647058823529413,0.28264497915820846,-0.41391979123239914,-0.019217379899898357,-0.02306332739122441,11,0.18181818181818182,0.18333547667476593,-0.32906167293430316,-0.14337439121838957
lb20_atr20_m3.0_r0.005_tfma100_rfnone,20,20,3.0,0.005,ma100,none,-0.08788862761849225,-0.08982136962991016,39,0.15384615384615385,0.3485684474532466,-0.44509691734321905,-0.017463197215286996,-0.03068205341907837,12,0.3333333333333333,0.5188245606066827,-0.3032862546156179,-0.14415991554635735
lb10_atr14_m2.0_r0.0025_tfma100_rfadx20,10,14,2.0,0.0025,ma100,adx20,-0.08338994993032611,-0.08985574615590552,60,0.18333333333333332,0.21137932597766557,-0.5424872057686883,-0.013098990289409973,-0.016649170819708403,18,0.3333333333333333,0.35613271055226264,-0.2728756044228248,-0.14428435644770787
lb10_atr10_m3.0_r0.005_tfma100_rfnone,10,10,3.0,0.005,ma100,none,-0.07621516725103261,-0.08451102011365885,44,0.20454545454545456,0.44796588137905924,-0.3412210461110947,-0.02676386902481731,-0.046825093842048804,15,0.26666666666666666,0.5299596202610998,-0.35706925588477634,-0.1458657617078845
lb55_atr10_m2.0_r0.005_tfma100_rfnone,55,10,2.0,0.005,ma100,none,-0.07341594668538531,-0.07341594668538531,32,0.15625,0.257550077568501,-0.4466057612257469,-0.019217379899898357,-0.02306332739122441,11,0.18181818181818182,0.18333547667476593,-0.32906167293430316,-0.1461526409604897
lb55_atr14_m2.0_r0.005_tfma100_rfnone,55,14,2.0,0.005,ma100,none,-0.0716251239724317,-0.07411302165782863,32,0.1875,0.2748271630145394,-0.43419978036441736,-0.022007208705197234,-0.026145972062766587,12,0.16666666666666666,0.2147645379642097,-0.3441293109748373,-0.14834894645721086
lb30_atr10_m2.5_r0.005_tfnone_rfnone,30,10,2.5,0.005,none,none,-0.06308469576866815,-0.08111591680731167,40,0.225,0.5110492155007766,-0.3016227456397174,-0.02733591260169599,-0.03698876966070852,13,0.23076923076923078,0.3932874715722764,-0.44635760280901915,-0.15028615173316467
lb55_atr20_m1.5_r0.0025_tfnone_rfadx20,55,20,1.5,0.0025,none,adx20,-0.04736718851237898,-0.05099867195055652,35,0.2571428571428571,0.19700785436851626,-0.5052204025667879,-0.01636477052982599,-0.01871230067162799,14,0.21428571428571427,0.2531693618600081,-0.4375499783300804,-0.15062414254576845
lb10_atr20_m2.5_r0.0025_tfma100_rfnone,10,20,2.5,0.0025,ma100,none,-0.05505750482822325,-0.059171285669371576,55,0.16363636363636364,0.38722419126620483,-0.3879007274601713,-0.02341191879163984,-0.028177096758142506,20,0.25,0.22698447976685743,-0.4436597250585657,-0.1508064252699645
lb30_atr20_m3.0_r0.005_tfnone_rfnone,30,20,3.0,0.005,none,none,-0.06290833923060446,-0.07622926260625273,37,0.1891891891891892,0.45651843959551514,-0.3278990022338887,-0.027219514606037776,-0.04011001502531475,13,0.3076923076923077,0.36593869759262876,-0.4300183884112036,-0.15102008895202668
lb55_atr20_m1.5_r0.0025_tfma100_rfadx20,55,20,1.5,0.0025,ma100,adx20,-0.04539461239961795,-0.04539461239961795,32,0.25,0.1707245560575338,-0.5288925270326145,-0.01636477052982599,-0.01871230067162799,14,0.21428571428571427,0.2531693618600081,-0.4375499783300804,-0.15129920048091974
lb30_atr20_m2.5_r0.0025_tfma100_rfnone,30,20,2.5,0.0025,ma100,none,-0.0348715617764227,-0.03902440837218457,36,0.19444444444444445,0.4169656470398195,-0.3657642211255709,-0.020637355578774774,-0.022041095587208903,14,0.21428571428571427,0.16840287766113177,-0.5470254765334798,-0.15147086426936426
lb30_atr14_m2.5_r0.005_tfma100_rfnone,30,14,2.5,0.005,ma100,none,-0.057506048323424874,-0.07081720587456664,34,0.14705882352941177,0.48230041988326766,-0.32552883679338673,-0.027054873842722538,-0.03471412354478576,13,0.3076923076923077,0.2917005877743039,-0.45707712268434536,-0.15170447308837642
lb55_atr20_m1.5_r0.0025_tfma100_rfnone,55,20,1.5,0.0025,ma100,none,-0.03925744005341214,-0.03925744005341214,36,0.3055555555555556,0.33003340348294186,-0.403508249911656,-0.022290185158121534,-0.024623573787881492,16,0.1875,0.19928081797172456,-0.522311855550308,-0.15465494236050467
lb30_atr10_m2.0_r0.005_tfma100_rfadx20,30,10,2.0,0.005,ma100,adx20,-0.10285637580688256,-0.10285637580688256,37,0.21621621621621623,0.17210894753376896,-0.5563528921261346,-0.014476106416304368,-0.01834064588559403,11,0.2727272727272727,0.31554023912093154,-0.25006061919861844,-0.1547712382541321
lb55_atr20_m1.5_r0.0025_tfnone_rfnone,55,20,1.5,0.0025,none,none,-0.04124269788757151,-0.04489752818720827,39,0.3076923076923077,0.3436497409504697,-0.39190898004137265,-0.022290185158121534,-0.024623573787881492,16,0.1875,0.19928081797172456,-0.522311855550308,-0.15518001306754897
lb30_atr20_m2.0_r0.005_tfma100_rfadx20,30,20,2.0,0.005,ma100,adx20,-0.10946206349916832,-0.10946206349916832,38,0.21052631578947367,0.1767483476866783,-0.5778937782922787,-0.01402193495593873,-0.019560647881078363,11,0.18181818181818182,0.45139930066272027,-0.23825368158962207,-0.15600423498461077
lb10_atr14_m2.5_r0.0025_tfnone_rfnone,10,14,2.5,0.0025,none,none,-0.07460079192143365,-0.07767188771115918,79,0.20253164556962025,0.387042962745828,-0.37632596220264203,-0.03025748138103823,-0.037272297809675115,29,0.1724137931034483,0.350731897623728,-0.4009980804219623,-0.1579643194831001
lb30_atr14_m2.0_r0.005_tfma100_rfadx20,30,14,2.0,0.005,ma100,adx20,-0.10284907363380824,-0.10525329607755729,37,0.21621621621621623,0.17781470142001274,-0.5567983523899762,-0.016809158871620156,-0.020969919833234707,12,0.25,0.3404184914751072,-0.2637704717563419,-0.1587921036679576
lb20_atr20_m2.5_r0.0025_tfma100_rfnone,20,20,2.5,0.0025,ma100,none,-0.04895460110482419,-0.05016301065120399,44,0.18181818181818182,0.3739217763770051,-0.42896905023333143,-0.02158577432969644,-0.022988154950621675,16,0.1875,0.16222381465460867,-0.5028023160509215,-0.15905211337280192
lb20_atr14_m2.5_r0.005_tfma100_rfnone,20,14,2.5,0.005,ma100,none,-0.08588640884592602,-0.09306657809471841,42,0.16666666666666666,0.4089678414034519,-0.403809506239199,-0.024178302321898326,-0.031860197062177575,14,0.2857142857142857,0.39395135204496806,-0.38448718010302024,-0.15909620729019514
lb30_atr20_m2.5_r0.0025_tfnone_rfnone,30,20,2.5,0.0025,none,none,-0.03745920734370889,-0.04811238678905605,43,0.18604651162790697,0.45072022427363323,-0.33256439229265655,-0.024570184189471767,-0.025968287196230788,16,0.1875,0.14500101963835066,-0.5771364276181237,-0.1591817050060979
lb20_atr20_m2.5_r0.005_tfnone_rfadx20,20,20,2.5,0.005,none,adx20,-0.08942043196486993,-0.11446142272917204,47,0.1702127659574468,0.4321630986614513,-0.36264803431432907,-0.030578972407285465,-0.033663707535281806,17,0.23529411764705882,0.27924242230812657,-0.3476447457787785,-0.1600758267700574
lb10_atr10_m2.5_r0.005_tfma100_rfnone,10,10,2.5,0.005,ma100,none,-0.11633720808980241,-0.12198903565933017,54,0.14814814814814814,0.3368487032470762,-0.429196988681609,-0.01991598838974573,-0.04399440189049064,16,0.3125,0.6290164094703192,-0.2867778269345187,-0.1601759487563396
lb20_atr10_m3.0_r0.005_tfnone_rfnone,20,10,3.0,0.005,none,none,-0.08382315345204161,-0.10190179712095859,48,0.1875,0.46093540097546465,-0.3355653885420597,-0.03349432722904089,-0.048390611724404065,18,0.2222222222222222,0.4209474685397762,-0.37654863692043433,-0.16049293732490325
lb20_atr10_m2.5_r0.005_tfnone_rfnone,20,10,2.5,0.005,none,none,-0.1056305047197239,-0.11223204574760626,52,0.21153846153846154,0.40366781804484453,-0.3972498089366089,-0.026898327170458813,-0.04476038700906704,18,0.2222222222222222,0.5337912341584543,-0.3205705392583812,-0.1618826238505299
lb30_atr14_m2.0_r0.005_tfnone_rfadx20,30,14,2.0,0.005,none,adx20,-0.09822991583531404,-0.11127674008165378,42,0.23809523809523808,0.2706179695201796,-0.45622010769100435,-0.022902768003176477,-0.030951455034536557,14,0.21428571428571427,0.27352487813234067,-0.314417612082383,-0.16326300403085703
lb20_atr14_m3.0_r0.005_tfnone_rfnone,20,14,3.0,0.005,none,none,-0.0835959248575825,-0.09760516670167918,46,0.21739130434782608,0.42459746738645077,-0.3559690145736637,-0.0339348673462313,-0.04727811896520728,18,0.2222222222222222,0.41024740958004463,-0.3902190091541168,-0.16433915736389929
lb30_atr14_m2.5_r0.005_tfnone_rfnone,30,14,2.5,0.005,none,none,-0.06461921219743694,-0.09001085598182013,41,0.1951219512195122,0.4994542596769279,-0.30230096572540516,-0.033231769451505744,-0.04084239319864169,15,0.26666666666666666,0.250178717576567,-0.48056760637711654,-0.16499747657418004
lb55_atr14_m1.5_r0.0025_tfnone_rfadx20,55,14,1.5,0.0025,none,adx20,-0.0516772399833092,-0.055162036620284294,36,0.25,0.17340346313743582,-0.5392123500274604,-0.01786331500837135,-0.020638095791157496,14,0.2857142857142857,0.20325599860337654,-0.47776335581603774,-0.16520156889143411
lb10_atr10_m2.0_r0.0025_tfnone_rfadx20,10,10,2.0,0.0025,none,adx20,-0.12008918013731351,-0.12610127754071598,89,0.1797752808988764,0.21906939119681995,-0.5401090361220643,-0.018242476141148378,-0.02409670276067455,28,0.2857142857142857,0.41315638553103584,-0.25179880377947306,-0.1658128826623215
lb55_atr14_m1.5_r0.0025_tfma100_rfadx20,55,14,1.5,0.0025,ma100,adx20,-0.04955731546651232,-0.04955731546651232,33,0.24242424242424243,0.14333658195271715,-0.5640208290318648,-0.01786331500837135,-0.020638095791157496,14,0.2857142857142857,0.20325599860337654,-0.47776335581603774,-0.16594938606267237
lb20_atr20_m2.5_r0.0025_tfnone_rfnone,20,20,2.5,0.0025,none,none,-0.05526393462492418,-0.06147181235378607,55,0.16363636363636364,0.39933517928679224,-0.39345614338247964,-0.029166865076346138,-0.030558379568724203,22,0.18181818181818182,0.16926542707787837,-0.5044353558986177,-0.16636624145956697
lb30_atr20_m2.0_r0.005_tfnone_rfadx20,30,20,2.0,0.005,none,adx20,-0.10510161911977345,-0.11551985934549303,43,0.23255813953488372,0.25689201662162864,-0.48016111234355974,-0.021545726573613977,-0.03006060936973398,13,0.15384615384615385,0.3472989033925686,-0.3163756633400182,-0.16708986479601784
lb30_atr10_m2.0_r0.005_tfnone_rfadx20,30,10,2.0,0.005,none,adx20,-0.1074760490524933,-0.114326849051814,43,0.20930232558139536,0.2434490960690842,-0.49378020205557266,-0.020548156534563322,-0.027196640136507133,13,0.23076923076923078,0.24402069272065752,-0.3053684382112776,-0.16825611334279467
lb30_atr20_m1.5_r0.0025_tfma100_rfadx20,30,20,1.5,0.0025,ma100,adx20,-0.0660238687565694,-0.06644634159472063,43,0.2558139534883721,0.19189455468186967,-0.5813880132788738,-0.019216767337660645,-0.021557490943594382,16,0.25,0.26991229843726444,-0.4515047985453539,-0.1721501967266002
lb20_atr10_m2.0_r0.005_tfma100_rfadx20,20,10,2.0,0.005,ma100,adx20,-0.12312730601267219,-0.12365604772658456,46,0.1956521739130435,0.21765467925757903,-0.541902455721663,-0.018492973874400964,-0.022341761982474617,13,0.23076923076923078,0.2652948863654285,-0.2712386160903705,-0.1727332437077885
lb10_atr20_m2.5_r0.005_tfnone_rfadx20,10,20,2.5,0.005,none,adx20,-0.11966805614382026,-0.13784782173664778,69,0.17391304347826086,0.40919639654074824,-0.3462928852947254,-0.03696426778424755,-0.04633040871011296,24,0.3333333333333333,0.3787804162520907,-0.2995582502665239,-0.17282163670482031
lb10_atr14_m3.0_r0.005_tfnone_rfnone,10,14,3.0,0.005,none,none,-0.10978423561264161,-0.11407803857105625,65,0.24615384615384617,0.4209041120047288,-0.3337478415009638,-0.03969541154643963,-0.06363499660843241,24,0.25,0.46564644117280996,-0.32881592285745637,-0.1728873317111224
lb20_atr20_m2.0_r0.005_tfma100_rfadx20,20,20,2.0,0.005,ma100,adx20,-0.13503987026037256,-0.13503987026037256,48,0.1875,0.2092704430477576,-0.5788774768789429,-0.01671636998271342,-0.020643093099681487,13,0.15384615384615385,0.4087460033743682,-0.24197333284887346,-0.17403929024707718
lb30_atr20_m2.0_r0.0025_tfma100_rfnone,30,20,2.0,0.0025,ma100,none,-0.062008752094640185,-0.062008752094640185,46,0.2391304347826087,0.23150063125122144,-0.5158387542252727,-0.020967163026264668,-0.022929567131957596,15,0.13333333333333333,0.2154933557660088,-0.5085626942530916,-0.175223242599856
lb20_atr14_m2.0_r0.005_tfma100_rfadx20,20,14,2.0,0.005,ma100,adx20,-0.12487891670503448,-0.12722410265716588,46,0.1956521739130435,0.21819284453151144,-0.5502606419299686,-0.02011321983990777,-0.024259998360559143,14,0.21428571428571427,0.3015803342929005,-0.27203253779814135,-0.17555800954974116
lb55_atr10_m1.5_r0.0025_tfnone_rfadx20,55,10,1.5,0.0025,none,adx20,-0.05406954312225676,-0.05743636730414825,37,0.16216216216216217,0.13763155349948636,-0.5505809547168021,-0.01916074879109897,-0.021728217773261282,14,0.14285714285714285,0.1543843408918104,-0.5154290647256207,-0.17603756488024727
lb20_atr20_m1.5_r0.0025_tfma100_rfadx20,20,20,1.5,0.0025,ma100,adx20,-0.0835618838918597,-0.08397642362039315,54,0.2222222222222222,0.1830610450671865,-0.5940976448281499,-0.019457167174025236,-0.021797317045057052,18,0.3333333333333333,0.28966895853003155,-0.4065732839958239,-0.17620930834286402
lb30_atr20_m2.0_r0.0025_tfnone_rfnone,30,20,2.0,0.0025,none,none,-0.061336902962360496,-0.06537171379932316,53,0.24528301886792453,0.3023003386929563,-0.4455311604078622,-0.02470586755236459,-0.026660777681517644,17,0.11764705882352941,0.1885618265848677,-0.5365019729253393,-0.17658811357733722
lb20_atr20_m2.0_r0.0025_tfma100_rfnone,20,20,2.0,0.0025,ma100,none,-0.07710768947384372,-0.07710768947384372,55,0.2,0.23188216503242096,-0.5432837756772859,-0.021007492178994558,-0.022969815447669628,17,0.11764705882352941,0.2153060070843133,-0.4506883455977319,-0.17716076616481835
lb10_atr10_m3.0_r0.005_tfnone_rfnone,10,10,3.0,0.005,none,none,-0.1088606515866285,-0.11438817266657675,66,0.24242424242424243,0.4524360563614046,-0.31261367601443724,-0.04539895730957988,-0.06507605880496659,26,0.23076923076923078,0.45972407345500615,-0.35204986243610625,-0.17773744046982695
lb10_atr20_m1.5_r0.0025_tfma100_rfadx20,10,20,1.5,0.0025,ma100,adx20,-0.10959853567511668,-0.11000129803824765,71,0.18309859154929578,0.15025666477584976,-0.5984729454156881,-0.019171550966046946,-0.023150987946570334,22,0.36363636363636365,0.4138379681229794,-0.3311174875528896,-0.17780857176926404
lb10_atr14_m2.0_r0.0025_tfnone_rfadx20,10,14,2.0,0.0025,none,adx20,-0.11392512860592674,-0.12129871785094148,87,0.19540229885057472,0.22950328344138274,-0.5232232393590613,-0.024877071044585697,-0.030407301463375114,30,0.26666666666666666,0.35079511678571873,-0.31666627337762526,-0.17782642944112445
lb55_atr10_m1.5_r0.0025_tfma100_rfadx20,55,10,1.5,0.0025,ma100,adx20,-0.05257303054293938,-0.05270873781493213,34,0.14705882352941177,0.10470792337404643,-0.5830414222455199,-0.01916074879109897,-0.021728217773261282,14,0.14285714285714285,0.1543843408918104,-0.5154290647256207,-0.17788825511614412
lb10_atr14_m2.5_r0.005_tfma100_rfnone,10,14,2.5,0.005,ma100,none,-0.10223923605418261,-0.11283960269864246,53,0.1509433962264151,0.3931396715917809,-0.38164789339170213,-0.033112919710052924,-0.047021171421034014,17,0.23529411764705882,0.4133273753012724,-0.40401558082779093,-0.17910168319839154
lb55_atr14_m1.5_r0.0025_tfnone_rfnone,55,14,1.5,0.0025,none,none,-0.05155278402555585,-0.05503803800018148,40,0.3,0.21939376150326756,-0.48301791339334993,-0.024267992111641767,-0.027024678086222886,16,0.25,0.15804625060337854,-0.5673369318191919,-0.18034867255533304
lb55_atr14_m1.5_r0.0025_tfma100_rfnone,55,14,1.5,0.0025,ma100,none,-0.04943258129416106,-0.04943258129416106,37,0.2972972972972973,0.1946597895757514,-0.5005880889945123,-0.024267992111641767,-0.027024678086222886,16,0.25,0.15804625060337854,-0.5673369318191919,-0.18040691445770318
lb30_atr20_m1.5_r0.0025_tfnone_rfadx20,30,20,1.5,0.0025,none,adx20,-0.07350694139160685,-0.0774562691741878,52,0.2692307692307692,0.19903784009135533,-0.5382923498421855,-0.022640234843417595,-0.024972788049473005,18,0.2222222222222222,0.23862820519556163,-0.47663027840868605,-0.18067690889768206
lb20_atr20_m3.0_r0.005_tfnone_rfnone,20,20,3.0,0.005,none,none,-0.10203243963356834,-0.10458666708917974,49,0.1836734693877551,0.3624288816853341,-0.41043242053310774,-0.03507073317463916,-0.04805270106514792,18,0.2222222222222222,0.3820645896969073,-0.39332563692007916,-0.18091182678995502
lb30_atr10_m2.0_r0.0025_tfma100_rfnone,30,10,2.0,0.0025,ma100,none,-0.0615599088115113,-0.0615599088115113,45,0.2,0.2029723485152596,-0.5252812857353735,-0.021618783800518182,-0.02354081766820104,15,0.2,0.13328379883917832,-0.5282995529698017,-0.1814118360054727
lb10_atr20_m2.5_r0.0025_tfnone_rfnone,10,20,2.5,0.0025,none,none,-0.0767537777259395,-0.0793380253383994,80,0.1625,0.36321661458824145,-0.3801263733862047,-0.039487205252006996,-0.04417394523393858,32,0.25,0.22231374361785558,-0.4787578178039181,-0.18176002278418144
lb10_atr20_m3.0_r0.005_tfnone_rfnone,10,20,3.0,0.005,none,none,-0.1237900457707718,-0.12936861895440777,68,0.19117647058823528,0.4014038708028642,-0.36993890943833285,-0.03752134067764212,-0.0619971585528325,23,0.2608695652173913,0.4582547080968141,-0.3224512528578867,-0.1821904015608468
lb10_atr20_m2.0_r0.0025_tfnone_rfadx20,10,20,2.0,0.0025,none,adx20,-0.12005614694604505,-0.12363404592428084,90,0.17777777777777778,0.19705194818861108,-0.5330916256145597,-0.02474250053842919,-0.029693373492071795,29,0.20689655172413793,0.34858917545080353,-0.3278556336508073,-0.1837182082914534
lb20_atr20_m2.0_r0.0025_tfnone_rfnone,20,20,2.0,0.0025,none,none,-0.08803937935727457,-0.08895572888303638,67,0.19402985074626866,0.26025989380069026,-0.5136468382820073,-0.02717752572975496,-0.029757926301114956,23,0.13043478260869565,0.23789117660256381,-0.4408703211126031,-0.18397014144587015
lb20_atr14_m2.5_r0.005_tfnone_rfnone,20,14,2.5,0.005,none,none,-0.10370505662216767,-0.11754873944722521,53,0.18867924528301888,0.405090728701133,-0.3819168303853983,-0.037865110599507035,-0.04543925961044948,20,0.25,0.3440792967017903,-0.40522649785505366,-0.1840681469541545
lb30_atr10_m2.0_r0.0025_tfnone_rfnone,30,10,2.0,0.0025,none,none,-0.06604071861481031,-0.06963895203756088,53,0.18867924528301888,0.26224529416464865,-0.4822027961179737,-0.024635229998586472,-0.026551338045478157,17,0.17647058823529413,0.11858356389046565,-0.5378597753005195,-0.18444950411503425
lb30_atr20_m2.5_r0.005_tfma100_rfnone,30,20,2.5,0.005,ma100,none,-0.06886781405275333,-0.07664269788773281,36,0.19444444444444445,0.4153258733289511,-0.3657642211255709,-0.03633455320335688,-0.0390930811543343,14,0.21428571428571427,0.18542336362497552,-0.5470254765334798,-0.18478803141453168
lb20_atr14_m2.0_r0.005_tfnone_rfadx20,20,14,2.0,0.005,none,adx20,-0.13532540565951823,-0.14478284557948273,55,0.2,0.26559749593486226,-0.5055630134390576,-0.027546586610631474,-0.03605936654585773,19,0.21052631578947367,0.3443814484354584,-0.2776195424580829,-0.18553781623922963
lb55_atr20_m1.5_r0.005_tfma100_rfadx20,55,20,1.5,0.005,ma100,adx20,-0.0814369126370803,-0.0814369126370803,32,0.25,0.18367293686095543,-0.5288925270326145,-0.031978459564228734,-0.03624134403881696,14,0.21428571428571427,0.2476757257899394,-0.43754997833008036,-0.18568040577034356
lb20_atr10_m2.0_r0.005_tfnone_rfadx20,20,10,2.0,0.005,none,adx20,-0.14201365797792598,-0.14911273799806157,56,0.17857142857142858,0.24947207505596808,-0.5239949872933883,-0.0246832285594778,-0.03083859677187273,18,0.2222222222222222,0.33910848871348487,-0.26324841385152736,-0.18577109659923907
lb20_atr10_m2.0_r0.0025_tfma100_rfnone,20,10,2.0,0.0025,ma100,none,-0.0763092441347597,-0.07680865798194292,54,0.16666666666666666,0.21615161862193596,-0.5497770856353038,-0.022450280348377705,-0.02437068073771964,17,0.17647058823529413,0.12901788302301395,-0.48555194861374223,-0.18599864908987182
lb55_atr20_m1.5_r0.005_tfnone_rfadx20,55,20,1.5,0.005,none,adx20,-0.08560408871044367,-0.09150998577295488,35,0.2571428571428571,0.2054789665686685,-0.5052204025667879,-0.031978459564228734,-0.03624134403881696,14,0.21428571428571427,0.2476757257899394,-0.43754997833008036,-0.18666559103968872
lb30_atr14_m2.0_r0.0025_tfnone_rfnone,30,14,2.0,0.0025,none,none,-0.05926399421988593,-0.06442531627032,52,0.25,0.3015382628814369,-0.4389370880101722,-0.030060814735016206,-0.03211750725795959,19,0.15789473684210525,0.12513439153297667,-0.58125701409822,-0.18782732926482454
lb30_atr14_m1.5_r0.0025_tfnone_rfadx20,30,14,1.5,0.0025,none,adx20,-0.0747497698220918,-0.07815211280877965,52,0.25,0.22201740936843617,-0.548469373009094,-0.02386533391676282,-0.026623157501045602,18,0.2222222222222222,0.2076619692830521,-0.5022583934035121,-0.18785411468464025
lb30_atr14_m1.5_r0.0025_tfma100_rfadx20,30,14,1.5,0.0025,ma100,adx20,-0.07109681962054348,-0.07109916830685081,44,0.25,0.15907810442379827,-0.6141029146037346,-0.021237790678239277,-0.024003037726684995,16,0.25,0.2278566517745269,-0.4976567310016432,-0.18835872608371404
lb20_atr20_m1.5_r0.0025_tfnone_rfadx20,20,20,1.5,0.0025,none,adx20,-0.09998562085441687,-0.10382207894685058,67,0.22388059701492538,0.1751909725801517,-0.5832303876504663,-0.02520175169076755,-0.027528191616383424,24,0.2916666666666667,0.2678524698935262,-0.3967550895419518,-0.1889896462821961
lb55_atr20_m1.5_r0.005_tfma100_rfnone,55,20,1.5,0.005,ma100,none,-0.06916836573280527,-0.06916836573280527,36,0.3055555555555556,0.34979479834201904,-0.403508249911656,-0.04362395348734871,-0.047835554603901986,16,0.1875,0.19441229126247653,-0.522311855550308,-0.1899585177293969
lb20_atr20_m2.0_r0.005_tfnone_rfadx20,20,20,2.0,0.005,none,adx20,-0.14548604587372593,-0.15280080096895654,57,0.19298245614035087,0.25000988289716713,-0.5334317645381629,-0.025806655980598503,-0.03460248839003388,18,0.16666666666666666,0.3962505610839973,-0.27254013894045354,-0.19066220281292331
lb30_atr14_m2.0_r0.0025_tfma100_rfnone,30,14,2.0,0.0025,ma100,none,-0.05992886243398865,-0.06118727198525464,45,0.24444444444444444,0.2192514567380317,-0.5087667516337437,-0.027043851388411255,-0.029106941184556034,17,0.17647058823529413,0.13753649062009554,-0.5768989623405245,-0.19125519943028793
lb10_atr20_m2.0_r0.005_tfma100_rfadx20,10,20,2.0,0.005,ma100,adx20,-0.16545951527709568,-0.16870402295961795,62,0.16129032258064516,0.17734516447122955,-0.5616349576335868,-0.02010077624005746,-0.028091469651235212,17,0.29411764705882354,0.4550954904915954,-0.22510911144186754,-0.1914213572411006
lb55_atr10_m1.5_r0.0025_tfnone_rfnone,55,10,1.5,0.0025,none,none,-0.054720485503983674,-0.0580849928046121,41,0.1951219512195122,0.1735788211362747,-0.5019195684184243,-0.02557123312116749,-0.028121921861656407,16,0.125,0.12028170062611555,-0.6006905847436164,-0.1914941068434208
lb20_atr10_m1.5_r0.0025_tfnone_rfadx20,20,10,1.5,0.0025,none,adx20,-0.10247916008933389,-0.1062400839846418,67,0.16417910447761194,0.18713346075770065,-0.5998859819546334,-0.024521533204797663,-0.027074969665641935,23,0.17391304347826086,0.2904130035192408,-0.40221347322920153,-0.19173732708795033
lb20_atr14_m2.0_r0.0025_tfma100_rfnone,20,14,2.0,0.0025,ma100,none,-0.07222414938669819,-0.07397488871629831,53,0.20754716981132076,0.23583881581620703,-0.5280240397604578,-0.02747064611983452,-0.029532830925701248,19,0.15789473684210525,0.13575370277577833,-0.5256431123168127,-0.1921403475112115
lb55_atr20_m1.5_r0.005_tfnone_rfnone,55,20,1.5,0.005,none,none,-0.07339119960019325,-0.07937597722749101,39,0.3076923076923077,0.3580876344263261,-0.39190898004137265,-0.04362395348734871,-0.047835554603901986,16,0.1875,0.19441229126247653,-0.522311855550308,-0.19218584768644248
lb20_atr10_m2.0_r0.0025_tfnone_rfnone,20,10,2.0,0.0025,none,none,-0.09274705332624578,-0.09377139914193144,67,0.14925373134328357,0.2356971368704915,-0.542799340006405,-0.027711375090759827,-0.0296214400381406,23,0.17391304347826086,0.1858637261750474,-0.4497622359655732,-0.19228914358392796
lb55_atr10_m1.5_r0.0025_tfma100_rfnone,55,10,1.5,0.0025,ma100,none,-0.05322500275033093,-0.05336061663531588,38,0.18421052631578946,0.14487167876190718,-0.5271214562363524,-0.02557123312116749,-0.028121921861656407,16,0.125,0.12028170062611555,-0.6006905847436164,-0.19266631711957516
lb20_atr14_m2.0_r0.0025_tfnone_rfnone,20,14,2.0,0.0025,none,none,-0.0836753718855735,-0.08615443945341394,65,0.2,0.26925886557206913,-0.5031847354115885,-0.033138949095519066,-0.03543087266331091,25,0.16,0.17875586243922115,-0.4909414516813404,-0.19464768060764265
lb10_atr10_m2.0_r0.005_tfma100_rfadx20,10,10,2.0,0.005,ma100,adx20,-0.15685730966426137,-0.16371061880658766,60,0.18333333333333332,0.20839517186185014,-0.5398870545026309,-0.022229236087201953,-0.029834035815424986,17,0.35294117647058826,0.3503068642520716,-0.26981713880129155,-0.1955544743085367
lb30_atr10_m1.5_r0.0025_tfnone_rfadx20,30,10,1.5,0.0025,none,adx20,-0.0744658081595656,-0.07834411772434813,52,0.19230769230769232,0.21893888399293543,-0.5494546231283857,-0.025640858322686366,-0.02819136481053286,18,0.1111111111111111,0.15903148071961368,-0.5415970189481962,-0.19659684002828665
lb30_atr10_m1.5_r0.0025_tfma100_rfadx20,30,10,1.5,0.0025,ma100,adx20,-0.07041621022110711,-0.07113800965220263,44,0.20454545454545456,0.16098353647267852,-0.608907234713469,-0.022971616330299316,-0.025529109891728963,16,0.125,0.17459990986132726,-0.5413959145411102,-0.19707976727942064
lb30_atr20_m2.5_r0.005_tfnone_rfnone,30,20,2.5,0.005,none,none,-0.07501337098877991,-0.0940578889459075,43,0.18604651162790697,0.44200629453029266,-0.3325643922926565,-0.044066731481406274,-0.04680312578634205,16,0.1875,0.15725033929314702,-0.5771364276181237,-0.1985062425213685
lb10_atr14_m2.0_r0.005_tfma100_rfadx20,10,14,2.0,0.005,ma100,adx20,-0.15795548682576865,-0.1663942238289119,60,0.18333333333333332,0.2047427086743985,-0.5424872057686883,-0.02468827870117163,-0.031681163480275276,18,0.3333333333333333,0.36885033566045294,-0.2728756044228249,-0.19865835243516877
lb10_atr20_m2.5_r0.005_tfma100_rfnone,10,20,2.5,0.005,ma100,none,-0.10727991991929164,-0.11420681150718348,55,0.16363636363636364,0.385226716307953,-0.3879007274601713,-0.04387086357482117,-0.05316983342143311,20,0.25,0.23766585568441173,-0.4436597250585657,-0.19957470349811357
lb20_atr20_m2.5_r0.005_tfma100_rfnone,20,20,2.5,0.005,ma100,none,-0.09599681154846695,-0.0982961847680075,44,0.18181818181818182,0.3723858721013854,-0.4289690502333313,-0.03819887638106978,-0.04095206763806025,16,0.1875,0.17802712353965414,-0.5028023160509215,-0.20047553834741863
lb20_atr10_m1.5_r0.0025_tfma100_rfadx20,20,10,1.5,0.0025,ma100,adx20,-0.0895344281756375,-0.09024138277080207,55,0.18181818181818182,0.15411470745740627,-0.628224129457595,-0.02361788425790612,-0.026173686132490714,18,0.16666666666666666,0.18092781290123094,-0.4950633500283316,-0.2029903899305118
lb10_atr10_m2.0_r0.0025_tfma100_rfnone,10,10,2.0,0.0025,ma100,none,-0.09341609229726588,-0.09912147709928631,69,0.15942028985507245,0.21506316528314545,-0.5308192694095998,-0.03079711498792026,-0.03482269096203472,23,0.2608695652173913,0.16820149051496808,-0.4949312377630901,-0.20324148113048213
lb55_atr14_m1.5_r0.005_tfma100_rfadx20,55,14,1.5,0.005,ma100,adx20,-0.08993449474029502,-0.08993449474029502,33,0.24242424242424243,0.1527497945590059,-0.5640208290318647,-0.03510847477018497,-0.03935757557088859,14,0.2857142857142857,0.2036118783899387,-0.4777633558160378,-0.20401804605772778
lb10_atr20_m2.0_r0.0025_tfma100_rfnone,10,20,2.0,0.0025,ma100,none,-0.09145502626290902,-0.0932245764047559,69,0.18840579710144928,0.2075505538788947,-0.5171828716945782,-0.033336892824308184,-0.0372930930293478,24,0.20833333333333334,0.20018126117357035,-0.5098256526750461,-0.20425505218033238
lb55_atr14_m1.5_r0.005_tfnone_rfadx20,55,14,1.5,0.005,none,adx20,-0.09344940207528563,-0.09930462785571448,36,0.25,0.18117521942181944,-0.5392123500274604,-0.03510847477018497,-0.03935757557088859,14,0.2857142857142857,0.2036118783899387,-0.4777633558160378,-0.20444236412068734
lb10_atr10_m1.5_r0.0025_tfma100_rfadx20,10,10,1.5,0.0025,ma100,adx20,-0.1211096966294577,-0.1217921337889083,74,0.14864864864864866,0.13127668878994717,-0.637504160952691,-0.023384122076752445,-0.02858783256457309,22,0.22727272727272727,0.3414206054036816,-0.405540144069879,-0.20549014627975554
lb10_atr10_m2.5_r0.005_tfnone_rfnone,10,10,2.5,0.005,none,none,-0.17435802404641487,-0.17609433283351617,82,0.17073170731707318,0.3211862653497955,-0.42965258312712423,-0.035814088099307195,-0.058546508819251386,27,0.2962962962962963,0.5656339308483184,-0.2801317794997652,-0.20674785591982345
lb10_atr14_m1.5_r0.0025_tfma100_rfadx20,10,14,1.5,0.0025,ma100,adx20,-0.12190330252681192,-0.12190552275140953,73,0.1643835616438356,0.10778957324397172,-0.6508292706681066,-0.026209602198260518,-0.03105727864369645,23,0.30434782608695654,0.3275635142405567,-0.42887751415411635,-0.2135343111654177
lb20_atr14_m1.5_r0.0025_tfma100_rfadx20,20,14,1.5,0.0025,ma100,adx20,-0.0957172470242702,-0.09571953345902973,55,0.2,0.12220709944463816,-0.6710178028982696,-0.02556100688595009,-0.02831403977170721,19,0.2631578947368421,0.20940075243722278,-0.5078071387320611,-0.21375992855396614
lb20_atr14_m1.5_r0.0025_tfnone_rfadx20,20,14,1.5,0.0025,none,adx20,-0.10838989814154709,-0.11166853918153319,67,0.19402985074626866,0.163083764830694,-0.6333382814835474,-0.030396932543888533,-0.03313630273504542,25,0.24,0.21241344319312044,-0.46162571485954096,-0.214319637880859
lb30_atr20_m1.5_r0.0025_tfma100_rfnone,30,20,1.5,0.0025,ma100,none,-0.06592886740656378,-0.06635138321743006,51,0.29411764705882354,0.28780543737232445,-0.487779449767787,-0.03733417539129402,-0.039631660243447,21,0.19047619047619047,0.1585361070217178,-0.672645643166579,-0.21566741980181936
lb55_atr10_m1.5_r0.005_tfnone_rfadx20,55,10,1.5,0.005,none,adx20,-0.09879715588671878,-0.10487480389778392,37,0.16216216216216217,0.1443823006314544,-0.5505809547168021,-0.03786827239235824,-0.04210521984941695,14,0.14285714285714285,0.15412163128805792,-0.5154290647256207,-0.21832777026024477
lb30_atr20_m2.0_r0.005_tfma100_rfnone,30,20,2.0,0.005,ma100,none,-0.11752303546548071,-0.11752303546548071,46,0.2391304347826087,0.23256682748593935,-0.5158387542252727,-0.03436734959883769,-0.038223583888797985,15,0.13333333333333333,0.24938635112584484,-0.5085626942530916,-0.21865110829036424
lb30_atr20_m1.5_r0.005_tfma100_rfadx20,30,20,1.5,0.005,ma100,adx20,-0.11861707393341292,-0.11861707393341292,43,0.2558139534883721,0.18050116365750207,-0.5813880132788737,-0.037598314715381664,-0.04183645098729827,16,0.25,0.2656853411520929,-0.4515047985453539,-0.21870547852552297
lb55_atr10_m1.5_r0.005_tfma100_rfadx20,55,10,1.5,0.005,ma100,adx20,-0.09702039136948659,-0.09727953401647915,34,0.14705882352941177,0.1098484935499753,-0.5830414222455198,-0.03786827239235824,-0.04210521984941695,14,0.14285714285714285,0.15412163128805792,-0.5154290647256207,-0.21966778432722595
lb20_atr20_m2.5_r0.005_tfnone_rfnone,20,20,2.5,0.005,none,none,-0.11158276890355456,-0.11945120630377648,55,0.16363636363636364,0.37797848012207147,-0.3934561433824797,-0.05386438049309139,-0.05657272866568697,22,0.18181818181818182,0.17799533167074444,-0.5044353558986177,-0.22022820848403823
lb10_atr14_m2.0_r0.0025_tfma100_rfnone,10,14,2.0,0.0025,ma100,none,-0.08859013786279413,-0.0950192517985563,68,0.19117647058823528,0.2305850440837871,-0.5101324382477412,-0.04114436287828027,-0.04459365574634078,26,0.23076923076923078,0.1481709306377611,-0.5771519279214147,-0.22050530789074912
lb20_atr20_m1.5_r0.0025_tfma100_rfnone,20,20,1.5,0.0025,ma100,none,-0.0891722365011891,-0.08958423845438657,62,0.24193548387096775,0.2285910544011659,-0.5521770007603597,-0.03588504474178866,-0.03818598806897089,23,0.2608695652173913,0.179587750716176,-0.5906500820522119,-0.22072839000490366
lb55_atr14_m1.5_r0.005_tfma100_rfnone,55,14,1.5,0.005,ma100,none,-0.08894974428337554,-0.08894974428337554,37,0.2972972972972973,0.20675217999438048,-0.5005880889945123,-0.047444270988715065,-0.05163904854144841,16,0.25,0.15899712429865337,-0.5673369318191919,-0.22272321818563523
lb30_atr20_m1.5_r0.0025_tfnone_rfnone,30,20,1.5,0.0025,none,none,-0.07575552230106664,-0.07969526514075498,62,0.3064516129032258,0.28316079987340037,-0.46450802415057135,-0.04069440327824991,-0.04298386865731796,23,0.17391304347826086,0.14722446137940606,-0.6730794235273411,-0.2229808428499246
lb10_atr20_m1.5_r0.0025_tfnone_rfadx20,10,20,1.5,0.0025,none,adx20,-0.15523494392517956,-0.15922750075443826,106,0.19811320754716982,0.15617727039401846,-0.5871061566345146,-0.03417372525929918,-0.038827954307204315,36,0.3055555555555556,0.325065608868405,-0.3628807317784776,-0.2233996587918914
lb55_atr14_m1.5_r0.005_tfnone_rfnone,55,14,1.5,0.005,none,none,-0.09246845497821676,-0.09833001649627038,40,0.3,0.22999462323984368,-0.48301791339334993,-0.047444270988715065,-0.05163904854144841,16,0.25,0.15899712429865337,-0.5673369318191919,-0.22383844008893997
lb30_atr20_m2.0_r0.005_tfnone_rfnone,30,20,2.0,0.005,none,none,-0.11881826768777748,-0.12636130257343414,53,0.24528301886792453,0.2897949682370686,-0.4455311604078622,-0.04173588962869834,-0.0455626978043715,17,0.11764705882352941,0.21374841772646905,-0.5365019729253394,-0.22491444936860155
lb10_atr14_m2.5_r0.005_tfnone_rfnone,10,14,2.5,0.005,none,none,-0.14971143176376467,-0.15343681531425357,79,0.20253164556962025,0.3604620760193558,-0.37632596220264203,-0.05667209077322255,-0.07024145401632753,29,0.1724137931034483,0.3633807957122381,-0.40099808042196217,-0.22550365885391532
lb30_atr10_m2.0_r0.005_tfma100_rfnone,30,10,2.0,0.005,ma100,none,-0.11758991523117512,-0.11758991523117512,45,0.2,0.20640658613201537,-0.5252812857353735,-0.03623263799146381,-0.04001186347137731,15,0.2,0.15402992846183639,-0.5282995529698017,-0.2263490224843025
lb20_atr20_m2.0_r0.005_tfma100_rfnone,20,20,2.0,0.005,ma100,none,-0.14440809261665377,-0.14440809261665377,55,0.2,0.2345290783781792,-0.5432837756772859,-0.03444435111961919,-0.03830027790557722,17,0.11764705882352941,0.24927152928881463,-0.4506883455977319,-0.22755407640235753
lb20_atr20_m1.5_r0.005_tfma100_rfadx20,20,20,1.5,0.005,ma100,adx20,-0.15037542513756808,-0.15037542513756808,54,0.2222222222222222,0.1694227883305911,-0.5940976448281499,-0.03807548790622617,-0.04231152284661033,18,0.3333333333333333,0.28609503505589284,-0.4065732839958238,-0.2313579252304316
lb10_atr10_m1.5_r0.0025_tfnone_rfadx20,10,10,1.5,0.0025,none,adx20,-0.1631682774699863,-0.1668746603683866,108,0.1574074074074074,0.16422191785280513,-0.6103268352124267,-0.03429014903718397,-0.04061757848605185,35,0.2571428571428571,0.35080676477489925,-0.37536763096008163,-0.2320441057514282
lb30_atr20_m1.5_r0.005_tfnone_rfadx20,30,20,1.5,0.005,none,adx20,-0.13258574882857832,-0.13818820091166895,52,0.2692307692307692,0.18632473452972495,-0.5382923498421855,-0.04431188950525822,-0.04852046115227204,18,0.2222222222222222,0.23444187799000404,-0.47663027840868594,-0.2340217687472122
lb20_atr20_m1.5_r0.0025_tfnone_rfnone,20,20,1.5,0.0025,none,none,-0.11274524489189464,-0.11336784013139867,79,0.24050632911392406,0.2071738676271637,-0.5589337074777422,-0.04334391904292745,-0.04562706112456538,30,0.23333333333333334,0.17376243140279768,-0.5483848994923916,-0.23476460173512181
lb30_atr10_m2.0_r0.005_tfnone_rfnone,30,10,2.0,0.005,none,none,-0.1279896905350778,-0.1346830327374332,53,0.18867924528301888,0.25445791167312265,-0.4822027961179736,-0.04217064087760225,-0.045926581638929376,17,0.17647058823529413,0.1345608366753911,-0.5378597753005195,-0.23588496279174775
lb30_atr14_m2.0_r0.005_tfma100_rfnone,30,14,2.0,0.005,ma100,none,-0.1138467108815242,-0.11622146139861944,45,0.24444444444444444,0.22242563009362348,-0.5087667516337437,-0.04300335124767052,-0.04705326112270025,17,0.17647058823529413,0.16567997858089326,-0.5768989623405245,-0.2360846590205908
lb10_atr10_m2.0_r0.0025_tfnone_rfnone,10,10,2.0,0.0025,none,none,-0.1404060536806081,-0.14350911916860976,104,0.15384615384615385,0.20571319091292245,-0.5459821649373597,-0.04471619730285736,-0.04868396048646617,37,0.21621621621621623,0.22051095945488328,-0.4604776234108781,-0.23666684010526254
lb30_atr14_m2.0_r0.005_tfnone_rfnone,30,14,2.0,0.005,none,none,-0.11570351395880918,-0.1253755697158644,52,0.25,0.2879559087189086,-0.4389370880101722,-0.04893461430847479,-0.05295942369765361,19,0.15789473684210525,0.14782211567751313,-0.5812570140982198,-0.23725784076732695
lb55_atr10_m1.5_r0.005_tfnone_rfnone,55,10,1.5,0.005,none,none,-0.09948730172804987,-0.10556029544454926,41,0.1951219512195122,0.18261158369807493,-0.5019195684184243,-0.050142709077533376,-0.05432560349610693,16,0.125,0.12084247282367272,-0.6006905847436164,-0.2385072064500489
lb30_atr14_m1.5_r0.005_tfma100_rfadx20,30,14,1.5,0.005,ma100,adx20,-0.1273124638118044,-0.1273124638118044,44,0.25,0.1543818926929352,-0.6141029146037347,-0.04174592758097051,-0.04596579897576114,16,0.25,0.2282566691191406,-0.4976567310016432,-0.23855693044669102
lb30_atr14_m1.5_r0.0025_tfnone_rfnone,30,14,1.5,0.0025,none,none,-0.0835577072785445,-0.0869276615953839,62,0.2903225806451613,0.23853083900732822,-0.5155707413763749,-0.04226205211521572,-0.04496790038801335,23,0.17391304347826086,0.12769889632675574,-0.7013871928642409,-0.23879978008587416
lb55_atr10_m1.5_r0.005_tfma100_rfnone,55,10,1.5,0.005,ma100,none,-0.09771189786635825,-0.09797084206055928,38,0.18421052631578946,0.15217621554766445,-0.5271214562363524,-0.050142709077533376,-0.05432560349610693,16,0.125,0.12084247282367272,-0.6006905847436164,-0.2391704877881771
lb20_atr10_m2.0_r0.005_tfma100_rfnone,20,10,2.0,0.005,ma100,none,-0.14540008675737737,-0.14591539830252598,54,0.16666666666666666,0.2171920556038647,-0.5497770856353037,-0.03786814238866565,-0.04164095455751049,17,0.17647058823529413,0.14844036067752647,-0.48555194861374223,-0.23934490432766214
lb30_atr14_m1.5_r0.0025_tfma100_rfnone,30,14,1.5,0.0025,ma100,none,-0.07716108341130412,-0.07716341676441696,52,0.28846153846153844,0.190068650499735,-0.564351277119168,-0.039684028860146214,-0.042397160690818225,21,0.19047619047619047,0.13510573456326772,-0.7168458119352675,-0.23961274206797561
lb10_atr14_m1.5_r0.0025_tfnone_rfadx20,10,14,1.5,0.0025,none,adx20,-0.1626397382899919,-0.16609127283487068,107,0.17757009345794392,0.1569906385039632,-0.6133935748770328,-0.03937154281071609,-0.045333145259827345,37,0.2972972972972973,0.2968006187327447,-0.4051426117402548,-0.24195322518077883
lb10_atr20_m1.5_r0.0025_tfma100_rfnone,10,20,1.5,0.0025,ma100,none,-0.1129095125731785,-0.11331077725584393,80,0.2,0.19759444519964323,-0.5485384822498836,-0.04606174929275619,-0.04993208681787509,30,0.26666666666666666,0.22545493777829156,-0.5900972188277537,-0.24240589645251373
lb10_atr10_m2.0_r0.005_tfnone_rfadx20,10,10,2.0,0.005,none,adx20,-0.22285844301350455,-0.2307262752103687,89,0.1797752808988764,0.21136488981864004,-0.5401090361220643,-0.0367509362848667,-0.04765514163825324,28,0.2857142857142857,0.40322598733305803,-0.25179880377947306,-0.24328593784690578
lb20_atr14_m2.0_r0.005_tfma100_rfnone,20,14,2.0,0.005,ma100,none,-0.13724469104245884,-0.13955673867714258,53,0.20754716981132076,0.23491602620057217,-0.5280240397604578,-0.043840576600947645,-0.047886943425716644,19,0.15789473684210525,0.1631808802496883,-0.5256431123168127,-0.24383144059566117
lb10_atr20_m1.5_r0.005_tfma100_rfadx20,10,20,1.5,0.005,ma100,adx20,-0.19270552514681016,-0.19270552514681016,71,0.18309859154929578,0.14605575008390415,-0.5984729454156881,-0.03902762369304891,-0.04602886673201945,22,0.36363636363636365,0.38953087031181505,-0.33111748755288967,-0.2441724953223758
lb30_atr14_m1.5_r0.005_tfnone_rfadx20,30,14,1.5,0.005,none,adx20,-0.137705838314933,-0.14327522078224342,52,0.25,0.19265772914393692,-0.548469373009094,-0.04688860015665586,-0.051085824721634365,18,0.2222222222222222,0.2077875427583304,-0.502258393403512,-0.24463049849158724
lb20_atr20_m2.0_r0.005_tfnone_rfnone,20,20,2.0,0.005,none,none,-0.16328121264771556,-0.16493729263284607,67,0.19402985074626866,0.25745146510971756,-0.5136468382820073,-0.04780645895647406,-0.05279750941218875,23,0.13043478260869565,0.25871776542396274,-0.4408703211126031,-0.2454259602543546
lb10_atr20_m2.0_r0.0025_tfnone_rfnone,10,20,2.0,0.0025,none,none,-0.12902030236467665,-0.1296923782974767,102,0.18627450980392157,0.21018629791018376,-0.5076328895174363,-0.054260626306156245,-0.058131193286883764,39,0.15384615384615385,0.19337613904625353,-0.5299482841352492,-0.24573020691402175
lb20_atr10_m1.5_r0.0025_tfnone_rfnone,20,10,1.5,0.0025,none,none,-0.12071925521602445,-0.12140199554383191,79,0.17721518987341772,0.18162589398648368,-0.6031759122733724,-0.04332768203301485,-0.04583189105548846,29,0.13793103448275862,0.18584425986776965,-0.56581251633063,-0.2462578522893005
lb30_atr10_m1.5_r0.0025_tfma100_rfnone,30,10,1.5,0.0025,ma100,none,-0.07812811453525947,-0.078843925858335,52,0.23076923076923078,0.1781491988184962,-0.5721862475481583,-0.0416123511180595,-0.04412105023298485,21,0.09523809523809523,0.10350377498637989,-0.7430683106334993,-0.24748007427512134
lb20_atr10_m1.5_r0.0025_tfma100_rfnone,20,10,1.5,0.0025,ma100,none,-0.1001446986820681,-0.10084341465764901,64,0.203125,0.1641762405625884,-0.6055920942391436,-0.04064586536007675,-0.04315709437192694,23,0.13043478260869565,0.1126309224039181,-0.6627813735775855,-0.24953039088324386
lb30_atr10_m1.5_r0.005_tfma100_rfadx20,30,10,1.5,0.005,ma100,adx20,-0.12885549609659142,-0.1296240588717673,44,0.20454545454545456,0.15435888526792152,-0.608907234713469,-0.04534754664814766,-0.04955155756322427,16,0.125,0.17436524541741288,-0.5413959145411102,-0.25019222567783933
lb30_atr10_m1.5_r0.0025_tfnone_rfnone,30,10,1.5,0.0025,none,none,-0.08786215836126898,-0.09168433256813768,62,0.20967741935483872,0.21623340803082008,-0.5464978823991072,-0.04423066661445463,-0.04673251196224726,23,0.08695652173913043,0.09778768490486861,-0.7256889665962284,-0.2504168087120851
lb20_atr20_m1.5_r0.005_tfnone_rfadx20,20,20,1.5,0.005,none,adx20,-0.1773471977264517,-0.18266054472246152,67,0.22388059701492538,0.16393972807228066,-0.5832303876504663,-0.04933034476295861,-0.053516816596992145,24,0.2916666666666667,0.2646448603261132,-0.3967550895419518,-0.25504819622175784
lb10_atr14_m2.0_r0.0025_tfnone_rfnone,10,14,2.0,0.0025,none,none,-0.12932247925055107,-0.13329512555749456,101,0.18811881188118812,0.22599134186388428,-0.5156977709086679,-0.06006504609179886,-0.06344627555683957,41,0.1951219512195122,0.17952962747020293,-0.552586266218953,-0.2554333266259134
lb10_atr20_m2.5_r0.005_tfnone_rfnone,10,20,2.5,0.005,none,none,-0.14966912288784995,-0.1536326648230948,80,0.1625,0.3541682556323981,-0.3801263733862047,-0.07592832455122844,-0.08491551500359129,32,0.25,0.225733679927968,-0.4787578178039181,-0.2556369204005692
lb30_atr10_m1.5_r0.005_tfnone_rfadx20,30,10,1.5,0.005,none,adx20,-0.13935108948785702,-0.14566424452030946,52,0.19230769230769232,0.19139524398641988,-0.5494546231283857,-0.05056049797750828,-0.05474155257564306,18,0.1111111111111111,0.15867554837876113,-0.5415970189481962,-0.2561250339072481
lb20_atr14_m2.0_r0.005_tfnone_rfnone,20,14,2.0,0.005,none,none,-0.1570408815874752,-0.1606604486115738,65,0.2,0.2622510718107046,-0.5031847354115885,-0.055535419791972296,-0.05997919703174537,25,0.16,0.2032571688368197,-0.4909414516813404,-0.25638943083422416
lb20_atr14_m1.5_r0.0025_tfma100_rfnone,20,14,1.5,0.0025,ma100,none,-0.10455557621385869,-0.10455784030133486,64,0.234375,0.14619786195678042,-0.6319544457538965,-0.04228797677251228,-0.04499375180169529,24,0.20833333333333334,0.1367309010414616,-0.6715383364397839,-0.256864533185822
lb20_atr10_m2.0_r0.005_tfnone_rfnone,20,10,2.0,0.005,none,none,-0.17354867801787222,-0.17499811984075297,67,0.14925373134328357,0.23314890311115355,-0.542799340006405,-0.04834444581848085,-0.05207617720951774,23,0.17391304347826086,0.2047775000774557,-0.4497622359655732,-0.25686597402117556
lb10_atr14_m2.0_r0.005_tfnone_rfadx20,10,14,2.0,0.005,none,adx20,-0.21382107716077792,-0.22410804813113439,87,0.19540229885057472,0.2170471285569778,-0.5232232393590613,-0.04790546122013406,-0.058611677831251874,30,0.26666666666666666,0.35546199013205837,-0.31666627337762526,-0.25721145057826666
lb20_atr14_m1.5_r0.0025_tfnone_rfnone,20,14,1.5,0.0025,none,none,-0.12164782242831984,-0.12170202639341798,79,0.22784810126582278,0.17483522078389468,-0.6057491590981601,-0.04886885064650737,-0.05155603306771783,31,0.1935483870967742,0.14213641543224345,-0.6056249684831805,-0.2588719191214543
lb20_atr10_m1.5_r0.005_tfnone_rfadx20,20,10,1.5,0.005,none,adx20,-0.18552441842102718,-0.19149887624447925,67,0.16417910447761194,0.16532510437469422,-0.5998859819546334,-0.048417017454023714,-0.05260751131509156,23,0.17391304347826086,0.28928829705722775,-0.40221347322920153,-0.26107582093755166
lb30_atr20_m1.5_r0.005_tfma100_rfnone,30,20,1.5,0.005,ma100,none,-0.1165771387556761,-0.1165771387556761,51,0.29411764705882354,0.28263685727612553,-0.487779449767787,-0.06108416123826266,-0.06521887269334103,21,0.19047619047619047,0.18056703785531347,-0.672645643166579,-0.2648305820768346
lb10_atr20_m2.0_r0.005_tfnone_rfadx20,10,20,2.0,0.005,none,adx20,-0.2214653223026839,-0.22776926816816456,90,0.17777777777777778,0.1926257550980602,-0.5330916256145597,-0.04901560955374484,-0.05857296031316295,29,0.20689655172413793,0.34670978549590076,-0.3278556336508072,-0.2648732939795633
lb20_atr10_m1.5_r0.005_tfma100_rfadx20,20,10,1.5,0.005,ma100,adx20,-0.1624991664587695,-0.16323804727814484,55,0.18181818181818182,0.14433577979711756,-0.628224129457595,-0.04661468950248582,-0.05081312029008056,18,0.16666666666666666,0.18088253206020222,-0.49506335002833146,-0.26520211267127447
lb10_atr20_m2.0_r0.005_tfma100_rfnone,10,20,2.0,0.005,ma100,none,-0.1688631100311837,-0.17209438529475207,69,0.18840579710144928,0.21168602451366608,-0.5171828716945782,-0.052947790376234094,-0.060670629284550026,24,0.20833333333333334,0.23836078800990385,-0.5098256526750461,-0.2662066929855937
lb10_atr10_m2.0_r0.005_tfma100_rfnone,10,10,2.0,0.005,ma100,none,-0.17590060267681362,-0.18259912239191867,69,0.15942028985507245,0.21105382866598335,-0.5308192694095998,-0.051054005078747466,-0.05843461463532362,23,0.2608695652173913,0.18894605697909728,-0.4949312377630901,-0.26896434983568684
lb10_atr10_m1.5_r0.0025_tfma100_rfnone,10,10,1.5,0.0025,ma100,none,-0.12833993961241652,-0.12901676266227424,84,0.16666666666666666,0.14433017979512455,-0.5979046512632492,-0.05120466382725131,-0.05626013789156448,30,0.16666666666666666,0.19014375252284713,-0.6469388406077272,-0.2708264690773465
lb10_atr14_m1.5_r0.0025_tfma100_rfnone,10,14,1.5,0.0025,ma100,none,-0.12692003913993832,-0.12692224667996277,82,0.1951219512195122,0.13186874363270173,-0.6054091377488542,-0.053552215626256006,-0.058263776390770516,31,0.22580645161290322,0.191065220398252,-0.6616897210558033,-0.2748729182228917
lb20_atr14_m1.5_r0.005_tfma100_rfadx20,20,14,1.5,0.005,ma100,adx20,-0.16878040724103816,-0.16878040724103816,55,0.2,0.11922995865432207,-0.6710178028982696,-0.05020699763785674,-0.054389608948364865,19,0.2631578947368421,0.20989309128793293,-0.5078071387320611,-0.277223475251182
lb10_atr10_m1.5_r0.005_tfma100_rfadx20,10,10,1.5,0.005,ma100,adx20,-0.2111945450793058,-0.21189046465038852,74,0.14864864864864866,0.12451923513694246,-0.637504160952691,-0.046509905578962396,-0.05384575759939558,22,0.22727272727272727,0.3041129051555441,-0.4055401440698789,-0.27872678925625893
lb20_atr20_m1.5_r0.005_tfma100_rfnone,20,20,1.5,0.005,ma100,none,-0.15779069780869637,-0.15779069780869637,62,0.24193548387096775,0.22279289233986913,-0.5521770007603597,-0.05825200538898112,-0.06239918883222839,23,0.2608695652173913,0.20581574325647453,-0.5906500820522119,-0.2793022973043959
lb30_atr20_m1.5_r0.005_tfnone_rfnone,30,20,1.5,0.005,none,none,-0.13497897199771558,-0.1405659667395056,62,0.3064516129032258,0.27607300777129745,-0.46450802415057135,-0.06763390216381238,-0.07173977047053315,23,0.17391304347826086,0.16564275874992357,-0.6730794235273411,-0.280161817314084
lb10_atr14_m2.0_r0.005_tfma100_rfnone,10,14,2.0,0.005,ma100,none,-0.1672163460740861,-0.1755622733095782,68,0.19117647058823528,0.22531837516864045,-0.5101324382477412,-0.06282004874882974,-0.06953953265665969,26,0.23076923076923078,0.18454309906403915,-0.5771519279214146,-0.2849167225621553
lb10_atr14_m1.5_r0.005_tfma100_rfadx20,10,14,1.5,0.005,ma100,adx20,-0.21071079118324154,-0.21071079118324154,73,0.1643835616438356,0.10774647197381237,-0.6508292706681066,-0.05057104139401125,-0.05816957035378856,23,0.30434782608695654,0.31667445128997523,-0.42887751415411635,-0.2865911953344274
lb10_atr20_m1.5_r0.0025_tfnone_rfnone,10,20,1.5,0.0025,none,none,-0.1667722415804339,-0.16774456653444714,121,0.21487603305785125,0.18555934500287796,-0.5557786572618594,-0.06757862581207719,-0.07136166463148386,47,0.23404255319148937,0.19372383672076882,-0.5586317522139908,-0.2879363293334471
lb20_atr14_m1.5_r0.005_tfnone_rfadx20,20,14,1.5,0.005,none,adx20,-0.19211997420939364,-0.19733790684915076,67,0.19402985074626866,0.14403047302064453,-0.6333382814835474,-0.059627081965456186,-0.06376820997259547,25,0.24,0.21261730003739468,-0.46162571485954096,-0.28822884600402376
lb30_atr14_m1.5_r0.005_tfma100_rfnone,30,14,1.5,0.005,ma100,none,-0.1365738737511406,-0.1365738737511406,52,0.28846153846153844,0.18564445676695593,-0.564351277119168,-0.06573320111415071,-0.06984743955382522,21,0.19047619047619047,0.15654047313179856,-0.7168458119352675,-0.29575855557523545
lb30_atr14_m1.5_r0.005_tfnone_rfnone,30,14,1.5,0.005,none,none,-0.15199542146402856,-0.157472510422474,62,0.2903225806451613,0.2128132199064557,-0.5155707413763749,-0.07074714092749768,-0.07483929943889167,23,0.17391304347826086,0.14658516397104263,-0.7013871928642409,-0.3028081456866136
lb10_atr10_m1.5_r0.0025_tfnone_rfnone,10,10,1.5,0.0025,none,none,-0.181652440577167,-0.18228786775363492,124,0.1693548387096774,0.163676838632856,-0.597843166757489,-0.06961849351211269,-0.07457585301488934,46,0.1956521739130435,0.20735915260859344,-0.5838859667185218,-0.30637442936229475
lb30_atr10_m1.5_r0.005_tfma100_rfnone,30,10,1.5,0.005,ma100,none,-0.14084019178134655,-0.14159818112015932,52,0.23076923076923078,0.17344980160385562,-0.5721862475481582,-0.06999364831145893,-0.07408912498452636,21,0.09523809523809523,0.11896556545165426,-0.7430683106334993,-0.30763535642096723
lb10_atr14_m1.5_r0.0025_tfnone_rfnone,10,14,1.5,0.0025,none,none,-0.17608967832277156,-0.17609176153976558,122,0.20491803278688525,0.1663694113502854,-0.5867083210737987,-0.07392101558100694,-0.07853117736686521,48,0.22916666666666666,0.18126634085357898,-0.5988842591039076,-0.3083419642782727
lb20_atr20_m1.5_r0.005_tfnone_rfnone,20,20,1.5,0.005,none,none,-0.196228073987744,-0.196228073987744,79,0.24050632911392406,0.20361043106406368,-0.5589337074777422,-0.07381682356762975,-0.07789546409215886,30,0.23333333333333334,0.19179697298810022,-0.5483848994923917,-0.30876793235130207
lb10_atr20_m1.5_r0.005_tfma100_rfnone,10,20,1.5,0.005,ma100,none,-0.19720176534199707,-0.19720176534199707,80,0.2,0.19429785325199517,-0.5485384822498836,-0.07277581894112495,-0.07953118673655668,30,0.26666666666666666,0.2529663324660212,-0.5900972188277537,-0.31396879483504314
lb10_atr20_m1.5_r0.005_tfnone_rfadx20,10,20,1.5,0.005,none,adx20,-0.26672115223510773,-0.27207884102162694,106,0.19811320754716982,0.1545416860211328,-0.5871061566345146,-0.06824954782956505,-0.07645227952748657,36,0.3055555555555556,0.30871645549699106,-0.36288073177847757,-0.31822764926634295
lb20_atr10_m1.5_r0.005_tfma100_rfnone,20,10,1.5,0.005,ma100,none,-0.1796140142111734,-0.1803377955438087,64,0.203125,0.15612596445661103,-0.6055920942391436,-0.06794910274778809,-0.07205358300308684,23,0.13043478260869565,0.13009032977263252,-0.6627813735775855,-0.31869473325816927
lb30_atr10_m1.5_r0.005_tfnone_rfnone,30,10,1.5,0.005,none,none,-0.16175065939734268,-0.16789950589960156,62,0.20967741935483872,0.1936814607723646,-0.5464978823991072,-0.07507201775399952,-0.07914513076949481,23,0.08695652173913043,0.1113939783726019,-0.7256889665962284,-0.3196982551849502
lb20_atr14_m1.5_r0.005_tfma100_rfnone,20,14,1.5,0.005,ma100,none,-0.18297490889338675,-0.18297490889338675,64,0.234375,0.14278113777638957,-0.6319544457538965,-0.07071322081255782,-0.07480552869824286,24,0.20833333333333334,0.15712447086491163,-0.6715383364397839,-0.32615476970196106
lb20_atr10_m1.5_r0.005_tfnone_rfnone,20,10,1.5,0.005,none,none,-0.21530054263065668,-0.21599283970643735,79,0.17721518987341772,0.16365229499801687,-0.6031759122733724,-0.07422274687676733,-0.07829959983345813,29,0.13793103448275862,0.20663380546448673,-0.56581251633063,-0.3272793664052287
lb10_atr10_m1.5_r0.005_tfnone_rfadx20,10,10,1.5,0.005,none,adx20,-0.28090587033269243,-0.2864356585572616,108,0.1574074074074074,0.15138798200951603,-0.6103268352124267,-0.06775616842961774,-0.077203072310979,35,0.2571428571428571,0.32531231888298084,-0.37536763096008163,-0.33031499936765507
lb10_atr10_m2.0_r0.005_tfnone_rfnone,10,10,2.0,0.005,none,none,-0.2581212890662917,-0.2608638345337049,104,0.15384615384615385,0.19890226670507963,-0.5459821649373597,-0.08079845903122984,-0.08794772538990869,37,0.21621621621621623,0.23061119861816515,-0.4604776234108781,-0.33599673904593175
lb10_atr14_m1.5_r0.005_tfnone_rfadx20,10,14,1.5,0.005,none,adx20,-0.2789586791947205,-0.2841122716978036,107,0.17757009345794392,0.1470550085383247,-0.6133935748770328,-0.07610869867670944,-0.0857627676976982,37,0.2972972972972973,0.2881697182073597,-0.4051426117402548,-0.34180945266374435
lb20_atr14_m1.5_r0.005_tfnone_rfnone,20,14,1.5,0.005,none,none,-0.2135879473348753,-0.2135879473348753,79,0.22784810126582278,0.15779572918690837,-0.6057491590981601,-0.08447763378017359,-0.08850932720647886,31,0.1935483870967742,0.15806572331227783,-0.6056249684831805,-0.3421699846189103
lb10_atr20_m2.0_r0.005_tfnone_rfnone,10,20,2.0,0.005,none,none,-0.23660679068747292,-0.2377619881153441,102,0.18627450980392157,0.2068876726825767,-0.5076328895174363,-0.09472636934108292,-0.10210852034234874,39,0.15384615384615385,0.21111578974569561,-0.5299482841352492,-0.3426528481136628
lb10_atr10_m1.5_r0.005_tfma100_rfnone,10,10,1.5,0.005,ma100,none,-0.22330789444143528,-0.22399312707210728,84,0.16666666666666666,0.13837581240107255,-0.5979046512632492,-0.08145250450337249,-0.08851951918986944,30,0.16666666666666666,0.1979754755759256,-0.6469388406077272,-0.35179229353530994
lb10_atr14_m2.0_r0.005_tfnone_rfnone,10,14,2.0,0.005,none,none,-0.24012483869569323,-0.2443791129587718,101,0.18811881188118812,0.2155635645174962,-0.515697770908668,-0.10005774279037039,-0.10651023625997902,41,0.1951219512195122,0.20369557755889203,-0.552586266218953,-0.35367701521484446
lb10_atr14_m1.5_r0.005_tfma100_rfnone,10,14,1.5,0.005,ma100,none,-0.219155316323843,-0.219155316323843,82,0.1951219512195122,0.13099429359691933,-0.6054091377488542,-0.08408588463673627,-0.09141618551619868,31,0.22580645161290322,0.21616049184429398,-0.6616897210558033,-0.35422439096634534
lb10_atr20_m1.5_r0.005_tfnone_rfnone,10,20,1.5,0.005,none,none,-0.2839823228884716,-0.2844344401753569,121,0.21487603305785125,0.18496104728575716,-0.5557786572618594,-0.11518053048499077,-0.12162695527765177,47,0.23404255319148937,0.20641436866814838,-0.5586317522139908,-0.39602628812295343
lb10_atr10_m1.5_r0.005_tfnone_rfnone,10,10,1.5,0.005,none,none,-0.31030604307338927,-0.31091452203317427,124,0.1693548387096774,0.15205120719093662,-0.597843166757489,-0.11758613219479286,-0.12437514614771472,46,0.1956521739130435,0.21312369074514068,-0.5838859667185218,-0.42161596021121645
lb10_atr14_m1.5_r0.005_tfnone_rfnone,10,14,1.5,0.005,none,none,-0.30042022265118973,-0.30042022265118973,122,0.20491803278688525,0.15651594579933326,-0.5867083210737987,-0.12412267630430829,-0.13113255223971876,48,0.22916666666666666,0.1956488558789088,-0.5988842591039075,-0.422806966991709
