key,breakout_lookback,atr_period,atr_mult,risk_per_trade,trend_filter,regime_filter,is_return,is_mdd,is_trades,is_win_rate,is_pf,is_avg_r,oos_return,oos_mdd,oos_trades,oos_win_rate,oos_pf,oos_avg_r,rank_score
lb55_atr14_m3.0_r0.0025_tfnone_rfadx20,55,14,3.0,0.0025,none,adx20,0.001741797918623389,-0.017736792567838666,19,0.2631578947368421,1.0869336651454398,0.03487760172818851,0.0027562256470743396,-0.006189126716308668,6,0.6666666666666666,1.634865866610467,0.17574444254636068,0.07311035921146507
lb55_atr14_m3.0_r0.005_tfnone_rfadx20,55,14,3.0,0.005,none,adx20,0.0031747198881537653,-0.03519669361864941,19,0.2631578947368421,1.0784702366035699,0.03487760172818838,0.005490266485251194,-0.01231569637689034,6,0.6666666666666666,1.6295747625364916,0.1757444425463607,0.0710295597707541
lb55_atr14_m3.0_r0.0025_tfma100_rfadx20,55,14,3.0,0.0025,ma100,adx20,-0.0015297525016348956,-0.017736792567837778,18,0.2222222222222222,0.9338672603711736,-0.031100004014190177,0.0027562256470743396,-0.006189126716308668,6,0.6666666666666666,1.634865866610467,0.17574444254636068,0.06425792376976104
lb55_atr14_m3.0_r0.005_tfma100_rfadx20,55,14,3.0,0.005,ma100,adx20,-0.0033772137710508243,-0.035196693618649744,18,0.2222222222222222,0.92739615443628,-0.03110000401419017,0.005490266485251194,-0.01231569637689034,6,0.6666666666666666,1.6295747625364916,0.1757444425463607,0.06072187125889733
lb55_atr10_m3.0_r0.0025_tfnone_rfadx20,55,10,3.0,0.0025,none,adx20,-0.001156017427527578,-0.01809261761588521,20,0.3,0.9435473938204835,-0.021959769140219704,0.0018383214266930459,-0.006581652089751144,6,0.6666666666666666,1.408147745008088,0.11658855623414606,0.05063696218378684
lb55_atr10_m3.0_r0.005_tfnone_rfadx20,55,10,3.0,0.005,none,adx20,-0.0026201023375042043,-0.03589330075763719,20,0.3,0.9364531392215123,-0.02195976914021975,0.00365303457783539,-0.01309659914428829,6,0.6666666666666666,1.4041081796358674,0.11658855623414603,0.0466369731353532
lb55_atr10_m2.5_r0.0025_tfnone_rfadx20,55,10,2.5,0.0025,none,adx20,-0.009568080072490881,-0.025188369353171036,24,0.16666666666666666,0.7122103934247881,-0.15077820699644767,0.002867500668973566,-0.006654612744665944,6,0.5,1.515551506379898,0.1839235407949156,0.04574086408461038
lb55_atr10_m3.0_r0.0025_tfma100_rfadx20,55,10,3.0,0.0025,ma100,adx20,-0.004436269114125202,-0.01809261761588532,19,0.2631578947368421,0.8100492630679714,-0.08817893001231085,0.0018383214266930459,-0.006581652089751144,6,0.6666666666666666,1.408147745008088,0.11658855623414606,0.041964941975608544
lb55_atr20_m3.0_r0.0025_tfnone_rfadx20,55,20,3.0,0.0025,none,adx20,-0.01089002662984595,-0.023421012789489937,22,0.18181818181818182,0.6372062369188602,-0.18796839565681953,0.0025287901338901797,-0.006068305772463756,6,0.6666666666666666,1.6565458426523725,0.16089134540672292,0.040324539726829825
lb55_atr10_m2.5_r0.005_tfnone_rfadx20,55,10,2.5,0.005,none,adx20,-0.019511801390395656,-0.049790172953019685,24,0.16666666666666666,0.7070052770181909,-0.15077820699644764,0.0057008162859149,-0.0132453376152174,6,0.5,1.5109448519903674,0.1839235407949155,0.03752218862768364
lb55_atr10_m3.0_r0.005_tfma100_rfadx20,55,10,3.0,0.005,ma100,adx20,-0.009169827676729136,-0.035893300757637525,19,0.2631578947368421,0.8042734257724541,-0.08817893001231085,0.00365303457783539,-0.01309659914428829,6,0.6666666666666666,1.4041081796358674,0.11658855623414603,0.03650753316517885
lb55_atr10_m2.5_r0.0025_tfma100_rfadx20,55,10,2.5,0.0025,ma100,adx20,-0.013717659106107782,-0.025188369353170592,23,0.08695652173913043,0.6227174082692015,-0.2253458658822522,0.002867500668973566,-0.006654612744665944,6,0.5,1.515551506379898,0.1839235407949156,0.036409207022841276
lb55_atr20_m3.0_r0.0025_tfma100_rfadx20,55,20,3.0,0.0025,ma100,adx20,-0.013612865622141035,-0.02342101278948927,21,0.14285714285714285,0.5829312520962084,-0.24641855431808685,0.0025287901338901797,-0.006068305772463756,6,0.6666666666666666,1.6565458426523725,0.16089134540672292,0.0334149859567984
lb55_atr20_m3.0_r0.005_tfnone_rfadx20,55,20,3.0,0.005,none,adx20,-0.02196793286242993,-0.04634654669175542,22,0.18181818181818182,0.633978036600761,-0.18796839565681955,0.005036228804153664,-0.012070998775734143,6,0.6666666666666666,1.6509093594821704,0.16089134540672287,0.03180449073848549
lb55_atr10_m2.5_r0.005_tfma100_rfadx20,55,10,2.5,0.005,ma100,adx20,-0.027720129195708543,-0.049790172953019685,23,0.08695652173913043,0.6178647539542066,-0.2253458658822521,0.0057008162859149,-0.0132453376152174,6,0.5,1.5109448519903674,0.1839235407949155,0.026367795470613107
lb55_atr20_m3.0_r0.005_tfma100_rfadx20,55,20,3.0,0.005,ma100,adx20,-0.027354319528023363,-0.04634654669175564,21,0.14285714285714285,0.579806262651064,-0.24641855431808685,0.005036228804153664,-0.012070998775734143,6,0.6666666666666666,1.6509093594821704,0.16089134540672287,0.023697424229635708
lb55_atr14_m3.0_r0.0025_tfnone_rfnone,55,14,3.0,0.0025,none,none,0.0011584560913135977,-0.015280580569711155,20,0.25,1.055026181106825,0.023060618651015056,-0.003036437641365075,-0.010743561498078091,8,0.5,0.7003023128510494,-0.1445386837507647,-0.0036563834527735964
lb55_atr14_m3.0_r0.005_tfnone_rfnone,55,14,3.0,0.005,none,none,0.0020028970015992797,-0.03036001711073566,20,0.25,1.0472723640679886,0.023060618651015063,-0.0061098521272831,-0.021363152793030693,8,0.5,0.6991846204700002,-0.14453868375076465,-0.010725759022410034
lb55_atr14_m3.0_r0.0025_tfma100_rfnone,55,14,3.0,0.0025,ma100,none,-0.0021111892150684763,-0.015280580569711488,19,0.21052631578947367,0.9125624116118709,-0.04006642800372112,-0.003036437641365075,-0.010743561498078091,8,0.5,0.7003023128510494,-0.1445386837507647,-0.011493280941355594
lb55_atr14_m3.0_r0.005_tfma100_rfnone,55,14,3.0,0.005,ma100,none,-0.004541383249219488,-0.030360017110735882,19,0.21052631578947367,0.9061984817992194,-0.040066428003721156,-0.0061098521272831,-0.021363152793030693,8,0.5,0.6991846204700002,-0.14453868375076465,-0.019366721431226253
lb55_atr10_m3.0_r0.0025_tfnone_rfnone,55,10,3.0,0.0025,none,none,-0.0022352586864290425,-0.016157999497183773,21,0.2857142857142857,0.8982090136483769,-0.03948574017759553,-0.003964753419668177,-0.010535639282765796,8,0.5,0.6152522593305563,-0.1897255077727919,-0.021390549457847716
lb55_atr14_m2.5_r0.0025_tfnone_rfadx20,55,14,2.5,0.0025,none,adx20,-0.0018701805423499973,-0.02063080042365162,22,0.22727272727272727,0.9331611255334493,-0.032361158407635454,-0.004258310844082791,-0.008087758556483027,9,0.4444444444444444,0.5139227066126824,-0.18343935243475012,-0.021473219086912885
lb55_atr10_m2.5_r0.0025_tfnone_rfnone,55,10,2.5,0.0025,none,none,-0.01023262467074637,-0.022760015171322867,25,0.16,0.7025545008813413,-0.15374527945394115,-0.00309063805815879,-0.009959586523512143,8,0.375,0.7316051728328843,-0.14383218754054222,-0.027262745951984198
lb55_atr10_m3.0_r0.0025_tfma100_rfnone,55,10,3.0,0.0025,ma100,none,-0.005511966092817122,-0.01615799949718355,20,0.25,0.7780262351185333,-0.10327024155795086,-0.003964753419668177,-0.010535639282765796,8,0.5,0.6152522593305563,-0.1897255077727919,-0.029362231889418947
lb55_atr10_m3.0_r0.005_tfnone_rfnone,55,10,3.0,0.005,none,none,-0.0047788965473594125,-0.032085950665934226,21,0.2857142857142857,0.8915917329246593,-0.0394857401775955,-0.007957280125970745,-0.0209565785155732,8,0.5,0.6144866927025987,-0.18972550777279187,-0.030044621313806426
lb55_atr14_m2.5_r0.005_tfnone_rfadx20,55,14,2.5,0.005,none,adx20,-0.004201402646133667,-0.040891480008878656,22,0.22727272727272727,0.925377033267258,-0.032361158407635426,-0.00852452543693627,-0.016128598247343473,9,0.4444444444444444,0.5136034881178904,-0.18343935243475012,-0.03027075674849786
lb30_atr14_m3.0_r0.0025_tfma100_rfadx20,30,14,3.0,0.0025,ma100,adx20,-0.01803109094337807,-0.031616352122175395,26,0.23076923076923078,0.5525029078705003,-0.2633776005177459,-0.0017202189178392446,-0.0094375179315066,8,0.5,0.8173664132693635,-0.08409033119699308,-0.03091044856204929
lb55_atr14_m2.5_r0.0025_tfma100_rfadx20,55,14,2.5,0.0025,ma100,adx20,-0.006089641988493488,-0.020630800423651507,21,0.14285714285714285,0.8047347731440392,-0.10862464782314382,-0.004258310844082791,-0.008087758556483027,9,0.4444444444444444,0.5139227066126824,-0.18343935243475012,-0.03091588270127667
lb10_atr20_m3.0_r0.0025_tfma100_rfadx20,10,20,3.0,0.0025,ma100,adx20,-0.03658614614690581,-0.044981751557031324,41,0.1951219512195122,0.4454105107557779,-0.34563296257322706,0.00011265289411577228,-0.011248559254546486,10,0.4,1.0097574731208898,0.0008731322713362077,-0.031357796440782626
lb10_atr10_m3.0_r0.0025_tfma100_rfadx20,10,10,3.0,0.0025,ma100,adx20,-0.029471077492990383,-0.039696534577879805,39,0.23076923076923078,0.5084694518392744,-0.2932420318175913,-0.001417895470720909,-0.012187696176178542,10,0.4,0.9036665792609891,-0.05290885060717354,-0.03406408169525503
lb55_atr20_m3.0_r0.0025_tfnone_rfnone,55,20,3.0,0.0025,none,none,-0.014022616999777027,-0.02347003764281186,24,0.16666666666666666,0.5814863258019812,-0.22172195705436146,-0.0026804318174673547,-0.01107246246430238,8,0.5,0.7041660994858954,-0.12927007199502102,-0.03451927324077077
lb55_atr10_m2.5_r0.0025_tfma100_rfnone,55,10,2.5,0.0025,ma100,none,-0.014379419484391587,-0.022760015171322312,24,0.08333333333333333,0.6166424775447839,-0.22532958057189942,-0.00309063805815879,-0.009959586523512143,8,0.375,0.7316051728328843,-0.14383218754054222,-0.03629450621097967
lb10_atr14_m3.0_r0.0025_tfma100_rfadx20,10,14,3.0,0.0025,ma100,adx20,-0.030816825018749716,-0.04238060005487321,39,0.23076923076923078,0.48159905751758597,-0.30682137663671544,-0.0014728970727460045,-0.011354452709985252,10,0.4,0.8913753595330542,-0.05494304963766707,-0.03689961276773038
lb30_atr20_m3.0_r0.0025_tfma100_rfadx20,30,20,3.0,0.0025,ma100,adx20,-0.02304267747737765,-0.03093129404631645,27,0.14814814814814814,0.47885676620971296,-0.32320421691163465,-0.0014760014673576016,-0.009878166896194918,8,0.5,0.8323671354667107,-0.07409834944963797,-0.03714190580989296
lb55_atr10_m3.0_r0.005_tfma100_rfnone,55,10,3.0,0.005,ma100,none,-0.011314445233162718,-0.03208595066593378,20,0.25,0.7722665374442316,-0.10327024155795092,-0.007957280125970745,-0.0209565785155732,8,0.5,0.6144866927025987,-0.18972550777279187,-0.039183999930021175
lb55_atr10_m2.5_r0.005_tfnone_rfnone,55,10,2.5,0.005,none,none,-0.020832351872695276,-0.04504569472162856,25,0.16,0.6969763286378292,-0.15374527945394117,-0.006231369478115423,-0.019811503612617853,8,0.375,0.729892920302835,-0.14383218754054222,-0.039533478786940475
lb55_atr20_m3.0_r0.0025_tfma100_rfnone,55,20,3.0,0.0025,ma100,none,-0.016736832543280178,-0.023470037642812303,23,0.13043478260869565,0.5366120872281024,-0.2765570393710638,-0.0026804318174673547,-0.01107246246430238,8,0.5,0.7041660994858954,-0.12927007199502102,-0.04100991944308443
lb55_atr14_m2.5_r0.005_tfma100_rfadx20,55,14,2.5,0.005,ma100,adx20,-0.012613355790313752,-0.04089148000887877,21,0.14285714285714285,0.7981051170243109,-0.10862464782314385,-0.00852452543693627,-0.016128598247343473,9,0.4444444444444444,0.5136034881178904,-0.18343935243475012,-0.041200921549626325
lb30_atr10_m3.0_r0.0025_tfma100_rfadx20,30,10,3.0,0.0025,ma100,adx20,-0.016744115456397868,-0.03177006838751606,26,0.2692307692307692,0.5818869827064145,-0.24731212193411534,-0.0029392320445225106,-0.009516883314697133,8,0.5,0.6965043403250892,-0.14351955399363553,-0.0413437190543842
lb20_atr10_m2.5_r0.0025_tfma100_rfadx20,20,10,2.5,0.0025,ma100,adx20,-0.04387792084146103,-0.04988708643783779,39,0.15384615384615385,0.3782043279158188,-0.4354442241175733,0.00016897070088472965,-0.011767862193668877,9,0.3333333333333333,1.0134388205035492,0.0052902299930292,-0.04320447155830716
lb20_atr10_m3.0_r0.0025_tfma100_rfadx20,20,10,3.0,0.0025,ma100,adx20,-0.03035139854212343,-0.04217683669081407,34,0.20588235294117646,0.4644072346165662,-0.34777673181136526,-0.0015170424144131944,-0.01231180112379271,9,0.4444444444444444,0.8700494517303161,-0.06858286284053097,-0.04333126707364852
lb10_atr10_m2.5_r0.0025_tfma100_rfadx20,10,10,2.5,0.0025,ma100,adx20,-0.05488083557076795,-0.060253550607652806,49,0.14285714285714285,0.34012507058038854,-0.43414144815404637,0.0007651917954023535,-0.011639251730979239,11,0.45454545454545453,1.0529368105282242,0.030736674003866957,-0.04462630919595652
lb30_atr14_m3.0_r0.0025_tfnone_rfadx20,30,14,3.0,0.0025,none,adx20,-0.013354335225557734,-0.03251069810289742,29,0.3103448275862069,0.6714095103403422,-0.17493735439952998,-0.0049299471198887,-0.012622433017276169,10,0.4,0.6093967843904775,-0.1954912432190901,-0.044695560465210324
lb30_atr14_m3.0_r0.005_tfma100_rfadx20,30,14,3.0,0.005,ma100,adx20,-0.03609936137835201,-0.06231123870593214,26,0.23076923076923078,0.550934309513237,-0.26337760051774584,-0.0034814820838769966,-0.018775120526006384,8,0.5,0.8157320198199579,-0.08409033119699305,-0.04678326675041888
lb55_atr20_m3.0_r0.005_tfnone_rfnone,55,20,3.0,0.005,none,none,-0.028164856932112237,-0.04644447155453013,24,0.16666666666666666,0.578396259872296,-0.22172195705436146,-0.005394962743071052,-0.022006895606406673,8,0.5,0.7030395033714083,-0.12927007199502105,-0.04849006090048552
lb30_atr10_m3.0_r0.0025_tfnone_rfadx20,30,10,3.0,0.0025,none,adx20,-0.00987859642987532,-0.031032047401961527,29,0.3103448275862069,0.7507146977320229,-0.13154221012928213,-0.006318258866448878,-0.012873618556429545,10,0.4,0.5161329328897214,-0.24882997001818846,-0.04960975522766908
lb20_atr14_m3.0_r0.0025_tfma100_rfadx20,20,14,3.0,0.0025,ma100,adx20,-0.03262741230681199,-0.04309329882693502,33,0.21212121212121213,0.4095156355284139,-0.38294083541406665,-0.0017488895628029466,-0.011448273609916515,9,0.4444444444444444,0.8468173178155057,-0.07617888464198917,-0.04972737775455957
lb55_atr10_m2.5_r0.005_tfma100_rfnone,55,10,2.5,0.005,ma100,none,-0.02902962445953916,-0.04504569472162856,24,0.08333333333333333,0.6112587527666519,-0.22532958057189942,-0.006231369478115423,-0.019811503612617853,8,0.375,0.729892920302835,-0.14383218754054222,-0.050385912345488934
lb30_atr10_m2.5_r0.0025_tfma100_rfadx20,30,10,2.5,0.0025,ma100,adx20,-0.029406467608189435,-0.038640913631613816,31,0.12903225806451613,0.4475275054529074,-0.3613349254261957,-0.002256780160605709,-0.009131474110096738,8,0.375,0.7903050751624531,-0.10707449472314359,-0.051164474283449064
lb10_atr10_m3.0_r0.0025_tfnone_rfadx20,10,10,3.0,0.0025,none,adx20,-0.03770277850922443,-0.056493878115898455,58,0.27586206896551724,0.5579620820406572,-0.2619622455956517,-0.00580713217075135,-0.01676718450735004,19,0.3157894736842105,0.75174473693125,-0.12228805278547764,-0.0547046647668744
lb20_atr20_m3.0_r0.0025_tfma100_rfadx20,20,20,3.0,0.0025,ma100,adx20,-0.038371321771012656,-0.04321283331099135,35,0.17142857142857143,0.3820514499468404,-0.42506905925962485,-0.0015399529870865347,-0.011248820545178506,9,0.4444444444444444,0.8521266011961401,-0.06846038031654254,-0.05477890448402727
lb10_atr14_m3.0_r0.0025_tfnone_rfadx20,10,14,3.0,0.0025,none,adx20,-0.03990509812173615,-0.05536822139355946,57,0.2807017543859649,0.5085363484587115,-0.27840709085220755,-0.00505170904413943,-0.016784903192489264,18,0.3333333333333333,0.7619439054692775,-0.11065497959072175,-0.05499587677179654
lb30_atr20_m3.0_r0.005_tfma100_rfadx20,30,20,3.0,0.005,ma100,adx20,-0.04590721399028019,-0.06099431000427147,27,0.14814814814814814,0.4772280548384511,-0.3232042169116347,-0.0029908863389249696,-0.019642972181913798,8,0.5,0.8307020484344663,-0.07409834944963797,-0.055061376194988784
lb10_atr10_m3.0_r0.005_tfma100_rfadx20,10,10,3.0,0.005,ma100,adx20,-0.05848225688508546,-0.07794760367506637,39,0.23076923076923078,0.5080675016345767,-0.2932420318175913,-0.002373479441709403,-0.024189896806161015,10,0.4,0.91816190047319,-0.05290885060717358,-0.055841967156654466
lb55_atr20_m3.0_r0.005_tfma100_rfnone,55,20,3.0,0.005,ma100,none,-0.03351711483005271,-0.046444471554530575,23,0.13043478260869565,0.5334993817455214,-0.27655703937106374,-0.005394962743071052,-0.022006895606406673,8,0.5,0.7030395033714083,-0.12927007199502105,-0.05616806387760137
lb10_atr20_m3.0_r0.005_tfma100_rfadx20,10,20,3.0,0.005,ma100,adx20,-0.07222390113480637,-0.08806793352716735,41,0.1951219512195122,0.4452238619609265,-0.345632962573227,0.00014926011843763298,-0.022349755663545467,10,0.4,1.0064286604846324,0.0008731322713362022,-0.05635990041287259
lb30_atr10_m3.0_r0.005_tfma100_rfadx20,30,10,3.0,0.005,ma100,adx20,-0.033580025458527674,-0.06260582928931357,26,0.2692307692307692,0.5802025260408673,-0.24731212193411536,-0.005910911644003147,-0.01893702476041037,8,0.5,0.6954219761402874,-0.14351955399363556,-0.05735933853378593
lb30_atr20_m3.0_r0.0025_tfnone_rfadx20,30,20,3.0,0.0025,none,adx20,-0.01848104579788834,-0.03148175570182177,30,0.23333333333333334,0.5894789267293439,-0.2324596795896134,-0.005619134292856431,-0.013986436976837657,10,0.4,0.56583707381703,-0.22258051737117643,-0.05873711824917078
lb10_atr14_m3.0_r0.005_tfma100_rfadx20,10,14,3.0,0.005,ma100,adx20,-0.06113063277262454,-0.08309118651920222,39,0.23076923076923078,0.4813490101088857,-0.3068213766367155,-0.0030284060649271582,-0.022561364981405374,10,0.4,0.8887948031688021,-0.05494304963766707,-0.06006258184514325
lb30_atr10_m2.5_r0.0025_tfnone_rfadx20,30,10,2.5,0.0025,none,adx20,-0.022624668823034266,-0.03857584630603639,34,0.23529411764705882,0.5809163162362967,-0.25299710462518005,-0.0055160241359435425,-0.01236826110011846,10,0.3,0.606358463548975,-0.2147570828847684,-0.060942941877802255
lb30_atr14_m3.0_r0.005_tfnone_rfadx20,30,14,3.0,0.005,none,adx20,-0.027125812830183338,-0.0640608092360534,29,0.3103448275862069,0.6671670221422953,-0.17493735439952995,-0.009884664617178962,-0.025080032975227873,10,0.4,0.6087983273076492,-0.19549124321909,-0.06133002759770539
lb55_atr20_m2.5_r0.0025_tfnone_rfadx20,55,20,2.5,0.0025,none,adx20,-0.009194954987247872,-0.024305112182551603,24,0.16666666666666666,0.7178446908415311,-0.14105008404422062,-0.0070934307978104405,-0.008835897266037063,9,0.3333333333333333,0.2626446582697433,-0.2982031793230665,-0.06188012458155569
lb20_atr10_m3.0_r0.0025_tfnone_rfadx20,20,10,3.0,0.0025,none,adx20,-0.028383136137277498,-0.04864708905991799,41,0.21951219512195122,0.5550674034972725,-0.27480647653204165,-0.006485109341193729,-0.01722615748564149,14,0.2857142857142857,0.6468767397933363,-0.18334975513579663,-0.0630262125575159
lb55_atr14_m2.5_r0.0025_tfnone_rfnone,55,14,2.5,0.0025,none,none,-0.00498143344239943,-0.020558429565974534,24,0.20833333333333334,0.8424664393471641,-0.07791552822959051,-0.010158722986886803,-0.013965478750131433,11,0.36363636363636365,0.3068680533875477,-0.3544214308627001,-0.0649548717961111
lb30_atr10_m3.0_r0.005_tfnone_rfadx20,30,10,3.0,0.005,none,adx20,-0.020069898446689383,-0.06119055893096037,29,0.3103448275862069,0.7480592917758779,-0.1315422101292821,-0.012642649655424054,-0.025580552990802752,10,0.4,0.5158948009820566,-0.2488299700181885,-0.06523277597090761
lb20_atr10_m2.5_r0.0025_tfnone_rfadx20,20,10,2.5,0.0025,none,adx20,-0.04439613220486638,-0.05817268311118329,46,0.21739130434782608,0.4445698775049106,-0.37735165946736454,-0.004023507736088949,-0.015910304170822065,14,0.2857142857142857,0.7886715225323778,-0.113223826661858,-0.06584210709978158
lb20_atr10_m3.0_r0.005_tfma100_rfadx20,20,10,3.0,0.005,ma100,adx20,-0.06019217143164757,-0.08268668899813147,34,0.20588235294117646,0.4644936378165487,-0.3477767318113652,-0.0031139406834576056,-0.024434638922713248,9,0.4444444444444444,0.8671732526825232,-0.06858286284053092,-0.0665164047204847
lb10_atr10_m2.5_r0.0025_tfnone_rfadx20,10,10,2.5,0.0025,none,adx20,-0.07532795191147423,-0.08409282376724159,72,0.18055555555555555,0.35457844296882735,-0.41601100897555915,-0.001479051324219105,-0.014203556195317435,20,0.4,0.9363164113425917,-0.031127412829031843,-0.06965490072440614
lb55_atr20_m2.5_r0.0025_tfma100_rfadx20,55,20,2.5,0.0025,ma100,adx20,-0.012950579788440608,-0.02430511218255149,23,0.13043478260869565,0.6365182468652603,-0.20885977394719152,-0.0070934307978104405,-0.008835897266037063,9,0.3333333333333333,0.2626446582697433,-0.2982031793230665,-0.0703574312703532
lb20_atr10_m2.5_r0.005_tfma100_rfadx20,20,10,2.5,0.005,ma100,adx20,-0.08633690051892551,-0.09741113330285034,39,0.15384615384615385,0.37781588270152927,-0.4354442241175733,0.00021880334837387494,-0.023344252285593337,9,0.3333333333333333,1.0086593774822699,0.005290229993029256,-0.07204411025571426
lb30_atr10_m2.5_r0.005_tfma100_rfadx20,30,10,2.5,0.005,ma100,adx20,-0.058418332186340516,-0.07587652518448462,31,0.12903225806451613,0.445883083682435,-0.3613349254261957,-0.004564431710259664,-0.018167345028755277,8,0.375,0.788358699026762,-0.10707449472314357,-0.0731065545154158
lb55_atr14_m2.5_r0.0025_tfma100_rfnone,55,14,2.5,0.0025,ma100,none,-0.009187742479502048,-0.020558429565974423,23,0.13043478260869565,0.7360762008146324,-0.14952803464470485,-0.010158722986886803,-0.013965478750131433,11,0.36363636363636365,0.3068680533875477,-0.3544214308627001,-0.07338964087130083
lb20_atr14_m3.0_r0.005_tfma100_rfadx20,20,14,3.0,0.005,ma100,adx20,-0.06457812817133157,-0.08443276280246481,33,0.21212121212121213,0.409856082135078,-0.38294083541406665,-0.0035628677849143253,-0.022746903643172223,9,0.4444444444444444,0.8445805548040916,-0.07617888464198913,-0.0738680988703279
lb55_atr20_m2.5_r0.005_tfnone_rfadx20,55,20,2.5,0.005,none,adx20,-0.018740828433713497,-0.04808837391890264,24,0.16666666666666666,0.7131331275994779,-0.14105008404422062,-0.014159515787308119,-0.01760496120264221,9,0.3333333333333333,0.2618417710493402,-0.29820317932306645,-0.07573685535813482
lb10_atr20_m3.0_r0.0025_tfnone_rfadx20,10,20,3.0,0.0025,none,adx20,-0.0482941381420493,-0.0589391729912474,59,0.22033898305084745,0.4580035926864544,-0.32269995505108,-0.007418669231651132,-0.019503426282643344,18,0.3333333333333333,0.6676585449272301,-0.16217624396082128,-0.07589651165490642
lb10_atr10_m2.5_r0.005_tfma100_rfadx20,10,10,2.5,0.005,ma100,adx20,-0.10743264459235857,-0.11664832864491248,49,0.14285714285714285,0.3378236689456731,-0.43414144815404637,0.0029598101369188168,-0.02309072793726452,11,0.45454545454545453,1.1074854221205122,0.03073667400386695,-0.07690070269780366
lb20_atr14_m3.0_r0.0025_tfnone_rfadx20,20,14,3.0,0.0025,none,adx20,-0.033875743067666275,-0.05069388405966124,40,0.25,0.4580832926849617,-0.3314639917002246,-0.00740183613579648,-0.01704629402331348,14,0.2857142857142857,0.6050093424267264,-0.20798230715064392,-0.07703694190478799
lb30_atr20_m3.0_r0.005_tfnone_rfadx20,30,20,3.0,0.005,none,adx20,-0.03712273936998267,-0.06207530701826025,30,0.23333333333333334,0.5866993633521183,-0.23245967958961336,-0.011256282815122032,-0.0277703196776532,10,0.4,0.5655487513811126,-0.22258051737117643,-0.078128026433334
lb55_atr14_m2.5_r0.005_tfnone_rfnone,55,14,2.5,0.005,none,none,-0.010413691132407421,-0.04075346103799227,24,0.20833333333333334,0.8357854608417383,-0.07791552822959046,-0.020257375930998855,-0.027771464216604924,11,0.36363636363636365,0.30720034523142203,-0.35442143086270006,-0.08036745713741413
lb20_atr20_m3.0_r0.005_tfma100_rfadx20,20,20,3.0,0.005,ma100,adx20,-0.07566260524972879,-0.08468594687652142,35,0.17142857142857143,0.3820365409995384,-0.42506905925962485,-0.0031370527712519802,-0.022353008525705986,9,0.4444444444444444,0.8499870880304218,-0.06846038031654254,-0.08117358875553006
lb30_atr10_m2.5_r0.005_tfnone_rfadx20,30,10,2.5,0.005,none,adx20,-0.04579445080697242,-0.07577380593524119,34,0.23529411764705882,0.574064641009787,-0.25299710462518,-0.011062127718786008,-0.02457624815264947,10,0.3,0.6053460998997919,-0.21475708288476852,-0.08289317540392195
lb30_atr14_m2.5_r0.0025_tfma100_rfadx20,30,14,2.5,0.0025,ma100,adx20,-0.021675486310073766,-0.03433097759542669,29,0.1724137931034483,0.5526454432849057,-0.28204257391234117,-0.008883808610433919,-0.012695467470531407,11,0.36363636363636365,0.357228565917629,-0.31190315591642015,-0.08534147584483259
lb55_atr20_m2.5_r0.005_tfma100_rfadx20,55,20,2.5,0.005,ma100,adx20,-0.026175195455259592,-0.04808837391890286,23,0.13043478260869565,0.63218250076713,-0.20885977394719155,-0.014159515787308119,-0.01760496120264221,9,0.3333333333333333,0.2618417710493402,-0.29820317932306645,-0.08586564996608022
lb10_atr14_m3.0_r0.005_tfnone_rfadx20,10,14,3.0,0.005,none,adx20,-0.08167492353366412,-0.10784047967872135,57,0.2807017543859649,0.49020612606653324,-0.27840709085220755,-0.010198881419680839,-0.03330997194892149,18,0.3333333333333333,0.760381302571741,-0.11065497959072174,-0.08848881514192679
lb20_atr20_m3.0_r0.0025_tfnone_rfadx20,20,20,3.0,0.0025,none,adx20,-0.039215640259290696,-0.05026128432896726,42,0.21428571428571427,0.43643307995083047,-0.3656152373488432,-0.008327673204116204,-0.017970538044517315,14,0.2857142857142857,0.5536046706305963,-0.23361269540675322,-0.08851173593141548
lb30_atr14_m2.5_r0.0025_tfnone_rfadx20,30,14,2.5,0.0025,none,adx20,-0.018053180220189535,-0.03779611407962946,33,0.24242424242424243,0.6451727720935465,-0.20823070290085632,-0.012032207238601544,-0.015831757910344968,13,0.3076923076923077,0.2904984549613563,-0.36134201660314463,-0.08864858833126121
lb55_atr14_m2.5_r0.005_tfma100_rfnone,55,14,2.5,0.005,ma100,none,-0.018773166315879886,-0.0407534610379926,23,0.13043478260869565,0.7299920486908493,-0.1495280346447049,-0.020257375930998855,-0.027771464216604924,11,0.36363636363636365,0.30720034523142203,-0.35442143086270006,-0.08983425107218913
lb10_atr10_m3.0_r0.005_tfnone_rfadx20,10,10,3.0,0.005,none,adx20,-0.08261759395874735,-0.10997875978937366,58,0.27586206896551724,0.5079385370656703,-0.2619622455956517,-0.011727073366183949,-0.03325912715061974,19,0.3157894736842105,0.7498661138390447,-0.12228805278547764,-0.09050996827071964
lb20_atr10_m3.0_r0.005_tfnone_rfadx20,20,10,3.0,0.005,none,adx20,-0.06017068381973523,-0.09506754711568333,41,0.21951219512195122,0.5251560552651983,-0.27480647653204165,-0.013028302125262514,-0.03413695897166258,14,0.2857142857142857,0.6457333106304458,-0.18334975513579657,-0.09216140358514549
lb55_atr20_m2.5_r0.0025_tfnone_rfnone,55,20,2.5,0.0025,none,none,-0.011882870522976319,-0.02378818926643833,26,0.19230769230769232,0.667431683280993,-0.1686737302652039,-0.012335804542000561,-0.013704421519401433,11,0.2727272727272727,0.16992189144133912,-0.4272213867099248,-0.09297698431060183
lb20_atr14_m2.5_r0.0025_tfma100_rfadx20,20,14,2.5,0.0025,ma100,adx20,-0.03684333502554149,-0.0462897632888889,37,0.1891891891891892,0.4481228852295744,-0.3842234459661498,-0.008368510894410819,-0.01314266634660799,12,0.3333333333333333,0.46341447313997675,-0.26962789395904757,-0.0947720536332254
lb20_atr10_m2.5_r0.005_tfnone_rfadx20,20,10,2.5,0.005,none,adx20,-0.08963536804047245,-0.11312558075826284,46,0.21739130434782608,0.4303606208430166,-0.37735165946736454,-0.008173510785218663,-0.03153886111294135,14,0.2857142857142857,0.7858846146967877,-0.11322382666185794,-0.10044263727611168
lb55_atr20_m2.5_r0.0025_tfma100_rfnone,55,20,2.5,0.0025,ma100,none,-0.01562830683925842,-0.023788189266437887,25,0.16,0.5967894942495303,-0.23216359082477656,-0.012335804542000561,-0.013704421519401433,11,0.2727272727272727,0.16992189144133912,-0.4272213867099248,-0.10086894963291683
lb20_atr14_m2.5_r0.0025_tfnone_rfadx20,20,14,2.5,0.0025,none,adx20,-0.038369074399221104,-0.05608954467245997,45,0.2222222222222222,0.49382425789059314,-0.3340989258064238,-0.01316759971668291,-0.017918650218787024,17,0.29411764705882354,0.4147113318121473,-0.3016440567461583,-0.10199843818597884
lb10_atr14_m2.5_r0.0025_tfma100_rfadx20,10,14,2.5,0.0025,ma100,adx20,-0.04475521777814295,-0.05664770143992104,47,0.1702127659574468,0.43005132215187836,-0.3688027621802972,-0.010544188587836123,-0.016814098428988622,14,0.2857142857142857,0.49193182523213835,-0.2886785989457863,-0.10331380006144504
lb30_atr14_m2.5_r0.005_tfma100_rfadx20,30,14,2.5,0.005,ma100,adx20,-0.04263636824341299,-0.06758127398659952,29,0.1724137931034483,0.5544578110570989,-0.28204257391234117,-0.01772920987299853,-0.02526268780491958,11,0.36363636363636365,0.35743633477238684,-0.3119031559164202,-0.1075382808366751
lb20_atr14_m3.0_r0.005_tfnone_rfadx20,20,14,3.0,0.005,none,adx20,-0.06841556764863277,-0.09895186385729515,40,0.25,0.4479615660851443,-0.33146399170022467,-0.014838476041151183,-0.03380542678072174,14,0.2857142857142857,0.604286395548678,-0.20798230715064386,-0.10790388219618291
lb30_atr20_m2.5_r0.0025_tfma100_rfadx20,30,20,2.5,0.0025,ma100,adx20,-0.028142664568056364,-0.03827082989288422,31,0.1935483870967742,0.4661866444340869,-0.3422962562524697,-0.010966910494658921,-0.012337424363373706,11,0.2727272727272727,0.24479394604549454,-0.38144374370292533,-0.10952873540654014
lb30_atr14_m3.0_r0.0025_tfma100_rfnone,30,14,3.0,0.0025,ma100,none,-0.019946106818228393,-0.027680462654625204,29,0.20689655172413793,0.5629513770971446,-0.26144621510349103,-0.014909733363321798,-0.02112112744121264,12,0.3333333333333333,0.3396318905867844,-0.462306050538225,-0.1120103250324473
lb55_atr20_m2.5_r0.005_tfnone_rfnone,55,20,2.5,0.005,none,none,-0.024071199467064486,-0.04708262240185146,26,0.19230769230769232,0.6629421873498158,-0.16867373026520394,-0.02455624688420599,-0.0272558719405811,11,0.2727272727272727,0.16964418137598347,-0.4272213867099248,-0.1120265511052943
lb30_atr14_m2.5_r0.005_tfnone_rfadx20,30,14,2.5,0.005,none,adx20,-0.03679152274296493,-0.07428023582197274,33,0.24242424242424243,0.635616013214577,-0.20823070290085632,-0.023965310930552097,-0.031450961389468346,13,0.3076923076923077,0.29063839289440746,-0.36134201660314463,-0.11291043662411776
lb10_atr20_m3.0_r0.005_tfnone_rfadx20,10,20,3.0,0.005,none,adx20,-0.09499256244692467,-0.11458629840658396,59,0.22033898305084745,0.45773598451764963,-0.32269995505107996,-0.014894054495509512,-0.03864303804098568,18,0.3333333333333333,0.6670633256979757,-0.16217624396082125,-0.11380357776328145
lb10_atr14_m2.5_r0.0025_tfnone_rfadx20,10,14,2.5,0.0025,none,adx20,-0.05765776444504389,-0.07239275099262132,68,0.22058823529411764,0.44479718753080005,-0.33684170927457,-0.017634560484316997,-0.02400982740436275,24,0.20833333333333334,0.4578721904293797,-0.28619690830215294,-0.11440431150892383
lb30_atr20_m2.5_r0.0025_tfnone_rfadx20,30,20,2.5,0.0025,none,adx20,-0.024642995529073897,-0.041365254035633625,35,0.2,0.5525433861834405,-0.2663520128166252,-0.014941270623041292,-0.01630627717786237,13,0.23076923076923078,0.1918034470799465,-0.4440392307367108,-0.11525811780517402
lb20_atr10_m3.0_r0.0025_tfma100_rfnone,20,10,3.0,0.0025,ma100,none,-0.033320517936280325,-0.039334778673387416,37,0.1891891891891892,0.46866243409765934,-0.3503454575525622,-0.013783768251534045,-0.020845539233872,13,0.3076923076923077,0.42332087698986137,-0.39746483547726935,-0.11556956546632857
lb30_atr14_m3.0_r0.0025_tfnone_rfnone,30,14,3.0,0.0025,none,none,-0.01960048842941542,-0.029876794321297417,34,0.2647058823529412,0.6096596654186014,-0.22019636309559704,-0.01807705385834446,-0.024268476694581764,14,0.2857142857142857,0.2976507889843842,-0.4878473135052612,-0.11559190790427819
lb10_atr20_m2.5_r0.0025_tfma100_rfadx20,10,20,2.5,0.0025,ma100,adx20,-0.04817479406708203,-0.05759121026182423,49,0.16326530612244897,0.41724728693052116,-0.38050534201440367,-0.013143553704177746,-0.017305061964126733,16,0.3125,0.2977113024698927,-0.31743402674751786,-0.1161604772766116
lb55_atr20_m2.0_r0.0025_tfnone_rfadx20,55,20,2.0,0.0025,none,adx20,-0.035059003361899044,-0.0392067688408575,29,0.20689655172413793,0.22798920618174812,-0.4579785490517897,-0.009908919784130554,-0.011923239117044182,11,0.18181818181818182,0.27842083973857584,-0.341835467623505,-0.11761374069331848
lb10_atr20_m3.0_r0.0025_tfma100_rfnone,10,20,3.0,0.0025,ma100,none,-0.045075245232806704,-0.04772358215300965,46,0.17391304347826086,0.3964725793614887,-0.38054873317459614,-0.013880372267045415,-0.02508262459553401,15,0.26666666666666666,0.4562758180048276,-0.35119124534875396,-0.11842709998545808
lb10_atr10_m2.5_r0.005_tfnone_rfadx20,10,10,2.5,0.005,none,adx20,-0.15088346593639046,-0.1609736322660933,72,0.18055555555555555,0.32909290388545687,-0.41601100897555915,-0.0031483737580297877,-0.028212994809976633,20,0.4,0.932523014709863,-0.031127412829031864,-0.11932034599857855
lb30_atr10_m3.0_r0.0025_tfnone_rfnone,30,10,3.0,0.0025,none,none,-0.01719173025696019,-0.029451003937837172,34,0.2647058823529412,0.6555907539689048,-0.1946367331340523,-0.01922234213716123,-0.025246366936867215,14,0.2857142857142857,0.2588492728249328,-0.5222405599693741,-0.11936542652948684
lb20_atr14_m3.0_r0.0025_tfma100_rfnone,20,14,3.0,0.0025,ma100,none,-0.03420631364042237,-0.038897901547075064,36,0.19444444444444445,0.4322783889605486,-0.36801854707080106,-0.01417647321789528,-0.020392490798706753,13,0.3076923076923077,0.4045126535304423,-0.4049840218124959,-0.11952226181758303
lb30_atr10_m3.0_r0.0025_tfma100_rfnone,30,10,3.0,0.0025,ma100,none,-0.01993158258371841,-0.029072164991755134,29,0.2413793103448276,0.5697536570057068,-0.26344641774432337,-0.0158871958070248,-0.021931705376181165,12,0.3333333333333333,0.2972252116048076,-0.49760204761153654,-0.11961310561783907
lb55_atr14_m2.0_r0.0025_tfnone_rfadx20,55,14,2.0,0.0025,none,adx20,-0.030094866304278378,-0.03523915631655783,29,0.2413793103448276,0.2765715604770409,-0.39450654811155406,-0.01206955316074787,-0.014049389035229898,12,0.08333333333333333,0.1367443701057294,-0.3822585351839592,-0.11983308543389816
lb20_atr10_m2.5_r0.0025_tfma100_rfnone,20,10,2.5,0.0025,ma100,none,-0.046089677114515615,-0.04615788104513552,42,0.16666666666666666,0.3864948374443425,-0.4241438308889335,-0.012523441640776345,-0.02047599045151427,13,0.23076923076923078,0.5032503064406522,-0.3520089580066577,-0.11985657257777695
lb55_atr20_m2.5_r0.005_tfma100_rfnone,55,20,2.5,0.005,ma100,none,-0.03146518170977608,-0.047082622401851904,25,0.16,0.5924395190922617,-0.23216359082477656,-0.02455624688420599,-0.0272558719405811,11,0.2727272727272727,0.16964418137598347,-0.4272213867099248,-0.1215524744467532
lb20_atr20_m3.0_r0.005_tfnone_rfadx20,20,20,3.0,0.005,none,adx20,-0.07913386751255891,-0.09815049141046794,42,0.21428571428571427,0.42373469556995524,-0.3656152373488432,-0.01666729516255816,-0.035622436188306295,14,0.2857142857142857,0.5533723325241249,-0.23361269540675325,-0.12249357641039986
lb30_atr20_m3.0_r0.0025_tfma100_rfnone,30,20,3.0,0.0025,ma100,none,-0.03005393897944897,-0.031993736262889594,31,0.12903225806451613,0.41655549431859856,-0.3683958105260857,-0.013987308438718649,-0.020525328915575902,12,0.3333333333333333,0.3430393800925882,-0.4359276571329822,-0.12304277787989293
lb10_atr14_m3.0_r0.0025_tfma100_rfnone,10,14,3.0,0.0025,ma100,none,-0.038664267691583154,-0.0444102145577856,43,0.20930232558139536,0.41952888877313044,-0.3485409734161967,-0.01622161832342972,-0.02595721867393752,15,0.26666666666666666,0.4266675980535878,-0.40666362574585374,-0.12314222029586812
lb20_atr10_m3.0_r0.0025_tfnone_rfnone,20,10,3.0,0.0025,none,none,-0.03527867991914224,-0.046817233837775696,46,0.1956521739130435,0.5207760149017447,-0.30303307784176825,-0.0210461863670669,-0.028055955027947554,19,0.21052631578947367,0.35957914064830304,-0.4239361826703647,-0.12422485210603453
lb20_atr14_m2.5_r0.005_tfma100_rfadx20,20,14,2.5,0.005,ma100,adx20,-0.07216994506969987,-0.09059957900297888,37,0.1891891891891892,0.44978842427897675,-0.38422344596614977,-0.016720877728320316,-0.026141765292353125,12,0.3333333333333333,0.46359399393233525,-0.2696278939590477,-0.12482498102214354
lb55_atr20_m2.0_r0.0025_tfma100_rfadx20,55,20,2.0,0.0025,ma100,adx20,-0.03974632616599871,-0.03974632616599871,28,0.14285714285714285,0.18139803167322024,-0.5383641891498507,-0.009908919784130554,-0.011923239117044182,11,0.18181818181818182,0.27842083973857584,-0.341835467623505,-0.127321524821603
lb10_atr10_m3.0_r0.0025_tfma100_rfnone,10,10,3.0,0.0025,ma100,none,-0.03603827293987605,-0.04042613163694153,43,0.20930232558139536,0.46612833458372094,-0.3247698963017085,-0.019010157348075873,-0.027776825823897733,16,0.25,0.41096274559142904,-0.4455811247057657,-0.12747062014669563
lb20_atr20_m2.5_r0.0025_tfma100_rfadx20,20,20,2.5,0.0025,ma100,adx20,-0.0427464679478986,-0.04971294377741131,39,0.1794871794871795,0.40340760130161984,-0.42270588661934155,-0.012981708064777941,-0.014349430006668662,13,0.23076923076923078,0.21497498846508284,-0.38345411087764536,-0.12793677995082733
lb20_atr20_m3.0_r0.0025_tfma100_rfnone,20,20,3.0,0.0025,ma100,none,-0.04488284828074385,-0.045755502986588925,39,0.15384615384615385,0.34835177631444253,-0.4465457702705753,-0.013162107796859779,-0.01970559998695165,13,0.3076923076923077,0.4018609604409399,-0.3778980806474298,-0.12795287805332017
lb55_atr10_m2.0_r0.0025_tfnone_rfadx20,55,10,2.0,0.0025,none,adx20,-0.03725764041344659,-0.04096676543078581,30,0.16666666666666666,0.20468302485858014,-0.4742185053746732,-0.010600412090235212,-0.012544091593835183,11,0.09090909090909091,0.10829312565284632,-0.36800723491056464,-0.12862738299239257
lb20_atr10_m2.5_r0.0025_tfnone_rfnone,20,10,2.5,0.0025,none,none,-0.05011305102470742,-0.05501242460903644,51,0.21568627450980393,0.4295912030002616,-0.3836488039200131,-0.018961076125942222,-0.0268617800578973,19,0.21052631578947367,0.44048511616359204,-0.3748356042562382,-0.12904515572865202
lb30_atr20_m3.0_r0.0025_tfnone_rfnone,30,20,3.0,0.0025,none,none,-0.029373904854451127,-0.033435582313455336,36,0.19444444444444445,0.47618732203431163,-0.3104865191409393,-0.018078528634495994,-0.024589421183240145,14,0.2857142857142857,0.2875897735765578,-0.4902964474078891,-0.13046845462751303
lb30_atr10_m2.5_r0.0025_tfnone_rfnone,30,10,2.5,0.0025,none,none,-0.02902214129005032,-0.03589624103332334,39,0.23076923076923078,0.5365705290656657,-0.28321155124941605,-0.019021248025102744,-0.023921292573443886,14,0.21428571428571427,0.3078096464979445,-0.5081820544370788,-0.13049097572653962
lb55_atr14_m2.0_r0.0025_tfma100_rfadx20,55,14,2.0,0.0025,ma100,adx20,-0.03559157007263325,-0.03670575983117097,28,0.17857142857142858,0.20723807885286546,-0.48274770813924955,-0.01206955316074787,-0.014049389035229898,12,0.08333333333333333,0.1367443701057294,-0.3822585351839592,-0.1309610296811809
lb30_atr10_m2.5_r0.0025_tfma100_rfnone,30,10,2.5,0.0025,ma100,none,-0.031926996342550584,-0.03514194888042488,34,0.14705882352941177,0.45058622552676,-0.35715932913880805,-0.01580626501390825,-0.02072236858487897,12,0.25,0.34882255092391024,-0.4852978242547139,-0.1319474254171148
lb20_atr20_m2.5_r0.0025_tfnone_rfadx20,20,20,2.5,0.0025,none,adx20,-0.043784854391245354,-0.05886718439426741,47,0.1702127659574468,0.45505210348964975,-0.3644795950916793,-0.01882743709457202,-0.020187058546405234,18,0.2222222222222222,0.22145227147270155,-0.40439285003565306,-0.13205775223629437
lb55_atr10_m2.0_r0.0025_tfma100_rfadx20,55,10,2.0,0.0025,ma100,adx20,-0.037832370836188844,-0.037832370836188844,28,0.14285714285714285,0.17611257020814627,-0.5158809506629474,-0.010600412090235212,-0.012544091593835183,11,0.09090909090909091,0.10829312565284632,-0.36800723491056464,-0.13239265017593654
lb55_atr20_m2.0_r0.0025_tfnone_rfnone,55,20,2.0,0.0025,none,none,-0.03282749079712877,-0.03698484835561766,33,0.24242424242424243,0.3356204892512369,-0.37501790486635417,-0.015549746620196148,-0.017552589810382546,13,0.15384615384615385,0.19720370334793208,-0.4547112809424423,-0.13240144609683194
lb10_atr14_m3.0_r0.0025_tfnone_rfnone,10,14,3.0,0.0025,none,none,-0.05276439863836724,-0.056638072578625076,64,0.25,0.44514463329340614,-0.32667691707688973,-0.02459374535990244,-0.036096484812032203,25,0.24,0.39547412330864523,-0.3796134691943875,-0.13247061048156394
lb10_atr10_m3.0_r0.0025_tfnone_rfnone,10,10,3.0,0.0025,none,none,-0.04667278020687271,-0.05389710631091271,64,0.25,0.519260926642484,-0.29141352473457943,-0.028462355648089188,-0.0371445540455666,27,0.2222222222222222,0.3802843590011558,-0.40633250294262235,-0.13252015604710007
lb20_atr14_m3.0_r0.0025_tfnone_rfnone,20,14,3.0,0.0025,none,none,-0.03920671740362014,-0.047330858229181816,45,0.2222222222222222,0.4489681532735481,-0.34114093009389346,-0.021950586945934214,-0.028117585583399496,19,0.21052631578947367,0.3393527166817637,-0.44075575059148453,-0.1337938353253275
lb10_atr20_m2.5_r0.0025_tfnone_rfadx20,10,20,2.5,0.0025,none,adx20,-0.06080715682614801,-0.07152512454521864,69,0.17391304347826086,0.41859449679064387,-0.34732637791678267,-0.02263098739726821,-0.02675248777782624,25,0.32,0.3103244521296147,-0.35127459762994834,-0.1338060390485854
lb30_atr14_m3.0_r0.005_tfma100_rfnone,30,14,3.0,0.005,ma100,none,-0.03988637839253828,-0.05468700081026434,29,0.20689655172413793,0.5603575046339645,-0.26144621510349103,-0.026771705600255324,-0.038977827304153334,12,0.3333333333333333,0.36386736079486465,-0.462306050538225,-0.13548583326916008
lb55_atr14_m2.0_r0.0025_tfnone_rfnone,55,14,2.0,0.0025,none,none,-0.028167918375213485,-0.033322428746826116,32,0.28125,0.3738197138769734,-0.3330276228395276,-0.01814432138846056,-0.020111983284394896,14,0.07142857142857142,0.09532624561646796,-0.492062590459635,-0.1358653148739177
lb30_atr20_m2.5_r0.005_tfma100_rfadx20,30,20,2.5,0.005,ma100,adx20,-0.05581599691493233,-0.07518995262395956,31,0.1935483870967742,0.4650692198101146,-0.3422962562524697,-0.02185095235276968,-0.024558064546028602,11,0.2727272727272727,0.244241646170647,-0.38144374370292533,-0.13633650442054726
lb10_atr10_m2.5_r0.0025_tfma100_rfnone,10,10,2.5,0.0025,ma100,none,-0.059584945070135786,-0.06309473722591297,54,0.14814814814814814,0.33950074334928126,-0.4291334898570321,-0.017335221271950196,-0.02659277577128194,17,0.29411764705882354,0.4666529566026686,-0.37310520720260915,-0.13760926796728962
lb10_atr20_m3.0_r0.0025_tfnone_rfnone,10,20,3.0,0.0025,none,none,-0.06131010658484293,-0.06418204464534771,67,0.19402985074626866,0.41019071933071294,-0.3618780260269781,-0.02281430358841441,-0.03471161756035601,24,0.25,0.39442561285305416,-0.3689043479364538,-0.13776090356627577
lb20_atr14_m2.5_r0.005_tfnone_rfadx20,20,14,2.5,0.005,none,adx20,-0.07832642141028734,-0.10922592630677086,45,0.2222222222222222,0.4747053705744877,-0.3340989258064238,-0.026242446654640372,-0.035572107192433866,17,0.29411764705882354,0.41459862442951867,-0.3016440567461583,-0.13940234850956731
lb10_atr14_m2.5_r0.005_tfma100_rfadx20,10,14,2.5,0.005,ma100,adx20,-0.08822900043414994,-0.10990005443773732,47,0.1702127659574468,0.4273947963222518,-0.36880276218029706,-0.020908156289771385,-0.0332555869569271,14,0.2857142857142857,0.49395252362920783,-0.28867859894578635,-0.14029579083213906
lb55_atr20_m2.0_r0.0025_tfma100_rfnone,55,20,2.0,0.0025,ma100,none,-0.037525653455447006,-0.037525653455447006,32,0.1875,0.28566999865439996,-0.44276281982136273,-0.015549746620196148,-0.017552589810382546,13,0.15384615384615385,0.19720370334793208,-0.4547112809424423,-0.1410434922168813
lb30_atr14_m3.0_r0.005_tfnone_rfnone,30,14,3.0,0.005,none,none,-0.03944665118505586,-0.05897299289436875,34,0.2647058823529412,0.6053650998574012,-0.2201963630955971,-0.033025235568415745,-0.045152926190614284,14,0.2857142857142857,0.3163866558647294,-0.48784731350526117,-0.1419273492882799
lb20_atr20_m3.0_r0.0025_tfnone_rfnone,20,20,3.0,0.0025,none,none,-0.04866026690675462,-0.0509620529027528,48,0.1875,0.3853426219104584,-0.39740054220006044,-0.021751362571379218,-0.02823790141383431,19,0.21052631578947367,0.32089131751343,-0.43945963384808734,-0.14421817101752826
lb30_atr20_m2.5_r0.005_tfnone_rfadx20,30,20,2.5,0.005,none,adx20,-0.0501782244841289,-0.08115011196936206,35,0.2,0.5413694810600096,-0.26635201281662524,-0.029704671768856383,-0.032390048113529746,13,0.23076923076923078,0.19128953745872965,-0.4440392307367108,-0.14474784926055234
lb30_atr10_m3.0_r0.005_tfma100_rfnone,30,10,3.0,0.005,ma100,none,-0.039862728756963506,-0.057383984949057276,29,0.2413793103448276,0.5673851080057446,-0.2634464177443233,-0.030017569016252077,-0.0418691823492382,12,0.3333333333333333,0.3086913529767025,-0.4976020476115364,-0.14530250547563914
lb30_atr14_m2.0_r0.0025_tfnone_rfadx20,30,14,2.0,0.0025,none,adx20,-0.044629659223938356,-0.05205770754873573,41,0.2682926829268293,0.32046783695972625,-0.41671605465577305,-0.01859297848053909,-0.02055974125709814,16,0.125,0.14831975630111363,-0.44757319399313783,-0.14587924786905346
lb55_atr14_m2.0_r0.0025_tfma100_rfnone,55,14,2.0,0.0025,ma100,none,-0.03367554265689965,-0.03479194601919422,31,0.22580645161290322,0.30220402330524165,-0.4107461246299613,-0.01814432138846056,-0.020111983284394896,14,0.07142857142857142,0.09532624561646796,-0.492062590459635,-0.14610181187647414
lb55_atr20_m2.0_r0.005_tfnone_rfadx20,55,20,2.0,0.005,none,adx20,-0.06809845154689997,-0.07607565492302326,29,0.20689655172413793,0.2316520539391135,-0.4579785490517897,-0.019761944470096382,-0.023735346591168383,11,0.18181818181818182,0.27792667356911827,-0.341835467623505,-0.1461046242874777
lb30_atr10_m3.0_r0.005_tfnone_rfnone,30,10,3.0,0.005,none,none,-0.034529471983258064,-0.05813503212555171,34,0.2647058823529412,0.6530579218008565,-0.19463673313405233,-0.03658606240134943,-0.04835741939020621,14,0.2857142857142857,0.26779787550117723,-0.5222405599693741,-0.14659938672892836
lb20_atr10_m3.0_r0.005_tfma100_rfnone,20,10,3.0,0.005,ma100,none,-0.06596488280698287,-0.0772437901134051,37,0.1891891891891892,0.4679035600882456,-0.3503454575525622,-0.02590299921572836,-0.0407616389995793,13,0.3076923076923077,0.43808473206779097,-0.39746483547726935,-0.14713062723221718
lb55_atr10_m2.0_r0.0025_tfnone_rfnone,55,10,2.0,0.0025,none,none,-0.03697939670919592,-0.04068959370666991,34,0.17647058823529413,0.2806755787514881,-0.41402287362234585,-0.01669916933031923,-0.01863086780058354,13,0.07692307692307693,0.07157379490156117,-0.4889465660005992,-0.1477038762374808
lb55_atr14_m2.0_r0.005_tfnone_rfadx20,55,14,2.0,0.005,none,adx20,-0.05906161142858235,-0.06901112445900182,29,0.2413793103448276,0.27902170011977806,-0.394506548111554,-0.024027399914311243,-0.027931320501668133,12,0.08333333333333333,0.13657462436538692,-0.3822585351839592,-0.1477598977511988
lb30_atr14_m2.5_r0.0025_tfma100_rfnone,30,14,2.5,0.0025,ma100,none,-0.029426636454222388,-0.036000304696442,34,0.14705882352941177,0.4804229893078504,-0.3271272360188503,-0.02261542498494773,-0.026374274459352587,15,0.26666666666666666,0.17838752131188865,-0.5639086017706257,-0.14931360704911673
lb20_atr14_m3.0_r0.005_tfma100_rfnone,20,14,3.0,0.005,ma100,none,-0.06765887079244959,-0.07639957910169215,36,0.19444444444444445,0.4314919019357813,-0.36801854707080106,-0.025341942110211013,-0.038533979805344676,13,0.3076923076923077,0.43155924741603735,-0.4049840218124959,-0.15016479195913213
lb30_atr14_m2.5_r0.0025_tfnone_rfnone,30,14,2.5,0.0025,none,none,-0.029913891459523834,-0.04044293590401038,40,0.2,0.5253837696528356,-0.2849978659145179,-0.025720203498206806,-0.029467112539561024,17,0.23529411764705882,0.1600121173598912,-0.5720670898423321,-0.1501922728646734
lb55_atr20_m1.5_r0.0025_tfnone_rfadx20,55,20,1.5,0.0025,none,adx20,-0.047375995181372366,-0.05100744504809174,35,0.2571428571428571,0.19714394735729238,-0.5052709961804217,-0.017261973356412552,-0.01952952979122735,15,0.26666666666666666,0.23902148166262446,-0.431384337344863,-0.1506122398747508
lb55_atr10_m2.0_r0.0025_tfma100_rfnone,55,10,2.0,0.0025,ma100,none,-0.0375542932356937,-0.0375542932356937,32,0.15625,0.25603908987472096,-0.4467152862650653,-0.01669916933031923,-0.01863086780058354,13,0.07692307692307693,0.07157379490156117,-0.4889465660005992,-0.15064290684791215
lb20_atr14_m2.5_r0.0025_tfma100_rfnone,20,14,2.5,0.0025,ma100,none,-0.04411134564844166,-0.04757676698415969,42,0.16666666666666666,0.4074094845035303,-0.40510344846933616,-0.021167501922873422,-0.024931919855160634,16,0.25,0.25357241079003334,-0.49371543456907374,-0.15108812640035194
lb30_atr20_m3.0_r0.005_tfma100_rfnone,30,20,3.0,0.005,ma100,none,-0.059573217758429275,-0.06305534401756396,31,0.12903225806451613,0.41473322077625074,-0.3683958105260858,-0.02548169043986459,-0.038330721645197574,12,0.3333333333333333,0.3640837714017897,-0.4359276571329822,-0.1512351588680856
lb55_atr20_m1.5_r0.0025_tfma100_rfadx20,55,20,1.5,0.0025,ma100,adx20,-0.045403437304204375,-0.045403437304204375,32,0.25,0.17088159532509625,-0.5289478637975263,-0.017261973356412552,-0.01952952979122735,15,0.26666666666666666,0.23902148166262446,-0.431384337344863,-0.15128750835871568
lb30_atr20_m2.0_r0.0025_tfnone_rfadx20,30,20,2.0,0.0025,none,adx20,-0.05104767722512393,-0.05723972841050773,42,0.23809523809523808,0.2848647083614998,-0.46596771867083897,-0.0174027656129081,-0.019401838875200084,15,0.13333333333333333,0.22216658519532728,-0.4464079430885202,-0.15159115420990663
lb10_atr10_m2.5_r0.0025_tfnone_rfnone,10,10,2.5,0.0025,none,none,-0.08612928719086121,-0.0875731611448951,81,0.1728395061728395,0.3483640308921569,-0.42437648785445503,-0.024778040360621367,-0.034227234773623216,28,0.2857142857142857,0.4653801611505421,-0.33474178678641986,-0.15234117260891147
lb30_atr14_m2.0_r0.0025_tfma100_rfadx20,30,14,2.0,0.0025,ma100,adx20,-0.051508403589935026,-0.052604204487132655,37,0.24324324324324326,0.19231106431115824,-0.5310785492276565,-0.015540344813391616,-0.017513225139688227,14,0.14285714285714285,0.17274644209015888,-0.42318358541521034,-0.15349288231872002
lb55_atr20_m1.5_r0.0025_tfma100_rfnone,55,20,1.5,0.0025,ma100,none,-0.039295325810399295,-0.039295325810399295,36,0.3055555555555556,0.3296128737850554,-0.403848657201667,-0.023181983238523496,-0.02543587992258234,17,0.23529411764705882,0.18954479019802722,-0.5118855913151028,-0.15390876929944036
lb30_atr20_m2.0_r0.0025_tfma100_rfadx20,30,20,2.0,0.0025,ma100,adx20,-0.05735174737559667,-0.05735174737559667,38,0.21052631578947367,0.17808738630034432,-0.5778842213787982,-0.013632688362574918,-0.015639431767183853,13,0.15384615384615385,0.2677432926601097,-0.40023291981019327,-0.15391356888726154
lb55_atr20_m1.5_r0.0025_tfnone_rfnone,55,20,1.5,0.0025,none,none,-0.04128050535824224,-0.04493519153392911,39,0.3076923076923077,0.3432541195396139,-0.39222320215522893,-0.023181983238523496,-0.02543587992258234,17,0.23529411764705882,0.18954479019802722,-0.5118855913151028,-0.1544312209002777
lb20_atr10_m2.5_r0.005_tfma100_rfnone,20,10,2.5,0.005,ma100,none,-0.09057899022747873,-0.09057899022747873,42,0.16666666666666666,0.3851333698998374,-0.4241438308889335,-0.021107552592438128,-0.03885938533614297,13,0.23076923076923078,0.54539833202066,-0.35200895800665766,-0.15478907136796297
lb20_atr14_m2.5_r0.0025_tfnone_rfnone,20,14,2.5,0.0025,none,none,-0.048962920479895145,-0.05767392714984454,52,0.19230769230769232,0.4348772815466873,-0.3682273969570086,-0.028010144020508942,-0.03174824635266327,22,0.22727272727272727,0.24849486708480553,-0.48403624512449583,-0.15523171298197833
lb30_atr10_m2.0_r0.0025_tfnone_rfadx20,30,10,2.0,0.0025,none,adx20,-0.05231701063557215,-0.05596811692518011,42,0.21428571428571427,0.26400648460026865,-0.47953960677691043,-0.01736613728435521,-0.019296525493368577,15,0.13333333333333333,0.12428584674263933,-0.4470944434984709,-0.15536358385190077
lb55_atr14_m1.5_r0.0025_tfnone_rfadx20,55,14,1.5,0.0025,none,adx20,-0.05167717679179473,-0.0551619736609793,36,0.25,0.17362098472011733,-0.5392109483475157,-0.017129282377294497,-0.01975379059588811,15,0.26666666666666666,0.23322107035964415,-0.4284092252623463,-0.15596112260525222
lb10_atr20_m2.5_r0.005_tfma100_rfadx20,10,20,2.5,0.005,ma100,adx20,-0.09420327408315021,-0.11175313013252108,49,0.16326530612244897,0.4158432813360545,-0.38050534201440367,-0.026164894885288503,-0.03435382457317682,16,0.3125,0.2979890236490235,-0.3174340267475178,-0.1560597044894526
lb20_atr14_m2.0_r0.0025_tfnone_rfadx20,20,14,2.0,0.0025,none,adx20,-0.06889367254636869,-0.07434076478499596,55,0.21818181818181817,0.2891999647233659,-0.487940943528259,-0.020898457723475095,-0.02286060026535297,21,0.14285714285714285,0.22949085893644133,-0.38226484511278275,-0.15614896604336231
lb30_atr10_m2.0_r0.0025_tfma100_rfadx20,30,10,2.0,0.0025,ma100,adx20,-0.05362831364917964,-0.05362831364917964,37,0.21621621621621623,0.1692328705469921,-0.5564063473125329,-0.014327210443397798,-0.016263568636516457,13,0.15384615384615385,0.1470780858075251,-0.4220995205319429,-0.15638095830467627
lb55_atr14_m1.5_r0.0025_tfma100_rfadx20,55,14,1.5,0.0025,ma100,adx20,-0.049557252133736185,-0.049557252133736185,33,0.24242424242424243,0.1435807094277578,-0.5640192999264706,-0.017129282377294497,-0.01975379059588811,15,0.26666666666666666,0.23322107035964415,-0.4284092252623463,-0.15670864914904015
lb10_atr20_m3.0_r0.005_tfma100_rfnone,10,20,3.0,0.005,ma100,none,-0.08852668726932988,-0.09357252722399934,46,0.17391304347826086,0.3960260333490507,-0.38054873317459614,-0.026487439492275167,-0.04838724518750537,15,0.26666666666666666,0.46830664479622097,-0.3511912453487539,-0.15716227715031944
lb55_atr20_m2.0_r0.005_tfma100_rfadx20,55,20,2.0,0.005,ma100,adx20,-0.07713945978838277,-0.07713945978838277,28,0.14285714285714285,0.18365498479910822,-0.5383641891498507,-0.019761944470096382,-0.023735346591168383,11,0.18181818181818182,0.27792667356911827,-0.341835467623505,-0.1578597234118457
lb55_atr10_m2.0_r0.005_tfnone_rfadx20,55,10,2.0,0.005,none,adx20,-0.07283250469303226,-0.07994922023828566,30,0.16666666666666666,0.2067192629262978,-0.4742185053746732,-0.02111220806403835,-0.024950725356791215,11,0.09090909090909091,0.10834949505199502,-0.36800723491056464,-0.15907834845222196
lb20_atr14_m2.0_r0.0025_tfma100_rfadx20,20,14,2.0,0.0025,ma100,adx20,-0.0629086695789508,-0.06450529120036663,46,0.21739130434782608,0.23520965230449534,-0.5295729741689723,-0.017193761784913386,-0.019163328624672404,16,0.125,0.15881652091542614,-0.41048625399442634,-0.15925370450952772
lb10_atr14_m3.0_r0.005_tfma100_rfnone,10,14,3.0,0.005,ma100,none,-0.07628596616826744,-0.08696994124201174,43,0.20930232558139536,0.41904889701806924,-0.3485409734161967,-0.03118579744286054,-0.050167088516116065,15,0.26666666666666666,0.4364139211924372,-0.40666362574585374,-0.16037019763304167
lb10_atr14_m2.5_r0.0025_tfma100_rfnone,10,14,2.5,0.0025,ma100,none,-0.05224108850948528,-0.058196546697562024,53,0.1509433962264151,0.3953912698948347,-0.3826571974354329,-0.025601861890259592,-0.031776355389484645,19,0.21052631578947367,0.28464930690290285,-0.5096186846659154,-0.1605921540231451
lb20_atr20_m2.0_r0.0025_tfma100_rfadx20,20,20,2.0,0.0025,ma100,adx20,-0.07169446261976586,-0.07169446261976586,48,0.1875,0.20770755869474297,-0.578906354547067,-0.014979296453451973,-0.01698330021242067,15,0.13333333333333333,0.2498155298186837,-0.3818593858054683,-0.16060812806878766
lb20_atr10_m2.0_r0.0025_tfnone_rfadx20,20,10,2.0,0.0025,none,adx20,-0.07532030751975216,-0.07938081218609061,56,0.17857142857142858,0.253043595289189,-0.5244990291198665,-0.019430595900118752,-0.02135692847180759,20,0.15,0.22127540374784968,-0.3737549202528973,-0.160904092703141
lb30_atr10_m2.5_r0.005_tfma100_rfnone,30,10,2.5,0.005,ma100,none,-0.06332322719487471,-0.06913999523028735,34,0.14705882352941177,0.4479341586717706,-0.35715932913880805,-0.027548840220603554,-0.037199584155572674,12,0.25,0.3800229255161782,-0.4852978242547139,-0.16099738759913235
lb55_atr14_m2.0_r0.005_tfma100_rfadx20,55,14,2.0,0.005,ma100,adx20,-0.06948448921966943,-0.07163702071722544,28,0.17857142857142858,0.2089397162501586,-0.48274770813924944,-0.024027399914311243,-0.027931320501668133,12,0.08333333333333333,0.13657462436538692,-0.3822585351839592,-0.1612747805663937
lb30_atr10_m2.5_r0.005_tfnone_rfnone,30,10,2.5,0.005,none,none,-0.05827603547238258,-0.07061802941717954,39,0.23076923076923078,0.5296090220316685,-0.2832115512494161,-0.033896505725706794,-0.043484254523327825,14,0.21428571428571427,0.33207446985836525,-0.5081820544370788,-0.16138397209295985
lb30_atr20_m3.0_r0.005_tfnone_rfnone,30,20,3.0,0.005,none,none,-0.058406424468614215,-0.06585969193260754,36,0.19444444444444445,0.4735340114979473,-0.3104865191409393,-0.033560633843150334,-0.04630314411924408,14,0.2857142857142857,0.30267304089150227,-0.4902964474078891,-0.16196692567667903
lb20_atr10_m2.0_r0.0025_tfma100_rfadx20,20,10,2.0,0.0025,ma100,adx20,-0.06420424902229716,-0.06471020770295488,46,0.1956521739130435,0.21709453194502826,-0.5419454522846356,-0.016335836240422674,-0.018268248480015847,15,0.13333333333333333,0.13138232739821432,-0.417515264327018,-0.16211080523384208
lb20_atr20_m2.0_r0.0025_tfnone_rfadx20,20,20,2.0,0.0025,none,adx20,-0.07806456038844045,-0.08202746796887495,57,0.19298245614035087,0.25424169497225785,-0.5338404807068218,-0.019519281006567413,-0.02151404826311809,20,0.15,0.28440919655475333,-0.37428930679986155,-0.1622596920792615
lb55_atr10_m2.0_r0.005_tfma100_rfadx20,55,10,2.0,0.005,ma100,adx20,-0.07393634366023594,-0.07393634366023594,28,0.14285714285714285,0.17759783817727506,-0.5158809506629474,-0.02111220806403835,-0.024950725356791215,11,0.09090909090909091,0.10834949505199502,-0.36800723491056464,-0.16268451218912536
lb30_atr20_m2.5_r0.0025_tfma100_rfnone,30,20,2.5,0.0025,ma100,none,-0.03503634198129757,-0.03902169928628929,36,0.19444444444444445,0.41582631081460764,-0.36758405744325445,-0.02386035132142228,-0.025212998609477677,15,0.2,0.1289009227235132,-0.596309838178666,-0.16309217413056698
lb20_atr20_m3.0_r0.005_tfma100_rfnone,20,20,3.0,0.005,ma100,none,-0.08815781360664776,-0.08982555631640332,39,0.15384615384615385,0.34787372124769395,-0.4465457702705753,-0.02386344626008552,-0.03673381402704057,13,0.3076923076923077,0.4254289805954171,-0.3778980806474298,-0.16345493490653681
lb10_atr20_m2.5_r0.0025_tfma100_rfnone,10,20,2.5,0.0025,ma100,none,-0.05522119950114135,-0.05917036649319618,55,0.16363636363636364,0.3865244799148452,-0.3891060111030449,-0.027311635400711354,-0.03141339779870733,21,0.23809523809523808,0.1690287601047909,-0.49630919997757583,-0.16366472708933943
lb20_atr20_m2.5_r0.005_tfma100_rfadx20,20,20,2.5,0.005,ma100,adx20,-0.08413457714836281,-0.09720929896095654,39,0.1794871794871795,0.4024745226662041,-0.42270588661934155,-0.025836256715984218,-0.028532339234306092,13,0.23076923076923078,0.214667114982765,-0.38345411087764536,-0.1639842778326588
lb55_atr20_m2.0_r0.005_tfnone_rfnone,55,20,2.0,0.005,none,none,-0.06381899088473186,-0.07183282702329552,33,0.24242424242424243,0.3395829150895672,-0.37501790486635417,-0.03091564579565753,-0.0348438363069018,13,0.15384615384615385,0.1971557419994149,-0.45471128094244234,-0.16413263656032065
lb10_atr10_m3.0_r0.005_tfma100_rfnone,10,10,3.0,0.005,ma100,none,-0.07120798465881306,-0.07935817779898913,43,0.20930232558139536,0.465339114865234,-0.3247698963017085,-0.03578435456881057,-0.05290174945274306,16,0.25,0.4254422853337753,-0.4455811247057658,-0.1642317012798762
lb20_atr10_m3.0_r0.005_tfnone_rfnone,20,10,3.0,0.005,none,none,-0.07349812105975762,-0.09159241303398935,46,0.1956521739130435,0.49420846826848064,-0.30303307784176825,-0.03980704423651027,-0.0544535950843148,19,0.21052631578947367,0.3714460777941656,-0.4239361826703647,-0.16492153791493563
lb30_atr20_m2.5_r0.0025_tfnone_rfnone,30,20,2.5,0.0025,none,none,-0.0351670270965001,-0.04267675863173537,42,0.19047619047619047,0.4657735453737158,-0.31788843565527686,-0.02778290006181061,-0.02913011183157388,17,0.17647058823529413,0.11250334264390283,-0.6188986112661796,-0.16595615755468382
lb55_atr10_m1.5_r0.0025_tfnone_rfadx20,55,10,1.5,0.0025,none,adx20,-0.0540782264995715,-0.05744501977495753,37,0.16216216216216217,0.13761089920374683,-0.5506820705390347,-0.018545643343896745,-0.021114722441227918,15,0.2,0.1834023048176471,-0.4667400130964825,-0.1670761102819242
lb10_atr14_m2.5_r0.005_tfnone_rfadx20,10,14,2.5,0.005,none,adx20,-0.11823849614322413,-0.13941276332456576,68,0.22058823529411764,0.4144519971900067,-0.33684170927457,-0.03509704116116463,-0.04755892771732084,24,0.20833333333333334,0.45759368658269006,-0.2861969083021529,-0.16709962827680122
lb10_atr20_m2.0_r0.0025_tfma100_rfadx20,10,20,2.0,0.0025,ma100,adx20,-0.08922404583505428,-0.09099794120123972,62,0.16129032258064516,0.17469257263600468,-0.5616477400446416,-0.017558906099710003,-0.02072304045137152,19,0.21052631578947367,0.28562099036131716,-0.3548663666397506,-0.16734200177428696
lb55_atr14_m2.0_r0.005_tfnone_rfnone,55,14,2.0,0.005,none,none,-0.05535160361427216,-0.06534034638761632,32,0.28125,0.3760984794003637,-0.3330276228395276,-0.03601144488239516,-0.03986742891921091,14,0.07142857142857142,0.09546353575601332,-0.4920625904596349,-0.1675172112922042
lb55_atr10_m1.5_r0.0025_tfma100_rfadx20,55,10,1.5,0.0025,ma100,adx20,-0.05258172765782032,-0.052717433684058124,34,0.14705882352941177,0.10469064584396087,-0.5831514600520671,-0.018545643343896745,-0.021114722441227918,15,0.2,0.1834023048176471,-0.4667400130964825,-0.16892755799307835
lb20_atr20_m2.5_r0.0025_tfma100_rfnone,20,20,2.5,0.0025,ma100,none,-0.04912181661205517,-0.05016454358603695,44,0.18181818181818182,0.37312887164071185,-0.4304903465307961,-0.024805648910214195,-0.02615698628915808,17,0.17647058823529413,0.12460479372244264,-0.5488898798838833,-0.1700866410860295
lb55_atr14_m1.5_r0.0025_tfnone_rfnone,55,14,1.5,0.0025,none,none,-0.0515705838320486,-0.055055772397819336,40,0.3,0.21930854027272284,-0.483184134688632,-0.023538746229758822,-0.026146139592597928,17,0.23529411764705882,0.1811121896727631,-0.5185201356833963,-0.17136258404288413
lb55_atr14_m1.5_r0.0025_tfma100_rfnone,55,14,1.5,0.0025,ma100,none,-0.04945042089116314,-0.04945042089116314,37,0.2972972972972973,0.19457418865520265,-0.5007677876921146,-0.023538746229758822,-0.026146139592597928,17,0.23529411764705882,0.1811121896727631,-0.5185201356833963,-0.17142204183834248
lb10_atr14_m2.0_r0.0025_tfma100_rfadx20,10,14,2.0,0.0025,ma100,adx20,-0.08103860130823182,-0.08735348118749531,60,0.2,0.22230591990020138,-0.5266135821415375,-0.021143314071629726,-0.023784054436247315,20,0.25,0.1955283007321582,-0.40157184536419094,-0.17169663413361066
lb30_atr20_m1.5_r0.0025_tfma100_rfadx20,30,20,1.5,0.0025,ma100,adx20,-0.06602615541702284,-0.06644862722083111,43,0.2558139534883721,0.19233278347157204,-0.5813785493134056,-0.02011136877348718,-0.022372350551844167,17,0.29411764705882354,0.2576073664097405,-0.4452436553104401,-0.17207252089890213
lb20_atr20_m2.5_r0.0025_tfnone_rfnone,20,20,2.5,0.0025,none,none,-0.052667764090390534,-0.058729341355898135,54,0.16666666666666666,0.4109476753348261,-0.3813597350115322,-0.032355062938411505,-0.033695939012535425,23,0.17391304347826086,0.14090919438967467,-0.5383043542570864,-0.1722595848885583
lb20_atr10_m2.5_r0.005_tfnone_rfnone,20,10,2.5,0.005,none,none,-0.10052289003268988,-0.10716510996212603,51,0.21568627450980393,0.41566269724592053,-0.3836488039200132,-0.0336574257224429,-0.05118167141166752,19,0.21052631578947367,0.4689724842490405,-0.37483560425623813,-0.17302786889448665
lb10_atr14_m2.5_r0.0025_tfnone_rfnone,10,14,2.5,0.0025,none,none,-0.0725773282298584,-0.07552089403153761,78,0.20512820512820512,0.39375580400266563,-0.3704068587568552,-0.03739704866961091,-0.04349679930835337,31,0.16129032258064516,0.28342985422195266,-0.4667102900783438,-0.17369997163590903
lb20_atr14_m3.0_r0.005_tfnone_rfnone,20,14,3.0,0.005,none,none,-0.07870497721953074,-0.09256789613792182,45,0.2222222222222222,0.4390626345393459,-0.3411409300938935,-0.04062885369941038,-0.0536139824049815,19,0.21052631578947367,0.35593413715336364,-0.44075575059148464,-0.174584017685247
lb55_atr20_m2.0_r0.005_tfma100_rfnone,55,20,2.0,0.005,ma100,none,-0.072901517073234,-0.072901517073234,32,0.1875,0.2882150650219776,-0.4427628198213627,-0.03091564579565753,-0.0348438363069018,13,0.15384615384615385,0.1971557419994149,-0.45471128094244234,-0.17483643243641092
lb10_atr10_m2.0_r0.0025_tfma100_rfadx20,10,10,2.0,0.0025,ma100,adx20,-0.0830548374171125,-0.08882542847927155,60,0.18333333333333332,0.2132702837778812,-0.5398821043463268,-0.02041385727723799,-0.023348779609825288,19,0.2631578947368421,0.17108472641961292,-0.4072305958764744,-0.1749477068412146
lb20_atr20_m2.5_r0.005_tfnone_rfadx20,20,20,2.5,0.005,none,adx20,-0.08982888373471354,-0.11455101551164892,47,0.1702127659574468,0.431043550635926,-0.3644795950916794,-0.03736663989501954,-0.04003081107940709,18,0.2222222222222222,0.22062632938700047,-0.40439285003565306,-0.1761974346717504
lb20_atr20_m1.5_r0.0025_tfma100_rfadx20,20,20,1.5,0.0025,ma100,adx20,-0.08357190344624366,-0.08398643864255251,54,0.2222222222222222,0.183400289145238,-0.5941321316831003,-0.02035154933403971,-0.02261197692301875,19,0.3684210526315789,0.2772981616469796,-0.40333602502508675,-0.17663357249518047
lb30_atr14_m1.5_r0.0025_tfnone_rfadx20,30,14,1.5,0.0025,none,adx20,-0.07196476892240611,-0.07537735295305126,51,0.2549019607843137,0.22897481951289564,-0.5366774016045391,-0.023135787094839433,-0.025744256458359316,19,0.21052631578947367,0.22980607596160404,-0.4620053936196781,-0.1775048600273032
lb30_atr20_m1.5_r0.0025_tfnone_rfadx20,30,20,1.5,0.0025,none,adx20,-0.07084783391828053,-0.0748084965801935,51,0.27450980392156865,0.2055759785559452,-0.5272643135545464,-0.023536171205762346,-0.02578925064129478,19,0.2631578947368421,0.22846447279264873,-0.4697752413314178,-0.17786531327244337
lb30_atr14_m1.5_r0.0025_tfma100_rfadx20,30,14,1.5,0.0025,ma100,adx20,-0.07109074469920429,-0.07109309340087211,44,0.25,0.15929194172252908,-0.6140554487008033,-0.020506280074180094,-0.023121770872628122,17,0.23529411764705882,0.2523056029732929,-0.4529387702080564,-0.17997385993251008
lb55_atr14_m2.0_r0.005_tfma100_rfnone,55,14,2.0,0.005,ma100,none,-0.06581557756906509,-0.06797659624152375,31,0.22580645161290322,0.3039927343884072,-0.41074612462996135,-0.03601144488239516,-0.03986742891921091,14,0.07142857142857142,0.09546353575601332,-0.4920625904596349,-0.18015255378069656
lb30_atr14_m2.5_r0.005_tfma100_rfnone,30,14,2.5,0.005,ma100,none,-0.0577709966149641,-0.07080834028326988,34,0.14705882352941177,0.4811674100296355,-0.3271272360188503,-0.039685680319218375,-0.04705076417159226,15,0.26666666666666666,0.19776015650726364,-0.5639086017706257,-0.181320639058749
lb55_atr10_m1.5_r0.0025_tfnone_rfnone,55,10,1.5,0.0025,none,none,-0.054729162905829076,-0.05809363932122025,41,0.1951219512195122,0.17355453209877067,-0.5020108192823902,-0.024960147826936674,-0.027512436159342846,17,0.17647058823529413,0.14289543502161095,-0.5527142733050829,-0.18277578004816483
lb55_atr10_m2.0_r0.005_tfnone_rfnone,55,10,2.0,0.005,none,none,-0.07232611392433386,-0.07944671640379686,34,0.17647058823529413,0.28260415943525596,-0.41402287362234585,-0.0331615492728673,-0.03695281742738665,13,0.07692307692307693,0.0718073964048602,-0.4889465660005991,-0.182829106706767
lb10_atr10_m2.5_r0.005_tfma100_rfnone,10,10,2.5,0.005,ma100,none,-0.11631680956269874,-0.12196876759936714,54,0.14814814814814814,0.3369007558431593,-0.4291334898570321,-0.028924284227025532,-0.050228673777926724,17,0.29411764705882354,0.5119213815380717,-0.37310520720260926,-0.18304485493081957
lb10_atr20_m1.5_r0.0025_tfma100_rfadx20,10,20,1.5,0.0025,ma100,adx20,-0.10960574977053439,-0.11000850887045599,71,0.18309859154929578,0.15053991035653855,-0.5984919678315781,-0.021225997237840688,-0.0239893738329926,23,0.391304347826087,0.3651673349233703,-0.3502015549340095,-0.18320968208828506
lb55_atr10_m1.5_r0.0025_tfma100_rfnone,55,10,1.5,0.0025,ma100,none,-0.05323369388029031,-0.05336930652037786,38,0.18421052631578946,0.14484974997197367,-0.5272199111158947,-0.024960147826936674,-0.027512436159342846,17,0.17647058823529413,0.14289543502161095,-0.5527142733050829,-0.18394860814231748
lb10_atr14_m3.0_r0.005_tfnone_rfnone,10,14,3.0,0.005,none,none,-0.10614997523695935,-0.11024452249312444,64,0.25,0.4284832913259051,-0.32667691707688973,-0.047601760870826015,-0.06983952309519514,25,0.24,0.4024466504955431,-0.3796134691943874,-0.18546560123410485
lb55_atr10_m2.0_r0.005_tfma100_rfnone,55,10,2.0,0.005,ma100,none,-0.07343055577490643,-0.07343055577490643,32,0.15625,0.2575122287039232,-0.4467152862650653,-0.0331615492728673,-0.03695281742738665,13,0.07692307692307693,0.0718073964048602,-0.4889465660005991,-0.18560789443039696
lb10_atr20_m2.5_r0.0025_tfnone_rfnone,10,20,2.5,0.0025,none,none,-0.0719101152153857,-0.07434666330859174,78,0.1794871794871795,0.3834272640389037,-0.3640860232519368,-0.04321668565256909,-0.04725137750727948,33,0.24242424242424243,0.18920161391185256,-0.5099099636308603,-0.18582509835180172
lb30_atr14_m2.5_r0.005_tfnone_rfnone,30,14,2.5,0.005,none,none,-0.05995473708273691,-0.07937322098357968,40,0.2,0.5168729646293192,-0.2849978659145179,-0.04578238726066308,-0.05310071271640926,17,0.23529411764705882,0.17543194062106773,-0.5720670898423321,-0.18612850732074449
lb55_atr20_m1.5_r0.005_tfma100_rfadx20,55,20,1.5,0.005,ma100,adx20,-0.0813933557256441,-0.0813933557256441,32,0.25,0.18395468750728933,-0.5289478637975263,-0.0339322594075363,-0.03818653991757359,15,0.26666666666666666,0.23564446552063756,-0.431384337344863,-0.18646962453518892
lb30_atr10_m1.5_r0.0025_tfnone_rfadx20,30,10,1.5,0.0025,none,adx20,-0.07174250839103324,-0.07563222952724447,51,0.19607843137254902,0.2256196869320983,-0.5382029069764428,-0.02502981669192128,-0.027581922657390567,19,0.15789473684210525,0.18046505424463735,-0.5017810332292673,-0.18655443697089466
lb20_atr10_m1.5_r0.0025_tfnone_rfadx20,20,10,1.5,0.0025,none,adx20,-0.10254109290482472,-0.10630175728013591,67,0.16417910447761194,0.18708291686474893,-0.6002924864881028,-0.02390978962111212,-0.02646482739702838,24,0.20833333333333334,0.3091747892262899,-0.37650013227334095,-0.18677056228636357
lb10_atr10_m3.0_r0.005_tfnone_rfnone,10,10,3.0,0.005,none,none,-0.09968892090280002,-0.10508803389905264,64,0.25,0.4740061359957727,-0.29141352473457943,-0.05445878103829027,-0.071244655132632,27,0.2222222222222222,0.3893329196934371,-0.40633250294262235,-0.18700693783814554
lb55_atr20_m1.5_r0.005_tfnone_rfadx20,55,20,1.5,0.005,none,adx20,-0.08556072940037329,-0.0914669065118423,35,0.2571428571428571,0.20574246942151803,-0.5052709961804217,-0.0339322594075363,-0.03818653991757359,15,0.26666666666666666,0.23564446552063756,-0.431384337344863,-0.18745474217228877
lb30_atr14_m2.0_r0.005_tfnone_rfadx20,30,14,2.0,0.005,none,adx20,-0.08830784789169022,-0.10117129066209218,41,0.2682926829268293,0.30172423427943795,-0.41671605465577294,-0.03689418033951242,-0.04074663340719664,16,0.125,0.14817275222994583,-0.4475731939931378,-0.18792426179440344
lb10_atr10_m2.0_r0.0025_tfnone_rfadx20,10,10,2.0,0.0025,none,adx20,-0.12014376588879716,-0.12615549032843165,89,0.1797752808988764,0.21900459430534658,-0.5404006259086686,-0.02633680495091062,-0.029751766344592423,30,0.23333333333333334,0.29128389478745853,-0.33958157597801797,-0.18843464194340886
lb10_atr20_m2.5_r0.005_tfnone_rfadx20,10,20,2.5,0.005,none,adx20,-0.11999433004581106,-0.13786783203473996,69,0.17391304347826086,0.40873041304836,-0.34732637791678267,-0.044853459854219846,-0.05288523835327308,25,0.32,0.3096388827759693,-0.3512745976299482,-0.18886206252859639
lb30_atr10_m1.5_r0.0025_tfma100_rfadx20,30,10,1.5,0.0025,ma100,adx20,-0.07041743415347024,-0.07113923263421129,44,0.20454545454545456,0.16104960034871924,-0.608935757446499,-0.022358900760316325,-0.024917998181113066,17,0.17647058823529413,0.19816095510218706,-0.49690752487919476,-0.18889760502439817
lb20_atr20_m1.5_r0.0025_tfnone_rfadx20,20,20,1.5,0.0025,none,adx20,-0.10005706544333515,-0.10389321899155546,67,0.22388059701492538,0.1753877487153823,-0.5836510781875255,-0.026017348091527115,-0.0282647024930619,25,0.32,0.26055216528642827,-0.39349866408065914,-0.1893197578767733
lb20_atr14_m2.5_r0.005_tfma100_rfnone,20,14,2.5,0.005,ma100,none,-0.08614337901938729,-0.09305792479086605,42,0.16666666666666666,0.4082585894643788,-0.4051034484693361,-0.03684645254699648,-0.04423331171833611,16,0.25,0.28026385616842137,-0.49371543456907374,-0.1894822894509422
lb55_atr20_m1.5_r0.005_tfma100_rfnone,55,20,1.5,0.005,ma100,none,-0.06918014855668819,-0.06918014855668819,36,0.3055555555555556,0.3495425327098281,-0.40384865720166707,-0.04555424872538483,-0.04975734938481202,17,0.23529411764705882,0.18673775472191578,-0.5118855913151028,-0.19001461857077834
lb20_atr20_m3.0_r0.005_tfnone_rfnone,20,20,3.0,0.005,none,none,-0.09717340689451615,-0.09947971247449261,48,0.1875,0.37356717987668087,-0.39740054220006044,-0.04133873115106057,-0.053978687155934346,19,0.21052631578947367,0.331241095769483,-0.43945963384808734,-0.1902290348291969
lb55_atr20_m1.5_r0.005_tfnone_rfnone,55,20,1.5,0.005,none,none,-0.07340292896982503,-0.07938763083951195,39,0.3076923076923077,0.357855656015351,-0.39222320215522893,-0.04555424872538483,-0.04975734938481202,17,0.23529411764705882,0.18673775472191578,-0.5118855913151028,-0.19223940216501392
lb30_atr20_m2.0_r0.0025_tfnone_rfnone,30,20,2.0,0.0025,none,none,-0.05895162005924215,-0.05989719733216192,52,0.25,0.3103520655152442,-0.4346412452901976,-0.031211841537596485,-0.03318282052739119,19,0.10526315789473684,0.13646781498180421,-0.6159878454020177,-0.19291719759662632
lb10_atr20_m3.0_r0.005_tfnone_rfnone,10,20,3.0,0.005,none,none,-0.11962511612979598,-0.12497598940031296,67,0.19402985074626866,0.4093083879767358,-0.3618780260269781,-0.04461423604702108,-0.0676467239649392,24,0.25,0.39941987049189615,-0.3689043479364538,-0.1929787770998844
lb30_atr14_m2.0_r0.005_tfma100_rfadx20,30,14,2.0,0.005,ma100,adx20,-0.09824411290177704,-0.1003301156901214,37,0.24324324324324326,0.19526769510833492,-0.5310785492276565,-0.03088782782396493,-0.03476430648748885,14,0.14285714285714285,0.17265884277323212,-0.42318358541521034,-0.19410263944702055
lb55_atr14_m1.5_r0.005_tfma100_rfadx20,55,14,1.5,0.005,ma100,adx20,-0.08993015478336108,-0.08993015478336108,33,0.24242424242424243,0.153010149885517,-0.5640192999264706,-0.03373292840319775,-0.037988086708829694,15,0.26666666666666666,0.2337058026912856,-0.4284092252623464,-0.19429312261065698
lb55_atr14_m1.5_r0.005_tfnone_rfadx20,55,14,1.5,0.005,none,adx20,-0.093445078880384,-0.09930033258344872,36,0.25,0.1814096223497283,-0.5392109483475157,-0.03373292840319775,-0.037988086708829694,15,0.26666666666666666,0.2337058026912856,-0.4284092252623464,-0.1947177381222968
lb10_atr14_m2.0_r0.0025_tfnone_rfadx20,10,14,2.0,0.0025,none,adx20,-0.11161004264746266,-0.11884117345517986,87,0.20689655172413793,0.2374954599482266,-0.5120738307875999,-0.032796991745380866,-0.035945675770941876,32,0.21875,0.2574431936694302,-0.3940028849209793,-0.1955645890230516
lb30_atr20_m2.0_r0.005_tfnone_rfadx20,30,20,2.0,0.005,none,adx20,-0.10011220067747684,-0.11058324813667098,42,0.23809523809523808,0.2669787835094435,-0.46596771867083897,-0.034568748461884846,-0.03848213109477694,15,0.13333333333333333,0.22174488065078904,-0.4464079430885202,-0.1957364745187206
lb20_atr10_m1.5_r0.0025_tfma100_rfadx20,20,10,1.5,0.0025,ma100,adx20,-0.08953562693608275,-0.09024258060043899,55,0.18181818181818182,0.15416805934779354,-0.6282469476440189,-0.023005573976477955,-0.025562978649536494,19,0.21052631578947367,0.20369676933581635,-0.45769650477886925,-0.19598087186145868
lb30_atr20_m2.0_r0.005_tfma100_rfadx20,30,20,2.0,0.005,ma100,adx20,-0.10946466838747937,-0.10946466838747937,38,0.21052631578947367,0.1771282488326381,-0.5778842213787982,-0.027138417966039885,-0.031081919497893296,13,0.15384615384615385,0.2673936615524014,-0.4002329198101933,-0.19612027912617375
lb30_atr20_m2.0_r0.0025_tfma100_rfnone,30,20,2.0,0.0025,ma100,none,-0.062029836813590644,-0.062029836813590644,46,0.2391304347826087,0.23159420592832577,-0.5159973319714107,-0.027494747626896188,-0.02947328896552548,17,0.11764705882352941,0.152474291921598,-0.6006281102260616,-0.19672961665036287
lb30_atr10_m2.0_r0.005_tfma100_rfadx20,30,10,2.0,0.005,ma100,adx20,-0.1028657569780963,-0.1028657569780963,37,0.21621621621621623,0.17211825577772136,-0.5564063473125329,-0.02848768432521598,-0.03229728012829047,13,0.15384615384615385,0.14718408197545874,-0.4220995205319429,-0.19735571202140095
lb20_atr20_m2.0_r0.0025_tfma100_rfnone,20,20,2.0,0.0025,ma100,none,-0.07713430677588506,-0.07713430677588506,55,0.2,0.23194365577974488,-0.5434482096246417,-0.02753480788981333,-0.029513267726686165,19,0.10526315789473684,0.15237686901767594,-0.5391547018530586,-0.19808443500785408
lb20_atr20_m2.0_r0.0025_tfnone_rfnone,20,20,2.0,0.0025,none,none,-0.08529879095767778,-0.08621789426120519,66,0.19696969696969696,0.26651423540751523,-0.5042568638717805,-0.03365868573899233,-0.03562468667608254,25,0.12,0.1857916658297088,-0.5088032408263576,-0.19861132208735666
lb30_atr20_m2.5_r0.005_tfma100_rfnone,30,20,2.5,0.005,ma100,none,-0.06918606503475067,-0.07663749287679389,36,0.19444444444444445,0.4142129803321958,-0.3675840574432544,-0.04267069904005005,-0.045320190781443004,15,0.2,0.14076535779029145,-0.596309838178666,-0.19908490530351092
lb30_atr10_m2.0_r0.005_tfnone_rfadx20,30,10,2.0,0.005,none,adx20,-0.10241411781749665,-0.10930377198814178,42,0.21428571428571427,0.252777870078945,-0.47953960677691043,-0.03447340573662927,-0.038259529702240336,15,0.13333333333333333,0.12429758896266915,-0.4470944434984709,-0.19983132401482212
lb30_atr14_m2.0_r0.0025_tfnone_rfnone,30,14,2.0,0.0025,none,none,-0.053844365054030674,-0.05571238614019802,50,0.28,0.3283410794240262,-0.412243971237842,-0.03702260125719681,-0.03895243063581966,21,0.09523809523809523,0.07958322653509732,-0.6572956096477628,-0.20040219079039887
lb10_atr20_m2.0_r0.0025_tfnone_rfadx20,10,20,2.0,0.0025,none,adx20,-0.12005638933407736,-0.12363428732675041,90,0.17777777777777778,0.1975108676451022,-0.533086619765737,-0.031990561087527514,-0.035108215608915305,31,0.16129032258064516,0.27224970783070945,-0.3991007966839952,-0.2021733453602168
lb30_atr10_m2.0_r0.0025_tfnone_rfnone,30,10,2.0,0.0025,none,none,-0.06364442306219897,-0.06419566426134837,52,0.19230769230769232,0.2689850685823102,-0.47181636997311033,-0.03158551194749326,-0.03348796613730498,19,0.10526315789473684,0.0718739920631913,-0.6252759545178572,-0.20237167505785136
lb20_atr14_m2.5_r0.005_tfnone_rfnone,20,14,2.5,0.005,none,none,-0.09855130068495366,-0.11221654908541134,52,0.19230769230769232,0.41746406409196485,-0.3682273969570086,-0.05048760338436775,-0.05776984241446714,22,0.22727272727272727,0.26686911063643476,-0.48403624512449583,-0.2041352098054432
lb30_atr10_m2.0_r0.0025_tfma100_rfnone,30,10,2.0,0.0025,ma100,none,-0.06156299809095278,-0.06156299809095278,45,0.2,0.20300193398091557,-0.5253252377775233,-0.028590560427318668,-0.030498898211539727,17,0.11764705882352941,0.0789826816333375,-0.6271247206045576,-0.20417873344881193
lb30_atr20_m2.5_r0.005_tfnone_rfnone,30,20,2.5,0.005,none,none,-0.07059696222572442,-0.08366684311528227,42,0.19047619047619047,0.45577529587690296,-0.31788843565527686,-0.05035725328924456,-0.05298547182612712,17,0.17647058823529413,0.12136351575457119,-0.6188986112661796,-0.20618873630826234
lb20_atr14_m2.0_r0.0025_tfnone_rfnone,20,14,2.0,0.0025,none,none,-0.0779523748862967,-0.08027812430695658,63,0.2222222222222222,0.2887821448586822,-0.48206254176942415,-0.040062634108649964,-0.04198637118986648,27,0.1111111111111111,0.132751497525073,-0.5565306197295693,-0.20626424275905475
lb10_atr10_m1.5_r0.0025_tfma100_rfadx20,10,10,1.5,0.0025,ma100,adx20,-0.12110031339286176,-0.12178275783816983,74,0.14864864864864866,0.13132893640256377,-0.6374822411479771,-0.024461311675481268,-0.02797863904490916,23,0.2608695652173913,0.3109645000622298,-0.4041283950769235,-0.20628069341433028
lb20_atr14_m1.5_r0.0025_tfma100_rfadx20,20,14,1.5,0.0025,ma100,adx20,-0.09571133311773106,-0.09571361956744384,55,0.2,0.12237548720602706,-0.6709798301759246,-0.024832727381814967,-0.02743666549453072,20,0.25,0.23009469569836513,-0.46928935167099145,-0.20646000533614545
lb20_atr14_m2.0_r0.005_tfma100_rfadx20,20,14,2.0,0.005,ma100,adx20,-0.12038703233428749,-0.12242181262179852,46,0.21739130434782608,0.23268615507831766,-0.5295729741689723,-0.03414457673580873,-0.03800802830295347,16,0.125,0.15889487632167662,-0.41048625399442634,-0.20747481967822817
lb20_atr10_m2.0_r0.0025_tfma100_rfnone,20,10,2.0,0.0025,ma100,none,-0.07631228486041608,-0.07681169706356372,54,0.16666666666666666,0.216173615777221,-0.5498137123370953,-0.029416131873487683,-0.031322847819254096,19,0.10526315789473684,0.07694444897822177,-0.5784742148507407,-0.2077574987615155
lb30_atr14_m2.0_r0.0025_tfma100_rfnone,30,14,2.0,0.0025,ma100,none,-0.05698919119539003,-0.058078660089227574,44,0.2727272727272727,0.2361504766872809,-0.4939015927980895,-0.034027292314376734,-0.03596312436264004,19,0.10526315789473684,0.0861594005994471,-0.6614003628697769,-0.20837583157687686
lb20_atr10_m2.0_r0.0025_tfnone_rfnone,20,10,2.0,0.0025,none,none,-0.0900785046218423,-0.09110586339737481,66,0.15151515151515152,0.24103645094129042,-0.5341247485816455,-0.03463973695769906,-0.036536191110089766,25,0.12,0.1361345711332907,-0.5232463353175455,-0.20841935108883172
lb20_atr14_m1.5_r0.0025_tfnone_rfadx20,20,14,1.5,0.0025,none,adx20,-0.10835696043039633,-0.11163572258939103,67,0.19402985074626866,0.1632550172059573,-0.6331420110592685,-0.029632112317733994,-0.03222323488412948,26,0.23076923076923078,0.23065733165368432,-0.43315304962520784,-0.20864063708469333
lb55_atr10_m1.5_r0.005_tfnone_rfadx20,55,10,1.5,0.005,none,adx20,-0.09881385733307302,-0.10489139271076942,37,0.16216216216216217,0.14435808992163962,-0.5506820705390347,-0.03666083757168581,-0.04090310221946403,15,0.2,0.18306476981994052,-0.46674001309648244,-0.20889370836555632
lb20_atr14_m2.0_r0.0025_tfma100_rfnone,20,14,2.0,0.0025,ma100,none,-0.06932292641012927,-0.0709086193837073,52,0.23076923076923078,0.24989789283178707,-0.5158161609019564,-0.03445102370548625,-0.03638600658606572,21,0.09523809523809523,0.08521574025215117,-0.6069782699407755,-0.20901319648331823
lb10_atr14_m2.5_r0.005_tfma100_rfnone,10,14,2.5,0.005,ma100,none,-0.1024855265583895,-0.11282512546875334,53,0.1509433962264151,0.392577632895313,-0.3826571974354329,-0.047184466977855166,-0.05920052431523182,19,0.21052631578947367,0.30117969066201816,-0.5096186846659154,-0.20955806959718282
lb55_atr10_m1.5_r0.005_tfma100_rfadx20,55,10,1.5,0.005,ma100,adx20,-0.09703712574353995,-0.09729626358799892,34,0.14705882352941177,0.10982795276420618,-0.5831514600520671,-0.03666083757168581,-0.04090310221946403,15,0.2,0.18306476981994052,-0.46674001309648244,-0.21023449909562195
lb20_atr10_m2.0_r0.005_tfma100_rfadx20,20,10,2.0,0.005,ma100,adx20,-0.12313647521663529,-0.12366521140164843,46,0.1956521739130435,0.2176572212231949,-0.5419454522846355,-0.03244744241061748,-0.03624151079572735,15,0.13333333333333333,0.13161180977074724,-0.417515264327018,-0.2104080559911183
lb20_atr14_m2.0_r0.005_tfnone_rfadx20,20,14,2.0,0.005,none,adx20,-0.13080473110324065,-0.13999563005996984,55,0.21818181818181817,0.2790958864588542,-0.487940943528259,-0.04143955174533542,-0.04527382318680706,21,0.14285714285714285,0.22879930727965062,-0.3822648451127827,-0.2104452412831371
lb20_atr20_m2.0_r0.005_tfma100_rfadx20,20,20,2.0,0.005,ma100,adx20,-0.13505343972623085,-0.13505343972623085,48,0.1875,0.20953941228650408,-0.5789063545470671,-0.029797008877713194,-0.033729733791878824,15,0.13333333333333333,0.2497522003058359,-0.3818593858054683,-0.21047573958839183
lb10_atr14_m1.5_r0.0025_tfma100_rfadx20,10,14,1.5,0.0025,ma100,adx20,-0.1218943217284083,-0.12189654197571353,73,0.1643835616438356,0.10792520231381905,-0.6507913560582845,-0.026751975361470892,-0.030182381347067633,24,0.2916666666666667,0.3113902331855446,-0.4194521244547904,-0.21237885596102032
lb55_atr14_m1.5_r0.005_tfma100_rfnone,55,14,1.5,0.005,ma100,none,-0.08897969456808208,-0.08897969456808208,37,0.2972972972972973,0.20665898479591,-0.5007677876921146,-0.0460863104945729,-0.0502870681091806,17,0.23529411764705882,0.18226642025636702,-0.5185201356833964,-0.21327271721182622
lb30_atr20_m1.5_r0.0025_tfma100_rfnone,30,20,1.5,0.0025,ma100,none,-0.06595935341728232,-0.06638185543816932,51,0.29411764705882354,0.28782040444376017,-0.4879770367373572,-0.0382122514026243,-0.040431467449149605,22,0.22727272727272727,0.15311109437469267,-0.6577556304568172,-0.21407958868412857
lb20_atr20_m2.5_r0.005_tfma100_rfnone,20,20,2.5,0.005,ma100,none,-0.0963150155666711,-0.09829912314248601,44,0.18181818181818182,0.3716177054954635,-0.4304903465307962,-0.04452276420479795,-0.0471671301954657,17,0.17647058823529413,0.13571285927707408,-0.5488898798838833,-0.2141687325473804
lb55_atr14_m1.5_r0.005_tfnone_rfnone,55,14,1.5,0.005,none,none,-0.09249828958721107,-0.09835965840959815,40,0.3,0.22990319801411313,-0.48318413468863197,-0.0460863104945729,-0.0502870681091806,17,0.23529411764705882,0.18226642025636702,-0.5185201356833964,-0.21438664603165064
lb10_atr20_m2.5_r0.005_tfma100_rfnone,10,20,2.5,0.005,ma100,none,-0.10758951393120963,-0.11420509400330392,55,0.16363636363636364,0.3845491120445163,-0.3891060111030449,-0.051493458693200767,-0.0594694017809666,21,0.23809523809523808,0.17668511189337502,-0.49630919997757583,-0.2154013367833029
lb20_atr10_m2.0_r0.005_tfnone_rfadx20,20,10,2.0,0.005,none,adx20,-0.1421388861087779,-0.14923692997661353,56,0.17857142857142858,0.24930755128351603,-0.5244990291198665,-0.03854968782837953,-0.04231982744989282,20,0.15,0.2207576702755755,-0.3737549202528973,-0.2167674881184903
lb20_atr20_m2.0_r0.005_tfnone_rfadx20,20,20,2.0,0.005,none,adx20,-0.14559493748330044,-0.15290876045161594,57,0.19298245614035087,0.2501037961202506,-0.5338404807068218,-0.03875228797686325,-0.04264871260176073,20,0.15,0.28350549038434686,-0.37428930679986155,-0.21870597948951104
lb30_atr20_m1.5_r0.0025_tfnone_rfnone,30,20,1.5,0.0025,none,none,-0.07339915348727388,-0.07404935825950842,61,0.3114754098360656,0.2892667562256611,-0.45544033339332685,-0.04157378955681812,-0.04378524923565863,24,0.20833333333333334,0.1423362358315197,-0.659467138127893,-0.2188478598617403
lb30_atr20_m1.5_r0.005_tfma100_rfadx20,30,20,1.5,0.005,ma100,adx20,-0.11857528005057649,-0.11857528005057649,43,0.2558139534883721,0.18094660502404483,-0.5813785493134056,-0.0395407717613907,-0.04377035401912677,17,0.29411764705882354,0.255016126283252,-0.4452436553104401,-0.21943709498117162
lb20_atr20_m1.5_r0.0025_tfma100_rfnone,20,20,1.5,0.0025,ma100,none,-0.0892096918959886,-0.08962167690669043,62,0.24193548387096775,0.22861159748798623,-0.552376132633433,-0.03676444254810529,-0.038986999249205345,24,0.2916666666666667,0.1737274431744588,-0.5804173854480288,-0.21991108915158708
lb10_atr10_m2.5_r0.005_tfnone_rfnone,10,10,2.5,0.005,none,none,-0.1706628603252398,-0.172406939968748,81,0.1728395061728395,0.32470365165588666,-0.42437648785445503,-0.04494084567961809,-0.0649449288719669,28,0.2857142857142857,0.4884648283058127,-0.3347417867864199,-0.22113243591819187
lb10_atr20_m2.0_r0.0025_tfma100_rfnone,10,20,2.0,0.0025,ma100,none,-0.09147879406415116,-0.09324829791405076,69,0.18840579710144928,0.2076186029683581,-0.5173053390644334,-0.04065085576608218,-0.04374061819698438,26,0.15384615384615385,0.14594389207518807,-0.5827469898401777,-0.22288545222992914
lb10_atr10_m2.0_r0.0025_tfma100_rfnone,10,10,2.0,0.0025,ma100,none,-0.0934109247055871,-0.0991163420286999,69,0.15942028985507245,0.21509666811033787,-0.530814964925857,-0.03882060464059156,-0.041700378812592476,25,0.2,0.09745916407342337,-0.5813563372232852,-0.2248623805603376
lb10_atr20_m1.5_r0.0025_tfnone_rfadx20,10,20,1.5,0.0025,none,adx20,-0.15521447739699912,-0.15920713095584715,106,0.19811320754716982,0.15679431563239213,-0.5870111599803454,-0.036102071350272325,-0.03955854827704486,37,0.32432432432432434,0.2966197073884086,-0.37284046230379514,-0.22679650197158246
lb20_atr20_m2.5_r0.005_tfnone_rfnone,20,20,2.5,0.005,none,none,-0.10668578722139632,-0.11428987841252558,54,0.16666666666666666,0.38861407860588404,-0.3813597350115322,-0.06006965965810385,-0.06267099826930411,23,0.17391304347826086,0.14785695595669013,-0.5383043542570864,-0.2272217355031265
lb10_atr20_m2.0_r0.005_tfma100_rfadx20,10,20,2.0,0.005,ma100,adx20,-0.1654681190370797,-0.1687125932700979,62,0.16129032258064516,0.17759012372585034,-0.5616477400446416,-0.034885101190080814,-0.04107858153326793,19,0.21052631578947367,0.28582665980333466,-0.3548663666397506,-0.22731929914527282
lb30_atr14_m1.5_r0.0025_tfnone_rfnone,30,14,1.5,0.0025,none,none,-0.08116598048828472,-0.08122268262712651,61,0.29508196721311475,0.24341524841015894,-0.5068437332607059,-0.04154625469464246,-0.04410556355041961,24,0.16666666666666666,0.14108542870246749,-0.6612232013911754,-0.2287043243110613
lb55_atr10_m1.5_r0.005_tfnone_rfnone,55,10,1.5,0.005,none,none,-0.0995039903843481,-0.10557687155373408,41,0.1951219512195122,0.18258334253001215,-0.5020108192823903,-0.048950678158252825,-0.05313882193325792,17,0.17647058823529413,0.14347787960008074,-0.5527142733050828,-0.22932359673068392
lb30_atr14_m1.5_r0.005_tfma100_rfadx20,30,14,1.5,0.005,ma100,adx20,-0.12730830210443178,-0.12730830210443178,44,0.25,0.1545591328869622,-0.6140554487008033,-0.04037984354613333,-0.04460573077650176,17,0.23529411764705882,0.2527374839604322,-0.4529387702080564,-0.22969945228146643
lb55_atr10_m1.5_r0.005_tfma100_rfnone,55,10,1.5,0.005,ma100,none,-0.09772861942513922,-0.0979875588204846,38,0.18421052631578946,0.15215062091722217,-0.5272199111158946,-0.048950678158252825,-0.05313882193325792,17,0.17647058823529413,0.14347787960008074,-0.5527142733050828,-0.22998751512875093
lb30_atr20_m1.5_r0.005_tfnone_rfadx20,30,20,1.5,0.005,none,adx20,-0.1275464634146094,-0.13318146321642454,51,0.27450980392156865,0.19303709185552156,-0.5272643135545464,-0.0462495274570599,-0.050449566311778216,19,0.2631578947368421,0.22593384881310424,-0.4697752413314178,-0.23063694536535861
lb10_atr14_m2.0_r0.005_tfma100_rfadx20,10,14,2.0,0.005,ma100,adx20,-0.15362744714739285,-0.1618015844319609,60,0.2,0.21599818458531353,-0.5266135821415375,-0.040537534498362615,-0.04569730929016169,20,0.25,0.2013682582466999,-0.40157184536419094,-0.23110096876145192
lb30_atr14_m1.5_r0.0025_tfma100_rfnone,30,14,1.5,0.0025,ma100,none,-0.07717242896297127,-0.07717476228739772,52,0.28846153846153844,0.19005912413249026,-0.5644399465914817,-0.03896630466784945,-0.04153250262910857,22,0.18181818181818182,0.14933838765675453,-0.6723278840068766,-0.23149603511963238
lb20_atr20_m1.5_r0.0025_tfnone_rfnone,20,20,1.5,0.0025,none,none,-0.10992753511372921,-0.11055210756742562,78,0.24358974358974358,0.21149958944758507,-0.5510122533977365,-0.04414433621411806,-0.04634986464835866,31,0.25806451612903225,0.1703174793587522,-0.5408674657348833,-0.23183763440448107
lb30_atr14_m1.5_r0.005_tfnone_rfadx20,30,14,1.5,0.005,none,adx20,-0.13250670114032026,-0.13810966377633893,51,0.2549019607843137,0.19921389198605943,-0.5366774016045393,-0.045529847499898635,-0.04973305561520458,19,0.21052631578947367,0.22989429681783033,-0.4620053936196781,-0.23239584347652256
lb20_atr20_m1.5_r0.005_tfma100_rfadx20,20,20,1.5,0.005,ma100,adx20,-0.1503496003052749,-0.1503496003052749,54,0.2222222222222222,0.1697645188883152,-0.5941321316831003,-0.04001698185289726,-0.044244467020309375,19,0.3684210526315789,0.27515285373827136,-0.40333602502508675,-0.2325998231171104
lb10_atr10_m1.5_r0.0025_tfnone_rfadx20,10,10,1.5,0.0025,none,adx20,-0.1632159871333001,-0.1669221587224543,108,0.1574074074074074,0.16420807084662098,-0.6105523790822445,-0.03530047830067706,-0.0399613628075598,36,0.2777777777777778,0.3312132980072019,-0.37468351690812773,-0.23274807443870374
lb10_atr10_m2.0_r0.005_tfma100_rfadx20,10,10,2.0,0.005,ma100,adx20,-0.1568509116700716,-0.1637042728171565,60,0.18333333333333332,0.20841541691364757,-0.5398821043463269,-0.03794189876837506,-0.043627264046875,19,0.2631578947368421,0.18009121270471282,-0.4072305958764744,-0.2334271568556234
lb10_atr14_m2.0_r0.0025_tfma100_rfnone,10,14,2.0,0.0025,ma100,none,-0.08573689779641869,-0.0920194921215749,67,0.208955223880597,0.241912725410797,-0.5003789158182187,-0.04896008616716074,-0.05152578298971344,28,0.17857142857142858,0.09395600237686261,-0.6473437912010626,-0.23639337941577743
lb20_atr10_m1.5_r0.0025_tfnone_rfnone,20,10,1.5,0.0025,none,none,-0.11798197111012698,-0.11866683687313684,78,0.1794871794871795,0.18511637639386083,-0.5960185493835414,-0.04272773219083292,-0.04523351165679024,30,0.16666666666666666,0.19791954610680204,-0.5397885421292272,-0.23903031796336094
lb30_atr10_m1.5_r0.0025_tfma100_rfnone,30,10,1.5,0.0025,ma100,none,-0.07812932831377717,-0.07884513869438325,52,0.23076923076923078,0.17820567600460704,-0.5722103821684144,-0.04101132555486742,-0.04352159792911048,22,0.13636363636363635,0.11749669478074119,-0.6995239915269106,-0.23964707359174559
lb30_atr10_m1.5_r0.0025_tfnone_rfnone,30,10,1.5,0.0025,none,none,-0.08549928311944976,-0.08620937090759595,61,0.21311475409836064,0.22053766178876288,-0.5385044783664971,-0.04363128305337727,-0.046134697362342214,24,0.125,0.11097729750595653,-0.6864974800834083,-0.2407314959448565
lb10_atr14_m1.5_r0.0025_tfnone_rfadx20,10,14,1.5,0.0025,none,adx20,-0.1626057166510052,-0.16605739143046128,107,0.17757009345794392,0.15710358038025402,-0.613264328286241,-0.039857912739704515,-0.04442269720583458,38,0.2894736842105263,0.28620453404636786,-0.3992908703766219,-0.24120717972692168
lb30_atr10_m1.5_r0.005_tfma100_rfadx20,30,10,1.5,0.005,ma100,adx20,-0.1288700773758702,-0.129638627286787,44,0.20454545454545456,0.15434028816008472,-0.608935757446499,-0.044149498001853416,-0.04835878477367561,17,0.17647058823529413,0.19785365603256624,-0.49690752487919476,-0.2415470828325887
lb20_atr10_m1.5_r0.0025_tfma100_rfnone,20,10,1.5,0.0025,ma100,none,-0.10014588347254783,-0.10084459852816718,64,0.203125,0.16422238354137414,-0.6056117036181018,-0.04004423369282295,-0.04255703755054363,24,0.16666666666666666,0.12682937899936286,-0.6262110367738756,-0.24282585927545058
lb30_atr10_m1.5_r0.005_tfnone_rfadx20,30,10,1.5,0.005,none,adx20,-0.13428349606712142,-0.14063382363591903,51,0.19607843137254902,0.19758919749462525,-0.5382029069764428,-0.04936899136571171,-0.053555293011380734,19,0.15789473684210525,0.1799690012825906,-0.5017810332292673,-0.24424172013482434
lb30_atr20_m2.0_r0.005_tfnone_rfnone,30,20,2.0,0.005,none,none,-0.1143285503852014,-0.11608152018016671,52,0.25,0.29694213954957843,-0.4346412452901976,-0.05449018466632771,-0.058322815611991485,19,0.10526315789473684,0.1518324560462865,-0.6159878454020177,-0.244883302606709
lb10_atr20_m1.5_r0.0025_tfma100_rfnone,10,20,1.5,0.0025,ma100,none,-0.1129434804880477,-0.11334472980573662,80,0.2,0.197626836669051,-0.5486864132185261,-0.0480598712728193,-0.05074748768302939,31,0.2903225806451613,0.2008977975442679,-0.5959021807145567,-0.24517168107566106
lb10_atr14_m2.5_r0.005_tfnone_rfnone,10,14,2.5,0.005,none,none,-0.1459845637591083,-0.1494763699534889,78,0.20512820512820512,0.3664845692116166,-0.3704068587568552,-0.07051096741773599,-0.0822328517939761,31,0.16129032258064516,0.2932150309151033,-0.4667102900783438,-0.24546656023066493
lb30_atr20_m2.0_r0.005_tfma100_rfnone,30,20,2.0,0.005,ma100,none,-0.11756283921547694,-0.11756283921547694,46,0.2391304347826087,0.23266481759616323,-0.5159973319714107,-0.04721317721105622,-0.051075305559615924,17,0.11764705882352941,0.1720256465392287,-0.6006281102260616,-0.24556325581567126
lb20_atr14_m1.5_r0.0025_tfma100_rfnone,20,14,1.5,0.0025,ma100,none,-0.10456658497258386,-0.10456884903222508,64,0.234375,0.14619382188287033,-0.6320264897001514,-0.04157219872759732,-0.044131438306381554,25,0.2,0.15003695934510236,-0.6341748588826193,-0.2499284619422012
lb10_atr20_m1.5_r0.005_tfma100_rfadx20,10,20,1.5,0.005,ma100,adx20,-0.1926988527852631,-0.1926988527852631,71,0.18309859154929578,0.14631668872118728,-0.5984919678315781,-0.042922517578491415,-0.04795430802938938,23,0.391304347826087,0.34634801527974485,-0.3502015549340095,-0.2507535162316289
lb20_atr14_m1.5_r0.0025_tfnone_rfnone,20,14,1.5,0.0025,none,none,-0.11877959948551464,-0.11883398045143356,78,0.23076923076923078,0.1783500975883887,-0.5979762392153477,-0.048118601018421026,-0.05066036008190811,32,0.1875,0.15416004378979814,-0.5779909513045461,-0.2510921548528625
lb10_atr10_m2.0_r0.0025_tfnone_rfnone,10,10,2.0,0.0025,none,none,-0.13826126439433206,-0.14137207240034677,103,0.1553398058252427,0.20829594494806572,-0.542106041568088,-0.05259225734595152,-0.055430770490138004,39,0.1794871794871795,0.16840027078512224,-0.5173013548645585,-0.25137223708164114
lb30_atr14_m2.0_r0.005_tfnone_rfnone,30,14,2.0,0.005,none,none,-0.10547661212889836,-0.10899021174904533,50,0.28,0.31370944393963746,-0.412243971237842,-0.06255326712446141,-0.06630308305136545,21,0.09523809523809523,0.09186188688037018,-0.6572956096477628,-0.2521628317102186
lb20_atr20_m2.0_r0.005_tfma100_rfnone,20,20,2.0,0.005,ma100,none,-0.1444576030957988,-0.1444576030957988,55,0.2,0.2345942256825655,-0.5434482096246418,-0.04728915437929426,-0.05115097475384722,19,0.10526315789473684,0.1719962870721019,-0.5391547018530586,-0.2538854645968387
lb30_atr10_m2.0_r0.005_tfma100_rfnone,30,10,2.0,0.005,ma100,none,-0.11759914233803248,-0.11759914233803248,45,0.2,0.20641239389783816,-0.5253252377775233,-0.04993489479798696,-0.053660389553975896,17,0.11764705882352941,0.08881893644974945,-0.6271247206045576,-0.2547738134094422
lb20_atr10_m1.5_r0.005_tfnone_rfadx20,20,10,1.5,0.005,none,adx20,-0.18564825640331784,-0.19162180583268318,67,0.16417910447761194,0.16522385865985378,-0.6002924864881028,-0.04722282086439211,-0.05141857361887192,24,0.20833333333333334,0.3079578995092914,-0.37650013227334084,-0.25567698332015826
lb20_atr20_m1.5_r0.005_tfnone_rfadx20,20,20,1.5,0.005,none,adx20,-0.17743484573840962,-0.18274762663375121,67,0.22388059701492538,0.1641365120436341,-0.5836510781875255,-0.051106019692031435,-0.05528467197167408,25,0.32,0.258610005326547,-0.39349866408065914,-0.2561593476284518
lb10_atr20_m2.0_r0.0025_tfnone_rfnone,10,20,2.0,0.0025,none,none,-0.12681432784628366,-0.12748810597993432,101,0.18811881188118812,0.21342539758776635,-0.5032092697586891,-0.061289309754357646,-0.0643126022038687,41,0.12195121951219512,0.16090807993969486,-0.5739584000635405,-0.25726555618663605
lb30_atr14_m2.0_r0.005_tfma100_rfnone,30,14,2.0,0.005,ma100,none,-0.10829298106149832,-0.11035573812746835,44,0.2727272727272727,0.239908547847122,-0.4939015927980895,-0.0567069359869512,-0.060480137419233415,19,0.10526315789473684,0.10077869648642937,-0.6614003628697769,-0.25730501933963507
lb20_atr10_m1.5_r0.005_tfma100_rfadx20,20,10,1.5,0.005,ma100,adx20,-0.16251318460787767,-0.16325205305981272,55,0.18181818181818182,0.14432246632696102,-0.6282469476440189,-0.045418231067137826,-0.04962193070865306,19,0.21052631578947367,0.2036178005540334,-0.45769650477886914,-0.25772930651127546
lb30_atr10_m2.0_r0.005_tfnone_rfnone,30,10,2.0,0.005,none,none,-0.12350699847345836,-0.12451629991949065,52,0.19230769230769232,0.26031260288337754,-0.47181636997311033,-0.055788474779106645,-0.05949101586444294,19,0.10526315789473684,0.0798980140434901,-0.6252759545178572,-0.2577617379327242
lb10_atr20_m2.5_r0.005_tfnone_rfnone,10,20,2.5,0.005,none,none,-0.14071704731399404,-0.1444239455952684,78,0.1794871794871795,0.3735749219439321,-0.3640860232519368,-0.08308924395628015,-0.09079949969862788,33,0.24242424242424243,0.19208952885196923,-0.5099099636308604,-0.2598985914037668
lb20_atr20_m2.0_r0.005_tfnone_rfnone,20,20,2.0,0.005,none,none,-0.15823689957496556,-0.15990296354282096,66,0.19696969696969696,0.263638846761874,-0.5042568638717805,-0.06045974513138308,-0.06426817842007981,25,0.12,0.19996536101682996,-0.5088032408263576,-0.2636910757084469
lb30_atr20_m1.5_r0.005_tfma100_rfnone,30,20,1.5,0.005,ma100,none,-0.11658832146112563,-0.11658832146112563,51,0.29411764705882354,0.28265762338683204,-0.4879770367373572,-0.06297921578201349,-0.06710558196970318,22,0.22727272727272727,0.17533902033403306,-0.6577556304568172,-0.26406939437597055
lb20_atr14_m2.0_r0.005_tfma100_rfnone,20,14,2.0,0.005,ma100,none,-0.1318376018338755,-0.1338458938885443,52,0.23076923076923078,0.24941623179223885,-0.5158161609019564,-0.057532172804438564,-0.061302073263926005,21,0.09523809523809523,0.09953606846495902,-0.6069782699407755,-0.26485463923611413
lb10_atr14_m2.0_r0.0025_tfnone_rfnone,10,14,2.0,0.0025,none,none,-0.12457718579276256,-0.1284115162469901,99,0.20202020202020202,0.23650810928748695,-0.505498625575143,-0.06769917105985102,-0.07021431394679334,43,0.16279069767441862,0.14092656267888617,-0.5991660704911547,-0.26589182466328687
lb20_atr10_m2.0_r0.005_tfma100_rfnone,20,10,2.0,0.005,ma100,none,-0.14540902306131887,-0.1459243292180039,54,0.16666666666666666,0.21719481183684552,-0.5498137123370953,-0.0515471465907309,-0.05526631921619818,19,0.10526315789473684,0.08629794333883427,-0.5784742148507407,-0.2667310444125746
lb20_atr14_m1.5_r0.005_tfma100_rfadx20,20,14,1.5,0.005,ma100,adx20,-0.16877644328765817,-0.16877644328765817,55,0.2,0.11936993920054612,-0.6709798301759246,-0.048852975678260635,-0.053041549706486,20,0.25,0.2306118480620375,-0.46928935167099145,-0.26945798047456204
lb10_atr10_m1.5_r0.0025_tfma100_rfnone,10,10,1.5,0.0025,ma100,none,-0.12833063356756924,-0.1290074638433466,84,0.16666666666666666,0.14437868016371877,-0.5978853409590966,-0.0522511678730605,-0.05566829827135222,31,0.1935483870967742,0.1729058350617066,-0.6381043592085072,-0.27014101570409055
lb20_atr14_m2.0_r0.005_tfnone_rfnone,20,14,2.0,0.005,none,none,-0.14646753113950994,-0.14982012247366028,63,0.2222222222222222,0.2820694259744684,-0.48206254176942415,-0.06902852218960742,-0.07275243689597011,27,0.1111111111111111,0.14858240471708603,-0.5565306197295693,-0.2705241392024928
lb10_atr10_m2.0_r0.005_tfnone_rfadx20,10,10,2.0,0.005,none,adx20,-0.22295784977064137,-0.2308246755669633,89,0.1797752808988764,0.2112893089539271,-0.5404006259086686,-0.05216588463969918,-0.05873333935197478,30,0.23333333333333334,0.28934523409587193,-0.33958157597801797,-0.27121468281406214
lb10_atr14_m1.5_r0.0025_tfma100_rfnone,10,14,1.5,0.0025,ma100,none,-0.1269275533609353,-0.12692976088196006,82,0.1951219512195122,0.1318687641450137,-0.6054570834290041,-0.05407935974246714,-0.05741344493359202,32,0.21875,0.18112954107886658,-0.647345297315631,-0.27281316661625354
lb30_atr20_m1.5_r0.005_tfnone_rfnone,30,20,1.5,0.005,none,none,-0.13011918218206542,-0.13011918218206542,61,0.3114754098360656,0.2826760202682883,-0.45544033339332685,-0.06952425521550554,-0.07362179895883703,24,0.20833333333333334,0.16114088521825604,-0.659467138127893,-0.27505441922837
lb20_atr10_m2.0_r0.005_tfnone_rfnone,20,10,2.0,0.005,none,none,-0.16867546588151938,-0.1701334544116222,66,0.15151515151515152,0.23831880699820665,-0.5341247485816456,-0.06187450432510344,-0.0655531802342173,25,0.12,0.1479066814530597,-0.5232463353175456,-0.2771743647321935
lb10_atr10_m1.5_r0.005_tfma100_rfadx20,10,10,1.5,0.005,ma100,adx20,-0.2112426766236778,-0.21193855373095205,74,0.14864864864864866,0.1244902565272548,-0.6374822411479772,-0.04710737339824955,-0.05265837385014327,23,0.2608695652173913,0.29512834073895344,-0.4041283950769235,-0.2787192445355651
lb20_atr20_m1.5_r0.005_tfma100_rfnone,20,20,1.5,0.005,ma100,none,-0.15781569484223112,-0.15781569484223112,62,0.24193548387096775,0.22279907495353454,-0.552376132633433,-0.060152776195670055,-0.06429158919877409,24,0.2916666666666667,0.19987857000380718,-0.5804173854480288,-0.27932481439485984
lb10_atr14_m2.0_r0.005_tfnone_rfadx20,10,14,2.0,0.005,none,adx20,-0.20970525212096824,-0.21975939867069139,87,0.20689655172413793,0.2252936298134838,-0.5120738307875999,-0.06332249791559019,-0.06940138935089324,32,0.21875,0.26039123357479194,-0.3940028849209793,-0.2793941311789635
lb20_atr14_m1.5_r0.005_tfnone_rfadx20,20,14,1.5,0.005,none,adx20,-0.1920669741315395,-0.19728524908801115,67,0.19402985074626866,0.14417797017791187,-0.6331420110592685,-0.05820866218847787,-0.06235603650253607,26,0.23076923076923078,0.23076389239232714,-0.4331530496252078,-0.2820509388691003
lb10_atr14_m1.5_r0.005_tfma100_rfadx20,10,14,1.5,0.005,ma100,adx20,-0.21073198637983437,-0.21073198637983437,73,0.1643835616438356,0.10784348834199574,-0.6507913560582845,-0.05122093053955701,-0.05682689981317113,24,0.2916666666666667,0.3059605514258887,-0.4194521244547904,-0.2852850042108907
lb30_atr14_m1.5_r0.005_tfma100_rfnone,30,14,1.5,0.005,ma100,none,-0.13660225841833318,-0.13660225841833318,52,0.28846153846153844,0.18557985567923035,-0.5644399465914817,-0.06440131326209664,-0.0685214169473356,22,0.18181818181818182,0.17312197750208527,-0.6723278840068766,-0.2871489325992265
lb10_atr20_m2.0_r0.005_tfnone_rfadx20,10,20,2.0,0.005,none,adx20,-0.22146612412144018,-0.2277700634944393,90,0.17777777777777778,0.19309614890512064,-0.533086619765737,-0.063105870661198,-0.06911824844218806,31,0.16129032258064516,0.2711812203544288,-0.3991007966839952,-0.28840995353273347
lb10_atr20_m1.5_r0.0025_tfnone_rfnone,10,20,1.5,0.0025,none,none,-0.16464832093243542,-0.16562312436970306,120,0.21666666666666667,0.18770389762590334,-0.552544038517788,-0.06944027646197026,-0.07206752948785689,48,0.25,0.17764026426610974,-0.56223089823485,-0.2884839398074892
lb30_atr14_m1.5_r0.005_tfnone_rfnone,30,14,1.5,0.005,none,none,-0.1469032855261978,-0.1469032855261978,61,0.29508196721311475,0.21792040934174076,-0.5068437332607059,-0.06942240093249641,-0.07352039321237758,24,0.16666666666666666,0.16198741166747174,-0.6612232013911754,-0.2903212392693217
lb10_atr20_m2.0_r0.005_tfma100_rfnone,10,20,2.0,0.005,ma100,none,-0.16890673538440004,-0.17213784104230367,69,0.18840579710144928,0.21175906487101123,-0.5173053390644334,-0.06723653280220476,-0.07322240267744584,26,0.15384615384615385,0.17013247489655436,-0.5827469898401777,-0.29054479598178945
lb10_atr10_m2.0_r0.005_tfma100_rfnone,10,10,2.0,0.005,ma100,none,-0.17589434918826563,-0.1825929197335453,69,0.15942028985507245,0.21107197630861482,-0.530814964925857,-0.06630345706806517,-0.07182121727303081,25,0.2,0.11097645132393247,-0.5813563372232852,-0.29639230145357887
lb30_atr10_m1.5_r0.005_tfma100_rfnone,30,10,1.5,0.005,ma100,none,-0.14085457245993094,-0.14161254911146348,52,0.23076923076923078,0.17343154814128128,-0.5722103821684144,-0.06882652948536272,-0.07292714580927062,22,0.13636363636363635,0.13496852595130704,-0.6995239915269106,-0.29931410316125895
lb10_atr10_m1.5_r0.0025_tfnone_rfnone,10,10,1.5,0.0025,none,none,-0.179631442857754,-0.18026843929029135,123,0.17073170731707318,0.16514492057941688,-0.5952159425506425,-0.07059186212927926,-0.07394286472899791,47,0.2127659574468085,0.1953992262087069,-0.5789254041306754,-0.3047348663545355
lb20_atr20_m1.5_r0.005_tfnone_rfnone,20,20,1.5,0.005,none,none,-0.19106357041129252,-0.19106357041129252,78,0.24358974358974358,0.20808663240237935,-0.5510122533977364,-0.07554676228720447,-0.07961778466626723,31,0.25806451612903225,0.1888232696728148,-0.5408674657348833,-0.3052164217692302
lb10_atr14_m2.0_r0.005_tfma100_rfnone,10,14,2.0,0.005,ma100,none,-0.16199122176128922,-0.1700845829837313,67,0.208955223880597,0.23699116720754984,-0.5003789158182187,-0.0780496460673139,-0.08300768910344758,28,0.17857142857142858,0.11433837007462333,-0.6473437912010626,-0.3054757116463539
lb10_atr14_m1.5_r0.0025_tfnone_rfnone,10,14,1.5,0.0025,none,none,-0.17421575435230308,-0.1742178423074222,121,0.2066115702479339,0.16753631221082738,-0.5845389345430151,-0.07438989297738163,-0.07765238965970322,49,0.22448979591836735,0.17432923874848547,-0.590392262794077,-0.3058189978734004
lb30_atr10_m1.5_r0.005_tfnone_rfnone,30,10,1.5,0.005,none,none,-0.15725978303361354,-0.1580032862721712,61,0.21311475409836064,0.19745627040741384,-0.5385044783664971,-0.07391127206779835,-0.07798949666868493,24,0.125,0.12630560545679054,-0.6864974800834084,-0.3079545634393143
lb20_atr10_m1.5_r0.005_tfma100_rfnone,20,10,1.5,0.005,ma100,none,-0.17962774589073005,-0.18035151510866143,64,0.203125,0.15611335532431658,-0.6056117036181018,-0.0667794181030672,-0.07088904930832307,24,0.16666666666666666,0.14641737998605728,-0.6262110367738756,-0.3114975189445974
lb10_atr20_m1.5_r0.005_tfma100_rfnone,10,20,1.5,0.005,ma100,none,-0.19724335789429215,-0.19724335789429215,80,0.2,0.1942916718298187,-0.5486864132185261,-0.0765339288330229,-0.08138900884897904,31,0.2903225806451613,0.2270598278863541,-0.5959021807145567,-0.318004820641269
lb20_atr10_m1.5_r0.005_tfnone_rfnone,20,10,1.5,0.005,none,none,-0.21041034361369293,-0.21110695504250088,78,0.1794871794871795,0.16685248609634548,-0.5960185493835414,-0.07306093539136183,-0.07714290462691287,30,0.16666666666666666,0.21999728658070739,-0.5397885421292272,-0.3183056609750821
lb20_atr14_m1.5_r0.005_tfma100_rfnone,20,14,1.5,0.005,ma100,none,-0.18300176815163072,-0.18300176815163072,64,0.234375,0.1427325191781801,-0.6320264897001514,-0.06938843246114645,-0.07348657432826622,25,0.2,0.1724665245723499,-0.6341748588826193,-0.31873513412509913
lb10_atr20_m1.5_r0.005_tfnone_rfadx20,10,20,1.5,0.005,none,adx20,-0.26666793181965454,-0.2720260094601874,106,0.19811320754716982,0.1551576238606702,-0.5870111599803454,-0.07184417713545044,-0.0781357225408491,37,0.32432432432432434,0.2839337615855808,-0.3728404623037952,-0.32269798414958034
lb10_atr10_m1.5_r0.005_tfnone_rfadx20,10,10,1.5,0.005,none,adx20,-0.2810470432422376,-0.286575745856091,108,0.1574074074074074,0.1513106652408283,-0.6105523790822445,-0.06823462230244726,-0.07594017434267919,36,0.2777777777777778,0.3200704132885127,-0.37468351690812773,-0.3303445310974147
lb20_atr14_m1.5_r0.005_tfnone_rfnone,20,14,1.5,0.005,none,none,-0.20844175742073512,-0.20844175742073512,78,0.23076923076923078,0.16111002772196525,-0.5979762392153477,-0.08309669755199456,-0.0871344722186046,32,0.1875,0.1713768193671898,-0.5779909513045461,-0.33255173055825876
lb10_atr14_m1.5_r0.005_tfnone_rfadx20,10,14,1.5,0.005,none,adx20,-0.27893417849251967,-0.2840879461126614,107,0.17757009345794392,0.14713617969439055,-0.613264328286241,-0.07664771446326712,-0.08436682198726742,38,0.2894736842105263,0.2812632459279323,-0.3992908703766219,-0.3409001414277543
lb10_atr10_m1.5_r0.005_tfma100_rfnone,10,10,1.5,0.005,ma100,none,-0.2233552868501848,-0.22404047766914692,84,0.16666666666666666,0.13834626199564762,-0.5978853409590966,-0.08202807688976321,-0.08737564955194554,31,0.1935483870967742,0.1918129320404989,-0.6381043592085072,-0.3505225949086987
lb10_atr14_m1.5_r0.005_tfma100_rfnone,10,14,1.5,0.005,ma100,none,-0.21920567739608587,-0.21920567739608587,82,0.1951219512195122,0.1309380859462512,-0.6054570834290041,-0.08471283269475638,-0.09012091124708421,32,0.21875,0.20835328792837501,-0.647345297315631,-0.35208821116683753
lb10_atr10_m2.0_r0.005_tfnone_rfnone,10,10,2.0,0.005,none,none,-0.2544125490961011,-0.2571688048747083,103,0.1553398058252427,0.2012798380207862,-0.542106041568088,-0.09550851151450535,-0.10085368193274824,39,0.1794871794871795,0.17804007011547263,-0.5173013548645584,-0.3551514475474256
lb10_atr20_m2.0_r0.005_tfnone_rfnone,10,20,2.0,0.005,none,none,-0.2327299890250587,-0.2338910529857391,101,0.18811881188118812,0.20999309867082544,-0.5032092697586891,-0.10813935693354015,-0.11386273905986066,41,0.12195121951219512,0.17457275321507104,-0.5739584000635405,-0.35824415583876384
lb10_atr14_m2.0_r0.005_tfnone_rfnone,10,14,2.0,0.005,none,none,-0.23181265177812171,-0.23583268972127724,99,0.20202020202020202,0.22610060548471184,-0.505498625575143,-0.1146302901982913,-0.11939161070254767,43,0.16279069767441862,0.15835230814516252,-0.5991660704911547,-0.36755443807907373
lb10_atr20_m1.5_r0.005_tfnone_rfnone,10,20,1.5,0.005,none,none,-0.280304772101023,-0.2807592115153329,120,0.21666666666666667,0.18712071554119603,-0.552544038517788,-0.11859410328029041,-0.12322805388088154,48,0.25,0.19076502291892336,-0.56223089823485,-0.39673492674416394
lb10_atr10_m1.5_r0.005_tfnone_rfnone,10,10,1.5,0.005,none,none,-0.30694775424058796,-0.3075591960334889,123,0.17073170731707318,0.1533705888098695,-0.5952159425506425,-0.11803901192238297,-0.1231768057374436,47,0.2127659574468085,0.20926652589130693,-0.5789254041306754,-0.4185978876090309
lb10_atr14_m1.5_r0.005_tfnone_rfnone,10,14,1.5,0.005,none,none,-0.29726354225301366,-0.29726354225301366,121,0.2066115702479339,0.15756601566005368,-0.5845389345430151,-0.12463367982158757,-0.1298058814984938,49,0.22448979591836735,0.19040172857588522,-0.590392262794077,-0.4194021656256506
