key,breakout_lookback,atr_period,atr_mult,risk_per_trade,trend_filter,regime_filter,is_return,is_mdd,is_trades,is_win_rate,is_pf,is_avg_r,oos_return,oos_mdd,oos_trades,oos_win_rate,oos_pf,oos_avg_r,rank_score
lb55_atr14_m3.0_r0.0025_tfnone_rfadx20,55,14,3.0,0.0025,none,adx20,0.0017166810036484126,-0.017752032918947114,19,0.2631578947368421,1.0855741989206105,0.034399959804549775,0.0014531737252632126,-0.007598780695648677,6,0.6666666666666666,1.252408368402348,0.09229489648441329,0.050886492389465715
lb55_atr14_m3.0_r0.005_tfnone_rfadx20,55,14,3.0,0.005,none,adx20,0.0031243216774183846,-0.035226696065009944,19,0.2631578947368421,1.0771309691582482,0.03439995980454987,0.002872124071860771,-0.015121929656399358,6,0.6666666666666666,1.2486432349913696,0.0922948964844132,0.04773806973359353
lb55_atr14_m3.0_r0.0025_tfma100_rfadx20,55,14,3.0,0.0025,ma100,adx20,-0.0015547873882331142,-0.017752032918946448,18,0.2222222222222222,0.9328566954949712,-0.031604181600253134,0.0014531737252632126,-0.007598780695648677,6,0.6666666666666666,1.252408368402348,0.09229489648441329,0.0420881369099067
lb55_atr14_m3.0_r0.005_tfma100_rfadx20,55,14,3.0,0.005,ma100,adx20,-0.0034272828210448747,-0.0352266960650095,18,0.2222222222222222,0.9263969117875955,-0.03160418160025312,0.002872124071860771,-0.015121929656399358,6,0.6666666666666666,1.2486432349913696,0.0922948964844132,0.03748221725508453
lb55_atr10_m3.0_r0.0025_tfnone_rfadx20,55,10,3.0,0.0025,none,adx20,-0.003982028859036091,-0.02086500965544913,21,0.2857142857142857,0.829076200902442,-0.07333178991080876,0.000652753567331299,-0.007719313358184432,6,0.6666666666666666,1.115614369441607,0.04036204734453364,0.02424106004045307
lb55_atr10_m2.5_r0.0025_tfnone_rfadx20,55,10,2.5,0.0025,none,adx20,-0.009481789880553038,-0.025096799749173115,24,0.16666666666666666,0.7140635770568172,-0.14936623041655814,0.0013951664125262386,-0.008000348529170753,6,0.5,1.1992405723584616,0.08991913007662246,0.023332065694260825
lb55_atr10_m3.0_r0.005_tfnone_rfadx20,55,10,3.0,0.005,none,adx20,-0.008262938805203457,-0.04133671336455946,21,0.2857142857142857,0.8236201212013983,-0.07333178991080883,0.0012737912442228883,-0.015360900611529282,6,0.6666666666666666,1.1125178371516482,0.04036204734453367,0.017685698865307863
lb55_atr10_m3.0_r0.0025_tfma100_rfadx20,55,10,3.0,0.0025,ma100,adx20,-0.007252999788151637,-0.020865009655448796,20,0.25,0.7227978343848789,-0.13880859377782487,0.000652753567331299,-0.007719313358184432,6,0.6666666666666666,1.115614369441607,0.04036204734453364,0.0159239799355528
lb55_atr10_m2.5_r0.005_tfnone_rfadx20,55,10,2.5,0.005,none,adx20,-0.01934063834202704,-0.04961133280878982,24,0.16666666666666666,0.7088268790030913,-0.14936623041655817,0.00274378209974957,-0.015909099410558736,6,0.5,1.1955493757480626,0.08991913007662238,0.014022048993596227
lb55_atr10_m2.5_r0.0025_tfma100_rfadx20,55,10,2.5,0.0025,ma100,adx20,-0.01363173044126087,-0.02509679974917245,23,0.08695652173913043,0.6241924284630567,-0.22387249901628054,0.0013951664125262386,-0.008000348529170753,6,0.5,1.1992405723584616,0.08991913007662246,0.0140016468792322
lb55_atr20_m3.0_r0.0025_tfnone_rfadx20,55,20,3.0,0.0025,none,adx20,-0.010887761501572335,-0.02341081081332297,22,0.18181818181818182,0.6372521727811947,-0.1879153548610363,0.0009802682154784748,-0.007994051913519096,6,0.6666666666666666,1.1697000191082498,0.0636487200023411,0.013684309468278599
lb55_atr10_m3.0_r0.005_tfma100_rfadx20,55,10,3.0,0.005,ma100,adx20,-0.01477560802460498,-0.04133671336456024,20,0.25,0.7181823912234242,-0.13880859377782487,0.0012737912442228883,-0.015360900611529282,6,0.6666666666666666,1.1125178371516482,0.04036204734453367,0.007918681213444438
lb55_atr20_m3.0_r0.0025_tfma100_rfadx20,55,20,3.0,0.0025,ma100,adx20,-0.013610606729352437,-0.02341081081332308,21,0.14285714285714285,0.5829693290473205,-0.2463629877701234,0.0009802682154784748,-0.007994051913519096,6,0.6666666666666666,1.1697000191082498,0.0636487200023411,0.006774891377026734
lb55_atr20_m3.0_r0.005_tfnone_rfadx20,55,20,3.0,0.005,none,adx20,-0.021963463206960077,-0.04632660450848103,22,0.18181818181818182,0.6340209240804311,-0.1879153548610363,0.001925616612833858,-0.015903389186129102,6,0.6666666666666666,1.1661925414402061,0.06364872000234122,0.0038532225853139977
lb55_atr10_m2.5_r0.005_tfma100_rfadx20,55,10,2.5,0.005,ma100,adx20,-0.02755039906862411,-0.04961133280878971,23,0.08695652173913043,0.6193135353746047,-0.2238724990162805,0.00274378209974957,-0.015909099410558736,6,0.5,1.1955493757480626,0.08991913007662238,0.002868468056052752
lb55_atr20_m3.0_r0.005_tfma100_rfadx20,55,20,3.0,0.005,ma100,adx20,-0.027349874488609704,-0.04632660450848114,21,0.14285714285714285,0.5798412977966794,-0.2463629877701234,0.001925616612833858,-0.015903389186129102,6,0.6666666666666666,1.1661925414402061,0.06364872000234122,-0.004253716446952868
lb55_atr14_m3.0_r0.0025_tfnone_rfnone,55,14,3.0,0.0025,none,none,0.0011333538026097045,-0.015295859030292847,20,0.25,1.053770616596619,0.022606858823558347,-0.004331962169341952,-0.010667061085203211,8,0.5,0.6246046199083589,-0.20712584329722522,-0.016315957149008124
lb55_atr14_m3.0_r0.0025_tfma100_rfnone,55,14,3.0,0.0025,ma100,none,-0.0021362095231635125,-0.015295859030293735,19,0.21052631578947367,0.9116164695250272,-0.04054406992735977,-0.004331962169341952,-0.010667061085203211,8,0.5,0.6246046199083589,-0.20712584329722522,-0.024151672790408602
lb55_atr14_m3.0_r0.005_tfnone_rfnone,55,14,3.0,0.005,none,none,0.0019525576617425155,-0.0303901699630148,20,0.25,1.0460310967033188,0.02260685882355839,-0.008697789611245343,-0.021212334678383127,8,0.5,0.623643687870352,-0.20712584329722525,-0.024340504564081104
lb55_atr14_m3.0_r0.005_tfma100_rfnone,55,14,3.0,0.005,ma100,none,-0.004591393812833133,-0.03039016996301447,19,0.21052631578947367,0.9052606435537609,-0.04054406992735971,-0.008697789611245343,-0.021212334678383127,8,0.5,0.623643687870352,-0.20712584329722525,-0.03298028845650066
lb55_atr14_m2.5_r0.0025_tfnone_rfadx20,55,14,2.5,0.0025,none,adx20,-0.00185865191411827,-0.020611233845695187,22,0.22727272727272727,0.9335451634035342,-0.03214605490050174,-0.005909488253420747,-0.00980826781463262,9,0.4444444444444444,0.4404330896689546,-0.2537287990018574,-0.035985541716110944
lb55_atr10_m3.0_r0.0025_tfnone_rfnone,55,10,3.0,0.0025,none,none,-0.005058216639929225,-0.018935853884794573,22,0.2727272727272727,0.7958290225187659,-0.08772603404782248,-0.0051434539643387955,-0.01123810370758771,8,0.5,0.5503937142572798,-0.2468953894400011,-0.0394027177398011
lb55_atr10_m2.5_r0.0025_tfnone_rfnone,55,10,2.5,0.0025,none,none,-0.010146392376458646,-0.022668217458196804,25,0.16,0.7043200948850401,-0.1523897819372472,-0.004554225025710457,-0.009981554837967477,8,0.375,0.6482410297021602,-0.214335495579262,-0.0409670179112204
lb10_atr20_m3.0_r0.0025_tfma100_rfadx20,10,20,3.0,0.0025,ma100,adx20,-0.03637106437598914,-0.044768301392018595,41,0.1951219512195122,0.44687893174836324,-0.3436320996122373,-0.0014328926921710616,-0.010952635897631069,10,0.4,0.8935619217666362,-0.05765966947618293,-0.043591136226299135
lb30_atr14_m3.0_r0.0025_tfma100_rfadx20,30,14,3.0,0.0025,ma100,adx20,-0.0180445681882776,-0.03163178354664142,26,0.23076923076923078,0.5523415741789253,-0.2635726545436473,-0.0030520743238759973,-0.009395316733144865,8,0.5,0.7181260840086128,-0.1483160388147369,-0.04403084702292139
lb10_atr10_m3.0_r0.0025_tfma100_rfadx20,10,10,3.0,0.0025,ma100,adx20,-0.032122075013945595,-0.04232441091069772,40,0.225,0.4867523654142717,-0.31265503158616004,-0.0023049017981995323,-0.012197299363517433,10,0.4,0.8546386632738483,-0.08827074172112782,-0.044744302130079856
lb55_atr14_m2.5_r0.0025_tfma100_rfadx20,55,14,2.5,0.0025,ma100,adx20,-0.006078162096009421,-0.02061123384569552,21,0.14285714285714285,0.8050295202059154,-0.1083993012918609,-0.005909488253420747,-0.00980826781463262,9,0.4444444444444444,0.4404330896689546,-0.2537287990018574,-0.04509572734292044
lb55_atr14_m2.5_r0.005_tfnone_rfadx20,55,14,2.5,0.005,none,adx20,-0.00417839509039053,-0.040853132209828225,22,0.22727272727272727,0.9257539945449808,-0.03214605490050179,-0.011818107284115809,-0.019546532364938973,9,0.4444444444444444,0.4401084138662857,-0.2537287990018574,-0.04645089478842544
lb10_atr14_m3.0_r0.0025_tfma100_rfadx20,10,14,3.0,0.0025,ma100,adx20,-0.030583423957034728,-0.04215210118739421,39,0.23076923076923078,0.48352285947916496,-0.30454296690835836,-0.0027214276188477493,-0.011312333179308465,10,0.4,0.818171883216774,-0.10330045595596618,-0.046504318713954815
lb55_atr10_m3.0_r0.0025_tfma100_rfnone,55,10,3.0,0.0025,ma100,none,-0.00832565331660362,-0.018935853884793685,21,0.23809523809523808,0.6987550019929067,-0.15077033507055276,-0.0051434539643387955,-0.01123810370758771,8,0.5,0.5503937142572798,-0.2468953894400011,-0.04739167033443296
lb55_atr20_m3.0_r0.0025_tfnone_rfnone,55,20,3.0,0.0025,none,none,-0.014020359045346598,-0.02345983617879066,24,0.16666666666666666,0.5815232197669337,-0.22167333632489347,-0.004213712375557455,-0.01084147199553398,8,0.5,0.6158659969008417,-0.20185226960433483,-0.048811893152845474
lb55_atr10_m2.5_r0.0025_tfma100_rfnone,55,10,2.5,0.0025,ma100,none,-0.014293548474623607,-0.022668217458196693,24,0.08333333333333333,0.6180575640218445,-0.2239176039920099,-0.004554225025710457,-0.009981554837967477,8,0.375,0.6482410297021602,-0.214335495579262,-0.0499976791592499
lb55_atr10_m3.0_r0.005_tfnone_rfnone,55,10,3.0,0.005,none,none,-0.010409519291158409,-0.03755085983283746,22,0.2727272727272727,0.7904751690337595,-0.08772603404782248,-0.010309000238999722,-0.02237010737649292,8,0.5,0.5497179035875108,-0.24689538944000114,-0.05020462247533026
lb30_atr20_m3.0_r0.0025_tfma100_rfadx20,30,20,3.0,0.0025,ma100,adx20,-0.023032719781378663,-0.03092117052740706,27,0.14814814814814814,0.4789641301398409,-0.32305719420608825,-0.0030872485247105397,-0.009722505668720904,8,0.5,0.7120361715428913,-0.1503193776974039,-0.05270010059522176
lb55_atr10_m2.5_r0.005_tfnone_rfnone,55,10,2.5,0.005,none,none,-0.020661419351777788,-0.044865961613394956,25,0.16,0.6987138442468226,-0.15238978193724725,-0.00915331978978362,-0.019854928522124893,8,0.375,0.6467123143177621,-0.21433549557926204,-0.05399171909165998
lb10_atr10_m2.5_r0.0025_tfma100_rfadx20,10,10,2.5,0.0025,ma100,adx20,-0.05472295669328531,-0.06010263830397333,49,0.14285714285714285,0.34083242675518627,-0.4329859774166434,-0.0005963656295752129,-0.011648854850321744,11,0.45454545454545453,0.9625177899960458,-0.017192132329979567,-0.054728560373610305
lb30_atr14_m3.0_r0.0025_tfnone_rfadx20,30,14,3.0,0.0025,none,adx20,-0.01333709026424068,-0.032495926686830656,29,0.3103448275862069,0.6720030474841,-0.174702461260398,-0.006257520265642524,-0.012580367506703771,10,0.4,0.5538539533569926,-0.24687180931328512,-0.05481060233756022
lb55_atr20_m3.0_r0.0025_tfma100_rfnone,55,20,3.0,0.0025,ma100,none,-0.016734580804584787,-0.02345983617879066,23,0.13043478260869565,0.5366431925717455,-0.2765063046968363,-0.004213712375557455,-0.01084147199553398,8,0.5,0.6158659969008417,-0.20185226960433483,-0.05530241796259713
lb20_atr10_m2.5_r0.0025_tfma100_rfadx20,20,10,2.5,0.0025,ma100,adx20,-0.04378284819785472,-0.04979874693407427,39,0.15384615384615385,0.3787757145110341,-0.43446585098510465,-0.0012869446069292412,-0.011777464063404741,9,0.3333333333333333,0.9080989164635236,-0.05686216132828137,-0.05601485575373914
lb55_atr14_m2.5_r0.005_tfma100_rfadx20,55,14,2.5,0.005,ma100,adx20,-0.012590542589615339,-0.04085313220982856,21,0.14285714285714285,0.7983933917292949,-0.10839930129186096,-0.011818107284115809,-0.019546532364938973,9,0.4444444444444444,0.4401084138662857,-0.2537287990018574,-0.056717864113140226
lb20_atr10_m3.0_r0.0025_tfma100_rfadx20,20,10,3.0,0.0025,ma100,adx20,-0.03304957399516273,-0.04484690325445395,35,0.2,0.44319608711474445,-0.3687984285024707,-0.0026861856659831096,-0.01232140310462404,9,0.4444444444444444,0.7902654350601727,-0.11887726540100615,-0.05735552490019124
lb30_atr10_m3.0_r0.0025_tfma100_rfadx20,30,10,3.0,0.0025,ma100,adx20,-0.01948015497395361,-0.03446914527910183,27,0.25925925925925924,0.5446460954548591,-0.2782833809735947,-0.004106710026399396,-0.010207711028229705,8,0.5,0.6204688222178498,-0.20010075687417003,-0.05755268825093084
lb55_atr20_m2.5_r0.0025_tfnone_rfadx20,55,20,2.5,0.0025,none,adx20,-0.009188907614858466,-0.02429196027295144,24,0.16666666666666666,0.7179762407108122,-0.14094077587433032,-0.006023195125831826,-0.008170393172904022,8,0.375,0.32384650143271915,-0.28440170489202,-0.05766678003761766
lb55_atr10_m3.0_r0.005_tfma100_rfnone,55,10,3.0,0.005,ma100,none,-0.01690809206382482,-0.0375508598328369,21,0.23809523809523808,0.6939447378016425,-0.15077033507055268,-0.010309000238999722,-0.02237010737649292,8,0.5,0.5497179035875108,-0.24689538944000114,-0.05965892609045618
lb10_atr14_m3.0_r0.0025_tfnone_rfadx20,10,14,3.0,0.0025,none,adx20,-0.03961233528486041,-0.05508226253935178,57,0.2807017543859649,0.5106076945144216,-0.2764117752577155,-0.006311079702992162,-0.016758168963634468,18,0.3333333333333333,0.7209721142333922,-0.13785916890300032,-0.060533093662722165
lb30_atr14_m3.0_r0.005_tfma100_rfadx20,30,14,3.0,0.005,ma100,adx20,-0.03612586125326067,-0.06234116220432406,26,0.23076923076923078,0.5507751458447001,-0.26357265454364737,-0.0061452773398997795,-0.018692046212774538,8,0.5,0.7167580287875488,-0.14831603881473693,-0.060628277812076276
lb20_atr14_m3.0_r0.0025_tfma100_rfadx20,20,14,3.0,0.0025,ma100,adx20,-0.032640689221339336,-0.043108547363517546,33,0.21212121212121213,0.40943961112044897,-0.3830945143435648,-0.0030807067178858505,-0.011406158076316397,9,0.4444444444444444,0.7597556489234075,-0.1332684025244281,-0.06144603091968496
lb10_atr10_m3.0_r0.0025_tfnone_rfadx20,10,10,3.0,0.0025,none,adx20,-0.04038314049713887,-0.059126625019595536,59,0.2711864406779661,0.5408135728637746,-0.2759875883395239,-0.006724895645795259,-0.016811047219000064,19,0.3157894736842105,0.7257551259615415,-0.14162604923091304,-0.061852085116995296
lb55_atr20_m3.0_r0.005_tfnone_rfnone,55,20,3.0,0.005,none,none,-0.028160415596895638,-0.04642453141899738,24,0.16666666666666666,0.5784301068582544,-0.22167333632489342,-0.008458929408770466,-0.02158168174276831,8,0.5,0.6149236531942546,-0.20185226960433478,-0.06356815322503913
lb30_atr10_m3.0_r0.0025_tfnone_rfadx20,30,10,3.0,0.0025,none,adx20,-0.012752063617605947,-0.03384897658303199,30,0.3,0.6999394000602283,-0.16479151423465052,-0.007481780279637529,-0.013562105063238739,10,0.4,0.4727362127953009,-0.29409493232261613,-0.06376037596760614
lb55_atr10_m2.5_r0.005_tfma100_rfnone,55,10,2.5,0.005,ma100,none,-0.02886012293000617,-0.04486596161339529,24,0.08333333333333333,0.6126496736034598,-0.22391760399200988,-0.00915331978978362,-0.019854928522124893,8,0.375,0.6467123143177621,-0.21433549557926204,-0.06484349392340984
lb30_atr10_m2.5_r0.0025_tfma100_rfadx20,30,10,2.5,0.0025,ma100,adx20,-0.02930995598587305,-0.0385515284823158,31,0.12903225806451613,0.44841041342333776,-0.3601040689047028,-0.003709164377258767,-0.009141101595530055,8,0.375,0.6958482150234866,-0.17699593495961805,-0.0649970169296936
lb55_atr20_m2.5_r0.0025_tfma100_rfadx20,55,20,2.5,0.0025,ma100,adx20,-0.01294455533848371,-0.024291960272951774,23,0.13043478260869565,0.6366239145103028,-0.20874571324817556,-0.006023195125831826,-0.008170393172904022,8,0.375,0.32384650143271915,-0.28440170489202,-0.06614395295856589
lb10_atr10_m3.0_r0.005_tfma100_rfadx20,10,10,3.0,0.005,ma100,adx20,-0.06362427334864751,-0.08299251822750497,40,0.225,0.48658855289801756,-0.31265503158616004,-0.004152267394655573,-0.024208846436582943,10,0.4,0.8672007945492086,-0.08827074172112778,-0.0685096381936477
lb20_atr20_m3.0_r0.0025_tfma100_rfadx20,20,20,3.0,0.0025,ma100,adx20,-0.038363062330943,-0.04320437234758845,35,0.17142857142857143,0.3821016693743181,-0.42496858752649036,-0.0031510968504270265,-0.010952897266464645,9,0.4444444444444444,0.7443890600364532,-0.13621240542566776,-0.06868445982570014
lb10_atr20_m3.0_r0.005_tfma100_rfadx20,10,20,3.0,0.005,ma100,adx20,-0.07180842374690655,-0.08765908777919473,41,0.1951219512195122,0.4466722211827834,-0.3436320996122373,-0.002948784093208756,-0.021765095019683378,10,0.4,0.8909288383086335,-0.05765966947618284,-0.0692411532680906
lb10_atr14_m3.0_r0.005_tfma100_rfadx20,10,14,3.0,0.005,ma100,adx20,-0.06067703412515002,-0.08265225221543782,39,0.23076923076923078,0.4832403376311307,-0.30454296690835836,-0.00552728059752472,-0.0224782031008538,10,0.4,0.8159401306278503,-0.10330045595596622,-0.0702092954062953
lb30_atr20_m3.0_r0.0025_tfnone_rfadx20,30,20,3.0,0.0025,none,adx20,-0.018448289552265407,-0.031449187235124354,30,0.23333333333333334,0.5901189856986547,-0.2320341047428149,-0.007218131140371398,-0.013825893934102718,10,0.4,0.513757052310409,-0.283392437174512,-0.07040906439747348
lb55_atr20_m2.5_r0.005_tfnone_rfadx20,55,20,2.5,0.005,none,adx20,-0.018728859886823934,-0.048062698696392236,24,0.16666666666666666,0.7132603912126677,-0.1409407758743302,-0.012033296383886172,-0.016284829975562798,8,0.375,0.3229384739739411,-0.28440170489202,-0.07077019415508169
lb55_atr20_m3.0_r0.005_tfma100_rfnone,55,20,3.0,0.005,ma100,none,-0.033512697954921844,-0.04642453141899694,23,0.13043478260869565,0.5335274649676983,-0.2765063046968363,-0.008458929408770466,-0.02158168174276831,8,0.5,0.6149236531942546,-0.20185226960433478,-0.0712460427585467
lb30_atr20_m3.0_r0.005_tfma100_rfadx20,30,20,3.0,0.005,ma100,adx20,-0.04588774749470481,-0.06097467412553592,27,0.14814814814814814,0.4773328614553139,-0.32305719420608825,-0.006214528337816327,-0.019366984655104336,8,0.5,0.7106885221701558,-0.15031937769740383,-0.07146332948758032
lb30_atr10_m2.5_r0.0025_tfnone_rfadx20,30,10,2.5,0.0025,none,adx20,-0.022509137349589037,-0.03846840913131577,34,0.23529411764705882,0.5823357304558489,-0.25166734949258857,-0.006963663971062517,-0.012377857136253834,10,0.3,0.5490155155282426,-0.27069423507394796,-0.07175132568274056
lb30_atr14_m3.0_r0.005_tfnone_rfadx20,30,14,3.0,0.005,none,adx20,-0.02709187129205337,-0.06403229305705815,29,0.3103448275862069,0.6677559805199315,-0.174702461260398,-0.012531343515653881,-0.024997492460397064,10,0.4,0.5532845915795489,-0.24687180931328517,-0.07215009712515821
lb20_atr10_m3.0_r0.0025_tfnone_rfadx20,20,10,3.0,0.0025,none,adx20,-0.031139137345531753,-0.05135037565200962,42,0.21428571428571427,0.5320013348392704,-0.29453088330327465,-0.007641184568179971,-0.017228530924374486,14,0.2857142857142857,0.607768452108288,-0.21547593937034987,-0.07323252755440142
lb20_atr10_m2.5_r0.0025_tfnone_rfadx20,20,10,2.5,0.0025,none,adx20,-0.044220284980955316,-0.05800545362720311,46,0.21739130434782608,0.44571088329083297,-0.3758102896318462,-0.005481364424469115,-0.015927825537592755,14,0.2857142857142857,0.7320933135094497,-0.1534046101903331,-0.0740317424331981
lb10_atr10_m2.5_r0.0025_tfnone_rfadx20,10,10,2.5,0.0025,none,adx20,-0.07509527350754008,-0.08386826651973156,72,0.18055555555555555,0.355420523963307,-0.4147698349977771,-0.0028953967845730677,-0.01427031591283967,20,0.4,0.8826268714982876,-0.05863437498012323,-0.07571448776075314
lb30_atr10_m3.0_r0.005_tfma100_rfadx20,30,10,3.0,0.005,ma100,adx20,-0.03895690760188697,-0.06783057881788845,27,0.25925925925925924,0.543548963472431,-0.2782833809735947,-0.008242726372157172,-0.020329014652541888,8,0.5,0.6195170118887013,-0.2001007568741701,-0.07592425574865283
lb55_atr14_m2.5_r0.0025_tfnone_rfnone,55,14,2.5,0.0025,none,none,-0.00496994074985202,-0.020538861542138243,24,0.20833333333333334,0.842771426021881,-0.077718350014718,-0.011800116104433545,-0.015675792880539885,11,0.36363636363636365,0.28251634594184405,-0.4119309780539696,-0.07642468987159007
lb55_atr20_m2.5_r0.005_tfma100_rfadx20,55,20,2.5,0.005,ma100,adx20,-0.02616331758631918,-0.04806269869639179,23,0.13043478260869565,0.6322840532672234,-0.20874571324817556,-0.012033296383886172,-0.016284829975562798,8,0.375,0.3229384739739411,-0.28440170489202,-0.08089888368849311
lb30_atr10_m3.0_r0.005_tfnone_rfadx20,30,10,3.0,0.005,none,adx20,-0.02575401995262816,-0.06664552898286602,30,0.3,0.6980974749971335,-0.16479151423465058,-0.014958673881474316,-0.026963116654059927,10,0.4,0.4724857130259829,-0.2940949323226161,-0.08182355310763083
lb20_atr10_m3.0_r0.005_tfma100_rfadx20,20,10,3.0,0.005,ma100,adx20,-0.06542099126643663,-0.0877995139323633,35,0.2,0.4435921300146758,-0.3687984285024707,-0.005452316209991093,-0.02445358380039353,9,0.4444444444444444,0.7877740359461742,-0.11887726540100624,-0.08265619077954997
lb10_atr20_m3.0_r0.0025_tfnone_rfadx20,10,20,3.0,0.0025,none,adx20,-0.04802612493520808,-0.058673918393236324,59,0.22033898305084745,0.45953829147203695,-0.32092621458231724,-0.009105836609545004,-0.019361647751773292,18,0.3333333333333333,0.6238857529644524,-0.1980832152424983,-0.08314698535620307
lb20_atr14_m3.0_r0.0025_tfnone_rfadx20,20,14,3.0,0.0025,none,adx20,-0.033825253768806185,-0.050646372271259565,40,0.25,0.4587833918518267,-0.3309511702314886,-0.008699851498161215,-0.01697837637331534,14,0.2857142857142857,0.5674820433501118,-0.2439379877393151,-0.08422617743811238
lb55_atr14_m2.5_r0.0025_tfma100_rfnone,55,14,2.5,0.0025,ma100,none,-0.00917629837078826,-0.020538861542138243,23,0.13043478260869565,0.7363162611597263,-0.1493222834639683,-0.011800116104433545,-0.015675792880539885,11,0.36363636363636365,0.28251634594184405,-0.4119309780539696,-0.08485940268468616
lb20_atr10_m2.5_r0.005_tfma100_rfadx20,20,10,2.5,0.005,ma100,adx20,-0.08615492243438516,-0.09724301228916443,39,0.15384615384615385,0.37837831179293524,-0.43446585098510454,-0.0026972739061724704,-0.023363197059031227,9,0.3333333333333333,0.9040136268124338,-0.05686216132828134,-0.08559629388007339
lb20_atr14_m3.0_r0.005_tfma100_rfadx20,20,14,3.0,0.005,ma100,adx20,-0.0646038450985722,-0.08446198035937824,33,0.21212121212121213,0.4097810825137874,-0.3830945143435648,-0.00622644548868867,-0.022663757548515684,9,0.4444444444444444,0.7578783915770276,-0.13326840252442812,-0.08630908493919798
lb30_atr10_m2.5_r0.005_tfma100_rfadx20,30,10,2.5,0.005,ma100,adx20,-0.05823079344427562,-0.07570439301989651,31,0.12903225806451613,0.44675136377300967,-0.36010406890470276,-0.0074665637331112755,-0.018186390221747173,8,0.375,0.6941243939747781,-0.17699593495961802,-0.08768217404154965
lb10_atr10_m2.5_r0.005_tfma100_rfadx20,10,10,2.5,0.005,ma100,adx20,-0.10713377389773993,-0.11636394835224317,49,0.14285714285714285,0.3385173889330749,-0.4329859774166434,0.0002258734557696318,-0.023109677628465497,11,0.45454545454545453,1.0074230360805028,-0.01719213232997959,-0.08786624954623565
lb30_atr20_m3.0_r0.005_tfnone_rfadx20,30,20,3.0,0.005,none,adx20,-0.03705850813419187,-0.06201226362838663,30,0.23333333333333334,0.5873312573823978,-0.2320341047428149,-0.014442123055655176,-0.02748568959420472,10,0.4,0.5133964684281332,-0.28339243717451196,-0.09062353841245478
lb55_atr20_m2.5_r0.0025_tfnone_rfnone,55,20,2.5,0.0025,none,none,-0.011876839556261842,-0.023775030388960006,26,0.19230769230769232,0.6675424846014973,-0.16857283041607443,-0.01126407545135022,-0.012669523472771838,10,0.3,0.20376510509964504,-0.4288038631789418,-0.0916105344461613
lb55_atr14_m2.5_r0.005_tfnone_rfnone,55,14,2.5,0.005,none,none,-0.010390827109276524,-0.04071510772056364,24,0.20833333333333334,0.8360841786514597,-0.07771835001471795,-0.023511982428415124,-0.031148951433566996,11,0.36363636363636365,0.28277919074996544,-0.4119309780539696,-0.09347659751683005
lb30_atr10_m2.5_r0.005_tfnone_rfadx20,30,10,2.5,0.005,none,adx20,-0.045568674282165045,-0.07556705401593711,34,0.23529411764705882,0.5754539656516761,-0.2516673494925885,-0.013945316103032068,-0.024595169028329256,10,0.3,0.5480358889819785,-0.27069423507394796,-0.09442969859886556
lb10_atr14_m3.0_r0.005_tfnone_rfadx20,10,14,3.0,0.005,none,adx20,-0.08111343669985482,-0.10729893666335766,57,0.2807017543859649,0.49218339835719094,-0.27641177525771543,-0.012710528134959764,-0.033257829450266785,18,0.3333333333333333,0.7195362297839997,-0.1378591689030003,-0.09454998689735113
lb20_atr20_m3.0_r0.005_tfma100_rfadx20,20,20,3.0,0.005,ma100,adx20,-0.07564671863801053,-0.08466975018352174,35,0.17142857142857143,0.38208490563877856,-0.42496858752649036,-0.006360222168394936,-0.021768349827141265,9,0.4444444444444444,0.7426745379918894,-0.13621240542566776,-0.09587790385066162
lb30_atr14_m2.5_r0.0025_tfma100_rfadx20,30,14,2.5,0.0025,ma100,adx20,-0.021649951801557488,-0.03431168472996304,29,0.1724137931034483,0.552994003817246,-0.2817060930477021,-0.010561641185121262,-0.014442175205759633,11,0.36363636363636365,0.3235142088089894,-0.3705908501188373,-0.09686531455233852
lb20_atr20_m3.0_r0.0025_tfnone_rfadx20,20,20,3.0,0.0025,none,adx20,-0.03916350039964078,-0.05020950256725443,42,0.21428571428571427,0.43694737663050387,-0.36511080216103137,-0.010018680658615775,-0.01776673218849556,14,0.2857142857142857,0.5151413813612034,-0.2797769613824778,-0.09756027729308064
lb30_atr14_m2.5_r0.0025_tfnone_rfadx20,30,14,2.5,0.0025,none,adx20,-0.018122139143852856,-0.03786957607390373,33,0.24242424242424243,0.6443392104656059,-0.20905392967165437,-0.013704709978277663,-0.017572917020411083,13,0.3076923076923077,0.26886988516174465,-0.4110008347744207,-0.09863458220501015
lb10_atr10_m3.0_r0.005_tfnone_rfadx20,10,10,3.0,0.005,none,adx20,-0.0877248569164556,-0.11494258292342951,59,0.2711864406779661,0.49253841148047117,-0.2759875883395239,-0.013557888867873902,-0.03334522767704329,19,0.3157894736842105,0.7239573901429637,-0.14162604923091307,-0.09956906984644603
lb55_atr20_m2.5_r0.0025_tfma100_rfnone,55,20,2.5,0.0025,ma100,none,-0.015622298732792417,-0.02377503038896045,25,0.16,0.596879930348228,-0.2320586549816818,-0.01126407545135022,-0.012669523472771838,10,0.3,0.20376510509964504,-0.4288038631789418,-0.09959295754475009
lb55_atr14_m2.5_r0.005_tfma100_rfnone,55,14,2.5,0.005,ma100,none,-0.018750495435310377,-0.0407151077205643,23,0.13043478260869565,0.7302260908808023,-0.14932228346396834,-0.023511982428415124,-0.031148951433566996,11,0.36363636363636365,0.28277919074996544,-0.4119309780539696,-0.10294336869673991
lb20_atr10_m3.0_r0.005_tfnone_rfadx20,20,10,3.0,0.005,none,adx20,-0.06549904738962264,-0.10020709641590364,42,0.21428571428571427,0.5036941316185938,-0.29453088330327465,-0.015328982427274429,-0.034141551998713604,14,0.2857142857142857,0.6066779525332477,-0.2154759393703499,-0.104478592658548
lb20_atr14_m2.5_r0.0025_tfma100_rfadx20,20,14,2.5,0.0025,ma100,adx20,-0.03681819640157746,-0.046270709345082484,37,0.1891891891891892,0.4483429269598808,-0.3839597177208921,-0.010047215802030274,-0.01392976737654894,12,0.3333333333333333,0.422053193984631,-0.32342494697793006,-0.10540918706675342
lb30_atr20_m2.5_r0.0025_tfma100_rfadx20,30,20,2.5,0.0025,ma100,adx20,-0.02812711135669721,-0.03825786623461025,31,0.1935483870967742,0.4663498794662944,-0.342101187310455,-0.009969274400872363,-0.011376562929480416,10,0.3,0.27831084304513215,-0.3813340719258078,-0.10803121406933631
lb20_atr10_m2.5_r0.005_tfnone_rfadx20,20,10,2.5,0.005,none,adx20,-0.08929999965556845,-0.11281031636257122,46,0.21739130434782608,0.4314559231205435,-0.3758102896318462,-0.011081058746525985,-0.0315732546561841,14,0.2857142857142857,0.7295232975840951,-0.15340461019033308,-0.10933773066002303
lb55_atr20_m2.5_r0.005_tfnone_rfnone,55,20,2.5,0.005,none,none,-0.02405929593541023,-0.04705692005193418,26,0.19230769230769232,0.6630489267814317,-0.16857283041607432,-0.022438292825712303,-0.025213476663550782,10,0.3,0.20343788288404765,-0.4288038631789418,-0.10981291494541094
lb20_atr14_m2.5_r0.0025_tfnone_rfadx20,20,14,2.5,0.0025,none,adx20,-0.03840316796206167,-0.05612878775675878,45,0.2222222222222222,0.4936421087127442,-0.33439902486729006,-0.014837696061675398,-0.018701459581883184,17,0.29411764705882354,0.388742255864008,-0.33960849431474155,-0.10984514706528649
lb10_atr14_m2.5_r0.0025_tfma100_rfadx20,10,14,2.5,0.0025,ma100,adx20,-0.0444860899089482,-0.05638770032053764,47,0.1702127659574468,0.4315913833011565,-0.36661835048697916,-0.012122908799091503,-0.01855351961349505,14,0.2857142857142857,0.4621545152089317,-0.33232151652742664,-0.11194216297499218
lb10_atr20_m2.5_r0.0025_tfma100_rfadx20,10,20,2.5,0.0025,ma100,adx20,-0.047962671827392334,-0.057383565741741194,49,0.16326530612244897,0.4183539404224324,-0.37886252744234805,-0.012082088931445245,-0.016306993366234646,15,0.3333333333333333,0.32729931732071293,-0.3115292862974862,-0.11350079582604372
lb30_atr20_m2.5_r0.0025_tfnone_rfadx20,30,20,2.5,0.0025,none,adx20,-0.024605178025129848,-0.04133050461418819,35,0.2,0.5529448495481445,-0.2659192053704265,-0.01394101089008637,-0.015342653756337254,12,0.25,0.2156999259512418,-0.44899979145024704,-0.1147335738277627
lb20_atr14_m3.0_r0.005_tfnone_rfadx20,20,14,3.0,0.005,none,adx20,-0.0683182002215652,-0.0988616708619674,40,0.25,0.4486502096051906,-0.3309511702314887,-0.01742001731784637,-0.03367218434902508,14,0.2857142857142857,0.5667554510518614,-0.2439379877393151,-0.11575519338246996
lb55_atr20_m2.0_r0.0025_tfnone_rfadx20,55,20,2.0,0.0025,none,adx20,-0.035040519783300694,-0.03918836471328202,29,0.20689655172413793,0.228081173154271,-0.4577270256849637,-0.009420865982642357,-0.011393350850605888,10,0.2,0.3073330536307545,-0.3564865868677466,-0.11899069072347922
lb30_atr14_m3.0_r0.0025_tfnone_rfnone,30,14,3.0,0.0025,none,none,-0.016577410042056595,-0.02986198269135998,33,0.2727272727272727,0.6496933324645466,-0.19157451734373196,-0.019387086785899288,-0.025610975942461534,14,0.2857142857142857,0.2852530314938932,-0.5245477178582576,-0.11914175923630377
lb55_atr20_m2.5_r0.005_tfma100_rfnone,55,20,2.5,0.005,ma100,none,-0.031453368363492884,-0.04705692005193429,25,0.16,0.5925259911967178,-0.23205865498168188,-0.022438292825712303,-0.025213476663550782,10,0.3,0.20343788288404765,-0.4288038631789418,-0.11943574801117833
lb10_atr14_m2.5_r0.0025_tfnone_rfadx20,10,14,2.5,0.0025,none,adx20,-0.057465428748401215,-0.07220910211142839,68,0.22058823529411764,0.44558882380565545,-0.33576145859432105,-0.019239348178639037,-0.025773649570384305,24,0.20833333333333334,0.43900123035695626,-0.312282842715568,-0.12013739054529478
lb30_atr14_m3.0_r0.0025_tfma100_rfnone,30,14,3.0,0.0025,ma100,none,-0.019959557780077297,-0.0276959567984284,29,0.20689655172413793,0.5628043181795217,-0.2616210911267131,-0.0162239919728987,-0.022467957095463897,12,0.3333333333333333,0.32311920619368945,-0.5051231889500543,-0.12038819319903896
lb30_atr14_m2.5_r0.005_tfma100_rfadx20,30,14,2.5,0.005,ma100,adx20,-0.042586378761672594,-0.06754399331898886,29,0.1724137931034483,0.5548058911609389,-0.28170609304770206,-0.021060057133073018,-0.028716202284932768,11,0.36363636363636365,0.3236556461384632,-0.3705908501188372,-0.12040282285377887
lb10_atr20_m3.0_r0.005_tfnone_rfadx20,10,20,3.0,0.005,none,adx20,-0.09448162690734718,-0.11408597458834935,59,0.22033898305084745,0.4592417689292753,-0.32092621458231724,-0.01825028742652679,-0.038366662649583216,18,0.3333333333333333,0.6233332772185218,-0.19808321524249825,-0.12179428769749667
lb30_atr14_m2.5_r0.005_tfnone_rfadx20,30,14,2.5,0.005,none,adx20,-0.03692702032325046,-0.07442178191036641,33,0.24242424242424243,0.6348020647672883,-0.2090539296716544,-0.027275011781378145,-0.03488255068803725,13,0.3076923076923077,0.26894622715478717,-0.4110008347744207,-0.12427690965909992
lb55_atr14_m2.0_r0.0025_tfnone_rfadx20,55,14,2.0,0.0025,none,adx20,-0.03272453068512737,-0.03785487319291381,29,0.20689655172413793,0.24660942391696655,-0.4293683546704652,-0.01128888370260539,-0.013356216521721365,11,0.09090909090909091,0.1449216733836934,-0.38970888411917187,-0.12518927650831674
lb10_atr20_m3.0_r0.0025_tfma100_rfnone,10,20,3.0,0.0025,ma100,none,-0.04486205864998305,-0.04751098681038102,46,0.17391304347826086,0.3976191873473494,-0.3787653553180618,-0.015397179124693405,-0.024783795152307997,15,0.26666666666666666,0.4383433162068556,-0.39002656841031463,-0.12555028962795287
lb20_atr10_m3.0_r0.0025_tfma100_rfnone,20,10,3.0,0.0025,ma100,none,-0.0360104314219899,-0.04201276787282826,38,0.18421052631578946,0.449218534864479,-0.3696399485643384,-0.014938548153562436,-0.020973191588843365,13,0.3076923076923077,0.40296680237422566,-0.43228403724990605,-0.12577071722976496
lb10_atr10_m2.5_r0.005_tfnone_rfadx20,10,10,2.5,0.005,none,adx20,-0.15045544181428494,-0.160561528566175,72,0.18055555555555555,0.3298755369959364,-0.4147698349977771,-0.005980777934553094,-0.02834437281050528,20,0.4,0.8791663342209907,-0.05863437498012323,-0.12605553745123715
lb30_atr10_m3.0_r0.0025_tfnone_rfnone,30,10,3.0,0.0025,none,none,-0.017085643989385835,-0.03227252943962122,34,0.2647058823529412,0.6575825292577877,-0.19415982264377785,-0.02037075390650478,-0.02637211878365653,14,0.2857142857142857,0.24700039124219247,-0.5545726759011081,-0.1263103015613538
lb20_atr20_m2.5_r0.0025_tfma100_rfadx20,20,20,2.5,0.0025,ma100,adx20,-0.04273299057035762,-0.049701963063160104,39,0.1794871794871795,0.4035045288647383,-0.422564616947664,-0.011986104294074318,-0.013390525980775836,12,0.25,0.24287073640815937,-0.3835302483279408,-0.12658730712541805
lb20_atr14_m3.0_r0.0025_tfma100_rfnone,20,14,3.0,0.0025,ma100,none,-0.03421956888497568,-0.038913216938313844,36,0.19444444444444445,0.43220167387514563,-0.368159419422841,-0.01549171010681516,-0.021740322976829485,13,0.3076923076923077,0.3851457522659394,-0.444507534192646,-0.12741754466325572
lb20_atr10_m2.5_r0.0025_tfma100_rfnone,20,10,2.5,0.0025,ma100,none,-0.0459948243983852,-0.04606919480768423,42,0.16666666666666666,0.3870410860499292,-0.4232353415516411,-0.013960880993063696,-0.020485507711258233,13,0.23076923076923078,0.4756029810117321,-0.3950375366137189,-0.1280405773557062
lb55_atr20_m2.0_r0.0025_tfma100_rfadx20,55,20,2.0,0.0025,ma100,adx20,-0.03972793237371852,-0.03972793237371852,28,0.14285714285714285,0.18146592274739742,-0.5381036828056381,-0.009420865982642357,-0.011393350850605888,10,0.2,0.3073330536307545,-0.3564865868677466,-0.12869798348895953
lb10_atr14_m3.0_r0.0025_tfma100_rfnone,10,14,3.0,0.0025,ma100,none,-0.03843275647019917,-0.044182199979383996,43,0.20930232558139536,0.42101867505121965,-0.34647450877884955,-0.01745170747826308,-0.025915721268805036,15,0.26666666666666666,0.412048876851882,-0.4389018966247198,-0.12899920358465417
lb30_atr10_m3.0_r0.0025_tfma100_rfnone,30,10,3.0,0.0025,ma100,none,-0.02265875255250538,-0.031778762667893146,30,0.23333333333333334,0.5379689505665649,-0.2907827410195145,-0.017039512764529863,-0.023061285355790218,12,0.3333333333333333,0.2818585458312184,-0.5353228495318928,-0.13130166889861175
lb20_atr20_m2.5_r0.0025_tfnone_rfadx20,20,20,2.5,0.0025,none,adx20,-0.04372810870746657,-0.058813709339565534,47,0.1702127659574468,0.45539365021600475,-0.3639804578863053,-0.017943732633867282,-0.019339685793478223,17,0.17647058823529413,0.2382461506069678,-0.4082012135351366,-0.13156249348123794
lb20_atr10_m3.0_r0.0025_tfnone_rfnone,20,10,3.0,0.0025,none,none,-0.03801512184667444,-0.049525719996747486,47,0.19148936170212766,0.5019788040808597,-0.32005857748181205,-0.02218531801264656,-0.028175566580911693,19,0.21052631578947367,0.3467728993999606,-0.44760810789582495,-0.13227657193012263
lb20_atr20_m3.0_r0.005_tfnone_rfadx20,20,20,3.0,0.005,none,adx20,-0.07903392354595162,-0.09805215300206171,42,0.21428571428571427,0.4242357442490797,-0.3651108021610313,-0.020027529870650373,-0.03522372195019985,14,0.2857142857142857,0.5147956640213114,-0.27977696138247776,-0.1323838368025885
lb10_atr20_m2.5_r0.0025_tfnone_rfadx20,10,20,2.5,0.0025,none,adx20,-0.060554447690082114,-0.07127764342175491,69,0.17391304347826086,0.41964690342071165,-0.34589316041798573,-0.021760293653888207,-0.025943808526251,24,0.3333333333333333,0.32143991981045006,-0.3520178755968099,-0.1327361086648805
lb30_atr20_m3.0_r0.0025_tfma100_rfnone,30,20,3.0,0.0025,ma100,none,-0.03004405274615274,-0.03198362384294018,31,0.12903225806451613,0.4166349434384414,-0.3682677584922228,-0.015571253842490584,-0.022123419878128492,12,0.3333333333333333,0.328156885256395,-0.4865084950021778,-0.13282114299278366
lb10_atr14_m3.0_r0.0025_tfnone_rfnone,10,14,3.0,0.0025,none,none,-0.04949968340117705,-0.05629003399395183,63,0.25396825396825395,0.46233857209632684,-0.3112447698989095,-0.025828380394427808,-0.03607027567707011,25,0.24,0.38584338639300964,-0.399200485499228,-0.13346483840076045
lb30_atr20_m2.5_r0.005_tfma100_rfadx20,30,20,2.5,0.005,ma100,adx20,-0.05578576602438012,-0.07516500839269158,31,0.1935483870967742,0.4652300856491332,-0.3421011873104549,-0.019877255617588796,-0.022659709941797557,10,0.3,0.2777057604837862,-0.3813340719258077,-0.1340511734093479
lb30_atr10_m2.5_r0.0025_tfnone_rfnone,30,10,2.5,0.0025,none,none,-0.025875692608438583,-0.035788504418217126,38,0.23684210526315788,0.5658852158919058,-0.25861181705197506,-0.020449228719844448,-0.025365203292897154,14,0.21428571428571427,0.2921327740261753,-0.5481371631436356,-0.13455892008692866
lb20_atr10_m2.5_r0.0025_tfnone_rfnone,20,10,2.5,0.0025,none,none,-0.04993825581025091,-0.05484463399416728,51,0.21568627450980393,0.4305982162804434,-0.3822585487742515,-0.020397068007115604,-0.02687910643753766,19,0.21052631578947367,0.4219791344465873,-0.404442497382483,-0.1347770734012171
lb55_atr20_m2.0_r0.0025_tfnone_rfnone,55,20,2.0,0.0025,none,none,-0.03276015197841675,-0.036917798990487416,33,0.24242424242424243,0.33655457865076965,-0.37424351744330453,-0.015064473398228362,-0.017025720466155803,12,0.16666666666666666,0.21702185768244575,-0.4763268647558885,-0.13500638193766212
lb30_atr20_m3.0_r0.0025_tfnone_rfnone,30,20,3.0,0.0025,none,none,-0.026391012210882803,-0.03340307954829469,35,0.2,0.5039133293441304,-0.2861112661240958,-0.019650406795284514,-0.02617542278320617,14,0.2857142857142857,0.2788576836644884,-0.5335336635851444,-0.13517086162157205
lb10_atr10_m3.0_r0.0025_tfma100_rfnone,10,10,3.0,0.0025,ma100,none,-0.03867133218156282,-0.043052011422925585,44,0.20454545454545456,0.44842544265040474,-0.34170153553485927,-0.01988153707106277,-0.028899655220677056,16,0.25,0.4046648017317266,-0.4676823066519872,-0.13517596523602363
lb55_atr14_m2.0_r0.0025_tfma100_rfadx20,55,14,2.0,0.0025,ma100,adx20,-0.03820633146389141,-0.039317500365007474,28,0.14285714285714285,0.18224956818389915,-0.5188545792181217,-0.01128888370260539,-0.013356216521721365,11,0.09090909090909091,0.1449216733836934,-0.38970888411917187,-0.1363666777959708
lb20_atr14_m2.5_r0.005_tfma100_rfadx20,20,14,2.5,0.005,ma100,adx20,-0.07212149770649334,-0.09056321867057304,37,0.1891891891891892,0.45000721954497863,-0.3839597177208921,-0.020055144208833253,-0.02771914863670788,12,0.3333333333333333,0.4221564073823838,-0.32342494697793,-0.1365667359775175
lb20_atr20_m3.0_r0.0025_tfma100_rfnone,20,20,3.0,0.0025,ma100,none,-0.04487464476825276,-0.04574730696933926,39,0.15384615384615385,0.34839267214503816,-0.4464556033305829,-0.014747378815175627,-0.02130502840256132,13,0.3076923076923077,0.38270244020402483,-0.42458808483437954,-0.13718818728994508
lb10_atr10_m3.0_r0.0025_tfnone_rfnone,10,10,3.0,0.0025,none,none,-0.04918998560689314,-0.05639997522987705,65,0.24615384615384617,0.5066557599755798,-0.30284795757972005,-0.029359205538556865,-0.038290119194780314,27,0.2222222222222222,0.3758369331266014,-0.4199407226634843,-0.13822534213746326
lb20_atr14_m3.0_r0.0025_tfnone_rfnone,20,14,3.0,0.0025,none,none,-0.03915650669952053,-0.04728317812481864,45,0.2222222222222222,0.44957722879195705,-0.34068508878835035,-0.023229576983911038,-0.029429078094226457,19,0.21052631578947367,0.3282658450827544,-0.4672494099726108,-0.13928413010600946
lb30_atr10_m2.5_r0.0025_tfma100_rfnone,30,10,2.5,0.0025,ma100,none,-0.031830735350709016,-0.03505223840473137,34,0.14705882352941177,0.45139873199723285,-0.35603707760450565,-0.01723892566085572,-0.022171011464354518,12,0.25,0.32887730109394286,-0.5319121177456969,-0.14091318574545145
lb55_atr10_m2.0_r0.0025_tfnone_rfadx20,55,10,2.0,0.0025,none,adx20,-0.03718525518503357,-0.04089465907850098,30,0.16666666666666666,0.20499974001418683,-0.4732384730272786,-0.012533265243024783,-0.014438289952596106,11,0.09090909090909091,0.09298432558258925,-0.4354115006263559,-0.14130291199825415
lb55_atr14_m2.0_r0.0025_tfnone_rfnone,55,14,2.0,0.0025,none,none,-0.03131079867808739,-0.03644863949389521,33,0.24242424242424243,0.3389278790683956,-0.35953885869356045,-0.017368452254101663,-0.019423073077382447,13,0.07692307692307693,0.0992275804099904,-0.5068131976567899,-0.14211843088086196
lb10_atr20_m3.0_r0.0025_tfnone_rfnone,10,20,3.0,0.0025,none,none,-0.06101049247986434,-0.06388334721493605,67,0.19402985074626866,0.41172770921650786,-0.3601029477686171,-0.02447530181397406,-0.03457203811418863,24,0.25,0.3809028696472712,-0.3958345763977116,-0.1429299158228918
lb30_atr20_m2.5_r0.005_tfnone_rfadx20,30,20,2.5,0.005,none,adx20,-0.05010450265413935,-0.08108343055034806,35,0.2,0.5417582618362735,-0.26591920537042646,-0.027733708415993097,-0.0304938591856857,12,0.25,0.21511198447764124,-0.44899979145024704,-0.14342790062246852
lb10_atr10_m2.5_r0.0025_tfma100_rfnone,10,10,2.5,0.0025,ma100,none,-0.05942785199782552,-0.06293823045220559,54,0.14814814814814814,0.3401498973063915,-0.4280850071508702,-0.018672152788664187,-0.027019280225504594,17,0.29411764705882354,0.44975244141480236,-0.404117964242157,-0.14363344334047268
lb55_atr20_m2.0_r0.0025_tfma100_rfnone,55,20,2.0,0.0025,ma100,none,-0.03745864174355451,-0.03745864174355451,32,0.1875,0.28651404039518114,-0.4419642327913427,-0.015064473398228362,-0.017025720466155803,12,0.16666666666666666,0.21702185768244575,-0.4763268647558885,-0.1436474085620405
lb30_atr14_m3.0_r0.005_tfma100_rfnone,30,14,3.0,0.005,ma100,none,-0.03991277415352368,-0.05471716761312995,29,0.20689655172413793,0.5602111951927812,-0.2616210911267131,-0.02937324372226713,-0.04162677464100062,12,0.3333333333333333,0.344701970706653,-0.5051231889500543,-0.1449698549884982
lb55_atr10_m2.0_r0.0025_tfma100_rfadx20,55,10,2.0,0.0025,ma100,adx20,-0.037760028819744273,-0.037760028819744273,28,0.14285714285714285,0.17639041258344565,-0.5148309160050246,-0.012533265243024783,-0.014438289952596106,11,0.09090909090909091,0.09298432558258925,-0.4354115006263559,-0.14506244859622358
lb30_atr14_m3.0_r0.005_tfnone_rfnone,30,14,3.0,0.005,none,none,-0.0335047348713029,-0.058944321699874735,33,0.2727272727272727,0.6453128184656065,-0.19157451734373193,-0.035610057369393155,-0.0477848525760054,14,0.2857142857142857,0.3021945704900098,-0.5245477178582576,-0.1450931891537138
lb55_atr20_m2.0_r0.005_tfnone_rfadx20,55,20,2.0,0.005,none,adx20,-0.06806270571249518,-0.07604021507779868,29,0.20689655172413793,0.2317437797019869,-0.45772702568496365,-0.018796876771799864,-0.022689440555087592,10,0.2,0.3067469995800498,-0.3564865868677466,-0.14707669338508864
lb20_atr14_m2.5_r0.005_tfnone_rfadx20,20,14,2.5,0.005,none,adx20,-0.07839193091800212,-0.1093001350932602,45,0.2222222222222222,0.47453781151349467,-0.33439902486729006,-0.02954368314504363,-0.03713347910701181,17,0.29411764705882354,0.3885219764996433,-0.3396084943147416,-0.1483695875631531
lb10_atr14_m2.5_r0.005_tfma100_rfadx20,10,14,2.5,0.005,ma100,adx20,-0.08771379695746417,-0.10940799055696737,47,0.1702127659574468,0.428906094385382,-0.36661835048697905,-0.024039152880903747,-0.036680782429744374,14,0.2857142857142857,0.46392711806644343,-0.3323215165274266,-0.15007812413504024
lb30_atr14_m2.0_r0.0025_tfnone_rfadx20,30,14,2.0,0.0025,none,adx20,-0.047285975818389336,-0.05470010174430662,41,0.24390243902439024,0.2998123905798921,-0.4420387876677326,-0.017817463878111006,-0.019871145846299343,15,0.13333333333333333,0.15387775322076694,-0.45739109379957227,-0.15075860678994024
lb20_atr20_m3.0_r0.0025_tfnone_rfnone,20,20,3.0,0.0025,none,none,-0.048608639588241465,-0.050910309348423444,48,0.1875,0.38577204901563916,-0.39695916141072507,-0.02341242345335559,-0.02991240019098229,19,0.21052631578947367,0.3114731426329807,-0.4733281365906327,-0.15118080409589785
lb55_atr14_m2.0_r0.0025_tfma100_rfnone,55,14,2.0,0.0025,ma100,none,-0.03680061144254021,-0.03791340438467716,32,0.1875,0.27309340046335423,-0.4356571334234817,-0.017368452254101663,-0.019423073077382447,13,0.07692307692307693,0.0992275804099904,-0.5068131976567899,-0.15214552477379623
lb10_atr20_m2.5_r0.005_tfma100_rfadx20,10,20,2.5,0.005,ma100,adx20,-0.0937983814628568,-0.11136056604229094,49,0.16326530612244897,0.41693824373431704,-0.37886252744234805,-0.024069390849609684,-0.03238112479399036,15,0.3333333333333333,0.3275102413385857,-0.3115292862974863,-0.15246668722716333
lb55_atr14_m2.0_r0.005_tfnone_rfadx20,55,14,2.0,0.005,none,adx20,-0.06415993022345523,-0.07405553346562632,29,0.20689655172413793,0.24890550845014667,-0.4293683546704652,-0.022484051704598218,-0.026563370956893984,11,0.09090909090909091,0.14477465911295745,-0.38970888411917176,-0.1539732591836659
lb30_atr20_m2.0_r0.0025_tfnone_rfadx20,30,20,2.0,0.0025,none,adx20,-0.0509906659425996,-0.057189409587621864,42,0.23809523809523808,0.2850017029171105,-0.46542789541830565,-0.016978063666540533,-0.01893550030911373,14,0.14285714285714285,0.23642379720574402,-0.4660047134761959,-0.15406140697624565
lb30_atr14_m2.5_r0.0025_tfnone_rfnone,30,14,2.5,0.0025,none,none,-0.02689880872218464,-0.04051619581969024,39,0.20512820512820512,0.5526058959401374,-0.2625485373398664,-0.02736953421606958,-0.031184148414476698,17,0.23529411764705882,0.15479253826491607,-0.6100414802086019,-0.15431591999271774
lb30_atr10_m3.0_r0.005_tfnone_rfnone,30,10,3.0,0.005,none,none,-0.034316783657754035,-0.06360775637387517,34,0.2647058823529412,0.6555565712907381,-0.19415982264377782,-0.03884592304695489,-0.05055925811877893,14,0.2857142857142857,0.2551541919229733,-0.5545726759011083,-0.15501232477708965
lb10_atr10_m2.5_r0.0025_tfnone_rfnone,10,10,2.5,0.0025,none,none,-0.08571583304403019,-0.08716036023671736,81,0.1728395061728395,0.3505274401226895,-0.4223489205415612,-0.02616133752349392,-0.03444476231543603,28,0.2857142857142857,0.45221768048727173,-0.3543896168943423,-0.1561640095448162
lb30_atr20_m2.0_r0.0025_tfma100_rfadx20,30,20,2.0,0.0025,ma100,adx20,-0.057322804115536474,-0.057322804115536474,38,0.21052631578947367,0.17805300763310986,-0.5775912178686969,-0.01321465399781685,-0.01517958450773349,12,0.16666666666666666,0.2851956983477089,-0.4194522663288389,-0.1563045582429958
lb55_atr20_m1.5_r0.0025_tfnone_rfadx20,55,20,1.5,0.0025,none,adx20,-0.04735275478328593,-0.05098429324355336,35,0.2571428571428571,0.19771376688965667,-0.5049995650853862,-0.017670151901894804,-0.019995185347268518,14,0.21428571428571427,0.22474895620284957,-0.4714205869179254,-0.1576985805637453
lb30_atr14_m2.5_r0.0025_tfma100_rfnone,30,14,2.5,0.0025,ma100,none,-0.029401304252615557,-0.03598104518205636,34,0.14705882352941177,0.4806944133364751,-0.32684023763430525,-0.024270011694562665,-0.02809678208489952,15,0.26666666666666666,0.171485659899013,-0.6069462441857316,-0.15775762677836758
lb30_atr14_m2.0_r0.0025_tfma100_rfadx20,30,14,2.0,0.0025,ma100,adx20,-0.054062865890104006,-0.055155715593963484,37,0.21621621621621623,0.17514080932188844,-0.5582392716405143,-0.014762417998769317,-0.016822487875929437,13,0.15384615384615385,0.1803170298951294,-0.43263580760894804,-0.1583373610049307
lb55_atr20_m1.5_r0.0025_tfma100_rfadx20,55,20,1.5,0.0025,ma100,adx20,-0.04538014878321739,-0.04538014878321739,32,0.25,0.17150309940965824,-0.5286509860373313,-0.017670151901894804,-0.019995185347268518,14,0.21428571428571427,0.22474895620284957,-0.4714205869179254,-0.1583710389811026
lb55_atr10_m2.0_r0.0025_tfnone_rfnone,55,10,2.0,0.0025,none,none,-0.03692247381914815,-0.040632890121520826,34,0.17647058823529413,0.2809863874314819,-0.41332200632300453,-0.01862010818447324,-0.020513390132695153,13,0.07692307692307693,0.06455018307716517,-0.5459809446831918,-0.15855675219783688
lb55_atr20_m2.0_r0.005_tfma100_rfadx20,55,20,2.0,0.005,ma100,adx20,-0.07710406074853349,-0.07710406074853349,28,0.14285714285714285,0.18372209283567037,-0.5381036828056381,-0.018796876771799864,-0.022689440555087592,10,0.2,0.3067469995800498,-0.3564865868677466,-0.1588314267553641
lb20_atr14_m3.0_r0.005_tfma100_rfnone,20,14,3.0,0.005,ma100,none,-0.06768450302289608,-0.0764290530133469,36,0.19444444444444445,0.43141516289803833,-0.368159419422841,-0.02794730213531149,-0.04021883463829046,13,0.3076923076923077,0.4093240438279632,-0.444507534192646,-0.15892075240327752
lb20_atr14_m2.5_r0.0025_tfma100_rfnone,20,14,2.5,0.0025,ma100,none,-0.04408639672132808,-0.04755773875308533,42,0.16666666666666666,0.4075951048712937,-0.40487111644375195,-0.022824539780496256,-0.02665697924853616,16,0.25,0.24233438705595922,-0.5340632243332355,-0.1591875009281612
lb20_atr10_m3.0_r0.005_tfma100_rfnone,20,10,3.0,0.005,ma100,none,-0.07116158493980917,-0.08238695210782987,38,0.18421052631578946,0.4487013727479491,-0.3696399485643384,-0.028187918907217835,-0.0407802668169871,13,0.3076923076923077,0.4163070694374785,-0.4322840372499061,-0.15942341057400183
lb30_atr10_m3.0_r0.005_tfma100_rfnone,30,10,3.0,0.005,ma100,none,-0.04520465575031918,-0.06263783944714074,30,0.23333333333333334,0.5360294394319194,-0.2907827410195145,-0.03229283724433352,-0.044086033070641184,12,0.3333333333333333,0.2921707877426182,-0.5353228495318929,-0.1594426351061174
lb20_atr14_m2.0_r0.0025_tfnone_rfadx20,20,14,2.0,0.0025,none,adx20,-0.07145024336351957,-0.07688237933276643,55,0.2,0.2758502105939016,-0.5065705437596538,-0.020167619659980707,-0.022216387600099807,20,0.15,0.2347222549531285,-0.3872200767294559,-0.15955926807387075
lb55_atr14_m1.5_r0.0025_tfnone_rfadx20,55,14,1.5,0.0025,none,adx20,-0.05165021563968197,-0.05513511158286977,36,0.25,0.17434147763108698,-0.5388685232393101,-0.017045042067169724,-0.01978352947035389,14,0.2857142857142857,0.23652241994349377,-0.4562261161245907,-0.16032497040835508
lb55_atr20_m1.5_r0.0025_tfma100_rfnone,55,20,1.5,0.0025,ma100,none,-0.03920270473238252,-0.03920270473238252,36,0.3055555555555556,0.3313755938100363,-0.4028903870639244,-0.023587702918105413,-0.025898730371444856,16,0.1875,0.17839318691625933,-0.5519486380646724,-0.16082295396736954
lb55_atr14_m1.5_r0.0025_tfma100_rfadx20,55,14,1.5,0.0025,ma100,adx20,-0.049530230711418155,-0.049530230711418155,33,0.24242424242424243,0.14437245058882453,-0.5636457452629736,-0.017045042067169724,-0.01978352947035389,14,0.2857142857142857,0.23652241994349377,-0.4562261161245907,-0.16106897557964744
lb55_atr20_m1.5_r0.0025_tfnone_rfnone,55,20,1.5,0.0025,none,none,-0.04118807567043603,-0.04484311419266862,39,0.3076923076923077,0.3448910955267285,-0.391338645105005,-0.023587702918105413,-0.025898730371444856,16,0.1875,0.17839318691625933,-0.5519486380646724,-0.16135333802450297
lb55_atr10_m2.0_r0.0025_tfma100_rfnone,55,10,2.0,0.0025,ma100,none,-0.03749740432702875,-0.03749740432702875,32,0.15625,0.2563276325392304,-0.44597061475951516,-0.01862010818447324,-0.020513390132695153,13,0.07692307692307693,0.06455018307716517,-0.5459809446831918,-0.16149217307971758
lb20_atr14_m2.5_r0.0025_tfnone_rfnone,20,14,2.5,0.0025,none,none,-0.0489966384496201,-0.0577131043634318,52,0.19230769230769232,0.4347464277894367,-0.3684870980673737,-0.02965512112642399,-0.033460771352812335,22,0.22727272727272727,0.24005910056710045,-0.5133724014274919,-0.16155808544448896
lb20_atr20_m2.5_r0.005_tfma100_rfadx20,20,20,2.5,0.005,ma100,adx20,-0.08410878805638089,-0.09718843325169912,39,0.1794871794871795,0.4025696873384817,-0.422564616947664,-0.023870601477372633,-0.026641719157758703,12,0.25,0.24254857780481714,-0.3835302483279408,-0.1618524034261445
lb30_atr20_m3.0_r0.005_tfma100_rfnone,30,20,3.0,0.005,ma100,none,-0.05955403009234017,-0.06303575123783534,31,0.12903225806451613,0.41481038775088874,-0.36826775849222276,-0.028618543890307824,-0.04147448969875012,12,0.3333333333333333,0.34644060075463545,-0.4865084950021777,-0.16231784369601798
lb20_atr20_m2.0_r0.0025_tfma100_rfadx20,20,20,2.0,0.0025,ma100,adx20,-0.07166819298612381,-0.07166819298612381,48,0.1875,0.20768771277909318,-0.5786881605334633,-0.01456183279744705,-0.01652408074551126,14,0.14285714285714285,0.26597059099062415,-0.39702071610682715,-0.16237343579978167
lb10_atr20_m2.5_r0.0025_tfma100_rfnone,10,20,2.5,0.0025,ma100,none,-0.05501064761207031,-0.058960694709150996,55,0.16363636363636364,0.387463399498381,-0.3876424126661226,-0.02625837410923293,-0.030422652605930356,20,0.25,0.1824359317405136,-0.5006853209391392,-0.1630154935195556
lb20_atr14_m2.0_r0.0025_tfma100_rfadx20,20,14,2.0,0.0025,ma100,adx20,-0.06543242886626177,-0.06702475049202661,46,0.1956521739130435,0.22083857510628935,-0.5514196421967058,-0.016417141511794964,-0.018473751466062893,15,0.13333333333333333,0.1651898125123899,-0.4178316911342801,-0.16326752339028971
lb30_atr20_m2.5_r0.0025_tfnone_rfnone,30,20,2.5,0.0025,none,none,-0.03209322379305024,-0.04264205675084387,41,0.1951219512195122,0.48939476696634543,-0.29650653622007883,-0.026788648220452682,-0.02817202869123714,16,0.1875,0.12443579774298544,-0.6333738901314039,-0.16377275858943657
lb20_atr10_m2.5_r0.005_tfma100_rfnone,20,10,2.5,0.005,ma100,none,-0.09039785705761239,-0.09039785705761239,42,0.16666666666666666,0.3856711270896786,-0.42323534155164116,-0.023961454149753925,-0.038878029153301186,13,0.23076923076923078,0.5130013837670772,-0.3950375366137189,-0.16379544129381257
lb20_atr20_m2.0_r0.0025_tfnone_rfadx20,20,20,2.0,0.0025,none,adx20,-0.0779906548251752,-0.0819538800861157,57,0.19298245614035087,0.25435880763271207,-0.5332996771496217,-0.019233423976469544,-0.02118636964610543,19,0.15789473684210525,0.29151308028003786,-0.3878184084569869,-0.16398511775767874
lb30_atr20_m2.5_r0.0025_tfma100_rfnone,30,20,2.5,0.0025,ma100,none,-0.03502089909356232,-0.03900874574938451,36,0.19444444444444445,0.4159579182802614,-0.367416081409853,-0.02286866059266479,-0.02425761316689845,14,0.21428571428571427,0.14305366608943304,-0.6113803902826839,-0.1644464876599877
lb10_atr20_m3.0_r0.005_tfma100_rfnone,10,20,3.0,0.005,ma100,none,-0.08811851060733278,-0.09316661019383232,46,0.17391304347826086,0.39715520408311134,-0.37876535531806177,-0.029488918200961556,-0.04780436477118777,15,0.26666666666666666,0.4490954510649273,-0.3900265684103145,-0.16493849006984174
lb30_atr10_m2.0_r0.0025_tfnone_rfadx20,30,10,2.0,0.0025,none,adx20,-0.05223343885902665,-0.0558848671227995,42,0.21428571428571427,0.2644673069141268,-0.4787417165932611,-0.01928577317545188,-0.021177770920154493,15,0.13333333333333333,0.11312198844757113,-0.49652423835671783,-0.16503462800704366
lb30_atr10_m2.5_r0.005_tfnone_rfnone,30,10,2.5,0.005,none,none,-0.0521534287306914,-0.0704101241366113,38,0.23684210526315788,0.5588554109805598,-0.2586118170519751,-0.03671312186585518,-0.04631811168090305,14,0.21428571428571427,0.3138759075251716,-0.5481371631436355,-0.16527364736204375
lb55_atr20_m2.0_r0.005_tfnone_rfnone,55,20,2.0,0.005,none,none,-0.0636888846174668,-0.07170383448328654,33,0.24242424242424243,0.34052419210764945,-0.37424351744330453,-0.029961559181807984,-0.033809831179458016,12,0.16666666666666666,0.21691239045963193,-0.4763268647558885,-0.16631207623020153
lb30_atr20_m3.0_r0.005_tfnone_rfnone,30,20,3.0,0.005,none,none,-0.05260147358133105,-0.06579690291332119,35,0.2,0.5014148879163427,-0.2861112661240958,-0.0366606547534577,-0.04941016560703049,14,0.2857142857142857,0.2923032352181238,-0.5335336635851444,-0.16666141940026294
lb10_atr14_m3.0_r0.005_tfma100_rfnone,10,14,3.0,0.005,ma100,none,-0.07583968956044074,-0.08653286374066749,43,0.20930232558139536,0.4205119095695302,-0.34647450877884955,-0.033614096455907405,-0.05008627537010446,15,0.26666666666666666,0.4210430057618041,-0.43890189662471984,-0.1667650099296991
lb10_atr14_m2.5_r0.0025_tfma100_rfnone,10,14,2.5,0.0025,ma100,none,-0.05197406968760232,-0.05793697246164742,53,0.1509433962264151,0.396676541818901,-0.38072007763192456,-0.027156556922317665,-0.033489305825495364,19,0.21052631578947367,0.2768103136833767,-0.5417766239365978,-0.16693163670252142
lb30_atr10_m2.0_r0.0025_tfma100_rfadx20,30,10,2.0,0.0025,ma100,adx20,-0.05353896530754887,-0.05353896530754887,37,0.21621621621621623,0.16965191087444376,-0.5554386556608577,-0.016252783065616172,-0.018150632066770922,13,0.15384615384615385,0.13173009544646588,-0.4791338992145355,-0.1673562436222025
lb55_atr14_m2.0_r0.005_tfma100_rfadx20,55,14,2.0,0.005,ma100,adx20,-0.07452633337775005,-0.07666720173994679,28,0.14285714285714285,0.18373429988337464,-0.5188545792181218,-0.022484051704598218,-0.026563370956893984,11,0.09090909090909091,0.14477465911295745,-0.38970888411917176,-0.16751811649937448
lb10_atr20_m2.0_r0.0025_tfma100_rfadx20,10,20,2.0,0.0025,ma100,adx20,-0.08901904948893447,-0.09079334412133555,62,0.16129032258064516,0.1749670547160416,-0.5603714862011335,-0.017081298469434292,-0.020265568016347713,18,0.2222222222222222,0.29964761607339685,-0.3638723114381482,-0.1679148753527953
lb20_atr10_m2.0_r0.0025_tfnone_rfadx20,20,10,2.0,0.0025,none,adx20,-0.07517793103791326,-0.07923906091574251,56,0.17857142857142858,0.2535167762053201,-0.5234444492118261,-0.021374494350606565,-0.023262462526200567,20,0.15,0.2041195535412776,-0.41139144742273154,-0.16873799171292855
lb55_atr10_m1.5_r0.0025_tfnone_rfadx20,55,10,1.5,0.0025,none,adx20,-0.05399894681492956,-0.057366022268310224,37,0.1891891891891892,0.13839277096809513,-0.5497886255761404,-0.018045258188245206,-0.020569489537357266,14,0.21428571428571427,0.18694031061262698,-0.4864505016734671,-0.16965997957526893
lb20_atr20_m2.5_r0.0025_tfma100_rfnone,20,20,2.5,0.0025,ma100,none,-0.049108428994414255,-0.05015117064917218,44,0.18181818181818182,0.37321269454967576,-0.4303651302309002,-0.0238149185387746,-0.025202526045710605,16,0.1875,0.13816552014080818,-0.5591128655814751,-0.1706706475232574
lb30_atr10_m2.5_r0.005_tfma100_rfnone,30,10,2.5,0.005,ma100,none,-0.06313666538117635,-0.06896660828372092,34,0.14705882352941177,0.4487336360427187,-0.35603707760450565,-0.030383962594524805,-0.040052060826928804,12,0.25,0.3564429876390485,-0.5319121177456968,-0.17111816180990036
lb55_atr10_m1.5_r0.0025_tfma100_rfadx20,55,10,1.5,0.0025,ma100,adx20,-0.05250232254847664,-0.05263803994852079,34,0.17647058823529413,0.10550709642885873,-0.5821791817100938,-0.018045258188245206,-0.020569489537357266,14,0.21428571428571427,0.18694031061262698,-0.4864505016734671,-0.1715040543749775
lb20_atr10_m2.0_r0.0025_tfma100_rfadx20,20,10,2.0,0.0025,ma100,adx20,-0.06411589917026606,-0.06462190561922643,46,0.1956521739130435,0.21746899692322674,-0.5411670916082881,-0.018257484888191122,-0.02015146641070298,15,0.13333333333333333,0.11899887006342748,-0.46694505918526497,-0.17180700956799938
lb20_atr20_m2.5_r0.0025_tfnone_rfnone,20,20,2.5,0.0025,none,none,-0.052611545554489436,-0.05867585846897139,54,0.16666666666666666,0.4112255511944132,-0.3809253007772252,-0.03147654425885771,-0.03285326107552766,22,0.13636363636363635,0.1501376300170531,-0.547207628641829,-0.1727504143066157
lb55_atr10_m2.0_r0.005_tfnone_rfadx20,55,10,2.0,0.005,none,adx20,-0.07269286258237362,-0.07981064998701037,30,0.16666666666666666,0.2070340480729695,-0.47323847302727867,-0.024940436797262544,-0.028695370255655717,11,0.09090909090909091,0.09294140463518681,-0.43541150062635586,-0.17323983601173187
lb20_atr20_m3.0_r0.005_tfma100_rfnone,20,20,3.0,0.005,ma100,none,-0.08814214175041024,-0.08980991312370445,39,0.15384615384615385,0.34791285435445324,-0.4464556033305828,-0.027005508637636177,-0.03988280248980014,13,0.3076923076923077,0.40315370195260036,-0.42458808483437954,-0.17400575694126638
lb10_atr14_m2.5_r0.005_tfnone_rfadx20,10,14,2.5,0.005,none,adx20,-0.11787733663330968,-0.1390708078969609,68,0.22058823529411764,0.4151774090546738,-0.33576145859432105,-0.038256301256131,-0.0510061074885364,24,0.20833333333333334,0.4386747678646214,-0.312282842715568,-0.17402883702830413
lb10_atr14_m2.0_r0.0025_tfma100_rfadx20,10,14,2.0,0.0025,ma100,adx20,-0.08328960680496378,-0.08958901832033339,60,0.18333333333333332,0.21166801521786383,-0.5419188324268016,-0.020267627186864257,-0.022955234051598383,19,0.2631578947368421,0.2056278727105713,-0.404887164391647,-0.17411814580661536
lb10_atr10_m3.0_r0.005_tfma100_rfnone,10,10,3.0,0.005,ma100,none,-0.07628050067779846,-0.08439537454064672,44,0.20454545454545456,0.4478207373008114,-0.3417015355348593,-0.03750357026605866,-0.055093073853636265,16,0.25,0.4184394706046452,-0.4676823066519871,-0.17412831236077653
lb55_atr14_m2.0_r0.005_tfnone_rfnone,55,14,2.0,0.005,none,none,-0.061455357115516085,-0.07137955860142542,33,0.24242424242424243,0.34100763885022095,-0.3595388586935605,-0.03448704756776355,-0.03851627653539924,13,0.07692307692307693,0.09939507526956833,-0.5068131976567899,-0.17492816754688656
lb20_atr20_m2.5_r0.005_tfnone_rfadx20,20,20,2.5,0.005,none,adx20,-0.08972076877284141,-0.1144503053020468,47,0.1702127659574468,0.43136283964500827,-0.36398045788630534,-0.0356335790596215,-0.03837130301659186,17,0.17647058823529413,0.23735859690930342,-0.4082012135351366,-0.1749955807656783
lb20_atr10_m3.0_r0.005_tfnone_rfnone,20,10,3.0,0.005,none,none,-0.07875092470632084,-0.096751699302291,47,0.19148936170212766,0.47659294321083,-0.32005857748181205,-0.042045301953740455,-0.05445809149843506,19,0.21052631578947367,0.3577681825088483,-0.44760810789582506,-0.17502791148440933
lb10_atr14_m2.5_r0.0025_tfnone_rfnone,10,14,2.5,0.0025,none,none,-0.06938086073562655,-0.07528866381281607,77,0.2077922077922078,0.40508785304679684,-0.35854697331598406,-0.038969552453512746,-0.04522540436465561,31,0.16129032258064516,0.2773117937046346,-0.48690585220485866,-0.17578771796327508
lb55_atr14_m1.5_r0.0025_tfnone_rfnone,55,14,1.5,0.0025,none,none,-0.05150092959555441,-0.05498637411938001,40,0.3,0.22064226994370523,-0.4824759095002671,-0.02345505526474434,-0.026175684534904042,16,0.25,0.18364308002262117,-0.5484918470891758,-0.17602825240781153
lb55_atr14_m1.5_r0.0025_tfma100_rfnone,55,14,1.5,0.0025,ma100,none,-0.049380610946369585,-0.049380610946369585,37,0.2972972972972973,0.19602189061804903,-0.5000021388398282,-0.02345505526474434,-0.026175684534904042,16,0.25,0.18364308002262117,-0.5484918470891758,-0.1760813612215879
lb55_atr10_m2.0_r0.005_tfma100_rfadx20,55,10,2.0,0.005,ma100,adx20,-0.0737968678004477,-0.0737968678004477,28,0.14285714285714285,0.17787368074921156,-0.5148309160050245,-0.024940436797262544,-0.028695370255655717,11,0.09090909090909091,0.09294140463518681,-0.43541150062635586,-0.17684023147119865
lb55_atr20_m2.0_r0.005_tfma100_rfnone,55,20,2.0,0.005,ma100,none,-0.07277267305500823,-0.07277267305500823,32,0.1875,0.2890650129173138,-0.4419642327913428,-0.029961559181807984,-0.033809831179458016,12,0.16666666666666666,0.21691239045963193,-0.4763268647558885,-0.17701530240158808
lb30_atr20_m1.5_r0.0025_tfma100_rfadx20,30,20,1.5,0.0025,ma100,adx20,-0.06598801673494858,-0.06641050579032937,43,0.2558139534883721,0.19274698424193284,-0.5810378614461811,-0.020518363827493946,-0.022836655964946107,16,0.25,0.24555445739211454,-0.48114158105971827,-0.17842887354243916
lb20_atr10_m2.5_r0.005_tfnone_rfnone,20,10,2.5,0.005,none,none,-0.10019153249194468,-0.10684772674985499,51,0.21568627450980393,0.4166306881609723,-0.3822585487742515,-0.03649026736593364,-0.05121536736796661,19,0.21052631578947367,0.44798518951281574,-0.404442497382483,-0.1794897093545
lb20_atr14_m3.0_r0.005_tfnone_rfnone,20,14,3.0,0.005,none,none,-0.07860868522191422,-0.0924770641210495,45,0.2222222222222222,0.43966072662954764,-0.3406850887883503,-0.04314281324169156,-0.055222512309249905,19,0.21052631578947367,0.34356597616554757,-0.46724940997261083,-0.18082909803483513
lb30_atr14_m1.5_r0.0025_tfnone_rfadx20,30,14,1.5,0.0025,none,adx20,-0.07198270199222467,-0.07539522007913668,51,0.2549019607843137,0.22945926503137756,-0.536820167115281,-0.023052061592828466,-0.025773813593063633,18,0.2222222222222222,0.2322463644854556,-0.485507206976831,-0.1812559314838587
lb20_atr20_m1.5_r0.0025_tfma100_rfadx20,20,20,1.5,0.0025,ma100,adx20,-0.08353742126148322,-0.08395197205539229,54,0.2222222222222222,0.18372227903629892,-0.5938767138121038,-0.020758444629465744,-0.023076168530194563,18,0.3333333333333333,0.2656371688571145,-0.43291709067525885,-0.18196629499017292
lb10_atr10_m2.0_r0.0025_tfma100_rfadx20,10,10,2.0,0.0025,ma100,adx20,-0.08277620100413174,-0.08854854560277248,60,0.18333333333333332,0.21396182768652333,-0.5381425867874945,-0.022383458224553232,-0.025274440571817713,19,0.21052631578947367,0.15797139284872394,-0.4473386530377923,-0.1829813095197127
lb30_atr20_m1.5_r0.0025_tfnone_rfadx20,30,20,1.5,0.0025,none,adx20,-0.07077238126671015,-0.07473336555785726,51,0.27450980392156865,0.20604419345760996,-0.5266744907598171,-0.023930800744886183,-0.026241016135023165,18,0.2222222222222222,0.2178997164756135,-0.5028672619379219,-0.18368228685672994
lb30_atr14_m1.5_r0.0025_tfma100_rfadx20,30,14,1.5,0.0025,ma100,adx20,-0.07104116812250616,-0.07104351694952571,44,0.25,0.16002357311645976,-0.6135970114688186,-0.020422329201239764,-0.023151407568741234,16,0.25,0.2550022282707412,-0.47881164627162703,-0.18401010511027469
lb10_atr20_m2.5_r0.0025_tfnone_rfnone,10,20,2.5,0.0025,none,none,-0.07162007319058306,-0.0740573827416543,78,0.1794871794871795,0.38475668459049184,-0.362608876699147,-0.04235741136168614,-0.04645284112801673,32,0.25,0.194190595227999,-0.5153378508170252,-0.18561539713560152
lb10_atr14_m3.0_r0.005_tfnone_rfnone,10,14,3.0,0.005,none,none,-0.09996865107418862,-0.10958712191280806,63,0.25396825396825395,0.44539160298558594,-0.31124476989890953,-0.050018496782760935,-0.0697893509717552,25,0.24,0.39240391512290046,-0.399200485499228,-0.1857590026178868
lb55_atr10_m1.5_r0.0025_tfnone_rfnone,55,10,1.5,0.0025,none,none,-0.05465113946243949,-0.05801589358452053,41,0.21951219512195122,0.1743110238475286,-0.5012148153756678,-0.024463033045299398,-0.02697076674151966,16,0.1875,0.1448940086720721,-0.575334342072982,-0.18587473340036645
lb10_atr20_m1.5_r0.0025_tfma100_rfadx20,10,20,1.5,0.0025,ma100,adx20,-0.10941484515741262,-0.10981769061073376,71,0.18309859154929578,0.1509804521674005,-0.5974735536567566,-0.02154888258999954,-0.024428069712535527,22,0.36363636363636365,0.3575776394201443,-0.37062121126800474,-0.18676116461566386
lb10_atr20_m2.5_r0.005_tfnone_rfadx20,10,20,2.5,0.005,none,adx20,-0.11951952956377343,-0.13740702736285004,69,0.17391304347826086,0.4097470122557913,-0.34589316041798573,-0.043152551638336645,-0.0513017595241978,24,0.3333333333333333,0.3207195747303504,-0.35201787559680997,-0.18700531399700138
lb55_atr10_m1.5_r0.0025_tfma100_rfnone,55,10,1.5,0.0025,ma100,none,-0.05315554699963965,-0.05329117083330748,38,0.21052631578947367,0.14564017762963508,-0.5263610647954835,-0.024463033045299398,-0.02697076674151966,16,0.1875,0.1448940086720721,-0.575334342072982,-0.18704159631645845
lb55_atr14_m2.0_r0.005_tfma100_rfnone,55,14,2.0,0.005,ma100,none,-0.07185171912293398,-0.07399877458395998,32,0.1875,0.2745871491722015,-0.4356571334234817,-0.03448704756776355,-0.03851627653539924,13,0.07692307692307693,0.09939507526956833,-0.5068131976567899,-0.18733098486826674
lb20_atr10_m1.5_r0.0025_tfnone_rfadx20,20,10,1.5,0.0025,none,adx20,-0.10238087210607061,-0.10614220786214934,67,0.1791044776119403,0.18777813413565728,-0.5992872855536846,-0.023480088387362485,-0.02599034885962892,23,0.21739130434782608,0.3114220266811995,-0.3857461908897139,-0.18767983444180367
lb30_atr10_m1.5_r0.0025_tfnone_rfadx20,30,10,1.5,0.0025,none,adx20,-0.071637827538518,-0.0755279873238418,51,0.21568627450980393,0.22646971452312403,-0.5373785253814783,-0.02453273743029105,-0.027040291943106864,18,0.16666666666666666,0.18303184350243723,-0.519058136574299,-0.18875493732295143
lb10_atr10_m2.5_r0.005_tfma100_rfnone,10,10,2.5,0.005,ma100,none,-0.11602091367613288,-0.1216747642362217,54,0.14814814814814814,0.33753730360603845,-0.42808500715087017,-0.031571309055630326,-0.05024709705822328,17,0.29411764705882354,0.49133785265132396,-0.404117964242157,-0.18967372086355302
lb30_atr14_m2.5_r0.005_tfnone_rfnone,30,14,2.5,0.005,none,none,-0.05409288414479052,-0.07951398833508627,39,0.20512820512820512,0.5441146700542061,-0.26254853733986644,-0.049018107138372735,-0.056455596497746785,17,0.23529411764705882,0.1687991952655866,-0.6100414802086019,-0.19021211945547503
lb30_atr14_m2.5_r0.005_tfma100_rfnone,30,14,2.5,0.005,ma100,none,-0.05772179739953842,-0.07077118864265419,34,0.14705882352941177,0.48143770598193253,-0.3268402376343052,-0.04294207392541116,-0.05042708304589505,15,0.26666666666666666,0.18885004517854054,-0.6069462441857316,-0.19110157117006402
lb30_atr10_m1.5_r0.0025_tfma100_rfadx20,30,10,1.5,0.0025,ma100,adx20,-0.07031096467261821,-0.07103284582434799,44,0.22727272727272727,0.16196375856700562,-0.607965935472783,-0.02186045975763795,-0.024374883677756976,16,0.1875,0.20131563016061244,-0.5160396718704758,-0.19137244692073993
lb55_atr20_m1.5_r0.005_tfma100_rfadx20,55,20,1.5,0.005,ma100,adx20,-0.0813634890211351,-0.0813634890211351,32,0.25,0.1845837540110173,-0.5286509860373313,-0.0342496040818796,-0.0385024870985462,14,0.21428571428571427,0.22805356001938762,-0.4714205869179254,-0.19333002022806112
lb30_atr20_m2.0_r0.0025_tfnone_rfnone,30,20,2.0,0.0025,none,none,-0.05573437636027445,-0.05979326946394148,51,0.2549019607843137,0.32343184463017854,-0.4184167196101815,-0.03079310820300374,-0.032723035719488314,18,0.1111111111111111,0.1448448096914493,-0.6406508836098487,-0.1933924492806855
lb30_atr14_m2.0_r0.005_tfnone_rfadx20,30,14,2.0,0.005,none,adx20,-0.09337355634813593,-0.10617824071738535,41,0.24390243902439024,0.2811889783661526,-0.4420387876677326,-0.03537117893311359,-0.03939671828923308,15,0.13333333333333333,0.15376296983665214,-0.45739109379957227,-0.19363393370420595
lb20_atr20_m1.5_r0.0025_tfnone_rfadx20,20,20,1.5,0.0025,none,adx20,-0.09996663804881256,-0.1038031770585518,67,0.22388059701492538,0.17574014268145438,-0.5830842026076122,-0.026608475521738506,-0.02891235324085384,24,0.2916666666666667,0.2458747384254641,-0.4184181692176914,-0.19404229661833017
lb55_atr20_m1.5_r0.005_tfnone_rfadx20,55,20,1.5,0.005,none,adx20,-0.08553099818989562,-0.09143736732920116,35,0.2571428571428571,0.2063141798731649,-0.5049995650853862,-0.0342496040818796,-0.0385024870985462,14,0.21428571428571427,0.22805356001938762,-0.4714205869179254,-0.19431807351228486
lb10_atr10_m2.0_r0.0025_tfnone_rfadx20,10,10,2.0,0.0025,none,adx20,-0.11982398256388105,-0.12583789196187067,89,0.1797752808988764,0.21956200031529527,-0.5389666603213853,-0.0283810750787008,-0.03175108039248109,30,0.2,0.2739624969086325,-0.366155448859025,-0.19441514274842275
lb10_atr10_m3.0_r0.005_tfnone_rfnone,10,10,3.0,0.005,none,none,-0.10444182903019283,-0.10982137613410259,65,0.24615384615384617,0.46269432628436113,-0.30284795757972005,-0.056210434326070535,-0.07345807227931334,27,0.2222222222222222,0.38457166052846026,-0.4199407226634843,-0.19477077930907238
lb55_atr10_m2.0_r0.005_tfnone_rfnone,55,10,2.0,0.005,none,none,-0.07221625170780976,-0.07933769746332398,34,0.17647058823529413,0.2829118088849841,-0.4133220063230046,-0.0369426555119593,-0.040651368683584765,13,0.07692307692307693,0.06469951056407418,-0.5459809446831918,-0.19514777191767924
lb55_atr20_m1.5_r0.005_tfma100_rfnone,55,20,1.5,0.005,ma100,none,-0.06901649289863188,-0.06901649289863188,36,0.3055555555555556,0.3513960524081629,-0.40289038706392444,-0.04586777567943745,-0.05006949565762042,16,0.1875,0.1806627369202138,-0.5519486380646724,-0.1966970569382375
lb10_atr14_m2.0_r0.0025_tfnone_rfadx20,10,14,2.0,0.0025,none,adx20,-0.11386589831395133,-0.12107866737942619,87,0.19540229885057472,0.2294872764018536,-0.5230112597272145,-0.03200703018783313,-0.03520223213840401,31,0.22580645161290322,0.2627475561940664,-0.39677987094674344,-0.19765413514066435
lb20_atr10_m1.5_r0.0025_tfma100_rfadx20,20,10,1.5,0.0025,ma100,adx20,-0.08943134715212864,-0.090138381787226,55,0.2,0.1548851430581544,-0.6274710900650462,-0.022507462673979628,-0.02502022339621912,18,0.2222222222222222,0.2068415365908193,-0.47252446765443423,-0.1977770846312808
lb30_atr20_m2.0_r0.005_tfnone_rfadx20,30,20,2.0,0.005,none,adx20,-0.10000390101721435,-0.11048823848391043,42,0.23809523809523808,0.26709589837190484,-0.46542789541830565,-0.03373591054317615,-0.03756920918508888,14,0.14285714285714285,0.23592151541216505,-0.4660047134761958,-0.19783858433790524
lb55_atr10_m2.0_r0.005_tfma100_rfnone,55,10,2.0,0.005,ma100,none,-0.07332082435480825,-0.07332082435480825,32,0.15625,0.2577975879572142,-0.44597061475951516,-0.0369426555119593,-0.040651368683584765,13,0.07692307692307693,0.06469951056407418,-0.5459809446831918,-0.19792291993157257
lb30_atr20_m2.0_r0.005_tfma100_rfadx20,30,20,2.0,0.005,ma100,adx20,-0.10940986227496974,-0.10940986227496974,38,0.21052631578947367,0.17708897385874772,-0.5775912178686969,-0.026315587415142505,-0.030178323469538637,12,0.16666666666666666,0.28478264788625174,-0.4194522663288389,-0.1981592849052891
lb55_atr14_m1.5_r0.005_tfma100_rfadx20,55,14,1.5,0.005,ma100,adx20,-0.08986202574809099,-0.08986202574809099,33,0.24242424242424243,0.153866151491817,-0.5636457452629736,-0.033501158397664876,-0.03775733735078968,14,0.2857142857142857,0.2373880098812341,-0.45622611612459074,-0.19847222581870272
lb20_atr20_m3.0_r0.005_tfnone_rfnone,20,20,3.0,0.005,none,none,-0.09707542080545262,-0.09938151900543879,48,0.1875,0.3739857066571649,-0.39695916141072507,-0.044600821598302365,-0.05724524669588793,19,0.21052631578947367,0.32075432965008716,-0.4733281365906327,-0.1984797575145516
lb10_atr20_m3.0_r0.005_tfnone_rfnone,10,20,3.0,0.005,none,none,-0.11906220253857469,-0.12441649716895109,67,0.19402985074626866,0.41081483691954385,-0.3601029477686171,-0.047869213014155254,-0.06737868668868685,24,0.25,0.3854617344964631,-0.3958345763977116,-0.19884489342690162
lb55_atr14_m1.5_r0.005_tfnone_rfadx20,55,14,1.5,0.005,none,adx20,-0.09337721297699253,-0.0992329050121129,36,0.25,0.18219607928930223,-0.5388685232393101,-0.033501158397664876,-0.03775733735078968,14,0.2857142857142857,0.2373880098812341,-0.45622611612459074,-0.1989005119997273
lb55_atr20_m1.5_r0.005_tfnone_rfnone,55,20,1.5,0.005,none,none,-0.07324001575608474,-0.0792257698490576,39,0.3076923076923077,0.3595687217987792,-0.39133864510500505,-0.04586777567943745,-0.05006949565762042,16,0.1875,0.1806627369202138,-0.5519486380646724,-0.19893035054714397
lb20_atr14_m2.5_r0.005_tfma100_rfnone,20,14,2.5,0.005,ma100,none,-0.08609566128983093,-0.09302166274989232,42,0.16666666666666666,0.4084427750082982,-0.40487111644375195,-0.04011247387921024,-0.047619612885018925,16,0.25,0.26614489744693914,-0.5340632243332355,-0.19894206235425602
lb30_atr20_m2.5_r0.005_tfma100_rfnone,30,20,2.5,0.005,ma100,none,-0.06915626222714089,-0.07661258768898072,36,0.19444444444444445,0.4143424043030727,-0.36741608140985293,-0.04072511908246168,-0.043448388750278344,14,0.21428571428571427,0.15661447585046817,-0.6113803902826839,-0.19963511986912885
lb30_atr14_m2.0_r0.005_tfma100_rfadx20,30,14,2.0,0.005,ma100,adx20,-0.1030975972816689,-0.10517237266124957,37,0.21621621621621623,0.17757997703091907,-0.5582392716405142,-0.029355328309319195,-0.03340597270368517,13,0.15384615384615385,0.18026543208309964,-0.43263580760894804,-0.1997185237429636
lb30_atr20_m2.0_r0.0025_tfma100_rfnone,30,20,2.0,0.0025,ma100,none,-0.06195369796986194,-0.06195369796986194,46,0.2391304347826087,0.2320622873303972,-0.5153583158690949,-0.027082588170066813,-0.029019904237719052,16,0.125,0.16188471841992277,-0.6275673195160375,-0.20047341643130648
lb20_atr20_m2.0_r0.0025_tfnone_rfnone,20,20,2.0,0.0025,none,none,-0.08517929819252046,-0.08609852156388442,66,0.19696969696969696,0.2669584904263879,-0.5035131303856731,-0.03337695102172089,-0.03530173347640664,24,0.125,0.19010305573512104,-0.5251185268893525,-0.2007993367633445
lb20_atr20_m2.0_r0.0025_tfma100_rfnone,20,20,2.0,0.0025,ma100,none,-0.07706161429338831,-0.07706161429338831,55,0.2,0.2323130467162465,-0.5429257747159933,-0.027122665411006497,-0.02905990167508854,18,0.1111111111111111,0.16178514069110483,-0.5596854763123149,-0.20080019079907915
lb30_atr20_m2.5_r0.005_tfnone_rfnone,30,20,2.5,0.005,none,none,-0.06465634327232539,-0.08360034433676877,41,0.1951219512195122,0.4792437279860362,-0.29650653622007883,-0.048414459898006745,-0.05111590042276437,16,0.1875,0.13446969048898413,-0.6333738901314038,-0.20193085069073793
lb30_atr14_m2.0_r0.0025_tfnone_rfnone,30,14,2.0,0.0025,none,none,-0.053812956207323404,-0.058831447593778785,50,0.26,0.3227130695225646,-0.4123225307702479,-0.036261649869894996,-0.038276766204103696,20,0.1,0.08117227047132243,-0.67514515528532,-0.20316606227001724
lb10_atr20_m2.0_r0.0025_tfnone_rfadx20,10,20,2.0,0.0025,none,adx20,-0.11982733944734147,-0.12340616876915889,90,0.17777777777777778,0.1977013831655929,-0.5320499349414141,-0.031730836728141254,-0.03486764753967719,30,0.16666666666666666,0.2750442837169818,-0.4088238304057674,-0.20326572863237072
lb10_atr10_m1.5_r0.0025_tfma100_rfadx20,10,10,1.5,0.0025,ma100,adx20,-0.12060765674755425,-0.12129048372888529,74,0.16216216216216217,0.13224779133849354,-0.6348969841501814,-0.023950547044044312,-0.02743722929914294,22,0.2727272727272727,0.315487259507024,-0.41374576881092545,-0.20680716392591997
lb30_atr10_m2.0_r0.0025_tfnone_rfnone,30,10,2.0,0.0025,none,none,-0.06050863920601013,-0.06412818588451252,51,0.19607843137254902,0.27981719932253096,-0.45673283075884086,-0.03347736941267887,-0.03534198867408811,19,0.10526315789473684,0.06796587249241927,-0.664299476774368,-0.2074576764595172
lb30_atr10_m2.0_r0.005_tfma100_rfadx20,30,10,2.0,0.005,ma100,adx20,-0.10272161030772087,-0.10272161030772087,37,0.21621621621621623,0.1723204074149539,-0.5554386556608578,-0.032287069088399734,-0.03601371082345872,13,0.15384615384615385,0.13170793947080742,-0.4791338992145354,-0.20980967478942375
lb20_atr14_m1.5_r0.0025_tfma100_rfadx20,20,14,1.5,0.0025,ma100,adx20,-0.09566307056011936,-0.09566535713186153,55,0.2,0.12294013124201057,-0.6706130803903368,-0.02474914732189848,-0.02746617128464457,19,0.2631578947368421,0.23237349772393792,-0.49193759369625806,-0.20999111623770458
lb20_atr14_m2.0_r0.0025_tfnone_rfnone,20,14,2.0,0.0025,none,none,-0.08096602462119418,-0.08328417248860032,64,0.203125,0.27605139473156454,-0.4936167837502285,-0.039346100904205095,-0.04135476784511072,26,0.11538461538461539,0.1341185168323258,-0.5670448661507328,-0.2103094989697103
lb30_atr10_m2.0_r0.005_tfnone_rfadx20,30,10,2.0,0.005,none,adx20,-0.10228115489729794,-0.1091718296594607,42,0.21428571428571427,0.25302654648825573,-0.4787417165932611,-0.038249381575026,-0.04195306257261788,15,0.13333333333333333,0.11302842804862172,-0.49652423835671783,-0.21096978784105572
lb55_atr10_m1.5_r0.005_tfnone_rfadx20,55,10,1.5,0.005,none,adx20,-0.09865428030701873,-0.10473289186085166,37,0.1891891891891892,0.1451910174926549,-0.5497886255761403,-0.035695498814982574,-0.03994201453303847,14,0.21428571428571427,0.18657284172009947,-0.486450501673467,-0.21106651428814394
lb20_atr14_m1.5_r0.0025_tfnone_rfadx20,20,14,1.5,0.0025,none,adx20,-0.10834320284820231,-0.11162201559676943,67,0.19402985074626866,0.16367930026491093,-0.63304906412996,-0.029654263287791194,-0.03235762172275769,25,0.24,0.22978869842617325,-0.45061185753487853,-0.21152105761013823
lb20_atr14_m2.5_r0.005_tfnone_rfnone,20,14,2.5,0.005,none,none,-0.09861537267518417,-0.11229050872849511,52,0.19230769230769232,0.4173447492874864,-0.3684870980673737,-0.05370664385396806,-0.06110746485803997,22,0.22727272727272727,0.25685690901561276,-0.513372401427492,-0.2117989906281346
lb20_atr20_m2.0_r0.005_tfma100_rfadx20,20,20,2.0,0.005,ma100,adx20,-0.1350043824694782,-0.1350043824694782,48,0.1875,0.2095162766825703,-0.5786881605334633,-0.028976426919899878,-0.032828607068750904,14,0.14285714285714285,0.2658685706754273,-0.3970207161068271,-0.21189178068151193
lb20_atr14_m2.0_r0.005_tfma100_rfadx20,20,14,2.0,0.005,ma100,adx20,-0.12512133777104295,-0.12714516634259276,46,0.1956521739130435,0.21795087561389512,-0.5514196421967058,-0.03261722726082761,-0.03665425926634702,15,0.13333333333333333,0.16530840360019455,-0.4178316911342801,-0.2122093781250203
lb55_atr10_m1.5_r0.005_tfma100_rfadx20,55,10,1.5,0.005,ma100,adx20,-0.09687723410374527,-0.09713641783489124,34,0.17647058823529413,0.11068858349773562,-0.5821791817100936,-0.035695498814982574,-0.03994201453303847,14,0.21428571428571427,0.18657284172009947,-0.486450501673467,-0.21239978635170398
lb30_atr10_m2.0_r0.0025_tfma100_rfnone,30,10,2.0,0.0025,ma100,none,-0.06148948717274427,-0.06148948717274427,45,0.2,0.2033427846548582,-0.5246533909137955,-0.03048826871512378,-0.03235865456135856,17,0.11764705882352941,0.07429890633597425,-0.6707392454794814,-0.21277896659413575
lb10_atr20_m2.5_r0.005_tfma100_rfnone,10,20,2.5,0.005,ma100,none,-0.10719060498205646,-0.11380914222928018,55,0.16363636363636364,0.3854763966550017,-0.38764241266612254,-0.04943868996260292,-0.05753436052849592,20,0.25,0.19079482078728746,-0.5006853209391392,-0.2138313399615314
lb20_atr14_m2.0_r0.0025_tfma100_rfnone,20,14,2.0,0.0025,ma100,none,-0.07231589885679934,-0.0738964923866352,53,0.20754716981132076,0.23590276260733262,-0.5287602473960691,-0.033688040239852834,-0.03570853783008687,20,0.1,0.08703590192879845,-0.6223119485929833,-0.21391833958595752
lb20_atr20_m2.5_r0.005_tfma100_rfnone,20,20,2.5,0.005,ma100,none,-0.09628956945351497,-0.09827373289816344,44,0.18181818181818182,0.37169982424820286,-0.4303651302309001,-0.042580948198506996,-0.0452989493835968,16,0.1875,0.15084090003423947,-0.559112865581475,-0.21395442105565832
lb10_atr14_m1.5_r0.0025_tfma100_rfadx20,10,14,1.5,0.0025,ma100,adx20,-0.12164943352573143,-0.12165165439222436,73,0.1643835616438356,0.10853417508938895,-0.6494662408895405,-0.026535182775157096,-0.03021180383719213,23,0.30434782608695654,0.3168323835913029,-0.43391631159599103,-0.21424475261921128
lb30_atr14_m2.0_r0.0025_tfma100_rfnone,30,14,2.0,0.0025,ma100,none,-0.06002182780776211,-0.06110779306916536,45,0.24444444444444444,0.21935256914466297,-0.509633840626797,-0.03326397401327341,-0.03528535829934121,18,0.1111111111111111,0.08802122774511412,-0.681461233201619,-0.21434508794136434
lb20_atr14_m2.0_r0.005_tfnone_rfadx20,20,14,2.0,0.005,none,adx20,-0.13557417329917143,-0.14471464001947298,55,0.2,0.26531213156372724,-0.5065705437596538,-0.040007664553172284,-0.04401385516609646,20,0.15,0.23407194848978297,-0.3872200767294559,-0.2146142501053196
lb20_atr10_m2.0_r0.0025_tfnone_rfnone,20,10,2.0,0.0025,none,none,-0.08995303121017517,-0.09098053165310549,66,0.15151515151515152,0.241389562083903,-0.5333143699057967,-0.036553484532979685,-0.03841216934099689,25,0.12,0.12912908666656156,-0.5533555570534129,-0.2148403967938695
lb20_atr10_m2.0_r0.0025_tfma100_rfnone,20,10,2.0,0.0025,ma100,none,-0.07623992930331491,-0.07673938062709573,54,0.16666666666666666,0.21645128336110506,-0.5492538399506555,-0.0313122273565255,-0.03318102361850761,19,0.10526315789473684,0.07249297553066678,-0.6174977371072514,-0.21561701443865725
lb10_atr14_m2.5_r0.005_tfma100_rfnone,10,14,2.5,0.005,ma100,none,-0.10197837884551719,-0.1123346786219016,53,0.1509433962264151,0.3938374703549949,-0.38072007763192456,-0.0502314356611665,-0.06253379633777334,19,0.21052631578947367,0.2921301027659515,-0.5417766239365978,-0.21702307988883865
lb55_atr14_m1.5_r0.005_tfma100_rfnone,55,14,1.5,0.005,ma100,none,-0.08882953002576155,-0.08882953002576155,37,0.2972972972972973,0.20823559382946707,-0.5000021388398282,-0.04585750358642826,-0.05005926879991229,16,0.25,0.18503584162988848,-0.5484918470891758,-0.21773189922919586
lb55_atr14_m1.5_r0.005_tfnone_rfnone,55,14,1.5,0.005,none,none,-0.09234870501902326,-0.09821103997768776,40,0.3,0.2313632517257654,-0.4824759095002671,-0.04585750358642826,-0.05005926879991229,16,0.25,0.18503584162988848,-0.5484918470891758,-0.21885255389431055
lb20_atr20_m2.0_r0.005_tfnone_rfadx20,20,20,2.0,0.005,none,adx20,-0.1454577769811638,-0.15277277406194045,57,0.19298245614035087,0.25021653403644684,-0.5332996771496217,-0.03819494160968462,-0.042010550680062986,19,0.15789473684210525,0.290547301026137,-0.38781840845698684,-0.2201654162197982
lb30_atr20_m1.5_r0.0025_tfma100_rfnone,30,20,1.5,0.0025,ma100,none,-0.06585394752470664,-0.06627649722467777,51,0.29411764705882354,0.2889572866832661,-0.4871996403663152,-0.03861172828623116,-0.040887196032683315,21,0.19047619047619047,0.14614061534980402,-0.6952260488918091,-0.2205005154909738
lb20_atr10_m2.0_r0.005_tfma100_rfadx20,20,10,2.0,0.005,ma100,adx20,-0.12299558553545975,-0.12352440667493902,46,0.1956521739130435,0.21785885431540003,-0.5411670916082881,-0.03623134137470929,-0.03994279380181631,15,0.13333333333333333,0.11910094531882601,-0.4669450591852649,-0.22157450079931265
lb30_atr20_m1.5_r0.0025_tfnone_rfnone,30,20,1.5,0.0025,none,none,-0.06994296118431598,-0.07390748101385114,60,0.31666666666666665,0.3007702069120907,-0.4406450550993133,-0.04196112934612628,-0.04422866954207061,23,0.17391304347826086,0.13587115614683584,-0.6936127149850039,-0.22186038888500195
lb10_atr20_m2.0_r0.0025_tfma100_rfnone,10,20,2.0,0.0025,ma100,none,-0.0912284433656747,-0.09299843481731862,69,0.18840579710144928,0.20826237902302328,-0.5158939137655901,-0.040184474143581284,-0.04329389849869847,25,0.16,0.15246813963876318,-0.598346495023041,-0.2246425939706452
lb20_atr20_m1.5_r0.0025_tfma100_rfnone,20,20,1.5,0.0025,ma100,none,-0.08910983193229527,-0.08952186211344715,62,0.24193548387096775,0.22950567425524415,-0.5517504842194603,-0.037164520776624466,-0.03944341385507555,23,0.2608695652173913,0.16661703366558414,-0.6112669742361174,-0.22527846804129148
lb10_atr10_m2.5_r0.005_tfnone_rfnone,10,10,2.5,0.005,none,none,-0.1699133582399167,-0.17165901407152417,81,0.1728395061728395,0.3267870739681564,-0.4223489205415612,-0.04765450282408412,-0.06507134100237533,28,0.2857142857142857,0.4738903483104638,-0.3543896168943423,-0.2254935156158373
lb30_atr20_m1.5_r0.005_tfma100_rfadx20,30,20,1.5,0.005,ma100,adx20,-0.11854662224386225,-0.11854662224386225,43,0.2558139534883721,0.18124726566703075,-0.5810378614461811,-0.039856274089228205,-0.04408446696675017,16,0.25,0.24864948999001715,-0.48114158105971827,-0.2255999777387452
lb20_atr10_m2.0_r0.005_tfnone_rfadx20,20,10,2.0,0.005,none,adx20,-0.14189884212249848,-0.14899887214254126,56,0.17857142857142858,0.24964097225015477,-0.5234444492118262,-0.04236506521474459,-0.046052896802940224,20,0.15,0.20347220557414902,-0.4113914474227315,-0.2260524213868602
lb20_atr20_m2.5_r0.005_tfnone_rfnone,20,20,2.5,0.005,none,none,-0.10657967461209916,-0.1141891385014141,54,0.16666666666666666,0.3888736500270601,-0.38092530077722514,-0.05836383423978386,-0.06103702964950963,22,0.13636363636363635,0.15767849160465452,-0.547207628641829,-0.22701136906712577
lb10_atr20_m2.0_r0.005_tfma100_rfadx20,10,20,2.0,0.005,ma100,adx20,-0.16509132605764443,-0.1683372651779136,62,0.16129032258064516,0.17787485752255539,-0.5603714862011335,-0.033948418734161545,-0.04018430821680585,18,0.2222222222222222,0.2997985007248308,-0.3638723114381482,-0.22742586317418353
lb10_atr20_m1.5_r0.0025_tfnone_rfadx20,10,20,1.5,0.0025,none,adx20,-0.15501904700769742,-0.15901262421618012,106,0.19811320754716982,0.15693230283460785,-0.5862600845500365,-0.03666337798494468,-0.040232673293578936,36,0.3055555555555556,0.28699991273873143,-0.3887093158461574,-0.22986442523673928
lb30_atr14_m1.5_r0.0025_tfnone_rfnone,30,14,1.5,0.0025,none,none,-0.07780798612944351,-0.08119908340068505,60,0.3,0.25274050295771455,-0.49346530994286125,-0.041464107124979055,-0.04413456363669799,23,0.17391304347826086,0.14255196555822383,-0.6882775687042297,-0.23025149182362176
lb10_atr10_m2.0_r0.0025_tfma100_rfnone,10,10,2.0,0.0025,ma100,none,-0.09315001454173422,-0.09885707384511033,69,0.15942028985507245,0.21568104343609065,-0.5293830870811367,-0.04075319613517725,-0.04358985596870124,25,0.16,0.0929864897027527,-0.6118384606658868,-0.2311719997808291
lb55_atr10_m1.5_r0.005_tfnone_rfnone,55,10,1.5,0.005,none,none,-0.09934682545114415,-0.1054207665296838,41,0.21951219512195122,0.18339467980940125,-0.5012148153756678,-0.04799765475204587,-0.052189995364117614,16,0.1875,0.1454902139161217,-0.575334342072982,-0.2320185112983338
lb55_atr10_m1.5_r0.005_tfma100_rfnone,55,10,1.5,0.005,ma100,none,-0.09757114463375283,-0.09783012922218326,38,0.21052631578947367,0.15299024008523074,-0.5263610647954835,-0.04799765475204587,-0.052189995364117614,16,0.1875,0.1454902139161217,-0.575334342072982,-0.2326763091487953
lb10_atr10_m1.5_r0.0025_tfnone_rfadx20,10,10,1.5,0.0025,none,adx20,-0.1626933661851978,-0.16640185249700457,108,0.16666666666666666,0.16497223548099826,-0.608552515067435,-0.03493919974014015,-0.03956974831810256,35,0.2857142857142857,0.3316702960103243,-0.38156069428840245,-0.23306514719821755
lb30_atr14_m1.5_r0.005_tfma100_rfadx20,30,14,1.5,0.005,ma100,adx20,-0.12724297124682815,-0.12724297124682815,44,0.25,0.155142744573002,-0.6135970114688186,-0.04014966787782315,-0.044376568734688426,16,0.25,0.25576588772712566,-0.47881164627162703,-0.2335737756334159
lb10_atr14_m2.0_r0.005_tfma100_rfadx20,10,14,2.0,0.005,ma100,adx20,-0.15777022030143462,-0.16590434731347448,60,0.18333333333333332,0.2050432890753877,-0.5419188324268015,-0.03881982118600813,-0.044075742906394155,19,0.2631578947368421,0.21197538005084185,-0.404887164391647,-0.2339593901722037
lb30_atr14_m1.5_r0.005_tfnone_rfadx20,30,14,1.5,0.005,none,adx20,-0.13256792266262862,-0.13817048988129643,51,0.2549019607843137,0.19957892001600055,-0.536820167115281,-0.04530090711785706,-0.049505123419819386,18,0.2222222222222222,0.23260249560511057,-0.4855072069768311,-0.2360216232173933
lb30_atr14_m1.5_r0.0025_tfma100_rfnone,30,14,1.5,0.0025,ma100,none,-0.07708163825311554,-0.07708397180710136,52,0.28846153846153844,0.19116162146985224,-0.5637443130944332,-0.03888393597471007,-0.041561580777343066,21,0.19047619047619047,0.15089715814437224,-0.7024876521409694,-0.23620284831451765
lb30_atr20_m1.5_r0.005_tfnone_rfadx20,30,20,1.5,0.005,none,adx20,-0.1274476289297044,-0.1330832670833394,51,0.27450980392156865,0.19339996229281362,-0.5266744907598171,-0.046541389658339316,-0.05074014323706466,18,0.2222222222222222,0.22025794128089232,-0.5028672619379219,-0.23624751051110227
lb20_atr20_m1.5_r0.0025_tfnone_rfnone,20,20,1.5,0.0025,none,none,-0.10977399755786355,-0.11039867775034762,78,0.24358974358974358,0.21232018294134572,-0.5502048392889329,-0.04472446205217018,-0.046985461837095954,30,0.23333333333333334,0.16084975636150714,-0.5657153632329833,-0.23637452578563373
lb20_atr20_m1.5_r0.005_tfma100_rfadx20,20,20,1.5,0.005,ma100,adx20,-0.15032744399478548,-0.15032744399478548,54,0.2222222222222222,0.1699944244082041,-0.5938767138121038,-0.040332327749947994,-0.04455842422602163,18,0.3333333333333333,0.2690725562339292,-0.43291709067525885,-0.23774254590860136
lb10_atr14_m2.0_r0.0025_tfma100_rfnone,10,14,2.0,0.0025,ma100,none,-0.08845441947871946,-0.09471833965388698,68,0.19117647058823528,0.23111917764746825,-0.5094207116580983,-0.04810928421483751,-0.05072051570336644,27,0.18518518518518517,0.09728221530645143,-0.6587794581402676,-0.24001471637210672
lb20_atr10_m1.5_r0.0025_tfnone_rfnone,20,10,1.5,0.0025,none,none,-0.11782562830800192,-0.11851061546743358,78,0.19230769230769232,0.18571140150311236,-0.5951605088815598,-0.04230631512288374,-0.044768180542213654,29,0.1724137931034483,0.19828489338932465,-0.5527522579234502,-0.2406034804654258
lb30_atr10_m1.5_r0.0025_tfnone_rfnone,30,10,1.5,0.0025,none,none,-0.08216469477586519,-0.08601074333304215,60,0.23333333333333334,0.22858486308190817,-0.5254878063758801,-0.043143687572196665,-0.04560340042614097,23,0.13043478260869565,0.1118138867297675,-0.7080498412601348,-0.24105929940034096
lb10_atr14_m1.5_r0.0025_tfnone_rfadx20,10,14,1.5,0.0025,none,adx20,-0.16246474967731384,-0.16591700551178468,107,0.17757009345794392,0.15722180307172678,-0.6127300467973367,-0.03977300854375432,-0.04458001105909282,37,0.2972972972972973,0.28762601856631764,-0.4091619840535161,-0.2426466409100371
lb10_atr10_m2.0_r0.005_tfma100_rfadx20,10,10,2.0,0.005,ma100,adx20,-0.15636100112672657,-0.1632183444092722,60,0.18333333333333332,0.20896714175879455,-0.5381425867874944,-0.04180366814067249,-0.04740209687284014,19,0.21052631578947367,0.16558098090519316,-0.4473386530377923,-0.24288660473506177
lb30_atr10_m1.5_r0.0025_tfma100_rfnone,30,10,1.5,0.0025,ma100,none,-0.07802491408580059,-0.07874080554154028,52,0.25,0.1790120609317076,-0.5713978655647214,-0.04052239431331084,-0.042988845513064367,21,0.14285714285714285,0.11845377306159208,-0.7237492685987302,-0.24301643498986641
lb30_atr10_m1.5_r0.005_tfma100_rfadx20,30,10,1.5,0.005,ma100,adx20,-0.12871754383774991,-0.1294862283205992,44,0.22727272727272727,0.15496044642556994,-0.607965935472783,-0.043191663449724804,-0.04740516824549679,16,0.1875,0.20098747285302349,-0.5160396718704758,-0.24363885095776752
lb30_atr20_m2.0_r0.005_tfnone_rfnone,30,20,2.0,0.005,none,none,-0.10825271994744612,-0.11588619735167649,51,0.2549019607843137,0.31012116060053757,-0.4184167196101815,-0.05367453215304352,-0.05742873162116646,18,0.1111111111111111,0.16117618476056855,-0.6406508836098487,-0.24370827827461725
lb20_atr10_m1.5_r0.0025_tfma100_rfnone,20,10,1.5,0.0025,ma100,none,-0.1000439629149733,-0.10074275710945169,64,0.21875,0.16485181239778884,-0.6049515338776013,-0.03955480938869271,-0.042023747880472695,23,0.17391304347826086,0.12790725814695242,-0.6451422482414919,-0.2453488279092553
lb30_atr10_m1.5_r0.005_tfnone_rfadx20,30,10,1.5,0.005,none,adx20,-0.13413505103706602,-0.14048646750108806,51,0.21568627450980393,0.1981668801237188,-0.5373785253814783,-0.048416387141001604,-0.05260688377778422,18,0.16666666666666666,0.1825210384368143,-0.5190581365742989,-0.24606333679999282
lb10_atr14_m2.5_r0.005_tfnone_rfnone,10,14,2.5,0.005,none,none,-0.1400773237047711,-0.1447886544746333,77,0.2077922077922078,0.37740202288785735,-0.35854697331598406,-0.07355427615924925,-0.08555453587507078,31,0.16129032258064516,0.286537973114906,-0.48690585220485866,-0.24694908794107612
lb30_atr20_m2.0_r0.005_tfma100_rfnone,30,20,2.0,0.005,ma100,none,-0.11741974072451589,-0.11741974072451589,46,0.2391304347826087,0.23314573673989195,-0.5153583158690949,-0.046407325566012014,-0.050190355012858734,16,0.125,0.18270345089771442,-0.6275673195160375,-0.24891396292374185
lb10_atr20_m1.5_r0.0025_tfma100_rfnone,10,20,1.5,0.0025,ma100,none,-0.11268939946875722,-0.1130907637169305,80,0.2,0.19858211351450886,-0.5474701001804659,-0.048373904464170336,-0.051174156363303136,30,0.26666666666666666,0.1969958094866063,-0.6190666162188381,-0.2490292932155243
lb20_atr14_m1.5_r0.0025_tfma100_rfnone,20,14,1.5,0.0025,ma100,none,-0.10447848938687443,-0.10448075366926057,64,0.234375,0.14704714217870685,-0.6314612874837995,-0.041490053381557424,-0.0441604376076683,24,0.20833333333333334,0.15149479956536663,-0.6589749466197731,-0.2537820167717848
lb20_atr14_m1.5_r0.0025_tfnone_rfnone,20,14,1.5,0.0025,none,none,-0.11872633834698754,-0.11878072259970307,78,0.23076923076923078,0.17902090211226315,-0.5976912501396701,-0.04814032999011708,-0.05079218671547803,31,0.1935483870967742,0.15356288548676517,-0.5967428254794206,-0.2541338012491478
lb10_atr20_m1.5_r0.005_tfma100_rfadx20,10,20,1.5,0.005,ma100,adx20,-0.19264750157263544,-0.19264750157263544,71,0.18309859154929578,0.14651341635364024,-0.5974735536567566,-0.043121031078669825,-0.04826704658527281,22,0.36363636363636365,0.34306557687027067,-0.37062121126800474,-0.2542047382886277
lb30_atr14_m2.0_r0.005_tfnone_rfnone,30,14,2.0,0.005,none,none,-0.10541084127571021,-0.1148702560468653,50,0.26,0.3080923921348086,-0.4123225307702479,-0.06107084155559095,-0.06498913240216309,20,0.1,0.09400676131159158,-0.67514515528532,-0.2547240589140379
lb10_atr10_m2.0_r0.0025_tfnone_rfnone,10,10,2.0,0.0025,none,none,-0.13795026053854187,-0.14106219124363517,103,0.1553398058252427,0.20875707690154172,-0.5408694027827754,-0.054581402418900415,-0.0573771698385257,39,0.15384615384615385,0.161811367119228,-0.5377427955422563,-0.256126165557683
lb20_atr20_m2.0_r0.005_tfma100_rfnone,20,20,2.0,0.005,ma100,none,-0.1443229950172369,-0.1443229950172369,55,0.2,0.2349768210921036,-0.5429257747159933,-0.0464833669945065,-0.050266094774854664,18,0.1111111111111111,0.18268108560518392,-0.5596854763123149,-0.256210960946243
lb20_atr10_m1.5_r0.005_tfnone_rfadx20,20,10,1.5,0.005,none,adx20,-0.1854014919478698,-0.1913768514791765,67,0.1791044776119403,0.1657189380175043,-0.5992872855536846,-0.04640057653093521,-0.050599950209595956,23,0.21739130434782608,0.310182190413169,-0.3857461908897138,-0.2562325266734207
lb10_atr20_m2.0_r0.0025_tfnone_rfnone,10,20,2.0,0.0025,none,none,-0.1265036916451331,-0.1271777094756622,101,0.18811881188118812,0.21391249208678553,-0.5019333145540241,-0.061037446474028756,-0.0640793154101158,40,0.125,0.16225411463153402,-0.5856221154393583,-0.25863548051439517
lb10_atr20_m2.5_r0.005_tfnone_rfnone,10,20,2.5,0.005,none,none,-0.140178901497918,-0.1438881213099461,78,0.1794871794871795,0.3748680974836384,-0.362608876699147,-0.08144312202453352,-0.08926621960025116,32,0.25,0.19718587957214964,-0.5153378508170252,-0.25891721466072115
lb20_atr10_m1.5_r0.005_tfma100_rfadx20,20,10,1.5,0.005,ma100,adx20,-0.16236654192718947,-0.16310553975387831,55,0.2,0.14480557702264846,-0.6274710900650462,-0.04446166788157191,-0.04866957994830945,18,0.2222222222222222,0.20674480887816563,-0.47252446765443423,-0.25914469159687825
lb20_atr20_m1.5_r0.005_tfnone_rfadx20,20,20,1.5,0.005,none,adx20,-0.1773099591462236,-0.182623546658643,67,0.22388059701492538,0.16441325096666753,-0.5830842026076122,-0.05178080511789207,-0.05595648583936641,24,0.2916666666666667,0.2482564172030647,-0.4184181692176914,-0.26083038823651766
lb30_atr10_m2.0_r0.005_tfnone_rfnone,30,10,2.0,0.005,none,none,-0.1176420190418046,-0.12441478749124713,51,0.19607843137254902,0.2710836359664291,-0.45673283075884097,-0.059481091768376015,-0.06310300990553086,19,0.10526315789473684,0.07504123938926904,-0.6642994767743678,-0.2630814671871266
lb30_atr14_m2.0_r0.005_tfma100_rfnone,30,14,2.0,0.005,ma100,none,-0.114022524738979,-0.11607202783648796,45,0.24444444444444444,0.22253961790036975,-0.509633840626797,-0.05521526535864585,-0.05915799239447417,18,0.1111111111111111,0.10335559526502394,-0.6814612332016189,-0.2642880053539533
lb30_atr10_m2.0_r0.005_tfma100_rfnone,30,10,2.0,0.005,ma100,none,-0.11748576233380159,-0.11748576233380159,45,0.2,0.20657200170197215,-0.5246533909137955,-0.05365040393410059,-0.05729477592501031,17,0.11764705882352941,0.08288358851545315,-0.6707392454794814,-0.2648380267826517
lb20_atr20_m2.0_r0.005_tfnone_rfnone,20,20,2.0,0.005,none,none,-0.15801706200326304,-0.15968356108576864,66,0.19696969696969696,0.2640992059512506,-0.5035131303856731,-0.05991498508533066,-0.06364442784355284,24,0.125,0.20462727712336454,-0.5251185268893525,-0.265590055451604
lb10_atr14_m2.0_r0.0025_tfnone_rfnone,10,14,2.0,0.0025,none,none,-0.1242689496559789,-0.12848953534779028,99,0.1919191919191919,0.23371989377913432,-0.5043794893899745,-0.06693771580314933,-0.06949729704167829,42,0.16666666666666666,0.1427213234996664,-0.606100588404699,-0.26618202946091163
lb30_atr20_m1.5_r0.005_tfma100_rfnone,30,20,1.5,0.005,ma100,none,-0.11643300105260335,-0.11643300105260335,51,0.29411764705882354,0.28377295708863787,-0.4871996403663152,-0.06328701878911747,-0.06741202950215541,21,0.19047619047619047,0.1708675790654752,-0.6952260488918091,-0.2703231262613751
lb20_atr14_m2.0_r0.005_tfma100_rfnone,20,14,2.0,0.005,ma100,none,-0.13741586271306128,-0.13941125075688365,53,0.20754716981132076,0.2350001438420286,-0.528760247396069,-0.05604180715924878,-0.05998108491336873,20,0.1,0.10204715867933592,-0.6223119485929833,-0.27070758153083146
lb10_atr10_m1.5_r0.0025_tfma100_rfnone,10,10,1.5,0.0025,ma100,none,-0.12784313843778483,-0.12852034724179284,84,0.17857142857142858,0.14526527607927742,-0.595612868168794,-0.05175495322905965,-0.05514231149051707,30,0.2,0.17426851622677872,-0.6529562987511611,-0.27162248922095
lb20_atr14_m1.5_r0.005_tfma100_rfadx20,20,14,1.5,0.005,ma100,adx20,-0.16871421679008924,-0.16871421679008924,55,0.2,0.11981940090726857,-0.6706130803903368,-0.04862483238582238,-0.05281441109055407,19,0.2631578947368421,0.23314645239185589,-0.49193759369625806,-0.2728308365805279
lb10_atr14_m1.5_r0.0025_tfma100_rfnone,10,14,1.5,0.0025,ma100,none,-0.12664476085814558,-0.12664696909419748,82,0.1951219512195122,0.13276476561371428,-0.604082265002693,-0.053868654375635816,-0.05744204128312658,31,0.22580645161290322,0.18427754807332677,-0.6654281836739683,-0.2752852445079474
lb20_atr14_m2.0_r0.005_tfnone_rfnone,20,14,2.0,0.005,none,none,-0.15204125941313584,-0.15537195769249235,64,0.203125,0.2688652954138524,-0.49361678375022855,-0.06763784710200893,-0.07152873285897399,26,0.11538461538461539,0.15047266044938354,-0.5670448661507328,-0.27554788410932884
lb20_atr10_m2.0_r0.005_tfma100_rfnone,20,10,2.0,0.005,ma100,none,-0.14529921635868603,-0.14581458872724495,54,0.16666666666666666,0.21732677889056176,-0.5492538399506555,-0.055256350541828425,-0.05889453806680667,19,0.10526315789473684,0.08068531984123929,-0.6174977371072514,-0.27605006083895406
lb30_atr20_m1.5_r0.005_tfnone_rfnone,30,20,1.5,0.005,none,none,-0.12404523481619989,-0.12970284834084478,60,0.31666666666666665,0.2946297779351025,-0.4406450550993133,-0.06980899499485826,-0.07390528482726533,23,0.17391304347826086,0.15698611146534192,-0.693612714985004,-0.2767027424016295
lb10_atr10_m2.0_r0.005_tfnone_rfadx20,10,10,2.0,0.005,none,adx20,-0.22241373309974788,-0.23028606756900538,89,0.1797752808988764,0.21174805424028234,-0.5389666603213853,-0.056138575347557285,-0.062615412506843,30,0.2,0.2720126699062702,-0.3661554488590251,-0.2786146946325005
lb10_atr10_m1.5_r0.005_tfma100_rfadx20,10,10,1.5,0.005,ma100,adx20,-0.21092188874428808,-0.21161804886502544,74,0.16216216216216217,0.1249512867874875,-0.6348969841501814,-0.04622657081689541,-0.05170906583565871,22,0.2727272727272727,0.2979910733408471,-0.4137457688109254,-0.279074706946098
lb10_atr14_m2.0_r0.005_tfnone_rfadx20,10,14,2.0,0.005,none,adx20,-0.21371505605597274,-0.22371818979496105,87,0.19540229885057472,0.2170472857662045,-0.5230112597272145,-0.061791352724230086,-0.06796491857973386,31,0.22580645161290322,0.2659285923143184,-0.39677987094674344,-0.28192405482984234
lb20_atr20_m1.5_r0.005_tfma100_rfnone,20,20,1.5,0.005,ma100,none,-0.1576730441228107,-0.1576730441228107,62,0.24193548387096775,0.22367742202788643,-0.5517504842194603,-0.06046150766308023,-0.06459896110286445,23,0.2608695652173913,0.1953698881975404,-0.6112669742361175,-0.2845273800653242
lb20_atr14_m1.5_r0.005_tfnone_rfadx20,20,14,1.5,0.005,none,adx20,-0.19206782845543913,-0.19728609789400653,67,0.19402985074626866,0.14451098424509062,-0.63304906412996,-0.05818692140260362,-0.06233439145674069,25,0.24,0.23010625864015305,-0.45061185753487865,-0.28487210764302595
lb20_atr10_m2.0_r0.005_tfnone_rfnone,20,10,2.0,0.005,none,none,-0.16846960599817873,-0.16992795556820817,66,0.15151515151515152,0.2385531141179419,-0.5333143699057967,-0.06559732052939271,-0.0691956852008101,25,0.12,0.13959929859016645,-0.5533555570534129,-0.2850289322892964
lb10_atr14_m1.5_r0.005_tfma100_rfadx20,10,14,1.5,0.005,ma100,adx20,-0.21037105800967448,-0.21037105800967448,73,0.1643835616438356,0.10834732820474394,-0.6494662408895405,-0.05082926480407002,-0.056600669155959626,23,0.30434782608695654,0.3105722610868117,-0.43391631159599103,-0.2869370845233366
lb10_atr20_m2.0_r0.005_tfnone_rfadx20,10,20,2.0,0.005,none,adx20,-0.22105967643235302,-0.22736690689090377,90,0.17777777777777778,0.1932846283777435,-0.5320499349414141,-0.06260598426374664,-0.06865688837402606,30,0.16666666666666666,0.2739364623554789,-0.4088238304057674,-0.28920929581600563
lb30_atr14_m1.5_r0.005_tfnone_rfnone,30,14,1.5,0.005,none,none,-0.1413394257466447,-0.14688533961236316,60,0.3,0.2264583946976912,-0.49346530994286125,-0.0691991914476402,-0.07329816667697842,23,0.17391304347826086,0.16380868850733707,-0.6882775687042297,-0.29073500472815633
lb10_atr20_m1.5_r0.0025_tfnone_rfnone,10,20,1.5,0.0025,none,none,-0.16434445939461817,-0.16531961741939527,120,0.21666666666666667,0.1884641379026969,-0.551483531081819,-0.06998216926125567,-0.07271883674964263,47,0.23404255319148937,0.1720064376929698,-0.5784153485211498,-0.291411147936246
lb30_atr14_m1.5_r0.005_tfma100_rfnone,30,14,1.5,0.005,ma100,none,-0.13645994355890345,-0.13645994355890345,52,0.28846153846153844,0.18661022778037215,-0.5637443130944332,-0.06417689941298965,-0.0682979913513545,21,0.19047619047619047,0.17509032268972216,-0.7024876521409694,-0.2916743413127765
lb10_atr20_m2.0_r0.005_tfma100_rfnone,10,20,2.0,0.005,ma100,none,-0.16844783779552253,-0.17168072754512675,69,0.18840579710144928,0.21243281193679261,-0.5158939137655901,-0.06633124869942697,-0.07235810612548688,25,0.16,0.17779936333356436,-0.598346495023041,-0.2918065140270068
lb30_atr10_m1.5_r0.005_tfma100_rfnone,30,10,1.5,0.005,ma100,none,-0.14070632212131362,-0.14146442956594785,52,0.25,0.17398537421066904,-0.5713978655647214,-0.06789342318660596,-0.07199814863844944,21,0.14285714285714285,0.13630073785468247,-0.7237492685987301,-0.3023056250592824
lb10_atr10_m2.0_r0.005_tfma100_rfnone,10,10,2.0,0.005,ma100,none,-0.17544203815396653,-0.18214428521495585,69,0.15942028985507245,0.21153141405813428,-0.5293830870811367,-0.07005138113616372,-0.07548476769190693,25,0.16,0.1052303479459154,-0.6118384606658868,-0.3040751146694149
lb10_atr14_m1.5_r0.0025_tfnone_rfnone,10,14,1.5,0.0025,none,none,-0.17095478218012827,-0.1713759652565363,120,0.20833333333333334,0.17120254106224578,-0.5776492191050859,-0.07430804240240585,-0.07780423300738548,48,0.22916666666666666,0.17520867189835942,-0.6019825252620465,-0.3051730822638223
lb10_atr10_m1.5_r0.0025_tfnone_rfnone,10,10,1.5,0.0025,none,none,-0.17907614521395188,-0.17971357282173983,123,0.17886178861788618,0.16604796929306423,-0.5933050385548487,-0.070243800140393,-0.07356511181553482,46,0.21739130434782608,0.1949009539527644,-0.588598080120505,-0.30552249130405235
lb30_atr10_m1.5_r0.005_tfnone_rfnone,30,10,1.5,0.005,none,none,-0.15128791086401938,-0.15751350521635954,60,0.23333333333333334,0.20512811310102552,-0.5254878063758801,-0.07298326106597763,-0.07706557235659861,23,0.13043478260869565,0.12745404813167618,-0.7080498412601348,-0.30670837615463536
lb20_atr20_m1.5_r0.005_tfnone_rfnone,20,20,1.5,0.005,none,none,-0.1908248139138109,-0.1908248139138109,78,0.24358974358974358,0.2089064448138372,-0.5502048392889328,-0.07620416720771661,-0.08027229456728624,30,0.23333333333333334,0.18117638510832035,-0.5657153632329833,-0.30971494154387086
lb10_atr14_m2.0_r0.005_tfma100_rfnone,10,14,2.0,0.005,ma100,none,-0.1669676168409051,-0.1750129167971517,68,0.19117647058823528,0.22587350584797358,-0.5094207116580983,-0.07639909020585844,-0.08144952111335513,27,0.18518518518518517,0.11877216568130576,-0.6587794581402676,-0.30977185620839087
lb20_atr10_m1.5_r0.005_tfma100_rfnone,20,10,1.5,0.005,ma100,none,-0.17948618607959266,-0.18021008018794205,64,0.21875,0.1565387427743772,-0.6049515338776013,-0.06584426044375724,-0.06995800981054223,23,0.17391304347826086,0.1479246497675625,-0.645142248241492,-0.3136423078408702
lb20_atr10_m1.5_r0.005_tfnone_rfnone,20,10,1.5,0.005,none,none,-0.2101730906684005,-0.21086991141240397,78,0.19230769230769232,0.16727671035526143,-0.5951605088815598,-0.07226098928641289,-0.07634648125125121,29,0.1724137931034483,0.22066690236335867,-0.5527522579234502,-0.3195326840162506
lb10_atr20_m1.5_r0.005_tfma100_rfnone,10,20,1.5,0.005,ma100,none,-0.19707725250690333,-0.19707725250690333,80,0.2,0.1950328534443167,-0.5474701001804659,-0.07672547077758951,-0.08169076440253564,30,0.26666666666666666,0.22482890226302105,-0.6190666162188381,-0.32178413699746417
lb20_atr14_m1.5_r0.005_tfma100_rfnone,20,14,1.5,0.005,ma100,none,-0.18286710137765216,-0.18286710137765216,64,0.234375,0.14352930206921047,-0.6314612874837995,-0.06916521482857185,-0.07326433968102886,24,0.20833333333333334,0.17428886362568546,-0.6589749466197731,-0.3224117872537148
lb10_atr20_m1.5_r0.005_tfnone_rfadx20,10,20,1.5,0.005,none,adx20,-0.2665963229694064,-0.2719549238187229,106,0.19811320754716982,0.15511370172000455,-0.5862600845500365,-0.0725040606569528,-0.07890269132079675,36,0.3055555555555556,0.2769080556802668,-0.3887093158461574,-0.32586858804488883
lb10_atr10_m1.5_r0.005_tfnone_rfadx20,10,10,1.5,0.005,none,adx20,-0.2806626543440648,-0.28619431288415254,108,0.16666666666666666,0.15169943342212922,-0.608552515067435,-0.06765069123255685,-0.07528926685605264,35,0.2857142857142857,0.3193877733139669,-0.38156069428840245,-0.33057954007880175
lb20_atr14_m1.5_r0.005_tfnone_rfnone,20,14,1.5,0.005,none,none,-0.20837138346464135,-0.20837138346464135,78,0.23076923076923078,0.16173910992754997,-0.5976912501396701,-0.08307553129407097,-0.08711339917070615,31,0.1935483870967742,0.17083849177062185,-0.5967428254794206,-0.33551922452412164
lb10_atr14_m1.5_r0.005_tfnone_rfadx20,10,14,1.5,0.005,none,adx20,-0.27876360874889583,-0.2839185955043724,107,0.17757009345794392,0.14715302440669994,-0.6127300467973367,-0.07651405813539403,-0.08439259845122116,37,0.2972972972972973,0.28201027909315274,-0.4091619840535161,-0.34227542918427595
lb10_atr10_m1.5_r0.005_tfma100_rfnone,10,10,1.5,0.005,ma100,none,-0.22304140057121047,-0.2237268683147341,84,0.17857142857142858,0.1387838277794938,-0.595612868168794,-0.08117955312442537,-0.08646113087549334,30,0.2,0.19262311794171855,-0.6529562987511613,-0.3518271835874547
lb10_atr14_m1.5_r0.005_tfma100_rfnone,10,14,1.5,0.005,ma100,none,-0.21877834919682448,-0.21877834919682448,82,0.1951219512195122,0.13177225833440487,-0.604082265002693,-0.08433499276014644,-0.08990266653231149,31,0.22580645161290322,0.2114099807481926,-0.6654281836739682,-0.3543213400402625
lb10_atr20_m2.0_r0.005_tfnone_rfnone,10,20,2.0,0.005,none,none,-0.23218314368037452,-0.23334503514951055,101,0.18811881188118812,0.2104924857924676,-0.5019333145540241,-0.10766349846679424,-0.11342355508571644,40,0.125,0.17604597874031191,-0.5856221154393583,-0.359295459152239
lb10_atr10_m2.0_r0.005_tfnone_rfnone,10,10,2.0,0.005,none,none,-0.2538942726129131,-0.25665244433384193,103,0.1553398058252427,0.20165293190019934,-0.5408694027827754,-0.09929953873478803,-0.10456203784250129,39,0.15384615384615385,0.17064699460846816,-0.5377427955422563,-0.36124894586502476
lb10_atr14_m2.0_r0.005_tfnone_rfnone,10,14,2.0,0.005,none,none,-0.2312648118580356,-0.23594665401128578,99,0.1919191919191919,0.2232881108349658,-0.5043794893899745,-0.11318301558059041,-0.11803230477022864,42,0.16666666666666666,0.16065090232607182,-0.606100588404699,-0.36718808788554097
lb10_atr20_m1.5_r0.005_tfnone_rfnone,10,20,1.5,0.005,none,none,-0.280044489325571,-0.2804990930910499,120,0.21666666666666667,0.1877574098085045,-0.551483531081819,-0.11922074938073268,-0.12395750693188923,47,0.23404255319148937,0.1859754339483218,-0.5784153485211498,-0.39973958653031255
lb10_atr14_m1.5_r0.005_tfnone_rfnone,10,14,1.5,0.005,none,none,-0.2923834179490522,-0.29287270596709714,120,0.20833333333333334,0.16114246672188448,-0.5776492191050859,-0.12450696951856366,-0.12983037878394366,48,0.22916666666666666,0.19088529489946368,-0.6019825252620465,-0.4177616565071607
lb10_atr10_m1.5_r0.005_tfnone_rfnone,10,10,1.5,0.005,none,none,-0.30650473699731917,-0.3071165696399134,123,0.17886178861788618,0.15394699183880603,-0.5933050385548487,-0.11748629292713253,-0.1225591717209582,46,0.21739130434782608,0.20811274212141043,-0.588598080120505,-0.4192930341632099
