key,breakout_lookback,atr_period,atr_mult,risk_per_trade,trend_filter,regime_filter,is_return,is_mdd,is_trades,is_win_rate,is_pf,is_avg_r,oos_return,oos_mdd,oos_trades,oos_win_rate,oos_pf,oos_avg_r,rank_score
lb55_atr14_m3.0_r0.0025_tfnone_rfadx20,55,14,3.0,0.0025,none,adx20,0.0013048211564363754,-0.01735089258551692,19,0.2631578947368421,1.0637370603318532,0.026099168172936293,0.0028923162148219994,-0.00615084832515056,6,0.6666666666666666,1.6721159566191965,0.18413306250376268,0.07413039807158911
lb55_atr14_m3.0_r0.0025_tfma100_rfadx20,55,14,3.0,0.0025,ma100,adx20,0.001199527579459625,-0.01735089258551681,18,0.2222222222222222,1.0585999099056502,0.025337424296291638,0.0028923162148219994,-0.00615084832515056,6,0.6666666666666666,1.6721159566191965,0.18413306250376268,0.07396242329326805
lb55_atr14_m3.0_r0.005_tfnone_rfadx20,55,14,3.0,0.005,none,adx20,0.002298885424443453,-0.03443738240388272,19,0.2631578947368421,1.0556233033064504,0.026099168172936345,0.005763145774176914,-0.012239494630413073,6,0.6666666666666666,1.6666452161442629,0.1841330625037627,0.0719896527478701
lb55_atr14_m3.0_r0.005_tfma100_rfadx20,55,14,3.0,0.005,ma100,adx20,0.002088111370350587,-0.03443738240388261,18,0.2222222222222222,1.0505340895873212,0.025337424296291666,0.005763145774176914,-0.012239494630413073,6,0.6666666666666666,1.6666452161442629,0.1841330625037627,0.07177471509027104
lb55_atr10_m2.5_r0.0025_tfnone_rfadx20,55,10,2.5,0.0025,none,adx20,-0.009235380953214523,-0.024860917294678986,24,0.16666666666666666,0.71940765736136,-0.14524366764391033,0.0028708412139291095,-0.006676654394211168,6,0.5,1.518528109348595,0.18409471820358136,0.046578231998796224
lb55_atr10_m2.5_r0.0025_tfma100_rfadx20,55,10,2.5,0.0025,ma100,adx20,-0.01003050207103362,-0.024860917294679208,23,0.13043478260869565,0.6950052611159657,-0.1646963487724007,0.0028708412139291095,-0.006676654394211168,6,0.5,1.518528109348595,0.18409471820358136,0.04426209273645805
lb55_atr10_m3.0_r0.0025_tfnone_rfadx20,55,10,3.0,0.0025,none,adx20,-0.004586181651748289,-0.020818909369973992,21,0.2857142857142857,0.8081177461027705,-0.08448011276694305,0.0019132701753885595,-0.006583684766834463,6,0.6666666666666666,1.434119661405133,0.12132584873036197,0.04313612178505914
lb55_atr10_m3.0_r0.0025_tfma100_rfadx20,55,10,3.0,0.0025,ma100,adx20,-0.004925243360906495,-0.02081890936997388,20,0.25,0.793861453629311,-0.09517786064979764,0.0019132701753885595,-0.006583684766834463,6,0.6666666666666666,1.434119661405133,0.12132584873036197,0.04189780000521686
lb55_atr20_m3.0_r0.0025_tfnone_rfadx20,55,20,3.0,0.0025,none,adx20,-0.011304180695681287,-0.02287207050391915,22,0.18181818181818182,0.6285223171599373,-0.19520258360848922,0.0026786964465808083,-0.006094155842493398,6,0.6666666666666666,1.690717139971353,0.17039031911033686,0.04177650069227356
lb55_atr20_m3.0_r0.0025_tfma100_rfadx20,55,20,3.0,0.0025,ma100,adx20,-0.011351699782013669,-0.022872070503919262,21,0.14285714285714285,0.6269428161986373,-0.20536261554458957,0.0026786964465808083,-0.006094155842493398,6,0.6666666666666666,1.690717139971353,0.17039031911033686,0.04084952954892155
lb55_atr10_m2.5_r0.005_tfnone_rfadx20,55,10,2.5,0.005,none,adx20,-0.01885198683568423,-0.04915073407470938,24,0.16666666666666666,0.7140766264049815,-0.1452436676439103,0.005707664139831259,-0.01328905342302189,6,0.5,1.513906446777659,0.1840947182035814,0.03854511561906077
lb55_atr10_m3.0_r0.005_tfnone_rfadx20,55,10,3.0,0.005,none,adx20,-0.009467044628709731,-0.04124651933209145,21,0.2857142857142857,0.8029774682327204,-0.08448011276694305,0.003803572334982297,-0.01311111160725742,6,0.6666666666666666,1.4299672084980941,0.1213258487303619,0.037287457510673847
lb55_atr10_m3.0_r0.005_tfma100_rfadx20,55,10,3.0,0.005,ma100,adx20,-0.01014161319597584,-0.04124651933209156,20,0.25,0.7887949123136362,-0.09517786064979765,0.003803572334982297,-0.01311111160725742,6,0.6666666666666666,1.4299672084980941,0.1213258487303619,0.03589893187850392
lb55_atr10_m2.5_r0.005_tfma100_rfadx20,55,10,2.5,0.005,ma100,adx20,-0.020425530966961425,-0.0491507340747096,23,0.13043478260869565,0.6897134448443039,-0.1646963487724007,0.005707664139831259,-0.01328905342302189,6,0.5,1.513906446777659,0.1840947182035814,0.03587909775485598
lb55_atr20_m3.0_r0.005_tfnone_rfadx20,55,20,3.0,0.005,none,adx20,-0.022787724618290706,-0.045272438956565075,22,0.18181818181818182,0.6254113249714194,-0.19520258360848922,0.005336642565623828,-0.012122442503636588,6,0.6666666666666666,1.6849587364978165,0.170390319110337,0.03322241589159196
lb55_atr20_m3.0_r0.005_tfma100_rfadx20,55,20,3.0,0.005,ma100,adx20,-0.022881654423278386,-0.045272438956564964,21,0.14285714285714285,0.6238311326976536,-0.20536261554458962,0.005336642565623828,-0.012122442503636588,6,0.6666666666666666,1.6849587364978165,0.170390319110337,0.03227455266606419
lb55_atr14_m3.0_r0.0025_tfnone_rfnone,55,14,3.0,0.0025,none,none,0.0007217337927245548,-0.01489371561979369,20,0.25,1.0335868567910924,0.01472110677352558,-0.0027475822219308332,-0.010514706009162267,8,0.5,0.7236028535912651,-0.13115060400589304,-0.0017601556343582875
lb55_atr14_m3.0_r0.0025_tfma100_rfnone,55,14,3.0,0.0025,ma100,none,0.0006165015310966027,-0.01489371561979369,19,0.21052631578947367,1.0286927485986754,0.013400609343051095,-0.0027475822219308332,-0.010514706009162267,8,0.5,0.7236028535912651,-0.13115060400589304,-0.0019533953609521693
lb55_atr14_m3.0_r0.005_tfnone_rfnone,55,14,3.0,0.005,none,none,0.0011280856127817707,-0.029596899376350128,20,0.25,1.0260887683623876,0.01472110677352558,-0.005533071057767014,-0.020909623734086558,8,0.5,0.722391349622238,-0.131150604005893,-0.008611162896516755
lb55_atr14_m3.0_r0.005_tfma100_rfnone,55,14,3.0,0.005,ma100,none,0.0009175577669073842,-0.029596899376350017,19,0.21052631578947367,1.0212244414380034,0.013400609343051081,-0.005533071057767014,-0.020909623734086558,8,0.5,0.722391349622238,-0.131150604005893,-0.00883041381585789
lb10_atr20_m3.0_r0.0025_tfma100_rfadx20,10,20,3.0,0.0025,ma100,adx20,-0.036559662753244515,-0.04480802856730837,42,0.19047619047619047,0.44569397782709197,-0.33725002304487584,0.001727081341499126,-0.010253055000584932,10,0.5,1.1637168661608286,0.06381353741041522,-0.0162082833306243
lb10_atr14_m3.0_r0.0025_tfma100_rfadx20,10,14,3.0,0.0025,ma100,adx20,-0.030488642494322926,-0.042222034432086164,40,0.2,0.48180895255275,-0.29615878403156015,0.0007129769074663006,-0.010331165301372347,10,0.5,1.0579499891990654,0.029108266749965046,-0.017419721086894272
lb10_atr10_m3.0_r0.0025_tfma100_rfadx20,10,10,3.0,0.0025,ma100,adx20,-0.03202397898361575,-0.042675301647498776,41,0.1951219512195122,0.48374537922236804,-0.30433096642621843,0.0004070585313802333,-0.01094676704443942,10,0.5,1.0311162473274909,0.018075747544153517,-0.021513167294220262
lb10_atr10_m2.5_r0.0025_tfma100_rfadx20,10,10,2.5,0.0025,ma100,adx20,-0.05328861923367845,-0.059800887089708876,50,0.16,0.34814579031960124,-0.4127436001218641,0.0029730318627452235,-0.010588957411056477,11,0.5454545454545454,1.2255100959617076,0.10834706126685419,-0.024425654135269544
lb30_atr14_m3.0_r0.0025_tfma100_rfadx20,30,14,3.0,0.0025,ma100,adx20,-0.01605348742605972,-0.031234913763941385,26,0.19230769230769232,0.5783076085451636,-0.2347298385112155,-0.0016194061199488186,-0.009395316733144976,8,0.5,0.8273766458525026,-0.07943741430022487,-0.026171779194938096
lb55_atr10_m2.5_r0.0025_tfnone_rfnone,55,10,2.5,0.0025,none,none,-0.009900148780747853,-0.022431747396695623,25,0.16,0.7094083526757176,-0.14843212167550535,-0.0030873173597238956,-0.009981554837967255,8,0.375,0.7313007780741182,-0.14370380448404277,-0.02651926639231688
lb55_atr10_m3.0_r0.0025_tfnone_rfnone,55,10,3.0,0.0025,none,none,-0.005661716651393478,-0.018889662769522197,22,0.2727272727272727,0.7769011808775582,-0.09836761495595069,-0.003890238806091628,-0.01055761428687585,8,0.5,0.6189212844320713,-0.18617253840062992,-0.028710712691906587
lb55_atr10_m2.5_r0.0025_tfma100_rfnone,55,10,2.5,0.0025,ma100,none,-0.010694736400572724,-0.0224317473966964,24,0.125,0.6858332886934915,-0.1672071266749584,-0.0030873173597238956,-0.009981554837967255,8,0.375,0.7313007780741182,-0.14370380448404277,-0.028767181930503694
lb55_atr10_m3.0_r0.0025_tfma100_rfnone,55,10,3.0,0.0025,ma100,none,-0.006000412007655775,-0.018889662769522197,21,0.23809523809523808,0.7634743914266343,-0.10921725590100306,-0.003890238806091628,-0.01055761428687585,8,0.5,0.6189212844320713,-0.18617253840062992,-0.0299534504741514
lb30_atr20_m3.0_r0.0025_tfma100_rfadx20,30,20,3.0,0.0025,ma100,adx20,-0.021463172823773524,-0.030347969319197143,27,0.14814814814814814,0.4970861560492744,-0.30075190109169025,-0.001360408022733961,-0.009764566306326272,8,0.5,0.8459626005021835,-0.06858002947117903,-0.03293852591381373
lb55_atr20_m3.0_r0.0025_tfnone_rfnone,55,20,3.0,0.0025,none,none,-0.01443545940657276,-0.02292112291447479,24,0.16666666666666666,0.5743966905200336,-0.22835329601005863,-0.0025338618186399042,-0.010928144776320314,8,0.5,0.7212498194702262,-0.12236266229882921,-0.03370916487738956
lb55_atr20_m3.0_r0.0025_tfma100_rfnone,55,20,3.0,0.0025,ma100,none,-0.01448282799615952,-0.0229211229144749,23,0.13043478260869565,0.5729795900429184,-0.23907118223004462,-0.0025338618186399042,-0.010928144776320314,8,0.5,0.7212498194702262,-0.12236266229882921,-0.034683175341962094
lb55_atr14_m2.5_r0.0025_tfnone_rfadx20,55,14,2.5,0.0025,none,adx20,-0.009609815183920789,-0.020256893174042556,22,0.22727272727272727,0.6616841312943997,-0.1682567179857186,-0.004155330342798358,-0.008021205356952388,9,0.4444444444444444,0.5262664964917054,-0.1791942544191998,-0.03816297606516792
lb55_atr10_m2.5_r0.005_tfnone_rfnone,55,10,2.5,0.005,none,none,-0.0201734259757258,-0.04440306307078323,25,0.16,0.7037166227021392,-0.14843212167550537,-0.006224602870891216,-0.019854928522125004,8,0.375,0.7295926638637851,-0.14370380448404277,-0.03860388090527633
lb55_atr10_m3.0_r0.005_tfnone_rfnone,55,10,3.0,0.005,none,none,-0.011611018869355672,-0.03746030961545954,22,0.2727272727272727,0.7718043511978643,-0.09836761495595066,-0.007808483798057986,-0.02100002956661351,8,0.5,0.6181516808854929,-0.18617253840063,-0.038926375947529165
lb10_atr14_m3.0_r0.005_tfma100_rfadx20,10,14,3.0,0.005,ma100,adx20,-0.06049300068400898,-0.08278679083684248,40,0.2,0.4816576865340325,-0.29615878403156015,0.0013392394992626233,-0.020566118663199462,10,0.5,1.0541283704992928,0.029108266749965063,-0.03899350147534804
lb20_atr10_m2.5_r0.0025_tfma100_rfadx20,20,10,2.5,0.0025,ma100,adx20,-0.04120471116284097,-0.049568841232893956,39,0.15384615384615385,0.38943228625552784,-0.4086181276240303,0.00018477778509584653,-0.011777464063405185,9,0.3333333333333333,1.0147256756797138,0.0059215640896913314,-0.03935791299165658
lb10_atr20_m3.0_r0.005_tfma100_rfadx20,10,20,3.0,0.005,ma100,adx20,-0.07217197352961491,-0.08773549378617063,42,0.19047619047619047,0.4456110351930142,-0.3372500230448758,0.003380928878128575,-0.02041448847093752,10,0.5,1.1592076551549828,0.06381353741041525,-0.04006482538004896
lb55_atr14_m2.5_r0.0025_tfma100_rfadx20,55,14,2.5,0.0025,ma100,adx20,-0.010206342030326998,-0.020256893174043,21,0.19047619047619047,0.6404667070443395,-0.1870174678359398,-0.004155330342798358,-0.008021205356952388,9,0.4444444444444444,0.5262664964917054,-0.1791942544191998,-0.040295761712570766
lb55_atr10_m3.0_r0.005_tfma100_rfnone,55,10,3.0,0.005,ma100,none,-0.012284127356344654,-0.03746030961545943,21,0.23809523809523808,0.7584109751807965,-0.10921725590100301,-0.007808483798057986,-0.02100002956661351,8,0.5,0.6181516808854929,-0.18617253840063,-0.04031924879754549
lb30_atr14_m3.0_r0.005_tfma100_rfadx20,30,14,3.0,0.005,ma100,adx20,-0.032203952271301906,-0.06157140256474691,26,0.19230769230769232,0.5768691573114697,-0.2347298385112156,-0.0032802504803497445,-0.018691636506347087,8,0.5,0.825697226135826,-0.07943741430022488,-0.041064956769091894
lb55_atr10_m2.5_r0.005_tfma100_rfnone,55,10,2.5,0.005,ma100,none,-0.021744850811263206,-0.044403063070782456,24,0.125,0.6801243870499011,-0.16720712667495838,-0.006224602870891216,-0.019854928522125004,8,0.375,0.7295926638637851,-0.14370380448404277,-0.0412015534930687
lb30_atr10_m3.0_r0.0025_tfma100_rfadx20,30,10,3.0,0.0025,ma100,adx20,-0.017957328912332815,-0.034423685512597335,27,0.2222222222222222,0.560162700126138,-0.2569530992482209,-0.002852188887683349,-0.009526512466803139,8,0.5,0.7025340136925309,-0.1393779058347989,-0.0424968953759534
lb10_atr10_m3.0_r0.005_tfma100_rfadx20,10,10,3.0,0.005,ma100,adx20,-0.06343302413380625,-0.0836655177896698,41,0.1951219512195122,0.4837448137104379,-0.30433096642621843,0.001278576634742734,-0.021782564370881774,10,0.5,1.0496813884032532,0.018075747544153455,-0.04336182590663348
lb20_atr10_m3.0_r0.0025_tfma100_rfadx20,20,10,3.0,0.0025,ma100,adx20,-0.03154782233099673,-0.044801932100459574,35,0.17142857142857143,0.4506729475461066,-0.3523436397428967,-0.0014298751007737476,-0.012321403104624373,9,0.4444444444444444,0.8764991494123667,-0.06490139781045395,-0.04401153291456772
lb20_atr14_m3.0_r0.0025_tfma100_rfadx20,20,14,3.0,0.0025,ma100,adx20,-0.030679204563841767,-0.04271638114365983,33,0.18181818181818182,0.42181945120022873,-0.36036987140892157,-0.001648079660260815,-0.01140615807631673,9,0.4444444444444444,0.8551704478043525,-0.07204295851152852,-0.04579239686344371
lb30_atr14_m3.0_r0.0025_tfnone_rfadx20,30,14,3.0,0.0025,none,adx20,-0.017393231503124773,-0.0320197690902696,30,0.26666666666666666,0.6078086330553092,-0.22096493102280818,-0.004317169050845893,-0.012072068074338804,10,0.4,0.642386340892972,-0.17144892850273993,-0.046109260578034474
lb30_atr10_m2.5_r0.0025_tfma100_rfadx20,30,10,2.5,0.0025,ma100,adx20,-0.026692797375744926,-0.03831890146327199,31,0.12903225806451613,0.46720137614620705,-0.3275859653214159,-0.002241011413964822,-0.009141101595530055,8,0.375,0.7912787050149607,-0.1063642438643988,-0.04659806011272354
lb55_atr20_m3.0_r0.005_tfnone_rfnone,55,20,3.0,0.005,none,none,-0.028979454392780712,-0.04537047411291906,24,0.16666666666666666,0.5714042282304928,-0.22835329601005863,-0.00510277994595687,-0.021721500369874636,8,0.5,0.720060278774752,-0.12236266229882908,-0.047670666110915694
lb55_atr20_m3.0_r0.005_tfma100_rfnone,55,20,3.0,0.005,ma100,none,-0.029072789047682623,-0.04537047411291917,23,0.13043478260869565,0.569982508694809,-0.2390711822300446,-0.00510277994595687,-0.021721500369874636,8,0.5,0.720060278774752,-0.12236266229882908,-0.04866540980499502
lb55_atr14_m2.5_r0.005_tfnone_rfadx20,55,14,2.5,0.005,none,adx20,-0.019358989658197934,-0.0401577791797294,22,0.22727272727272727,0.6592879163402052,-0.16825671798571865,-0.0083198811573435,-0.01599688110302422,9,0.4444444444444444,0.5259093213623566,-0.17919425441919984,-0.04973253243340866
lb30_atr20_m3.0_r0.005_tfma100_rfadx20,30,20,3.0,0.005,ma100,adx20,-0.042811825711709606,-0.05986165027664503,27,0.14814814814814814,0.4956458017979217,-0.30075190109169037,-0.0027604051651153316,-0.019418252516746004,8,0.5,0.8442322160467078,-0.06858002947117894,-0.05000615810696753
lb20_atr20_m3.0_r0.0025_tfma100_rfadx20,20,20,3.0,0.0025,ma100,adx20,-0.03680952486542188,-0.04263690137810405,35,0.17142857142857143,0.3923795932340237,-0.40769233310565933,-0.0014243669457664199,-0.011135377215818143,9,0.4444444444444444,0.8635797410581956,-0.06355520700235677,-0.05125306188369476
lb55_atr14_m2.5_r0.005_tfma100_rfadx20,55,14,2.5,0.005,ma100,adx20,-0.020539588111176177,-0.040157779179729736,21,0.19047619047619047,0.6380740332455467,-0.18701746783593987,-0.0083198811573435,-0.01599688110302422,9,0.4444444444444444,0.5259093213623566,-0.17919425441919984,-0.05212811312163718
lb10_atr14_m3.0_r0.0025_tfnone_rfadx20,10,14,3.0,0.0025,none,adx20,-0.04179794167721351,-0.05323050495474968,59,0.2542372881355932,0.5072750404329688,-0.28125357051615063,-0.004583205796884426,-0.016735123365748006,18,0.3333333333333333,0.7844571430093551,-0.10137048035502534,-0.05359232797641816
lb10_atr10_m2.5_r0.005_tfma100_rfadx20,10,10,2.5,0.005,ma100,adx20,-0.10442010949275082,-0.11579805855148362,50,0.16,0.345655464501484,-0.4127436001218641,0.007390835639439874,-0.02107125527639464,11,0.5454545454545454,1.2955501797110416,0.10834706126685424,-0.05423040091228466
lb30_atr20_m3.0_r0.0025_tfnone_rfadx20,30,20,3.0,0.0025,none,adx20,-0.022515969522111545,-0.03089023011220049,31,0.22580645161290322,0.5401813253318872,-0.2754031131689657,-0.0046358816232100475,-0.013012474808429153,10,0.4,0.6169305499005024,-0.1837759757040429,-0.056649115658762225
lb10_atr10_m3.0_r0.0025_tfnone_rfadx20,10,10,3.0,0.0025,none,adx20,-0.04233334479687845,-0.057098641990402266,61,0.2459016393442623,0.5379455461926329,-0.27912412388740154,-0.005681171006489127,-0.016793105009584752,19,0.3157894736842105,0.7561480067690709,-0.11985539267292455,-0.05804121417579102
lb30_atr10_m3.0_r0.005_tfma100_rfadx20,30,10,3.0,0.005,ma100,adx20,-0.035961186028565795,-0.06774287741092788,27,0.2222222222222222,0.5592737655685294,-0.2569530992482209,-0.005736989360576095,-0.018956076398367605,8,0.5,0.7014376335548517,-0.13937790583479892,-0.059332358051861926
lb30_atr10_m3.0_r0.0025_tfnone_rfadx20,30,10,3.0,0.0025,none,adx20,-0.01707206298948205,-0.03377857386673877,31,0.25806451612903225,0.6306103256960897,-0.21334802689860183,-0.006030115902048716,-0.01268316829853311,10,0.4,0.5274472513548057,-0.23743334494043428,-0.059369857275576324
lb30_atr10_m2.5_r0.0025_tfnone_rfadx20,30,10,2.5,0.0025,none,adx20,-0.026210494370908277,-0.03821043213380959,35,0.2,0.5388352487836502,-0.28509240095648103,-0.0052223822243702145,-0.012101854473456908,10,0.3,0.6190860229626552,-0.20307149297773633,-0.06337773048471862
lb30_atr14_m3.0_r0.005_tfnone_rfadx20,30,14,3.0,0.005,none,adx20,-0.035084649140004864,-0.06310993601186943,30,0.26666666666666666,0.6039868019266443,-0.2209649310228082,-0.00866249401035979,-0.02399065921850252,10,0.4,0.6416673188488667,-0.17144892850273993,-0.06396593446558074
lb10_atr10_m2.5_r0.0025_tfnone_rfadx20,10,10,2.5,0.0025,none,adx20,-0.07259646004358478,-0.07807655874837627,73,0.1917808219178082,0.38251126497305715,-0.3940659599572746,-0.0014645719927219858,-0.014239034139487683,20,0.4,0.9368723718119129,-0.030935700578991955,-0.06532923202444806
lb20_atr10_m2.5_r0.0025_tfnone_rfadx20,20,10,2.5,0.0025,none,adx20,-0.04606450193516942,-0.05599626895002341,47,0.19148936170212766,0.43024159178329935,-0.3825730085248145,-0.0040100159558843496,-0.015922087937427998,14,0.2857142857142857,0.7891014211275786,-0.11288037937365136,-0.06682694063172438
lb20_atr10_m2.5_r0.005_tfma100_rfadx20,20,10,2.5,0.005,ma100,adx20,-0.08120985545302706,-0.09680549789102721,39,0.15384615384615385,0.38918912237693326,-0.4086181276240303,0.0002505256126681399,-0.023363197059031338,9,0.3333333333333333,1.0099346104325255,0.00592156408969122,-0.06704546812112244
lb30_atr10_m2.5_r0.005_tfma100_rfadx20,30,10,2.5,0.005,ma100,adx20,-0.053134621323063236,-0.07525644009159749,31,0.12903225806451613,0.465627099139836,-0.3275859653214158,-0.004532861147819034,-0.018186390221747617,8,0.375,0.7893301057233613,-0.1063642438643988,-0.06733495628817182
lb20_atr10_m3.0_r0.005_tfma100_rfadx20,20,10,3.0,0.005,ma100,adx20,-0.06250776237942579,-0.08771369126510953,35,0.17142857142857143,0.4513545254170104,-0.3523436397428967,-0.002939529051960821,-0.024453583800393197,9,0.4444444444444444,0.8735838378357622,-0.06490139781045404,-0.0679855208815639
lb20_atr14_m3.0_r0.005_tfma100_rfadx20,20,14,3.0,0.005,ma100,adx20,-0.060797810229365146,-0.0837103805369167,33,0.18181818181818182,0.4224403537369093,-0.36036987140892157,-0.003361652615978983,-0.022663757548515462,9,0.4444444444444444,0.8528871088581897,-0.07204295851152855,-0.0689923759492169
lb20_atr10_m3.0_r0.0025_tfnone_rfadx20,20,10,3.0,0.0025,none,adx20,-0.035162171517755136,-0.05106831049996052,43,0.18604651162790697,0.497242320427971,-0.3244741150376016,-0.006400625636606705,-0.01723793704884169,14,0.2857142857142857,0.6496552530277012,-0.1810459883321491,-0.07089688475704731
lb55_atr14_m2.5_r0.0025_tfnone_rfnone,55,14,2.5,0.0025,none,none,-0.00936133238349357,-0.02018449468634831,25,0.24,0.7085578143580757,-0.1430786563579486,-0.009901368116318476,-0.013744936977177824,11,0.36363636363636365,0.3177507156177871,-0.3457815607599147,-0.07123876210276724
lb55_atr14_m2.5_r0.0025_tfma100_rfnone,55,14,2.5,0.0025,ma100,none,-0.009958008894813242,-0.02018449468634853,24,0.20833333333333334,0.6897949094944408,-0.1584452265757351,-0.009901368116318476,-0.013744936977177824,11,0.36363636363636365,0.3177507156177871,-0.3457815607599147,-0.07294084478142063
lb10_atr20_m3.0_r0.0025_tfnone_rfadx20,10,20,3.0,0.0025,none,adx20,-0.05032079119768251,-0.0568614652448981,61,0.21311475409836064,0.4585773071346092,-0.3250471342420367,-0.007364671831268654,-0.019485576000059512,18,0.3333333333333333,0.6716978087054812,-0.16111468362167033,-0.07643137178048545
lb20_atr20_m3.0_r0.005_tfma100_rfadx20,20,20,3.0,0.005,ma100,adx20,-0.07265008795767058,-0.08358186478506024,35,0.17142857142857143,0.39261731175631925,-0.40769233310565933,-0.0029066053871136255,-0.022128910061225082,9,0.4444444444444444,0.8613792481156605,-0.06355520700235673,-0.07682757340262264
lb30_atr20_m3.0_r0.005_tfnone_rfadx20,30,20,3.0,0.005,none,adx20,-0.04503309859712368,-0.060927494983735064,31,0.22580645161290322,0.537460060991555,-0.2754031131689657,-0.009296588233143499,-0.025845255463594174,10,0.4,0.6164232555796408,-0.18377597570404283,-0.07692541794516912
lb55_atr20_m2.5_r0.0025_tfnone_rfadx20,55,20,2.5,0.0025,none,adx20,-0.01665990112239535,-0.024680380666214696,24,0.16666666666666666,0.4936279506039933,-0.26231072538249606,-0.006989417814928678,-0.008929632589448233,9,0.3333333333333333,0.2776675484524544,-0.29381582027857134,-0.07721774165988673
lb30_atr10_m3.0_r0.005_tfnone_rfadx20,30,10,3.0,0.005,none,adx20,-0.03427135408836468,-0.06650936115121897,31,0.25806451612903225,0.6290986566142689,-0.21334802689860183,-0.0120687499918124,-0.02520365397744251,10,0.4,0.5271826172857049,-0.23743334494043417,-0.07828945640549377
lb55_atr20_m2.5_r0.0025_tfma100_rfadx20,55,20,2.5,0.0025,ma100,adx20,-0.017277411725221348,-0.024680380666215473,23,0.13043478260869565,0.47452894366865517,-0.28392333560168126,-0.006989417814928678,-0.008929632589448233,9,0.3333333333333333,0.2776675484524544,-0.29381582027857134,-0.0795872643981583
lb20_atr14_m3.0_r0.0025_tfnone_rfadx20,20,14,3.0,0.0025,none,adx20,-0.037876227491181025,-0.05025718876997198,41,0.21951219512195122,0.4276272893307942,-0.36177104837447616,-0.007322724327129548,-0.017025337704741128,14,0.2857142857142857,0.6090042614097493,-0.20592364356078283,-0.0812862841579119
lb30_atr10_m2.5_r0.005_tfnone_rfadx20,30,10,2.5,0.005,none,adx20,-0.05279109316491537,-0.0750700184247639,35,0.2,0.5320021335596969,-0.28509240095648114,-0.010476716443520773,-0.024048721378757354,10,0.3,0.6180266163323643,-0.20307149297773633,-0.08658781737780853
lb55_atr14_m2.5_r0.005_tfnone_rfnone,55,14,2.5,0.005,none,none,-0.018891849435230368,-0.040019654626804346,25,0.24,0.7058881918463575,-0.14307865635794864,-0.019747445823996568,-0.0273359803344444,11,0.36363636363636365,0.31806756472229747,-0.3457815607599147,-0.08733839578984826
lb10_atr14_m3.0_r0.005_tfnone_rfadx20,10,14,3.0,0.005,none,adx20,-0.08531156130606643,-0.10380768401060003,59,0.2542372881355932,0.4890861646484686,-0.28125357051615063,-0.009269834847781433,-0.03321252772759253,18,0.3333333333333333,0.7827431790729876,-0.10137048035502531,-0.08734043848179035
lb55_atr14_m2.5_r0.005_tfma100_rfnone,55,14,2.5,0.005,ma100,none,-0.020073010280581394,-0.04001965462680379,24,0.20833333333333334,0.6871229870706606,-0.1584452265757351,-0.019747445823996568,-0.0273359803344444,11,0.36363636363636365,0.31806756472229747,-0.3457815607599147,-0.08924040843670404
lb20_atr20_m3.0_r0.0025_tfnone_rfadx20,20,20,3.0,0.0025,none,adx20,-0.043183548470475897,-0.04970630687973154,43,0.20930232558139536,0.4120898059088526,-0.39366133484213234,-0.008196632574770435,-0.017841783495867625,14,0.2857142857142857,0.5610632988018865,-0.22999771004149774,-0.0920908087916761
lb55_atr20_m2.5_r0.005_tfnone_rfadx20,55,20,2.5,0.005,none,adx20,-0.03326310953154432,-0.048803135886226645,24,0.16666666666666666,0.4926713712721504,-0.26231072538249606,-0.01395320052634852,-0.017790664185528993,9,0.3333333333333333,0.27681894288640413,-0.2938158202785713,-0.09422691177258967
lb30_atr14_m2.5_r0.0025_tfma100_rfadx20,30,14,2.5,0.0025,ma100,adx20,-0.02659729808060307,-0.033962300850889804,29,0.1724137931034483,0.4170137173419534,-0.3502844253164368,-0.008815692397078467,-0.012663475857628392,11,0.36363636363636365,0.36266192090801824,-0.3096080409148447,-0.09437528317082611
lb10_atr10_m3.0_r0.005_tfnone_rfadx20,10,10,3.0,0.005,none,adx20,-0.09144944137505773,-0.11113448221495714,61,0.2459016393442623,0.49091379033855287,-0.27912412388740154,-0.011476584846607185,-0.03330996088434901,19,0.3157894736842105,0.7542502178025052,-0.11985539267292453,-0.09572117572822887
lb55_atr20_m2.5_r0.005_tfma100_rfadx20,55,20,2.5,0.005,ma100,adx20,-0.03447651603250468,-0.0488031358862262,23,0.13043478260869565,0.47350367140239674,-0.28392333560168126,-0.01395320052634852,-0.017790664185528993,9,0.3333333333333333,0.27681894288640413,-0.2938158202785713,-0.09686530894083288
lb55_atr20_m2.5_r0.0025_tfnone_rfnone,55,20,2.5,0.0025,none,none,-0.01576999579995797,-0.023159209597285013,27,0.2222222222222222,0.563664499611365,-0.21920933776798487,-0.012235248267338017,-0.013641883382710551,11,0.2727272727272727,0.1799540137405872,-0.4238142605391737,-0.09923811755859527
lb20_atr14_m2.5_r0.0025_tfma100_rfadx20,20,14,2.5,0.0025,ma100,adx20,-0.04112403304934242,-0.045925652214447776,38,0.21052631578947367,0.3563633609964593,-0.4204826775312533,-0.008300359266308677,-0.013109887023426858,12,0.3333333333333333,0.468164095746591,-0.2675240385409368,-0.10030304979415308
lb55_atr20_m2.5_r0.0025_tfma100_rfnone,55,20,2.5,0.0025,ma100,none,-0.016388065238910565,-0.02315920959728579,26,0.19230769230769232,0.5462783884739862,-0.2366704395920906,-0.012235248267338017,-0.013641883382710551,11,0.2727272727272727,0.1799540137405872,-0.4238142605391737,-0.10122664938267577
lb20_atr10_m2.5_r0.005_tfnone_rfadx20,20,10,2.5,0.005,none,adx20,-0.09281435952539685,-0.10901648679528841,47,0.19148936170212766,0.4154801183036023,-0.3825730085248145,-0.008146475428157718,-0.0315619633088976,14,0.2857142857142857,0.7863147733250131,-0.11288037937365147,-0.10183796245568312
lb30_atr14_m2.5_r0.0025_tfnone_rfadx20,30,14,2.5,0.0025,none,adx20,-0.029628977779122656,-0.037436271596246296,34,0.20588235294117646,0.45310138027661895,-0.33495958721644237,-0.01137260063740575,-0.015210458164744423,13,0.3076923076923077,0.30566807848327626,-0.34124836315683865,-0.10282749836858299
lb20_atr10_m3.0_r0.005_tfnone_rfadx20,20,10,3.0,0.005,none,adx20,-0.07325258537855761,-0.09967136739496951,43,0.18604651162790697,0.47017286673808417,-0.32447411503760154,-0.012860049400635787,-0.03416004429599684,14,0.2857142857142857,0.648509199255121,-0.1810459883321492,-0.10310100722649516
lb30_atr14_m3.0_r0.0025_tfma100_rfnone,30,14,3.0,0.0025,ma100,none,-0.017682401805163894,-0.027789442558412092,29,0.20689655172413793,0.5933224351059787,-0.23216417093967012,-0.01450313035730233,-0.020736539558463996,12,0.3333333333333333,0.34773359332195897,-0.4513601790595709,-0.10586552816822879
lb10_atr14_m2.5_r0.0025_tfma100_rfadx20,10,14,2.5,0.0025,ma100,adx20,-0.05022514456697258,-0.05593589238424912,49,0.20408163265306123,0.3521368115659368,-0.3990616008298749,-0.010766388662271198,-0.017651533360917737,15,0.26666666666666666,0.5027002599929793,-0.2764289491166179,-0.10728075513977933
lb10_atr20_m3.0_r0.0025_tfma100_rfnone,10,20,3.0,0.0025,ma100,none,-0.04444738071396348,-0.047567748988970315,47,0.1702127659574468,0.40012037439802006,-0.3673012536708079,-0.012291064384925221,-0.023542977742704196,15,0.3333333333333333,0.4993926230551611,-0.3093466128995111,-0.10801033001616277
lb10_atr14_m3.0_r0.0025_tfma100_rfnone,10,14,3.0,0.0025,ma100,none,-0.03742507958578334,-0.04411003356137877,44,0.20454545454545456,0.42804553654036864,-0.32989715916099893,-0.01391619940952138,-0.023936786592964054,15,0.3333333333333333,0.48292754453048936,-0.34684455360646155,-0.10821084083722193
lb10_atr20_m2.5_r0.0025_tfma100_rfadx20,10,20,2.5,0.0025,ma100,adx20,-0.05406681860354956,-0.05816431687657064,51,0.17647058823529413,0.3391825229699175,-0.41249821681736387,-0.011351197429977034,-0.015551566906119252,16,0.375,0.36982596078057367,-0.2733096759990639,-0.11249303231135747
lb20_atr14_m3.0_r0.0025_tfma100_rfnone,20,14,3.0,0.0025,ma100,none,-0.031341848690150886,-0.0383765284515416,36,0.19444444444444445,0.4548729337323919,-0.33754781544822343,-0.013769567553541862,-0.02000761664476447,13,0.3076923076923077,0.4131572235969331,-0.3948801404475844,-0.1131225133859922
lb10_atr10_m2.5_r0.005_tfnone_rfadx20,10,10,2.5,0.005,none,adx20,-0.14588331059021353,-0.14993174675005316,73,0.1917808219178082,0.35564168537105945,-0.3940659599572746,-0.003119274001979644,-0.028282745568811385,20,0.4,0.9330773936745537,-0.03093570057899202,-0.1132856248268811
lb20_atr14_m3.0_r0.005_tfnone_rfadx20,20,14,3.0,0.005,none,adx20,-0.07612427338826266,-0.09812200185000086,41,0.21951219512195122,0.4178534534904303,-0.3617710483744762,-0.014681669566179445,-0.033764537344552314,14,0.2857142857142857,0.6082617999984786,-0.2059236435607829,-0.11371569370447467
lb20_atr14_m2.5_r0.0025_tfnone_rfadx20,20,14,2.5,0.0025,none,adx20,-0.04918047337054554,-0.05577147910998037,47,0.2127659574468085,0.3767033257174092,-0.4116741120240176,-0.013088596888389814,-0.01787490273354475,17,0.29411764705882354,0.41851666986540487,-0.2998984107491944,-0.11442393965791622
lb55_atr20_m2.0_r0.0025_tfnone_rfadx20,55,20,2.0,0.0025,none,adx20,-0.03389806863812361,-0.038050824354813995,29,0.20689655172413793,0.2571214482262655,-0.4428135526302513,-0.009819336429004344,-0.011809873511516411,11,0.18181818181818182,0.28954731408652495,-0.3385418153295493,-0.11446573146091196
lb20_atr10_m2.5_r0.0025_tfma100_rfnone,20,10,2.5,0.0025,ma100,none,-0.04250197813953016,-0.04585533543941367,42,0.19047619047619047,0.40818390704006574,-0.39084977115488734,-0.012456393659894593,-0.020485507711258233,13,0.23076923076923078,0.5044178484118792,-0.35064847089430623,-0.11478053807060072
lb10_atr20_m3.0_r0.005_tfnone_rfadx20,10,20,3.0,0.005,none,adx20,-0.0988609133159386,-0.11068019355113856,61,0.21311475409836064,0.45765700722756825,-0.3250471342420367,-0.014788420206768405,-0.03860903369384161,18,0.3333333333333333,0.6710604568028237,-0.16111468362167028,-0.11488630081460832
lb20_atr10_m3.0_r0.0025_tfma100_rfnone,20,10,3.0,0.0025,ma100,none,-0.03380419188273809,-0.04204162984928761,38,0.18421052631578946,0.46586148116521464,-0.3473331211028978,-0.013654865698994323,-0.020855058252499226,13,0.3076923076923077,0.4254103468797003,-0.3941143486064486,-0.11527838823489164
lb30_atr14_m3.0_r0.0025_tfnone_rfnone,30,14,3.0,0.0025,none,none,-0.023333604739684377,-0.02987544179446211,35,0.2571428571428571,0.5674798411530769,-0.25543777602722034,-0.01716607967716599,-0.02338264534152512,14,0.2857142857142857,0.310356569513432,-0.463950865667175,-0.11593584523099898
lb55_atr20_m2.0_r0.0025_tfma100_rfadx20,55,20,2.0,0.0025,ma100,adx20,-0.03487209407112968,-0.0378520842533282,28,0.17857142857142858,0.23500434276267454,-0.4718770880257758,-0.009819336429004344,-0.011809873511516411,11,0.18181818181818182,0.28954731408652495,-0.3385418153295493,-0.11765150824603278
lb30_atr14_m2.5_r0.005_tfma100_rfadx20,30,14,2.5,0.005,ma100,adx20,-0.05201549062114019,-0.06686799037152247,29,0.1724137931034483,0.4203537217728869,-0.3502844253164368,-0.01759454809073846,-0.025199749059923615,11,0.36363636363636365,0.36285945566376193,-0.30960804091484473,-0.11846914603680435
lb30_atr20_m2.5_r0.0025_tfma100_rfadx20,30,20,2.5,0.0025,ma100,adx20,-0.03322037701783864,-0.03860086430861176,31,0.16129032258064516,0.3385865865429118,-0.4081998137452837,-0.010909068067798011,-0.012317591741792144,11,0.2727272727272727,0.2516626980592518,-0.37944005239507334,-0.11846976239744367
lb10_atr14_m2.5_r0.0025_tfnone_rfadx20,10,14,2.5,0.0025,none,adx20,-0.06535693839669077,-0.06971344115752165,71,0.23943661971830985,0.3809111382156381,-0.36638361147132487,-0.017061390287718137,-0.0240530014448066,24,0.20833333333333334,0.47735138555127166,-0.27776544099941525,-0.11869558027109048
lb30_atr20_m3.0_r0.0025_tfma100_rfnone,30,20,3.0,0.0025,ma100,none,-0.028366740271542956,-0.03204591604042262,31,0.12903225806451613,0.4313293671152597,-0.34751924384428584,-0.01385824769633992,-0.020423610554997196,12,0.3333333333333333,0.34947476106185715,-0.43204103183399517,-0.1194545216591225
lb55_atr20_m2.5_r0.005_tfnone_rfnone,55,20,2.5,0.005,none,none,-0.031538662932763195,-0.045852133882873125,27,0.2222222222222222,0.5622500785377056,-0.21920933776798487,-0.02435786389409078,-0.02713265602198811,11,0.2727272727272727,0.1796394099794491,-0.4238142605391738,-0.11970705284388176
lb30_atr10_m3.0_r0.0025_tfma100_rfnone,30,10,3.0,0.0025,ma100,none,-0.02085635422968124,-0.03223728240808377,30,0.23333333333333334,0.5594672365692597,-0.2683018840012275,-0.015758568181192478,-0.021803867792823506,12,0.3333333333333333,0.29864667026229463,-0.49397235350148055,-0.12028370330628431
lb10_atr10_m3.0_r0.0025_tfma100_rfnone,10,10,3.0,0.0025,ma100,none,-0.03786779586370681,-0.043476491347661295,45,0.2,0.45422944915258984,-0.32743320192472686,-0.01731373430709282,-0.026150133287986987,16,0.3125,0.4371808640794691,-0.40339607314027076,-0.12035663643917408
lb55_atr20_m2.5_r0.005_tfma100_rfnone,55,20,2.5,0.005,ma100,none,-0.032754233884809913,-0.04585213388287224,26,0.19230769230769232,0.5448068739253236,-0.2366704395920906,-0.02435786389409078,-0.02713265602198811,11,0.2727272727272727,0.1796394099794491,-0.4238142605391738,-0.12196505983034192
lb10_atr10_m2.5_r0.0025_tfma100_rfnone,10,10,2.5,0.0025,ma100,none,-0.0570940113301972,-0.061074923619771404,55,0.18181818181818182,0.3554169430667359,-0.40336954096805283,-0.015263901806400693,-0.02449454647914895,17,0.35294117647058826,0.5131880237036021,-0.32489536911050365,-0.12335781043419634
lb20_atr20_m3.0_r0.0025_tfma100_rfnone,20,20,3.0,0.0025,ma100,none,-0.04272893043544457,-0.044609291676450114,39,0.15384615384615385,0.3602312873836063,-0.42490941844301855,-0.013032939042679215,-0.01960379649759414,13,0.3076923076923077,0.40806592205412107,-0.374310426525288,-0.12400372752004132
lb55_atr14_m2.0_r0.0025_tfnone_rfadx20,55,14,2.0,0.0025,none,adx20,-0.033404244992300325,-0.03741890373276624,29,0.20689655172413793,0.24040617367959816,-0.4385494875421002,-0.0120477543089893,-0.01406844206931801,12,0.08333333333333333,0.1369534819949841,-0.3814824339477915,-0.12572373453100116
lb30_atr20_m2.5_r0.0025_tfnone_rfadx20,30,20,2.5,0.0025,none,adx20,-0.035820833926576756,-0.04167167415737316,36,0.16666666666666666,0.387523824883423,-0.3811203880531593,-0.013952503531358906,-0.015356693174211622,13,0.23076923076923078,0.20784437609186565,-0.4137585478557597,-0.12608185930267926
lb30_atr10_m2.5_r0.0025_tfma100_rfnone,30,10,2.5,0.0025,ma100,none,-0.028877070843127406,-0.03542296518847543,34,0.17647058823529413,0.4780927954300661,-0.322894594890765,-0.01573943993115723,-0.020655877297209413,12,0.25,0.34954028281255867,-0.4838239632163331,-0.1270197782739403
lb30_atr10_m3.0_r0.0025_tfnone_rfnone,30,10,3.0,0.0025,none,none,-0.024102637379644243,-0.03270587393722424,36,0.25,0.5751425537782116,-0.259254171419842,-0.01889536234548539,-0.024921395484551745,14,0.2857142857142857,0.2619045839601031,-0.5133556031959798,-0.1272559106047414
lb20_atr20_m3.0_r0.005_tfnone_rfadx20,20,20,3.0,0.005,none,adx20,-0.08673380390830843,-0.09709445197257316,43,0.20930232558139536,0.3998229747780367,-0.39366133484213234,-0.016408128972509095,-0.0353701466952423,14,0.2857142857142857,0.5607765241882684,-0.22999771004149777,-0.1275308553341314
lb20_atr10_m2.5_r0.0025_tfnone_rfnone,20,10,2.5,0.0025,none,none,-0.05024778729621304,-0.052845532136750695,52,0.21153846153846154,0.4286166622307424,-0.3766767219332555,-0.018896680678282096,-0.026873432688453658,19,0.21052631578947367,0.4411447335444725,-0.37395073122331696,-0.12801355538990292
lb30_atr14_m3.0_r0.005_tfma100_rfnone,30,14,3.0,0.005,ma100,none,-0.03543921308119313,-0.05490025205445881,29,0.20689655172413793,0.5910115282989195,-0.23216417093967012,-0.026779786547075912,-0.039023946379743824,12,0.3333333333333333,0.3656149269767749,-0.4513601790595709,-0.12883407176500195
lb55_atr10_m2.0_r0.0025_tfnone_rfadx20,55,10,2.0,0.0025,none,adx20,-0.03728353013018626,-0.040992555403087105,30,0.16666666666666666,0.20470136203667755,-0.47426247064086985,-0.010628585235305521,-0.012572209392647693,11,0.09090909090909091,0.10803587545290236,-0.36902756749138366,-0.1288399246622317
lb55_atr14_m2.0_r0.0025_tfma100_rfadx20,55,14,2.0,0.0025,ma100,adx20,-0.03470637186789305,-0.03741890373276757,28,0.17857142857142858,0.2097319465239672,-0.471972618382873,-0.0120477543089893,-0.01406844206931801,12,0.08333333333333333,0.1369534819949841,-0.3814824339477915,-0.1295562949587198
lb30_atr20_m3.0_r0.0025_tfnone_rfnone,30,20,3.0,0.0025,none,none,-0.033293801311323756,-0.033479174953300994,37,0.1891891891891892,0.44443550899803524,-0.34361182957362696,-0.017092729186906852,-0.02363655807786058,14,0.2857142857142857,0.3032614348735848,-0.46240085023420996,-0.12984180366283754
lb20_atr10_m3.0_r0.0025_tfnone_rfnone,20,10,3.0,0.0025,none,none,-0.04080565601169528,-0.04931651716904073,48,0.1875,0.48377563767186416,-0.3364273267323339,-0.020920450062179352,-0.02806760478479786,19,0.21052631578947367,0.36075647786584253,-0.42169008375978356,-0.1299183165732802
lb55_atr20_m2.0_r0.0025_tfnone_rfnone,55,20,2.0,0.0025,none,none,-0.031513448946491995,-0.03567645486839899,33,0.24242424242424243,0.364634461615405,-0.35998887133415797,-0.015597851549687292,-0.017576772218091508,13,0.15384615384615385,0.20400713219968558,-0.45611106094087295,-0.13013480755630413
lb30_atr14_m2.5_r0.005_tfnone_rfadx20,30,14,2.5,0.005,none,adx20,-0.059159588981851696,-0.0735864239123224,34,0.20588235294117646,0.44470138784784863,-0.3349595872164423,-0.02265924199852798,-0.030225235108126025,13,0.3076923076923077,0.3057968934488111,-0.34124836315683865,-0.1313744775166323
lb20_atr14_m2.5_r0.005_tfma100_rfadx20,20,14,2.5,0.005,ma100,adx20,-0.08017676364660375,-0.08990390397871828,38,0.21052631578947367,0.3589849718179971,-0.42048267753125323,-0.016586077711466474,-0.026077298086485956,12,0.3333333333333333,0.4683318895093025,-0.2675240385409368,-0.13193160693915168
lb10_atr14_m3.0_r0.0025_tfnone_rfnone,10,14,3.0,0.0025,none,none,-0.054900987153289615,-0.056359711549876845,66,0.24242424242424243,0.43559769405050597,-0.3294321902295552,-0.02413444410591159,-0.03604768272372272,25,0.24,0.40751112605083517,-0.372928629744686,-0.13214812183545832
lb30_atr10_m2.5_r0.0025_tfnone_rfnone,30,10,2.5,0.0025,none,none,-0.032306828176564384,-0.0361335637691198,40,0.225,0.5093274254657579,-0.30800928655676546,-0.01868047653136995,-0.023582223252665235,14,0.21428571428571427,0.3114567874216524,-0.4989777526755836,-0.1326157638064638
lb55_atr20_m2.0_r0.0025_tfma100_rfnone,55,20,2.0,0.0025,ma100,none,-0.03248987855668961,-0.035337792102305476,32,0.21875,0.3442868639001501,-0.3828311935147391,-0.015597851549687292,-0.017576772218091508,13,0.15384615384615385,0.20400713219968558,-0.45611106094087295,-0.13273914106045095
lb55_atr10_m2.0_r0.0025_tfma100_rfadx20,55,10,2.0,0.0025,ma100,adx20,-0.03872240270918792,-0.04019235114131936,29,0.13793103448275862,0.17277225831750306,-0.5097502785982183,-0.010628585235305521,-0.012572209392647693,11,0.09090909090909091,0.10803587545290236,-0.36902756749138366,-0.1328158275114543
lb20_atr20_m2.5_r0.0025_tfma100_rfadx20,20,20,2.5,0.0025,ma100,adx20,-0.04691594153210521,-0.04929324114107947,40,0.175,0.3212890183862707,-0.4551264258742986,-0.012923983470962352,-0.014329637786887561,13,0.23076923076923078,0.22111268573269344,-0.3817586797710015,-0.13302123984476402
lb20_atr14_m3.0_r0.0025_tfnone_rfnone,20,14,3.0,0.0025,none,none,-0.04180588910486194,-0.04675105664962975,46,0.21739130434782608,0.43324881778674196,-0.3561689006460343,-0.021567714147592842,-0.027756438841926245,19,0.21052631578947367,0.3446969721185163,-0.4342847814952867,-0.13490206716465317
lb10_atr10_m3.0_r0.0025_tfnone_rfnone,10,10,3.0,0.0025,none,none,-0.05195449973753974,-0.05673394110954211,67,0.23880597014925373,0.4925340799482407,-0.30962755539810455,-0.028434554424415115,-0.03717095403930404,27,0.2222222222222222,0.3809322529313788,-0.4059126738436164,-0.13707916344617954
lb10_atr20_m3.0_r0.0025_tfnone_rfnone,10,20,3.0,0.0025,none,none,-0.06359065776636363,-0.06554959411328798,69,0.18840579710144928,0.40146219441053405,-0.36467656993435166,-0.0227611437256785,-0.03469404414820554,24,0.25,0.39759517327525734,-0.3681081776820907,-0.13909013952079796
lb55_atr14_m2.0_r0.0025_tfnone_rfnone,55,14,2.0,0.0025,none,none,-0.03186113066378815,-0.03588219857519692,33,0.24242424242424243,0.33462471181594,-0.36611960120225917,-0.017965162182505434,-0.01997374689462006,14,0.07142857142857142,0.0961822035099918,-0.4873325938379081,-0.140272929153557
lb10_atr20_m2.5_r0.0025_tfnone_rfadx20,10,20,2.5,0.0025,none,adx20,-0.06868472821343707,-0.07052886164929928,72,0.19444444444444445,0.3545431826301533,-0.37721936481351254,-0.022575973847486774,-0.026728653781985856,25,0.32,0.31304614014612964,-0.35051282365352565,-0.14028632904079674
lb55_atr20_m2.0_r0.005_tfnone_rfadx20,55,20,2.0,0.005,none,adx20,-0.06587386345868673,-0.07394364971640455,29,0.20689655172413793,0.26116823631983127,-0.4428135526302513,-0.01958515685089124,-0.02351187265783261,11,0.18181818181818182,0.28900430984654985,-0.3385418153295493,-0.14226165299856514
lb20_atr14_m3.0_r0.005_tfma100_rfnone,20,14,3.0,0.005,ma100,none,-0.06211067631217981,-0.07539568124099094,36,0.19444444444444445,0.45440920050207195,-0.3375478154482235,-0.025350034928699805,-0.038155199322424616,13,0.3076923076923077,0.43300013461394316,-0.3948801404475844,-0.14285672819304332
lb10_atr14_m3.0_r0.005_tfma100_rfnone,10,14,3.0,0.005,ma100,none,-0.07390068017455897,-0.08639492937089521,44,0.20454545454545456,0.42772787119230243,-0.3298971591609989,-0.026640974265466966,-0.04622005457370104,15,0.3333333333333333,0.49399938217600736,-0.3468445536064616,-0.14312445701333207
lb20_atr20_m2.5_r0.0025_tfnone_rfadx20,20,20,2.5,0.0025,none,adx20,-0.0539358708332196,-0.058447653792829235,49,0.16326530612244897,0.3545653365027313,-0.432900283217996,-0.01876399143139662,-0.020161329232426084,18,0.2222222222222222,0.22585768088598773,-0.4030330468550153,-0.14326043837860303
lb55_atr14_m2.0_r0.0025_tfma100_rfnone,55,14,2.0,0.0025,ma100,none,-0.03316533630977436,-0.03588219857519692,32,0.21875,0.30645390101080006,-0.3931014067398154,-0.017965162182505434,-0.01997374689462006,14,0.07142857142857142,0.0961822035099918,-0.4873325938379081,-0.1435165231922409
lb30_atr14_m3.0_r0.005_tfnone_rfnone,30,14,3.0,0.005,none,none,-0.04676010335567515,-0.05897192158053555,35,0.2571428571428571,0.563355551047829,-0.25543777602722034,-0.03203513359889931,-0.04421317549814452,14,0.2857142857142857,0.3247591864194189,-0.463950865667175,-0.14390764829235786
lb10_atr20_m3.0_r0.005_tfma100_rfnone,10,20,3.0,0.005,ma100,none,-0.08732662024010462,-0.09300729258099405,47,0.1702127659574468,0.39986867482763583,-0.3673012536708079,-0.023346858109422164,-0.045378581651729366,15,0.3333333333333333,0.5126652048028647,-0.3093466128995111,-0.1451692949720383
lb55_atr20_m2.0_r0.005_tfma100_rfadx20,55,20,2.0,0.005,ma100,adx20,-0.06775554112471527,-0.07394364971640521,28,0.17857142857142858,0.23852972615982176,-0.4718770880257758,-0.01958515685089124,-0.02351187265783261,11,0.18181818181818182,0.28900430984654985,-0.3385418153295493,-0.14588917165206655
lb10_atr14_m2.5_r0.005_tfma100_rfadx20,10,14,2.5,0.005,ma100,adx20,-0.09841572909671104,-0.1085560717467493,49,0.20408163265306123,0.34992933827234934,-0.3990616008298749,-0.021339657899921427,-0.0348881595199827,15,0.26666666666666666,0.5048583354751827,-0.2764289491166179,-0.1466112601686559
lb20_atr20_m3.0_r0.0025_tfnone_rfnone,20,20,3.0,0.0025,none,none,-0.05166147470520732,-0.052069060931966615,49,0.1836734693877551,0.370757618774683,-0.41363235160913947,-0.02160729730839306,-0.028121069893751294,19,0.21052631578947367,0.32547705152551537,-0.4366647528547321,-0.14664391944262212
lb30_atr10_m3.0_r0.005_tfma100_rfnone,30,10,3.0,0.005,ma100,none,-0.04167456442729567,-0.0635282897111954,30,0.23333333333333334,0.5578792518933848,-0.2683018840012275,-0.03000503127256593,-0.0418567977964609,12,0.3333333333333333,0.3084802864964081,-0.49397235350148055,-0.146906873741379
lb30_atr20_m3.0_r0.005_tfma100_rfnone,30,20,3.0,0.005,ma100,none,-0.05629267942938565,-0.0631568432472851,31,0.12903225806451613,0.4298817759109908,-0.3475192438442858,-0.025322824160706303,-0.038225909837016014,12,0.3333333333333333,0.3699660675358312,-0.43204103183399517,-0.1469264581892412
lb30_atr20_m2.5_r0.005_tfma100_rfadx20,30,20,2.5,0.005,ma100,adx20,-0.06544536420688907,-0.07580752759850296,31,0.16129032258064516,0.3388342842029098,-0.4081998137452837,-0.021736935534776958,-0.024519181759940167,11,0.2727272727272727,0.2510768282807349,-0.37944005239507334,-0.1473165036399091
lb20_atr10_m3.0_r0.005_tfma100_rfnone,20,10,3.0,0.005,ma100,none,-0.06689768751405623,-0.08244269059634035,38,0.18421052631578946,0.4657156369550628,-0.3473331211028978,-0.02589040828817024,-0.0407802668169871,13,0.3076923076923077,0.4379753130975824,-0.39411434860644856,-0.14749322694734365
lb55_atr10_m2.0_r0.0025_tfnone_rfnone,55,10,2.0,0.0025,none,none,-0.037005293908363934,-0.040715391132572276,34,0.17647058823529413,0.28063217781479977,-0.41406166650428405,-0.016727168813327475,-0.018658812278493864,13,0.07692307692307693,0.0714617163308429,-0.4898099243382153,-0.1478881382456404
lb30_atr20_m2.0_r0.0025_tfma100_rfadx20,30,20,2.0,0.0025,ma100,adx20,-0.05359107303963195,-0.056376874183253545,38,0.21052631578947367,0.20011682308217518,-0.5393614339530866,-0.013607566104517854,-0.015590487797310093,13,0.15384615384615385,0.27255126958878045,-0.39930539854663627,-0.14821170977365472
lb20_atr10_m2.5_r0.005_tfma100_rfnone,20,10,2.5,0.005,ma100,none,-0.08371488072197153,-0.08973608038304093,42,0.19047619047619047,0.4071094026170446,-0.39084977115488734,-0.021208569588339277,-0.03887802915330163,13,0.23076923076923078,0.5440062511433595,-0.35064847089430623,-0.14830470930356088
lb30_atr20_m2.0_r0.0025_tfnone_rfadx20,30,20,2.0,0.0025,none,adx20,-0.054043791021100795,-0.05742470919497944,43,0.20930232558139536,0.2770570377610483,-0.4824023208747258,-0.016342396156288852,-0.01831982008404409,15,0.13333333333333333,0.23736672279464738,-0.4180694319289656,-0.14871937212861158
lb30_atr14_m2.5_r0.0025_tfma100_rfnone,30,14,2.5,0.0025,ma100,none,-0.030770260943070782,-0.03633045049056938,35,0.2,0.43628935349309067,-0.33491091949495794,-0.022210152892791157,-0.026005938976906506,15,0.26666666666666666,0.18344818579828842,-0.5555754940267134,-0.14933745411849803
lb20_atr14_m2.5_r0.0025_tfma100_rfnone,20,14,2.5,0.0025,ma100,none,-0.044678204764842966,-0.047148467691203844,43,0.20930232558139536,0.376204307921941,-0.40272458066979566,-0.020761629450043118,-0.024563038710900154,16,0.25,0.2593791699168413,-0.4859031460591559,-0.1497008868799668
lb55_atr20_m1.5_r0.0025_tfnone_rfadx20,55,20,1.5,0.0025,none,adx20,-0.04740300239071027,-0.05103434930461059,35,0.2571428571428571,0.19682777853054778,-0.505318834380607,-0.017130163840223256,-0.019460725381789223,15,0.26666666666666666,0.24196240213559048,-0.4277274507211552,-0.14989368892412913
lb10_atr10_m2.5_r0.0025_tfnone_rfnone,10,10,2.5,0.0025,none,none,-0.08422680730134358,-0.0860924239182197,82,0.1951219512195122,0.3610991571414976,-0.40855260820321665,-0.024859546029400104,-0.03426199208326963,28,0.2857142857142857,0.4644307283282556,-0.33582438561950084,-0.15000774642053916
lb55_atr20_m1.5_r0.0025_tfma100_rfadx20,55,20,1.5,0.0025,ma100,adx20,-0.04620787012030969,-0.04829985074154963,33,0.24242424242424243,0.1680445971300315,-0.5219775418729538,-0.017130163840223256,-0.019460725381789223,15,0.26666666666666666,0.24196240213559048,-0.4277274507211552,-0.15073290991390614
lb55_atr10_m2.0_r0.0025_tfma100_rfnone,55,10,2.0,0.0025,ma100,none,-0.038444582338223565,-0.03991495560249503,33,0.15151515151515152,0.25153434362236643,-0.4434236551899362,-0.016727168813327475,-0.018658812278493864,13,0.07692307692307693,0.0714617163308429,-0.4898099243382153,-0.15129845833388153
lb30_atr14_m2.0_r0.0025_tfnone_rfadx20,30,14,2.0,0.0025,none,adx20,-0.052107562383096884,-0.054122880059938594,42,0.21428571428571427,0.26769503111122867,-0.47622011756421967,-0.017859766104326824,-0.01986856638613721,16,0.125,0.15350804702444873,-0.42918371653804316,-0.15162171437921704
lb10_atr20_m2.5_r0.005_tfma100_rfadx20,10,20,2.5,0.005,ma100,adx20,-0.10513689676882676,-0.11203687764907655,51,0.17647058823529413,0.33787962786989245,-0.41249821681736387,-0.02262503240697722,-0.030902058669246446,16,0.375,0.3698604866031346,-0.2733096759990639,-0.15322147023465651
lb55_atr20_m1.5_r0.0025_tfnone_rfnone,55,20,1.5,0.0025,none,none,-0.0410922680928647,-0.044747671838326064,39,0.3076923076923077,0.34644659108621384,-0.3902689644922784,-0.023184690027980737,-0.025500895196641005,17,0.23529411764705882,0.19081475351245783,-0.5117860987879348,-0.15409320551188643
lb30_atr14_m2.0_r0.0025_tfma100_rfadx20,30,14,2.0,0.0025,ma100,adx20,-0.051692473146455975,-0.05435727306776905,37,0.21621621621621623,0.17809598323237702,-0.5339336355077156,-0.015518622545235616,-0.01753221123676496,14,0.14285714285714285,0.17294107345917373,-0.42251835578420943,-0.15410131563229665
lb55_atr20_m1.5_r0.0025_tfma100_rfnone,55,20,1.5,0.0025,ma100,none,-0.03988921834820336,-0.04199505785613944,37,0.2972972972972973,0.32848180787539544,-0.3989078187482455,-0.023184690027980737,-0.025500895196641005,17,0.23529411764705882,0.19081475351245783,-0.5117860987879348,-0.15411099714039342
lb55_atr14_m1.5_r0.0025_tfnone_rfadx20,55,14,1.5,0.0025,none,adx20,-0.050914411384453406,-0.05440201118365129,36,0.25,0.17867394511775242,-0.530757617842236,-0.017131279645952735,-0.019809840501637588,15,0.26666666666666666,0.2355965113669272,-0.4283257362740649,-0.1546745443347547
lb30_atr10_m2.5_r0.005_tfma100_rfnone,30,10,2.5,0.005,ma100,none,-0.057404254340619576,-0.06968442558399024,34,0.17647058823529413,0.47572664068274295,-0.32289459489076494,-0.027649192506578157,-0.0372989405311559,12,0.25,0.37888316567030245,-0.4838239632163331,-0.1549838340696123
lb55_atr14_m2.0_r0.005_tfnone_rfadx20,55,14,2.0,0.005,none,adx20,-0.06547443176423029,-0.07321222718284393,29,0.20689655172413793,0.24270419306545987,-0.4385494875421002,-0.023984545481618103,-0.027968942258934537,12,0.08333333333333333,0.1367764141122845,-0.3814824339477915,-0.15532507267578774
lb20_atr20_m2.0_r0.0025_tfma100_rfadx20,20,20,2.0,0.0025,ma100,adx20,-0.06798073637207935,-0.07072418083517318,48,0.1875,0.22564849591391725,-0.5483506092741931,-0.014954208492796717,-0.016934423061819026,15,0.13333333333333333,0.25438483984632826,-0.381055534043719,-0.15569287036096782
lb30_atr14_m2.5_r0.0025_tfnone_rfnone,30,14,2.5,0.0025,none,none,-0.03784603271316678,-0.040779045451156626,42,0.21428571428571427,0.4356245621163915,-0.34619229388134204,-0.024732508117948804,-0.02851850240386633,17,0.23529411764705882,0.16760954374837608,-0.550833687139783,-0.1557173270434808
lb55_atr14_m1.5_r0.0025_tfma100_rfadx20,55,14,1.5,0.0025,ma100,adx20,-0.04985926759760906,-0.05184866325263071,34,0.23529411764705882,0.14591453959341621,-0.5505646779653829,-0.017131279645952735,-0.019809840501637588,15,0.26666666666666666,0.2355965113669272,-0.4283257362740649,-0.15591935243911273
lb20_atr14_m2.5_r0.005_tfnone_rfadx20,20,14,2.5,0.005,none,adx20,-0.09873549636964463,-0.10862432105497455,47,0.2127659574468085,0.3583122636329979,-0.41167411202401766,-0.02608709826231359,-0.035486621461004786,17,0.29411764705882354,0.41839007253879246,-0.29989841074919443,-0.15604689530436294
lb10_atr10_m3.0_r0.005_tfma100_rfnone,10,10,3.0,0.005,ma100,none,-0.07473476804830825,-0.08520898660049137,45,0.2,0.4538891557076318,-0.32743320192472686,-0.032411384205942584,-0.049694767717439525,16,0.3125,0.45329378223724703,-0.40339607314027076,-0.15690400683076136
lb30_atr10_m3.0_r0.005_tfnone_rfnone,30,10,3.0,0.005,none,none,-0.04807714115562156,-0.06444882359455595,36,0.25,0.5731290205087621,-0.259254171419842,-0.03618224584231655,-0.04795853681509121,14,0.2857142857142857,0.26971900548180805,-0.5133556031959798,-0.15785465380481098
lb10_atr14_m2.5_r0.0025_tfma100_rfnone,10,14,2.5,0.0025,ma100,none,-0.0540594443559278,-0.05809340425969922,55,0.2,0.3675995235884742,-0.38305010258244343,-0.025668163945998246,-0.03244959110217627,20,0.2,0.29732958413250415,-0.4865428085584983,-0.15793657889184723
lb30_atr10_m2.0_r0.0025_tfnone_rfadx20,30,10,2.0,0.0025,none,adx20,-0.05653852449228014,-0.05709394899972098,43,0.20930232558139536,0.23618648265015735,-0.5066213103801841,-0.017006287280121768,-0.018937382415928017,15,0.13333333333333333,0.1266022724622813,-0.4374090251707762,-0.15817229518137135
lb10_atr20_m2.5_r0.0025_tfma100_rfnone,10,20,2.5,0.0025,ma100,none,-0.0577170345620861,-0.06179872119652596,57,0.19298245614035087,0.3522956926623297,-0.3938895634226387,-0.025547879944035068,-0.0296879334497947,21,0.2857142857142857,0.20616821929986365,-0.4627862586226678,-0.1583434019629809
lb20_atr20_m3.0_r0.005_tfma100_rfnone,20,20,3.0,0.005,ma100,none,-0.08403282080370789,-0.08762422280025639,39,0.15384615384615385,0.36009224770094045,-0.42490941844301844,-0.023704316174255724,-0.03662882817277202,13,0.3076923076923077,0.4309419933046067,-0.374310426525288,-0.15846371072828952
lb30_atr10_m2.0_r0.0025_tfma100_rfadx20,30,10,2.0,0.0025,ma100,adx20,-0.05565835185353751,-0.05710240248886034,38,0.21052631578947367,0.14839162357435784,-0.5623532818631019,-0.014355277467915761,-0.01629158052325097,13,0.15384615384615385,0.14683117317756778,-0.422962878869559,-0.1586878682807627
lb55_atr10_m2.0_r0.005_tfnone_rfadx20,55,10,2.0,0.005,none,adx20,-0.07288256015488204,-0.0799988914864036,30,0.16666666666666666,0.20673426001114828,-0.47426247064086985,-0.021167971950846187,-0.02500627057640803,11,0.09090909090909091,0.10809249382093251,-0.36902756749138366,-0.15932744433942564
lb30_atr20_m2.5_r0.005_tfnone_rfadx20,30,20,2.5,0.005,none,adx20,-0.07163282723513131,-0.08172046291060564,36,0.16666666666666666,0.37782565508130506,-0.3811203880531593,-0.027752256865810065,-0.030517395110845613,13,0.23076923076923078,0.20727014248542766,-0.4137585478557597,-0.15944876189270213
lb55_atr14_m2.0_r0.005_tfma100_rfadx20,55,14,2.0,0.005,ma100,adx20,-0.06798889301288757,-0.07321222718284237,28,0.17857142857142858,0.21149966108929813,-0.471972618382873,-0.023984545481618103,-0.027968942258934537,12,0.08333333333333333,0.1367764141122845,-0.3814824339477915,-0.1597087517720006
lb20_atr14_m2.0_r0.0025_tfma100_rfadx20,20,14,2.0,0.0025,ma100,adx20,-0.0630905267364249,-0.06667944601042164,46,0.1956521739130435,0.22475301861151248,-0.5318694566116285,-0.017172075999681846,-0.019182282834272035,16,0.125,0.15898019290265855,-0.40990417806730056,-0.15984588074201708
lb20_atr14_m2.5_r0.0025_tfnone_rfnone,20,14,2.5,0.0025,none,none,-0.05542950191254059,-0.057292404465065006,54,0.2037037037037037,0.3786634410205342,-0.4030610936971802,-0.027596092180135257,-0.031370970015451305,22,0.22727272727272727,0.2531457533261338,-0.47815322998405296,-0.16035395263918076
lb55_atr20_m2.0_r0.005_tfnone_rfnone,55,20,2.0,0.005,none,none,-0.06129357580850103,-0.06932902984190092,33,0.24242424242424243,0.36898538146909804,-0.359988871334158,-0.031011640748675906,-0.034892591688578944,13,0.15384615384615385,0.20392197433415013,-0.45611106094087295,-0.1611828981821831
lb10_atr20_m2.0_r0.0025_tfma100_rfadx20,10,20,2.0,0.0025,ma100,adx20,-0.08643080955920512,-0.08911994532600465,63,0.1746031746031746,0.19690473634868821,-0.5345205493680921,-0.017982397480443724,-0.021188995278291545,20,0.2,0.28400463588153446,-0.34545715193306703,-0.16207185916136313
lb30_atr20_m3.0_r0.005_tfnone_rfnone,30,20,3.0,0.005,none,none,-0.06600817939357828,-0.06600817939357828,37,0.1891891891891892,0.44176038250730304,-0.34361182957362696,-0.03171112691814859,-0.04452964221582556,14,0.2857142857142857,0.3189272748914811,-0.46240085023420996,-0.16231225999734847
lb20_atr14_m2.0_r0.0025_tfnone_rfadx20,20,14,2.0,0.0025,none,adx20,-0.0762014444172816,-0.07790357752183352,56,0.17857142857142858,0.25430944694484536,-0.5314409115530941,-0.020823060601718346,-0.022825799970213168,21,0.14285714285714285,0.23166780112653418,-0.3807975620479316,-0.16377745444283023
lb55_atr10_m2.0_r0.005_tfma100_rfadx20,55,10,2.0,0.005,ma100,adx20,-0.0756497571053617,-0.07847240193332228,29,0.13793103448275862,0.1741506957651858,-0.5097502785982183,-0.021167971950846187,-0.02500627057640803,11,0.09090909090909091,0.10809249382093251,-0.36902756749138366,-0.16380628505056066
lb55_atr20_m2.0_r0.005_tfma100_rfnone,55,20,2.0,0.005,ma100,none,-0.06318447987837061,-0.0686834184418631,32,0.21875,0.34820565235911516,-0.3828311935147391,-0.031011640748675906,-0.034892591688578944,13,0.15384615384615385,0.20392197433415013,-0.45611106094087295,-0.16416030976407478
lb20_atr10_m2.0_r0.0025_tfma100_rfadx20,20,10,2.0,0.0025,ma100,adx20,-0.06621160105253965,-0.06832117019706385,47,0.19148936170212766,0.20008174886112534,-0.5470612907516464,-0.016363846069338384,-0.018296203283509005,15,0.13333333333333333,0.13118551212439053,-0.41826350821961866,-0.1642940196700699
lb20_atr20_m2.0_r0.0025_tfnone_rfadx20,20,20,2.0,0.0025,none,adx20,-0.08088139758021717,-0.08180493953628609,58,0.1724137931034483,0.2500925838429285,-0.5441863856209554,-0.01950323312057234,-0.02147430289153518,20,0.15,0.2872929356999318,-0.37386468921164046,-0.16430055377651745
lb30_atr20_m2.5_r0.0025_tfma100_rfnone,30,20,2.5,0.0025,ma100,none,-0.03641632710012288,-0.03911874773783797,37,0.21621621621621623,0.3721224466864361,-0.3739811586239549,-0.023835173273265897,-0.0252252894130216,15,0.2,0.1325881701603364,-0.5958344009032219,-0.16458557894406994
lb20_atr10_m2.0_r0.0025_tfnone_rfadx20,20,10,2.0,0.0025,none,adx20,-0.07924875687431843,-0.08046358387655084,57,0.17543859649122806,0.23395960480984565,-0.5427297626233816,-0.019458517605778214,-0.02138479532516302,20,0.15,0.2210259053243687,-0.37431610317234776,-0.1647377137946046
lb30_atr10_m2.5_r0.005_tfnone_rfnone,30,10,2.5,0.005,none,none,-0.06464835882839204,-0.07107760082250092,40,0.225,0.5023931204551247,-0.3080092865567654,-0.033455022022019,-0.04304715216685007,14,0.21428571428571427,0.33474825546969955,-0.4989777526755836,-0.16486712590047936
lb10_atr10_m2.5_r0.005_tfma100_rfnone,10,10,2.5,0.005,ma100,none,-0.11162703079376779,-0.11817774175718387,55,0.18181818181818182,0.3528308966884166,-0.4033695409680529,-0.024765703977578823,-0.04612894911825949,17,0.35294117647058826,0.5652100643228227,-0.3248953691105036,-0.1657557233072551
lb55_atr10_m1.5_r0.0025_tfnone_rfadx20,55,10,1.5,0.0025,none,adx20,-0.05449059050861471,-0.057720946171825105,37,0.1891891891891892,0.13731937217382947,-0.5548773748400949,-0.01857750030948524,-0.021146496017238503,15,0.2,0.18248137596062816,-0.46741683174089466,-0.16782417754497725
lb55_atr14_m1.5_r0.0025_tfnone_rfnone,55,14,1.5,0.0025,none,none,-0.050656021320984124,-0.054144570624783284,40,0.3,0.22686499959482984,-0.47416378716028945,-0.023377850934654054,-0.026039388335436287,17,0.23529411764705882,0.18413127971116558,-0.5150940315327192,-0.16922297751366444
lb55_atr10_m1.5_r0.0025_tfma100_rfadx20,55,10,1.5,0.0025,ma100,adx20,-0.053467832851621155,-0.05539671671621682,35,0.17142857142857143,0.1037573399511679,-0.5761674873874061,-0.01857750030948524,-0.021146496017238503,15,0.2,0.18248137596062816,-0.46741683174089466,-0.16925383066177266
lb10_atr14_m2.0_r0.0025_tfma100_rfadx20,10,14,2.0,0.0025,ma100,adx20,-0.08215494597680006,-0.08812191336740038,61,0.19672131147540983,0.22311559664145772,-0.5252450162953249,-0.02119779577749703,-0.02387233611736117,21,0.23809523809523808,0.1970342315623967,-0.3834958334386646,-0.16926451920855526
lb55_atr14_m1.5_r0.0025_tfma100_rfnone,55,14,1.5,0.0025,ma100,none,-0.04960059026956376,-0.0515905275407218,38,0.2894736842105263,0.19884147503615615,-0.4889072709187921,-0.023377850934654054,-0.026039388335436287,17,0.23529411764705882,0.18413127971116558,-0.5150940315327192,-0.1699747693454917
lb30_atr20_m2.5_r0.0025_tfnone_rfnone,30,20,2.5,0.0025,none,none,-0.04264326150035913,-0.04275091097193273,44,0.20454545454545456,0.3888141303355098,-0.3710525888963829,-0.026838835076269163,-0.02822467382491589,17,0.17647058823529413,0.11929887664461955,-0.5966197976074941,-0.17028331187421672
lb20_atr20_m2.5_r0.005_tfma100_rfadx20,20,20,2.5,0.005,ma100,adx20,-0.09189109356502012,-0.09625169226394803,40,0.175,0.32109595158683396,-0.4551264258742986,-0.025722704440408584,-0.02849361486961377,13,0.23076923076923078,0.22078187604856922,-0.3817586797710015,-0.17056464998171608
lb20_atr20_m2.5_r0.0025_tfma100_rfnone,20,20,2.5,0.0025,ma100,none,-0.04986894371396344,-0.05218318121052068,45,0.2,0.34176621152095643,-0.428931288450776,-0.02478049524458148,-0.026169265190237878,17,0.17647058823529413,0.12818508106622276,-0.5484703764055503,-0.17074972097832156
lb20_atr10_m2.5_r0.005_tfnone_rfnone,20,10,2.5,0.005,none,none,-0.10077812807887909,-0.10306034259438857,52,0.21153846153846154,0.41416753064980555,-0.37667672193325547,-0.03376145420673693,-0.051204305037400144,19,0.21052631578947367,0.4679888201318385,-0.37395073122331696,-0.1719121906506944
lb10_atr10_m2.0_r0.0025_tfma100_rfadx20,10,10,2.0,0.0025,ma100,adx20,-0.08351251349217281,-0.08863519996517977,62,0.1935483870967742,0.2148947806561826,-0.5249078033640777,-0.020883059082415723,-0.02381670026201499,20,0.25,0.16787160310270233,-0.3960734891621163,-0.17242906695586357
lb20_atr10_m3.0_r0.005_tfnone_rfnone,20,10,3.0,0.005,none,none,-0.08409461398789808,-0.09635382941659998,48,0.1875,0.45914304875219036,-0.3364273267323339,-0.03979893661548051,-0.054476194815854084,19,0.21052631578947367,0.37126785971947773,-0.42169008375978345,-0.1732866426271307
lb55_atr14_m2.0_r0.005_tfnone_rfnone,55,14,2.0,0.005,none,none,-0.06252210750975418,-0.07028434793219329,33,0.24242424242424243,0.33674239859224253,-0.36611960120225917,-0.03565895548575482,-0.039595693712807356,14,0.07142857142857142,0.09630977638688008,-0.4873325938379081,-0.17369523875148654
lb30_atr20_m1.5_r0.0025_tfma100_rfadx20,30,20,1.5,0.0025,ma100,adx20,-0.06821251586503407,-0.07067679142208827,44,0.25,0.17110233619997628,-0.5871197480161023,-0.019993183485789268,-0.02231695629172281,17,0.29411764705882354,0.26239870549107225,-0.4423047602225044,-0.17372319469178
lb10_atr14_m2.5_r0.005_tfnone_rfadx20,10,14,2.5,0.005,none,adx20,-0.13238088575866835,-0.1349850167779988,71,0.23943661971830985,0.35047484335846424,-0.3663836114713248,-0.033977065300160314,-0.04764398279819648,24,0.20833333333333334,0.4770656534663012,-0.2777654409994152,-0.17375680645122898
lb10_atr14_m2.5_r0.0025_tfnone_rfnone,10,14,2.5,0.0025,none,none,-0.07765175802219049,-0.07951465059912843,81,0.2222222222222222,0.36154122566541697,-0.3824166087266345,-0.03683540907942695,-0.04353911132032939,31,0.16129032258064516,0.29589623811210347,-0.4601827024891275,-0.17632996903622503
lb30_atr20_m1.5_r0.0025_tfnone_rfadx20,30,20,1.5,0.0025,none,adx20,-0.07556188240495265,-0.07621056956939676,52,0.2692307692307692,0.18052386000455237,-0.552142611750488,-0.022212926826932655,-0.024531436221300718,19,0.2631578947368421,0.2423284988170588,-0.4417964629469125,-0.1767511074943559
lb20_atr14_m3.0_r0.005_tfnone_rfnone,20,14,3.0,0.005,none,none,-0.08368930885458736,-0.09146175863245021,46,0.21739130434782608,0.4235068374796142,-0.35616890064603424,-0.0406778397608778,-0.05328162410257886,19,0.21052631578947367,0.3569559695596658,-0.4342847814952867,-0.1770194619278233
lb30_atr14_m1.5_r0.0025_tfnone_rfadx20,30,14,1.5,0.0025,none,adx20,-0.07595391131526863,-0.0764258096846121,52,0.25,0.20772261252249588,-0.5558216005220857,-0.022224124972297976,-0.02488880656226533,19,0.21052631578947367,0.2388912696596321,-0.44267937461921786,-0.17730355312012583
lb55_atr14_m2.0_r0.005_tfma100_rfnone,55,14,2.0,0.005,ma100,none,-0.06504451236657505,-0.07028434793219329,32,0.21875,0.30812221033850845,-0.39310140673981536,-0.03565895548575482,-0.039595693712807356,14,0.07142857142857142,0.09630977638688008,-0.4873325938379081,-0.17749174089825628
lb10_atr20_m1.5_r0.0025_tfma100_rfadx20,10,20,1.5,0.0025,ma100,adx20,-0.10911772880184445,-0.1114738233432565,73,0.1917808219178082,0.1577263544864315,-0.5785845949892252,-0.020951468561735243,-0.02383784397069777,24,0.4166666666666667,0.3737482499979504,-0.3310763464939523,-0.1779123011399786
lb20_atr20_m1.5_r0.0025_tfma100_rfadx20,20,20,1.5,0.0025,ma100,adx20,-0.08570375157180576,-0.0881217684858231,55,0.21818181818181817,0.166488492819461,-0.5984284457313694,-0.02023339301474536,-0.02255659624058859,19,0.3684210526315789,0.28191055885435,-0.40070648731482855,-0.1781287250938811
lb20_atr20_m2.5_r0.0025_tfnone_rfnone,20,20,2.5,0.0025,none,none,-0.0589151530533496,-0.059475406366910843,56,0.17857142857142858,0.36043480795655075,-0.41293100757649986,-0.032324124835206414,-0.033702152208544,23,0.17391304347826086,0.14369941927649277,-0.5378883798224443,-0.17833082472361533
lb30_atr14_m1.5_r0.0025_tfma100_rfadx20,30,14,1.5,0.0025,ma100,adx20,-0.0728126030681312,-0.0751717166206115,45,0.24444444444444444,0.142246651599402,-0.6149183745615702,-0.02050827048051973,-0.02317762819923197,17,0.23529411764705882,0.25418863589063717,-0.45286510345369035,-0.18154111264733175
lb30_atr14_m2.5_r0.005_tfma100_rfnone,30,14,2.5,0.005,ma100,none,-0.06016518824036676,-0.07144668821208311,35,0.2,0.4391765869538163,-0.33491091949495794,-0.03966761379444317,-0.04710193816643893,15,0.26666666666666666,0.20034466917415186,-0.5555754940267134,-0.18220821059131323
lb55_atr10_m2.0_r0.005_tfnone_rfnone,55,10,2.0,0.005,none,none,-0.07237619672495876,-0.07949641478084402,34,0.17647058823529413,0.2825480873386186,-0.41406166650428405,-0.033216626749951406,-0.03700767892890133,13,0.07692307692307693,0.07169519358965605,-0.48980992433821524,-0.18304962516156825
lb55_atr10_m1.5_r0.0025_tfnone_rfnone,55,10,1.5,0.0025,none,none,-0.055141243146432206,-0.0583693758392394,41,0.21951219512195122,0.1730274194577231,-0.5057968256028592,-0.02499179658452566,-0.027544002072364515,17,0.17647058823529413,0.1421983954717575,-0.5533114662266231,-0.18347287957976297
lb55_atr10_m1.5_r0.0025_tfma100_rfnone,55,10,1.5,0.0025,ma100,none,-0.054119189300486314,-0.05604674580296165,39,0.20512820512820512,0.1433548639011681,-0.5223863856203316,-0.02499179658452566,-0.027544002072364515,17,0.17647058823529413,0.1421983954717575,-0.5533114662266231,-0.1844509354788811
lb10_atr14_m3.0_r0.005_tfnone_rfnone,10,14,3.0,0.005,none,none,-0.11018294901625625,-0.11177449604378376,66,0.24242424242424243,0.41913906849614363,-0.3294321902295552,-0.04670782136870133,-0.06974576112315345,25,0.24,0.4146727206333266,-0.372928629744686,-0.18599309685528884
lb55_atr20_m1.5_r0.005_tfma100_rfadx20,55,20,1.5,0.005,ma100,adx20,-0.08284464464260377,-0.08685908783502949,33,0.24242424242424243,0.1807609463895721,-0.5219775418729538,-0.03373483228946628,-0.03798998221093841,15,0.26666666666666666,0.23943416613379184,-0.4277274507211552,-0.186483704999498
lb55_atr20_m1.5_r0.005_tfnone_rfadx20,55,20,1.5,0.005,none,adx20,-0.0855159835670497,-0.09142244968274804,35,0.2571428571428571,0.20554304633170575,-0.505318834380607,-0.03373483228946628,-0.03798998221093841,15,0.26666666666666666,0.23943416613379184,-0.4277274507211552,-0.18660682921920652
lb55_atr10_m2.0_r0.005_tfma100_rfnone,55,10,2.0,0.005,ma100,none,-0.07514490503449511,-0.07796909150546139,33,0.15151515151515152,0.2528724161293681,-0.4434236551899362,-0.033216626749951406,-0.03700767892890133,13,0.07692307692307693,0.07169519358965605,-0.48980992433821524,-0.18696248719999775
lb20_atr14_m2.5_r0.005_tfma100_rfnone,20,14,2.5,0.005,ma100,none,-0.08701685531836267,-0.09224065449559526,43,0.20930232558139536,0.37861063943566464,-0.4027245806697958,-0.03682833260744023,-0.044284637012214856,16,0.25,0.28252590733958166,-0.48590314605915585,-0.18855386021593817
lb30_atr20_m2.0_r0.005_tfma100_rfadx20,30,20,2.0,0.005,ma100,adx20,-0.1023522258402152,-0.10762125678146128,38,0.21052631578947367,0.20001359483122483,-0.5393614339530866,-0.02708951612153654,-0.030986175788084935,13,0.15384615384615385,0.27217075658342227,-0.39930539854663627,-0.18875489738486745
lb10_atr10_m2.0_r0.0025_tfnone_rfadx20,10,10,2.0,0.0025,none,adx20,-0.12263113525209801,-0.1259649361087002,92,0.18478260869565216,0.21653605701855586,-0.5338352930895321,-0.026400581806354628,-0.02981544336258868,30,0.23333333333333334,0.29008391415376017,-0.3404429313187904,-0.18919373674637455
lb30_atr10_m1.5_r0.0025_tfnone_rfadx20,30,10,1.5,0.0025,none,adx20,-0.07691077961666681,-0.0773435155951323,52,0.21153846153846154,0.1995495843985429,-0.566505356151315,-0.024484765086194127,-0.027038297792171262,19,0.15789473684210525,0.18328586087498586,-0.4900309462942255,-0.18946442374699468
lb10_atr20_m2.5_r0.0025_tfnone_rfnone,10,20,2.5,0.0025,none,none,-0.07729760602706526,-0.08040095228134281,81,0.19753086419753085,0.34757387041069165,-0.3781320905517042,-0.04316564731051331,-0.047230850038027405,33,0.24242424242424243,0.19095717545983026,-0.5093937058766672,-0.1905510276296904
lb55_atr20_m1.5_r0.005_tfma100_rfnone,55,20,1.5,0.005,ma100,none,-0.07023515890208554,-0.07430479455879258,37,0.2972972972972973,0.34823093047400117,-0.3989078187482455,-0.04562120812148618,-0.04982401391126623,17,0.23529411764705882,0.18879236357592874,-0.5117860987879348,-0.19078620016171932
lb20_atr10_m1.5_r0.0025_tfnone_rfadx20,20,10,1.5,0.0025,none,adx20,-0.10735326635229026,-0.10777173116498584,68,0.19117647058823528,0.16955704643550026,-0.6198514603746759,-0.023941472472212455,-0.02649642731431734,24,0.20833333333333334,0.30852168280751485,-0.3769231439260985,-0.19114438505152384
lb20_atr20_m2.5_r0.005_tfnone_rfadx20,20,20,2.5,0.005,none,adx20,-0.1088679024765653,-0.11360440989096077,49,0.16326530612244897,0.33153965837048516,-0.432900283217996,-0.03724297881780936,-0.03998112480863014,18,0.2222222222222222,0.22498838404470498,-0.4030330468550153,-0.19127710929298067
lb30_atr10_m1.5_r0.0025_tfma100_rfadx20,30,10,1.5,0.0025,ma100,adx20,-0.07285683085749595,-0.0751799537026473,45,0.2222222222222222,0.13995576315497962,-0.6161561992158198,-0.02239063395162111,-0.02494964830683477,17,0.17647058823529413,0.19740428890247966,-0.49750471780073496,-0.19155178956469046
lb30_atr20_m2.0_r0.0025_tfnone_rfnone,30,20,2.0,0.0025,none,none,-0.06160730923758917,-0.06160730923758917,53,0.24528301886792453,0.31241072026287603,-0.44631723470778895,-0.030368424765900515,-0.032317652495633564,19,0.10526315789473684,0.14249527662444433,-0.5978754915896104,-0.19160209068359396
lb55_atr20_m1.5_r0.005_tfnone_rfnone,55,20,1.5,0.005,none,none,-0.07294322465790137,-0.07893089566416456,39,0.3076923076923077,0.36159408897134077,-0.3902689644922784,-0.04562120812148618,-0.04982401391126623,17,0.23529411764705882,0.18879236357592874,-0.5117860987879348,-0.19175627099496934
lb30_atr20_m2.0_r0.0025_tfma100_rfnone,30,20,2.0,0.0025,ma100,none,-0.057900681935444065,-0.06067379753368618,46,0.2608695652173913,0.26438497159537366,-0.48116906662335873,-0.027672590808297315,-0.02962723791012911,17,0.11764705882352941,0.15453752340658156,-0.6046801789631993,-0.192045943829747
lb20_atr20_m1.5_r0.0025_tfnone_rfadx20,20,20,1.5,0.0025,none,adx20,-0.10451256046824198,-0.10514093266199842,68,0.22058823529411764,0.15776875624950018,-0.6011713542719653,-0.025940884562747235,-0.02825055429736778,25,0.32,0.26303264661956005,-0.39215724752809245,-0.1929053510826261
lb55_atr14_m1.5_r0.005_tfnone_rfadx20,55,14,1.5,0.005,none,adx20,-0.09188249084488065,-0.09774783698599632,36,0.25,0.18707416656922818,-0.530757617842236,-0.03370743986710201,-0.03796271041681143,15,0.26666666666666666,0.23623999159949152,-0.4283257362740649,-0.19291447981407708
lb20_atr20_m2.0_r0.0025_tfma100_rfnone,20,20,2.0,0.0025,ma100,none,-0.0722920421701092,-0.07502279609290863,55,0.21818181818181817,0.260296930367385,-0.5086257957657613,-0.0277126437453471,-0.029667210329694216,19,0.10526315789473684,0.15444256413951443,-0.5427802370389186,-0.19295183705396807
lb30_atr20_m2.0_r0.005_tfnone_rfadx20,30,20,2.0,0.005,none,adx20,-0.10581261251677887,-0.11092276520124766,43,0.20930232558139536,0.2595851452202132,-0.4824023208747258,-0.03248027508450613,-0.036355343912666926,15,0.13333333333333333,0.23689966535437887,-0.41806943192896556,-0.19326270174026974
lb55_atr14_m1.5_r0.005_tfma100_rfadx20,55,14,1.5,0.005,ma100,adx20,-0.09040575193022937,-0.09420679296783352,34,0.23529411764705882,0.1554961263160827,-0.5505646779653828,-0.03370743986710201,-0.03796271041681143,15,0.26666666666666666,0.23623999159949152,-0.4283257362740649,-0.19381888832337454
lb10_atr10_m3.0_r0.005_tfnone_rfnone,10,10,3.0,0.005,none,none,-0.10964901200817301,-0.11126608243792879,67,0.23880597014925373,0.4496371574751895,-0.30962755539810455,-0.054372342058372825,-0.07126345177639204,27,0.2222222222222222,0.3901553114834121,-0.4059126738436165,-0.1940765944084607
lb20_atr20_m3.0_r0.005_tfnone_rfnone,20,20,3.0,0.005,none,none,-0.10286814412941747,-0.1036389690816345,49,0.1836734693877551,0.35923107092846984,-0.41363235160913947,-0.04115140439960363,-0.053844946308992836,19,0.21052631578947367,0.33539718434159116,-0.4366647528547321,-0.19427176075507055
lb30_atr14_m2.5_r0.005_tfnone_rfnone,30,14,2.5,0.005,none,none,-0.0750749906928968,-0.08001993238714256,42,0.21428571428571427,0.4284922051505693,-0.34619229388134204,-0.04461851220040802,-0.05201450965017196,17,0.23529411764705882,0.1815898030298726,-0.5508336871397831,-0.1948126211269413
lb30_atr14_m2.0_r0.0025_tfnone_rfnone,30,14,2.0,0.0025,none,none,-0.061370126269497005,-0.061370126269497005,52,0.25,0.29359892396078807,-0.4536672662310654,-0.032001715994033564,-0.03398159133015577,20,0.1,0.09131633156429507,-0.5998312560709582,-0.1949495397812191
lb30_atr14_m2.0_r0.005_tfma100_rfadx20,30,14,2.0,0.005,ma100,adx20,-0.098799381387629,-0.10385004221118876,37,0.21621621621621623,0.18059294824590694,-0.5339336355077156,-0.03084527462897746,-0.03480166378922367,14,0.14285714285714285,0.1728451402644827,-0.42251835578420943,-0.19512378089525495
lb10_atr20_m3.0_r0.005_tfnone_rfnone,10,20,3.0,0.005,none,none,-0.12390343392229997,-0.12756162398225468,69,0.18840579710144928,0.4004394851385589,-0.36467656993435166,-0.044511788694927445,-0.06761374551290333,24,0.25,0.40258182324366165,-0.36810817768209064,-0.19534804883350482
lb30_atr14_m2.0_r0.005_tfnone_rfadx20,30,14,2.0,0.005,none,adx20,-0.10253546319674156,-0.10508196540241621,42,0.21428571428571427,0.24900628220768042,-0.47622011756421967,-0.035451587418193764,-0.03938917218579663,16,0.125,0.15334520580830835,-0.4291837165380431,-0.19639880819104424
lb20_atr14_m2.0_r0.0025_tfma100_rfnone,20,14,2.0,0.0025,ma100,none,-0.0686805171562953,-0.0722480234497086,53,0.22641509433962265,0.25301845500055703,-0.5022437682745001,-0.030119914928799174,-0.03210363916793901,20,0.1,0.09666618159873572,-0.5612439706009966,-0.1965406460257953
lb30_atr14_m2.0_r0.0025_tfma100_rfnone,30,14,2.0,0.0025,ma100,none,-0.05728099790795749,-0.059930093746024427,45,0.26666666666666666,0.2368321850932025,-0.48659474464927366,-0.02969428282960318,-0.03167887762658339,18,0.1111111111111111,0.09788688543807199,-0.6136079243216338,-0.19662782157177364
lb10_atr20_m2.5_r0.005_tfnone_rfadx20,10,20,2.5,0.005,none,adx20,-0.13446634008842395,-0.13708327635503892,72,0.19444444444444445,0.3441282362639838,-0.37721936481351254,-0.0447468781057524,-0.05283656265794123,25,0.32,0.31233670642645756,-0.35051282365352565,-0.19831091698751727
lb20_atr10_m1.5_r0.0025_tfma100_rfadx20,20,10,1.5,0.0025,ma100,adx20,-0.09192485396376704,-0.09420019847050809,56,0.19642857142857142,0.13746960094342664,-0.6337042456694103,-0.023037286177456706,-0.025594607839876993,19,0.21052631578947367,0.2029626877039631,-0.4582308352876156,-0.19838974651571323
lb10_atr14_m2.0_r0.0025_tfnone_rfadx20,10,14,2.0,0.0025,none,adx20,-0.11714672042870655,-0.12080281722888808,90,0.18888888888888888,0.2259129731130355,-0.5206221367330669,-0.032706907722845124,-0.035889414047711954,32,0.21875,0.25916668036162144,-0.392901688291518,-0.19892359033170873
lb20_atr20_m2.0_r0.0025_tfnone_rfnone,20,20,2.0,0.0025,none,none,-0.08635053463798115,-0.08693942392252962,67,0.19402985074626866,0.2732988979006871,-0.50304297024723,-0.033844195626517415,-0.03578643609519505,25,0.12,0.18694513672197552,-0.5117012645540839,-0.19960068770821648
lb10_atr10_m1.5_r0.0025_tfma100_rfadx20,10,10,1.5,0.0025,ma100,adx20,-0.12032458086478004,-0.12252876478213681,76,0.17105263157894737,0.14112903884720462,-0.615685606126553,-0.024055922722321932,-0.027589300427092178,24,0.2916666666666667,0.3227452843879066,-0.38069018812339933,-0.19966332221963717
lb30_atr10_m2.0_r0.005_tfma100_rfadx20,30,10,2.0,0.005,ma100,adx20,-0.10670641522432323,-0.10943422379720946,38,0.21052631578947367,0.15054711124453088,-0.5623532818631019,-0.028543028056387643,-0.03235240683982932,13,0.15384615384615385,0.1469374809186275,-0.422962878869559,-0.2009403238252675
lb30_atr20_m2.5_r0.005_tfma100_rfnone,30,20,2.5,0.005,ma100,none,-0.07165155322534222,-0.07682431684807367,37,0.21621621621621623,0.37233586673810504,-0.373981158623955,-0.042683144878007506,-0.045405818669135734,15,0.2,0.14454123546921607,-0.5958344009032219,-0.20109820668098352
lb20_atr14_m2.0_r0.0025_tfnone_rfnone,20,14,2.0,0.0025,none,none,-0.08362858691264907,-0.08511570035313676,65,0.2,0.2694073027761438,-0.5027257292662242,-0.03570372143553424,-0.037676024951138753,26,0.11538461538461539,0.1482211721593195,-0.51858318255516,-0.201521054376723
lb10_atr20_m2.0_r0.0025_tfnone_rfadx20,10,20,2.0,0.0025,none,adx20,-0.1218403930071229,-0.12251800918878519,93,0.17204301075268819,0.20281406437082636,-0.5238229100512362,-0.03195982559538968,-0.035120782673460305,31,0.16129032258064516,0.2732779667832157,-0.39867309255530214,-0.20185041985375263
lb10_atr14_m1.5_r0.0025_tfma100_rfadx20,10,14,1.5,0.0025,ma100,adx20,-0.12056330443173646,-0.12280092223578443,75,0.17333333333333334,0.11915492255569685,-0.6252816083212119,-0.025870162431214427,-0.029532898583927603,25,0.32,0.33563143522636824,-0.38922257942630517,-0.20351762928741196
lb20_atr20_m2.0_r0.005_tfma100_rfadx20,20,20,2.0,0.005,ma100,adx20,-0.1281260848595115,-0.1332438278852105,48,0.1875,0.22854086304250001,-0.5483506092741931,-0.029748240669897785,-0.03363425172603063,15,0.13333333333333333,0.2542988093131329,-0.3810555340437189,-0.2039610086579653
lb30_atr10_m2.0_r0.005_tfnone_rfadx20,30,10,2.0,0.005,none,adx20,-0.11039755903213011,-0.11142195629314511,43,0.20930232558139536,0.22453161306515468,-0.5066213103801841,-0.03376438513037483,-0.0375532893818169,15,0.13333333333333333,0.12661617452370943,-0.4374090251707762,-0.2041939764145982
lb30_atr10_m2.0_r0.0025_tfnone_rfnone,30,10,2.0,0.0025,none,none,-0.06739761911173803,-0.06739761911173803,53,0.18867924528301888,0.2579938763369061,-0.4910070920672976,-0.031167764106938778,-0.033071038964077704,19,0.10526315789473684,0.07278345637513432,-0.6168858679078935,-0.20458419665547056
lb30_atr10_m2.0_r0.0025_tfma100_rfnone,30,10,2.0,0.0025,ma100,none,-0.06307825444713422,-0.06451095885508751,46,0.1956521739130435,0.19993265402556887,-0.5270779548123276,-0.02855494600800368,-0.030463353756895906,17,0.11764705882352941,0.07907723009258603,-0.6269537375289764,-0.20540044556258102
lb10_atr14_m2.5_r0.005_tfma100_rfnone,10,14,2.5,0.005,ma100,none,-0.1057128691747462,-0.1123990266982835,55,0.2,0.36578982760955,-0.38305010258244343,-0.04730533125698788,-0.060494366009525624,20,0.2,0.3143253151627697,-0.4865428085584983,-0.207663075751361
lb20_atr14_m1.5_r0.0025_tfma100_rfadx20,20,14,1.5,0.0025,ma100,adx20,-0.09738755391121745,-0.09968413954347655,56,0.19642857142857142,0.10929421363433975,-0.6706567459305565,-0.02483470899648177,-0.027492276097979995,20,0.25,0.23174283512522575,-0.46922673492978034,-0.20785249569658482
lb20_atr10_m2.0_r0.0025_tfma100_rfnone,20,10,2.0,0.0025,ma100,none,-0.07701386342559757,-0.07909902862655271,55,0.16363636363636364,0.2152504656305552,-0.5450001973567423,-0.02938054772178811,-0.03128733357276481,19,0.10526315789473684,0.07703419959520356,-0.5783212299936418,-0.20792653088659305
lb20_atr14_m2.0_r0.005_tfma100_rfadx20,20,14,2.0,0.005,ma100,adx20,-0.12092866601550845,-0.12653842066145504,46,0.1956521739130435,0.22178538429105032,-0.5318694566116285,-0.0341021665429162,-0.038045260063645725,16,0.125,0.15905101744037564,-0.40990417806730056,-0.20849900282904477
lb55_atr10_m1.5_r0.005_tfnone_rfadx20,55,10,1.5,0.005,none,adx20,-0.09939452509571878,-0.10521135253670932,37,0.1891891891891892,0.14426984404363272,-0.554877374840095,-0.03672394545270019,-0.04096593219178013,15,0.2,0.18214140159895206,-0.4674168317408946,-0.20974685277982666
lb20_atr10_m2.0_r0.0025_tfnone_rfnone,20,10,2.0,0.0025,none,none,-0.09193624872491468,-0.09312832763347623,67,0.14925373134328357,0.23751109065398618,-0.5373631275220774,-0.03460434431707016,-0.036500867998446984,25,0.12,0.13626102324309325,-0.5231300668261504,-0.20980884596120714
lb10_atr20_m2.5_r0.005_tfma100_rfnone,10,20,2.5,0.005,ma100,none,-0.11206566815903818,-0.11891222367182863,57,0.19298245614035087,0.3511667651522775,-0.39388956342263864,-0.0480512814755466,-0.05611298226062478,21,0.2857142857142857,0.21536112113108408,-0.4627862586226678,-0.20987615311444563
lb55_atr10_m1.5_r0.005_tfma100_rfadx20,55,10,1.5,0.005,ma100,adx20,-0.09852053073188471,-0.10218720571169226,35,0.17142857142857143,0.10895111002739676,-0.5761674873874061,-0.03672394545270019,-0.04096593219178013,15,0.2,0.18214140159895206,-0.4674168317408946,-0.21116390631565918
lb20_atr14_m1.5_r0.0025_tfnone_rfadx20,20,14,1.5,0.0025,none,adx20,-0.11218565403028169,-0.11263904931788993,68,0.19117647058823528,0.14925585621471268,-0.646335304755802,-0.02950179250168561,-0.03214664064394912,26,0.23076923076923078,0.23548933258916036,-0.43106631742258783,-0.21128051093304528
lb55_atr14_m1.5_r0.005_tfnone_rfnone,55,14,1.5,0.005,none,none,-0.09064364103941958,-0.09651698865925651,40,0.3,0.2383575392137249,-0.47416378716028945,-0.045741941195393876,-0.04994421531193649,17,0.23529411764705882,0.18539765648298479,-0.5150940315327192,-0.21151968355603473
lb55_atr14_m1.5_r0.005_tfma100_rfnone,55,14,1.5,0.005,ma100,none,-0.08916488756421026,-0.0929711139648346,38,0.2894736842105263,0.2112476930858749,-0.4889072709187921,-0.045741941195393876,-0.04994421531193649,17,0.23529411764705882,0.18539765648298479,-0.5150940315327192,-0.21193253024818287
lb20_atr14_m2.5_r0.005_tfnone_rfnone,20,14,2.5,0.005,none,none,-0.11057934503216293,-0.11149610693796763,54,0.2037037037037037,0.36226850978120284,-0.4030610936971802,-0.0504484330141336,-0.057799298670973664,22,0.22727272727272727,0.26887358799925987,-0.47815322998405296,-0.2120655073002391
lb30_atr20_m2.5_r0.005_tfnone_rfnone,30,20,2.5,0.005,none,none,-0.08477115459013995,-0.08477115459013995,44,0.20454545454545456,0.38033289089461136,-0.3710525888963829,-0.04856966835860166,-0.05127560047938773,17,0.17647058823529413,0.1288096923548867,-0.5966197976074941,-0.21297248921439185
lb20_atr10_m2.0_r0.005_tfma100_rfadx20,20,10,2.0,0.005,ma100,adx20,-0.12689035391814485,-0.13041341894147296,47,0.19148936170212766,0.2000055334353328,-0.5470612907516464,-0.032502560567924,-0.036296412817944934,15,0.13333333333333333,0.1314150820547807,-0.41826350821961866,-0.21384504438531315
lb20_atr20_m2.5_r0.005_tfma100_rfnone,20,20,2.5,0.005,ma100,none,-0.09754287798019534,-0.10178566762093155,45,0.2,0.3415017847519865,-0.428931288450776,-0.04453518596483019,-0.04725259242602464,17,0.17647058823529413,0.13938199218006786,-0.5484703764055503,-0.21527852118737897
lb30_atr20_m1.5_r0.0025_tfma100_rfnone,30,20,1.5,0.0025,ma100,none,-0.06755940372810176,-0.0700254065548419,52,0.28846153846153844,0.2851608478249576,-0.49075513450370384,-0.03832909800394135,-0.04060939305154587,22,0.22727272727272727,0.15514855139637784,-0.656732677786457,-0.21548528344587525
lb10_atr20_m2.0_r0.0025_tfma100_rfnone,10,20,2.0,0.0025,ma100,none,-0.08756110482782775,-0.09024691351500835,70,0.21428571428571427,0.23827361190641153,-0.48711637333896374,-0.0413798837568331,-0.0445100813681909,27,0.14814814814814814,0.1456682542198545,-0.5718342266428548,-0.21657196290093025
lb10_atr10_m2.5_r0.005_tfnone_rfnone,10,10,2.5,0.005,none,none,-0.1668849524214866,-0.16939941512308454,82,0.1951219512195122,0.3371077880767891,-0.40855260820321665,-0.045041813116092566,-0.06501204316801679,28,0.2857142857142857,0.4877765375184112,-0.3358243856195009,-0.21775881676897116
lb30_atr20_m1.5_r0.0025_tfnone_rfnone,30,20,1.5,0.0025,none,none,-0.07761206010443544,-0.07802929116399748,62,0.3064516129032258,0.27929189006665733,-0.4746029219544273,-0.04050730997666041,-0.042782440091059915,24,0.20833333333333334,0.14789848225106925,-0.638461282646284,-0.21871311157223217
lb20_atr20_m1.5_r0.0025_tfma100_rfnone,20,20,1.5,0.0025,ma100,none,-0.08970857672539201,-0.09211600217632965,63,0.23809523809523808,0.22959687091406647,-0.5469171641448842,-0.036881465042226,-0.03916519268851526,24,0.2916666666666667,0.1756868173310072,-0.579479678833532,-0.2199168952939248
lb10_atr10_m2.0_r0.0025_tfma100_rfnone,10,10,2.0,0.0025,ma100,none,-0.09260524972989004,-0.09767711255542433,71,0.16901408450704225,0.22738592036511027,-0.5109897275473363,-0.03937522358806633,-0.04225345833659844,26,0.19230769230769232,0.0962039592170777,-0.567349748316613,-0.22063183617043686
lb10_atr20_m2.0_r0.005_tfma100_rfadx20,10,20,2.0,0.005,ma100,adx20,-0.1603586642551672,-0.16528720783867878,63,0.1746031746031746,0.20053417335847923,-0.5345205493680922,-0.03571784532382227,-0.04199177201659965,20,0.2,0.28420994292788193,-0.34545715193306703,-0.22112391621613217
lb20_atr14_m2.0_r0.005_tfnone_rfadx20,20,14,2.0,0.005,none,adx20,-0.14440582887404751,-0.14645803893044052,56,0.17857142857142858,0.24286265799032622,-0.5314409115530941,-0.04129219477870183,-0.04520593638169401,21,0.14285714285714285,0.23095731380799175,-0.3807975620479316,-0.22127795709663986
lb20_atr20_m2.0_r0.005_tfnone_rfadx20,20,20,2.0,0.005,none,adx20,-0.15083344860340053,-0.15251416588986222,58,0.1724137931034483,0.2457259875490145,-0.5441863856209554,-0.03872201840956846,-0.04257208807298929,20,0.15,0.2863518273841819,-0.3738646892116404,-0.22179822535581978
lb30_atr20_m1.5_r0.005_tfma100_rfadx20,30,20,1.5,0.005,ma100,adx20,-0.12200524976433214,-0.12584828467382747,44,0.25,0.16244499062679021,-0.5871197480161023,-0.039370806974212025,-0.04360113770728902,17,0.29411764705882354,0.26048136581025805,-0.4423047602225044,-0.22197380434068167
lb20_atr10_m2.0_r0.005_tfnone_rfadx20,20,10,2.0,0.005,none,adx20,-0.14941694162817265,-0.1512327829695468,57,0.17543859649122806,0.2291531842145639,-0.5427297626233816,-0.03860445836165227,-0.04237438321121645,20,0.15,0.22050921117077132,-0.37431610317234776,-0.22226918802520867
lb10_atr14_m2.0_r0.0025_tfma100_rfnone,10,14,2.0,0.0025,ma100,none,-0.08603985411692316,-0.09198156547973768,69,0.21739130434782608,0.25207802778257604,-0.4878168055743163,-0.044856975958684875,-0.0474668684753935,28,0.17857142857142858,0.10308100711159379,-0.5952193038898512,-0.22335828454011805
lb10_atr20_m1.5_r0.0025_tfnone_rfadx20,10,20,1.5,0.0025,none,adx20,-0.15666167568889966,-0.15764579904426967,109,0.21100917431192662,0.16080916725349237,-0.5758729325593926,-0.03599355245029068,-0.03957067237203393,37,0.32432432432432434,0.2989725637438797,-0.3716626873892607,-0.2259186016411257
lb30_atr14_m1.5_r0.0025_tfnone_rfnone,30,14,1.5,0.0025,none,none,-0.08462994604546092,-0.0850432640948191,62,0.2903225806451613,0.2388675828402251,-0.5206314409780893,-0.04071430271291476,-0.043328593985960784,24,0.16666666666666666,0.14481760426815524,-0.6401531575489136,-0.2278959199064149
lb10_atr14_m2.0_r0.005_tfma100_rfadx20,10,14,2.0,0.005,ma100,adx20,-0.15583050888118877,-0.1638141059170971,61,0.19672131147540983,0.21625862004772053,-0.5252450162953249,-0.04064457761477569,-0.045870058637523914,21,0.23809523809523808,0.20290695742193102,-0.3834958334386646,-0.2293880474382066
lb30_atr20_m1.5_r0.005_tfnone_rfadx20,30,20,1.5,0.005,none,adx20,-0.1354287143001467,-0.1354287143001467,52,0.2692307692307692,0.1705105478604925,-0.5521426117504878,-0.04371941595293305,-0.04793059668063593,19,0.2631578947368421,0.24039171876057572,-0.4417964629469125,-0.23003697983683966
lb55_atr10_m1.5_r0.005_tfnone_rfnone,55,10,1.5,0.005,none,none,-0.10008421346858964,-0.10589658635276833,41,0.21951219512195122,0.18228958259357902,-0.5057968256028592,-0.04901298093777451,-0.053200850349513384,17,0.17647058823529413,0.14277637311899719,-0.5533114662266231,-0.23012493436592577
lb55_atr10_m1.5_r0.005_tfma100_rfnone,55,10,1.5,0.005,ma100,none,-0.099210888414203,-0.10287475543517488,39,0.20512820512820512,0.150714831497377,-0.5223863856203316,-0.04901298093777451,-0.053200850349513384,17,0.17647058823529413,0.14277637311899719,-0.5533114662266231,-0.23109200315102768
lb30_atr14_m1.5_r0.0025_tfma100_rfnone,30,14,1.5,0.0025,ma100,none,-0.07837881974012184,-0.08072377074333725,53,0.2830188679245283,0.19205635343823962,-0.5628164303323369,-0.039030895794594844,-0.04164977476870635,22,0.18181818181818182,0.1503830189025846,-0.6659761100964329,-0.23138622587906077
lb10_atr10_m2.0_r0.005_tfma100_rfadx20,10,10,2.0,0.005,ma100,adx20,-0.15769127095953117,-0.16368701350057335,62,0.1935483870967742,0.20927430132816804,-0.5249078033640777,-0.03886374799436065,-0.04454366552539635,20,0.25,0.17653448100535082,-0.3960734891621163,-0.2314852404950213
lb10_atr10_m1.5_r0.0025_tfnone_rfadx20,10,10,1.5,0.0025,none,adx20,-0.16418201765371676,-0.16468570016796757,111,0.1891891891891892,0.17156885253394266,-0.5971805665942544,-0.03537725779429224,-0.04005217306640685,36,0.2777777777777778,0.3299205199934599,-0.3755151347632593,-0.23184854863636253
lb30_atr14_m1.5_r0.005_tfma100_rfadx20,30,14,1.5,0.005,ma100,adx20,-0.129867619703676,-0.13350375624771538,45,0.24444444444444444,0.14044059218257218,-0.6149183745615702,-0.04035453034472647,-0.04458052904704968,17,0.23529411764705882,0.25475778067540034,-0.45286510345369035,-0.23187041812744158
lb30_atr14_m1.5_r0.005_tfnone_rfadx20,30,14,1.5,0.005,none,adx20,-0.13892193947552178,-0.13892193947552178,52,0.25,0.18124909996350042,-0.5558216005220857,-0.043714408220886014,-0.04792561100118009,19,0.21052631578947367,0.23913785694915685,-0.44267937461921775,-0.23247101233353207
lb20_atr20_m1.5_r0.005_tfma100_rfadx20,20,20,1.5,0.005,ma100,adx20,-0.15370660064778774,-0.15741087687098043,55,0.21818181818181817,0.1549621198917278,-0.5984284457313694,-0.039847101336808466,-0.04407533460845625,19,0.3684210526315789,0.2803758618314828,-0.40070648731482855,-0.23496384741246243
lb20_atr20_m1.5_r0.0025_tfnone_rfnone,20,20,1.5,0.0025,none,none,-0.11513060305819789,-0.11553086305737126,80,0.2375,0.20460714161959892,-0.5633599350106941,-0.044300698588497944,-0.04656683389474914,31,0.25806451612903225,0.1711748908292842,-0.5406713639262645,-0.2361226588338066
lb20_atr20_m2.5_r0.005_tfnone_rfnone,20,20,2.5,0.005,none,none,-0.1182571708719693,-0.1191661377231118,56,0.17857142857142858,0.3392837853914078,-0.41293100757649986,-0.06007069802743359,-0.0627439204430863,23,0.17391304347826086,0.15060191550889668,-0.5378883798224442,-0.2362903971889704
lb10_atr20_m1.5_r0.0025_tfma100_rfnone,10,20,1.5,0.0025,ma100,none,-0.11087510605257567,-0.11322655290137851,82,0.2073170731707317,0.2172051374136963,-0.5245937864532981,-0.04810949030787648,-0.05091579997585993,32,0.3125,0.20451835075301253,-0.5759358816692948,-0.23866661809630413
lb10_atr14_m1.5_r0.0025_tfnone_rfadx20,10,14,1.5,0.0025,none,adx20,-0.16276286059645584,-0.16356393711093298,110,0.19090909090909092,0.1655630629423366,-0.5964193183361344,-0.03967216614390234,-0.04446352916391272,38,0.2894736842105263,0.2905561819847139,-0.39754050034046273,-0.23890521137583984
lb30_atr20_m2.0_r0.005_tfma100_rfnone,30,20,2.0,0.005,ma100,none,-0.10985652771844545,-0.11508150975774234,46,0.2608695652173913,0.26667364795702003,-0.4811690666233588,-0.04757198184191547,-0.05138660600841882,17,0.11764705882352941,0.17409718724041107,-0.6046801789631993,-0.23923981037095382
lb30_atr10_m1.5_r0.0025_tfma100_rfnone,30,10,1.5,0.0025,ma100,none,-0.07991817828719694,-0.08222360766484793,53,0.24528301886792453,0.17663634517870558,-0.5749458522107865,-0.04111996500982684,-0.04362995300675665,22,0.13636363636363635,0.11686933386478988,-0.6992076917244778,-0.24122963217841048
lb20_atr10_m1.5_r0.0025_tfma100_rfnone,20,10,1.5,0.0025,ma100,none,-0.10075181039096337,-0.1030050373814333,65,0.2153846153846154,0.16482065233897047,-0.6002557647615017,-0.04015298270521095,-0.04266550189883822,24,0.16666666666666666,0.12617362590223508,-0.6259210952883122,-0.2429797457372275
lb20_atr10_m1.5_r0.0025_tfnone_rfnone,20,10,1.5,0.0025,none,none,-0.12319770240255035,-0.1236087394851999,80,0.2,0.17931426293024433,-0.607847696272367,-0.04283617720190991,-0.04534167279953527,30,0.16666666666666666,0.19723049272584658,-0.5395565889407765,-0.24322874675579195
lb30_atr10_m1.5_r0.0025_tfnone_rfnone,30,10,1.5,0.0025,none,none,-0.09006857927431244,-0.09049514699386696,62,0.22580645161290322,0.21256164102283157,-0.5591788034449245,-0.04317397615715268,-0.04567858752391274,24,0.125,0.11171032484172569,-0.6764823747881793,-0.2432685835345899
lb30_atr20_m2.0_r0.005_tfnone_rfnone,30,20,2.0,0.005,none,none,-0.11941949736699198,-0.11941949736699198,53,0.24528301886792453,0.2992799695263116,-0.44631723470778895,-0.05284925036820476,-0.056642738243387725,19,0.10526315789473684,0.1588685071515185,-0.5978754915896105,-0.24421885294308107
lb10_atr20_m1.5_r0.005_tfma100_rfadx20,10,20,1.5,0.005,ma100,adx20,-0.19117973793656018,-0.1947199920232533,73,0.1917808219178082,0.15630768653215427,-0.5785845949892252,-0.04248900433080993,-0.047646578959889885,24,0.4166666666666667,0.35467083716676984,-0.3310763464939523,-0.2449174901997092
lb30_atr10_m1.5_r0.005_tfma100_rfadx20,30,10,1.5,0.005,ma100,adx20,-0.1324000375183627,-0.13615845398319693,45,0.2222222222222222,0.13768396233172528,-0.6161561992158198,-0.0442121153043572,-0.04842112632784579,17,0.17647058823529413,0.19709469526187798,-0.49750471780073496,-0.2450175126154611
lb30_atr14_m2.0_r0.005_tfma100_rfnone,30,14,2.0,0.005,ma100,none,-0.10915400155588095,-0.11414663126700408,45,0.26666666666666666,0.24003557348295293,-0.48659474464927366,-0.05165575536547973,-0.05552718971072068,18,0.1111111111111111,0.11004553029776519,-0.6136079243216337,-0.2455696303500277
lb20_atr20_m2.0_r0.005_tfma100_rfnone,20,20,2.0,0.005,ma100,none,-0.1355313399587601,-0.14060561546928352,55,0.21818181818181817,0.2643206100083517,-0.5086257957657613,-0.0476479303983387,-0.05146225037891594,19,0.10526315789473684,0.17407440181755574,-0.5427802370389186,-0.2467971643725445
lb30_atr10_m1.5_r0.005_tfnone_rfadx20,30,10,1.5,0.005,none,adx20,-0.14309225468657427,-0.14331989461709504,52,0.21153846153846154,0.17565013539779517,-0.566505356151315,-0.048303692602650106,-0.052494685513304495,19,0.15789473684210525,0.1827939569971835,-0.4900309462942255,-0.24846238787319821
lb20_atr14_m1.5_r0.0025_tfma100_rfnone,20,14,1.5,0.0025,ma100,none,-0.10453322281929034,-0.10681162718159443,65,0.23076923076923078,0.14986800593712551,-0.6222219964255696,-0.041636614712060815,-0.044248392456324726,25,0.2,0.15100988819640382,-0.6285852978414288,-0.24846952690868157
lb30_atr14_m2.0_r0.005_tfnone_rfnone,30,14,2.0,0.005,none,none,-0.11976645840258726,-0.11976645840258726,52,0.25,0.2786800009310776,-0.4536672662310654,-0.05616315764943158,-0.06001619138528547,20,0.1,0.10176793763920952,-0.5998312560709582,-0.24941400703789612
lb10_atr14_m2.5_r0.005_tfnone_rfnone,10,14,2.5,0.005,none,none,-0.15510848541262412,-0.15764440026856885,81,0.2222222222222222,0.3349393498400277,-0.3824166087266345,-0.06943209697794206,-0.08231481041723054,31,0.16129032258064516,0.30615493381825704,-0.4601827024891275,-0.250212796554916
lb10_atr10_m2.0_r0.0025_tfnone_rfnone,10,10,2.0,0.0025,none,none,-0.13821946646497618,-0.14149403523113313,105,0.1619047619047619,0.21533671607580704,-0.5308149684617502,-0.05274723627381217,-0.0555854056476891,39,0.1794871794871795,0.1675035336451153,-0.5188125657436269,-0.2506971075094606
lb20_atr14_m2.0_r0.005_tfma100_rfnone,20,14,2.0,0.005,ma100,none,-0.13093657832512218,-0.1364824679234845,53,0.22641509433962265,0.2521291930600864,-0.5022437682745001,-0.052485411191628084,-0.05635345862533536,20,0.1,0.10855859988574845,-0.5612439706009965,-0.25193210687535317
lb20_atr14_m1.5_r0.0025_tfnone_rfnone,20,14,1.5,0.0025,none,none,-0.12308679933241962,-0.12348275291642719,80,0.225,0.17530617215559843,-0.6049953657951409,-0.048052814089219686,-0.05064710609999956,32,0.1875,0.1572819979029629,-0.5719677722897443,-0.2532480841803761
lb10_atr20_m2.0_r0.0025_tfnone_rfnone,10,20,2.0,0.0025,none,none,-0.12590178388264628,-0.12741555662241566,103,0.1941747572815534,0.22717997530405382,-0.48953297183098204,-0.061568350958112306,-0.06463262684433657,41,0.12195121951219512,0.1608245597109351,-0.5765964850151721,-0.2561706518759389
lb30_atr10_m2.0_r0.005_tfma100_rfnone,30,10,2.0,0.005,ma100,none,-0.12073724221606885,-0.12342220551299543,46,0.1956521739130435,0.20187760094236495,-0.5270779548123274,-0.05009147403992453,-0.053816354800997224,17,0.11764705882352941,0.08855515411315247,-0.6269537375289764,-0.2573061938187041
lb10_atr14_m2.0_r0.0025_tfnone_rfnone,10,14,2.0,0.0025,none,none,-0.12775544265484529,-0.13098397225423042,102,0.19607843137254902,0.23508998573491854,-0.5035028547645286,-0.06353757763617751,-0.06609642610890687,42,0.16666666666666666,0.15006936012671582,-0.5773200356984485,-0.2604346520186926
lb20_atr10_m1.5_r0.005_tfma100_rfadx20,20,10,1.5,0.005,ma100,adx20,-0.16590681740755486,-0.1695200835281464,56,0.19642857142857142,0.13102423889538398,-0.6337042456694103,-0.045480765255554445,-0.04968418951474618,19,0.21052631578947367,0.20288026734463707,-0.4582308352876156,-0.2609029022004182
lb20_atr20_m1.5_r0.005_tfnone_rfadx20,20,20,1.5,0.005,none,adx20,-0.18473817929628666,-0.18473817929628666,68,0.22058823529411764,0.14813873347531217,-0.6011713542719652,-0.05101790056817079,-0.05519694089872895,25,0.32,0.2615718437494595,-0.39215724752809245,-0.26107851429847934
lb20_atr10_m1.5_r0.005_tfnone_rfadx20,20,10,1.5,0.005,none,adx20,-0.19360116978098807,-0.19381539187745866,68,0.19117647058823528,0.15034565246733764,-0.6198514603746759,-0.04728523683500663,-0.051480714727759724,24,0.20833333333333334,0.3073018871398205,-0.37692314392609855,-0.26156254487340164
lb30_atr10_m2.0_r0.005_tfnone_rfnone,30,10,2.0,0.005,none,none,-0.1308157974016454,-0.1308157974016454,53,0.18867924528301888,0.2481205100237147,-0.49100709206729765,-0.055197013188755695,-0.05890187357520216,19,0.10526315789473684,0.08070297499562218,-0.6168858679078935,-0.26188226557359656
lb10_atr10_m1.5_r0.0025_tfma100_rfnone,10,10,1.5,0.0025,ma100,none,-0.1258548303833954,-0.1280451572725998,86,0.18604651162790697,0.1655705239352791,-0.5716791732802906,-0.0520121139729075,-0.05544427708436761,32,0.21875,0.17895625341744428,-0.6136812852698195,-0.2621001694931371
lb10_atr14_m1.5_r0.0025_tfma100_rfnone,10,14,1.5,0.0025,ma100,none,-0.12394770614177486,-0.12617671275463593,84,0.20238095238095238,0.1550770586206508,-0.5759247593741845,-0.053350892734300714,-0.056910301116421036,33,0.24242424242424243,0.19487762812435303,-0.614229119865405,-0.2623581024030103
lb20_atr20_m2.0_r0.005_tfnone_rfnone,20,20,2.0,0.005,none,none,-0.1602598168273538,-0.16134162222998616,67,0.19402985074626866,0.2705810909581458,-0.50304297024723,-0.06083119469504128,-0.06459271362648855,25,0.12,0.201033550225506,-0.511701264554084,-0.2653624670118804
lb30_atr20_m1.5_r0.005_tfma100_rfnone,30,20,1.5,0.005,ma100,none,-0.1198733757559709,-0.12372574200399034,52,0.28846153846153844,0.2784159790983126,-0.49075513450370384,-0.06320363890127356,-0.06732901679501424,22,0.22727272727272727,0.1782844097628808,-0.656732677786457,-0.26679238937161465
lb10_atr20_m2.5_r0.005_tfnone_rfnone,10,20,2.5,0.005,none,none,-0.15044633995458356,-0.15535943322481882,81,0.19753086419753085,0.33809540104839003,-0.37813209055170427,-0.08299233932121586,-0.09075813724095638,33,0.24242424242424243,0.1938523510341746,-0.5093937058766672,-0.26722698851241267
lb20_atr10_m2.0_r0.005_tfma100_rfnone,20,10,2.0,0.005,ma100,none,-0.14698517641114373,-0.150427157269851,55,0.16363636363636364,0.21508997190780246,-0.5450001973567423,-0.051703460119128186,-0.05542201979162298,19,0.10526315789473684,0.08604903423970316,-0.5783212299936417,-0.2677780758841119
lb20_atr14_m2.0_r0.005_tfnone_rfnone,20,14,2.0,0.005,none,none,-0.15704761542994305,-0.15871655414113162,65,0.2,0.26148849290969256,-0.5027257292662242,-0.06394054137341643,-0.06776182542487508,26,0.11538461538461539,0.1603786703132767,-0.5185831825551599,-0.26806237211842676
lb10_atr10_m1.5_r0.005_tfma100_rfadx20,10,10,1.5,0.005,ma100,adx20,-0.20864667237051182,-0.2120747907484294,76,0.17105263157894737,0.13805511414350644,-0.615685606126553,-0.04634461105690335,-0.05190005492034555,24,0.2916666666666667,0.3070223506355396,-0.38069018812339933,-0.27086315520232307
lb20_atr14_m1.5_r0.005_tfma100_rfadx20,20,14,1.5,0.005,ma100,adx20,-0.1712141484735008,-0.1746775048433581,56,0.19642857142857142,0.10841408462868139,-0.6706567459305565,-0.048827885984144004,-0.05301657050006314,20,0.25,0.2323641493524833,-0.46922673492978034,-0.27140322400647954
lb10_atr10_m2.0_r0.005_tfnone_rfadx20,10,10,2.0,0.005,none,adx20,-0.22735157388426563,-0.23050167795175758,92,0.18478260869565216,0.20788387239972728,-0.5338352930895321,-0.05229022366622538,-0.05885681684491362,30,0.23333333333333334,0.28814810857485706,-0.3404429313187904,-0.27287173426449773
lb10_atr14_m1.5_r0.005_tfma100_rfadx20,10,14,1.5,0.005,ma100,adx20,-0.20756085772915722,-0.21087232732779115,75,0.17333333333333334,0.1221211696580369,-0.6252816083212119,-0.04973667807249571,-0.055430767624900845,25,0.32,0.32756491516673,-0.3892225794263052,-0.2749827060840784
lb30_atr20_m1.5_r0.005_tfnone_rfnone,30,20,1.5,0.005,none,none,-0.1374821460008122,-0.1374821460008122,62,0.3064516129032258,0.2718714327012355,-0.4746029219544273,-0.06744436060396874,-0.07155106359642649,24,0.20833333333333334,0.16864840774250658,-0.638461282646284,-0.2759465611144246
lb20_atr10_m2.0_r0.005_tfnone_rfnone,20,10,2.0,0.005,none,none,-0.17234083319990956,-0.1741176381630376,67,0.14925373134328357,0.23361558008032088,-0.5373631275220774,-0.06202911581241266,-0.06570718544277576,25,0.12,0.14757569550957658,-0.5231300668261504,-0.27982694605888436
lb20_atr20_m1.5_r0.005_tfma100_rfnone,20,20,1.5,0.005,ma100,none,-0.15900849823044572,-0.16268956773458776,63,0.23809523809523808,0.22270107038972983,-0.5469171641448842,-0.060377876267245,-0.06451569799529966,24,0.2916666666666667,0.2027091784234954,-0.579479678833532,-0.2800417865670815
lb10_atr20_m2.0_r0.005_tfma100_rfnone,10,20,2.0,0.005,ma100,none,-0.16180715427638792,-0.16672719548406845,70,0.21428571428571427,0.24349049702749687,-0.48711637333896374,-0.06855158024852293,-0.0746118802087421,27,0.14814814814814814,0.16953883532819447,-0.5718342266428548,-0.28294057177203946
lb10_atr14_m2.0_r0.005_tfnone_rfadx20,10,14,2.0,0.005,none,adx20,-0.2195365591640317,-0.2232305132312229,90,0.18888888888888888,0.21279102681160136,-0.5206221367330669,-0.06314824703977406,-0.0692929240720036,32,0.21875,0.26215525707233434,-0.39290168829151806,-0.28484604762386484
lb20_atr14_m1.5_r0.005_tfnone_rfadx20,20,14,1.5,0.005,none,adx20,-0.1980344960752064,-0.1980344960752064,68,0.19117647058823528,0.1321061490019183,-0.646335304755802,-0.0579274088292675,-0.06207602170107307,26,0.23076923076923078,0.23566557611355,-0.4310663174225878,-0.2854602156313167
lb30_atr14_m1.5_r0.005_tfma100_rfnone,30,14,1.5,0.005,ma100,none,-0.1390825213138005,-0.14268015033731418,53,0.2830188679245283,0.18608326060248917,-0.5628164303323369,-0.06442518463003566,-0.06854518319273395,22,0.18181818181818182,0.17446815148367892,-0.6659761100964329,-0.2879295071695566
lb10_atr20_m2.0_r0.005_tfnone_rfadx20,10,20,2.0,0.005,none,adx20,-0.22464431366837323,-0.2258176131994789,93,0.17204301075268819,0.19822240398911628,-0.5238229100512363,-0.06304745818384816,-0.06914356971454427,31,0.16129032258064516,0.27218785277239727,-0.39867309255530214,-0.2885877209243653
lb10_atr20_m1.5_r0.0025_tfnone_rfnone,10,20,1.5,0.0025,none,none,-0.16622338998949893,-0.1672276200426337,123,0.21951219512195122,0.19588243515433656,-0.544101351313183,-0.06964496896833217,-0.07238778895829678,48,0.25,0.17837425697527168,-0.5626935312985116,-0.28884945385875643
lb30_atr14_m1.5_r0.005_tfnone_rfnone,30,14,1.5,0.005,none,none,-0.15310580553638298,-0.15310580553638298,62,0.2903225806451613,0.2128636247348839,-0.5206314409780893,-0.06770078715518801,-0.07180636091991843,24,0.16666666666666666,0.1668805744435541,-0.6401531575489136,-0.2903284119669139
lb10_atr10_m2.0_r0.005_tfma100_rfnone,10,10,2.0,0.005,ma100,none,-0.17470101190746834,-0.1805756752955855,71,0.16901408450704225,0.22228815467385157,-0.5109897275473363,-0.06729873140437936,-0.07281060994986199,26,0.19230769230769232,0.10948203009768041,-0.5673497483166131,-0.2922781208099768
lb10_atr14_m2.0_r0.005_tfma100_rfnone,10,14,2.0,0.005,ma100,none,-0.162789524598421,-0.17070730786370925,69,0.21739130434782608,0.24668565751996707,-0.4878168055743163,-0.07334419477079357,-0.07839156534050973,28,0.17857142857142858,0.12248493056247188,-0.5952193038898512,-0.29230387510260336
lb30_atr10_m1.5_r0.005_tfma100_rfnone,30,10,1.5,0.005,ma100,none,-0.14435254081636817,-0.14805917940299373,53,0.24528301886792453,0.17011406701239284,-0.5749458522107865,-0.06896279121579141,-0.07306280748278837,22,0.13636363636363635,0.13433785932882222,-0.6992076917244778,-0.30213601961112435
lb10_atr14_m1.5_r0.0025_tfnone_rfnone,10,14,1.5,0.0025,none,none,-0.17461098444583278,-0.17498367325774755,124,0.20967741935483872,0.18021037113699748,-0.5709250788186734,-0.0743365622104809,-0.07781706430381408,49,0.22448979591836735,0.17682151767042115,-0.5868062195561476,-0.30416192977446177
lb10_atr10_m1.5_r0.0025_tfnone_rfnone,10,10,1.5,0.0025,none,none,-0.1810922810896598,-0.18147617771112434,126,0.19047619047619047,0.1757279516334607,-0.585118250626399,-0.07081754914496508,-0.07418162771458259,47,0.2127659574468085,0.19431344689506055,-0.5798805702532902,-0.30492925049479114
lb10_atr20_m1.5_r0.005_tfma100_rfnone,10,20,1.5,0.005,ma100,none,-0.19368611898821364,-0.1972154024969217,82,0.2073170731707317,0.214274116716542,-0.5245937864532981,-0.0765838849333681,-0.08155780956576641,32,0.3125,0.23151631768474784,-0.5759358816692948,-0.3108221677602646
lb20_atr20_m1.5_r0.005_tfnone_rfnone,20,20,1.5,0.005,none,none,-0.19907408464599807,-0.19907408464599807,80,0.2375,0.20097386917541912,-0.5633599350106941,-0.07584588668080883,-0.0799155918033021,31,0.25806451612903225,0.19024393493564415,-0.5406713639262645,-0.311280110078309
lb30_atr10_m1.5_r0.005_tfnone_rfnone,30,10,1.5,0.005,none,none,-0.16545216879598856,-0.16567386875301482,62,0.22580645161290322,0.18880235243308685,-0.5591788034449245,-0.07294841477131564,-0.07703087951485299,24,0.125,0.12744197287709833,-0.6764823747881793,-0.3121864624145615
lb20_atr10_m1.5_r0.005_tfma100_rfnone,20,10,1.5,0.005,ma100,none,-0.1809770874566371,-0.18452506962894455,65,0.2153846153846154,0.15531215699658218,-0.6002557647615017,-0.0669159793941565,-0.07102500922332378,24,0.16666666666666666,0.1457581773475792,-0.6259210952883122,-0.31230498546262936
lb20_atr14_m1.5_r0.005_tfma100_rfnone,20,14,1.5,0.005,ma100,none,-0.18336377774294155,-0.18677636286007504,65,0.23076923076923078,0.14518347967473474,-0.6222219964255696,-0.06941217658504473,-0.07351021388996948,25,0.2,0.17371009928067002,-0.6285852978414288,-0.31762950563181264
lb10_atr20_m1.5_r0.005_tfnone_rfadx20,10,20,1.5,0.005,none,adx20,-0.2684343752489532,-0.2688963100251661,109,0.21100917431192662,0.16067086917561807,-0.5758729325593928,-0.0717349794275407,-0.07814681464423678,37,0.32432432432432434,0.2861723114767119,-0.3716626873892607,-0.321730026857763
lb20_atr10_m1.5_r0.005_tfnone_rfnone,20,10,1.5,0.005,none,none,-0.21905857829118458,-0.21926603755614138,80,0.2,0.16055558436222156,-0.6078476962723669,-0.07319657748700326,-0.0772779493943343,30,0.16666666666666666,0.21936528869670893,-0.5395565889407765,-0.3245251523105907
lb10_atr10_m1.5_r0.005_tfnone_rfadx20,10,10,1.5,0.005,none,adx20,-0.2817981868693826,-0.2819889791824819,111,0.1891891891891892,0.16092680494156725,-0.5971805665942544,-0.06841120345782381,-0.07611529519987881,36,0.2777777777777778,0.31845317331344897,-0.37551513476325926,-0.3290787204750694
lb20_atr14_m1.5_r0.005_tfnone_rfnone,20,14,1.5,0.005,none,none,-0.21549270875449478,-0.21549270875449478,80,0.225,0.15768428840195373,-0.6049953657951409,-0.08287047038976769,-0.0869092412948056,32,0.1875,0.1749432233409699,-0.5719677722897443,-0.3361306392369624
lb10_atr14_m1.5_r0.005_tfnone_rfadx20,10,14,1.5,0.005,none,adx20,-0.27826505200677065,-0.2787641022992806,110,0.19090909090909092,0.1575807171080693,-0.5964193183361344,-0.07651916320140106,-0.08431626921788371,38,0.2894736842105263,0.28326201254647954,-0.39754050034046273,-0.3378628323678123
lb10_atr14_m1.5_r0.005_tfma100_rfnone,10,14,1.5,0.005,ma100,none,-0.21411119893324904,-0.2173952957601445,84,0.20238095238095238,0.154510017304068,-0.5759247593741845,-0.08339329864210687,-0.08888571376687437,33,0.24242424242424243,0.22272934124211563,-0.6142291198654048,-0.34000205184638393
lb10_atr10_m1.5_r0.005_tfma100_rfnone,10,10,1.5,0.005,ma100,none,-0.21891569083869267,-0.22229932414312314,86,0.18604651162790697,0.15976475163042683,-0.5716791732802906,-0.08144324890915267,-0.08679422844037143,32,0.21875,0.19914959142694122,-0.6136812852698195,-0.34117844214540566
lb10_atr10_m2.0_r0.005_tfnone_rfnone,10,10,2.0,0.005,none,none,-0.25319174225087115,-0.2562364954023123,105,0.1619047619047619,0.20863447794164655,-0.5308149684617502,-0.09572470003495592,-0.10106859286850167,39,0.1794871794871795,0.17719498130969816,-0.5188125657436269,-0.35384320005406805
lb10_atr20_m2.0_r0.005_tfnone_rfnone,10,20,2.0,0.005,none,none,-0.23119142985165564,-0.23383630245560283,103,0.1941747572815534,0.22399532828256358,-0.48953297183098204,-0.10857204779665641,-0.11437196185385945,41,0.12195121951219512,0.17452686557406197,-0.5765964850151721,-0.35700040117170917
lb10_atr14_m2.0_r0.005_tfnone_rfnone,10,14,2.0,0.005,none,none,-0.23670849875672573,-0.2396660129880629,102,0.19607843137254902,0.22469924925916307,-0.5035028547645286,-0.1098466819718652,-0.11469522836265689,42,0.16666666666666666,0.16562898259458353,-0.5773200356984485,-0.36259039903275053
lb10_atr20_m1.5_r0.005_tfnone_rfnone,10,20,1.5,0.005,none,none,-0.2821350034227488,-0.2829408339916957,123,0.21951219512195122,0.19545072953217546,-0.544101351313183,-0.11893717413180249,-0.12368296535287082,48,0.25,0.19170940230361438,-0.5626935312985116,-0.3974014861342155
lb10_atr14_m1.5_r0.005_tfnone_rfnone,10,14,1.5,0.005,none,none,-0.296133444414002,-0.296133444414002,124,0.20967741935483872,0.1712727615041638,-0.5709250788186734,-0.12461908162208502,-0.12986446700810605,49,0.22448979591836735,0.1916455219964282,-0.5868062195561476,-0.4168004919182993
lb10_atr10_m1.5_r0.005_tfnone_rfnone,10,10,1.5,0.005,none,none,-0.30688852790923216,-0.3070726549033136,126,0.19047619047619047,0.1651244609207192,-0.585118250626399,-0.11835010976714677,-0.12348609130637633,47,0.2127659574468085,0.20801883426163015,-0.5798805702532902,-0.4179272188454071
