key,breakout_lookback,atr_period,atr_mult,risk_per_trade,trend_filter,regime_filter,is_return,is_mdd,is_trades,is_win_rate,is_pf,is_avg_r,oos_return,oos_mdd,oos_trades,oos_win_rate,oos_pf,oos_avg_r,rank_score
lb55_atr14_m3.0_r0.0025_tfnone_rfadx20,55,14,3.0,0.0025,none,adx20,0.0021878528694978527,-0.01648431299224551,19,0.2631578947368421,1.1116883618535647,0.04410429106056434,0.0028923162148219994,-0.00615084832515056,6,0.6666666666666666,1.6721159566191965,0.18413306250376268,0.0767280204041702
lb55_atr14_m3.0_r0.0025_tfma100_rfadx20,55,14,3.0,0.0025,ma100,adx20,0.0020824664361145384,-0.016484312992245398,18,0.2222222222222222,1.1063196381765694,0.04434283178878791,0.0028923162148219994,-0.00615084832515056,6,0.6666666666666666,1.6721159566191965,0.18413306250376268,0.07664509722425884
lb55_atr14_m3.0_r0.005_tfnone_rfadx20,55,14,3.0,0.005,none,adx20,0.004068857559784256,-0.032732283303280485,19,0.2631578947368421,1.1028539488958722,0.04410429106056439,0.005763145774176914,-0.012239494630413073,6,0.6666666666666666,1.6666452161442629,0.1841330625037627,0.07509622411421416
lb55_atr14_m3.0_r0.005_tfma100_rfadx20,55,14,3.0,0.005,ma100,adx20,0.003857711297153621,-0.03273228330328026,18,0.2222222222222222,1.0975370338284076,0.04434283178878793,0.005763145774176914,-0.012239494630413073,6,0.6666666666666666,1.6666452161442629,0.1841330625037627,0.07496625300154157
lb55_atr10_m2.5_r0.0025_tfnone_rfadx20,55,10,2.5,0.0025,none,adx20,-0.008337213425516188,-0.02397691493706733,24,0.16666666666666666,0.7395898951555776,-0.13060341172874504,0.0028708412139291095,-0.006676654394211168,6,0.5,1.518528109348595,0.18409471820358136,0.04859910360574235
lb55_atr10_m2.5_r0.0025_tfma100_rfadx20,55,10,2.5,0.0025,ma100,adx20,-0.009133055352248842,-0.02397691493706766,23,0.13043478260869565,0.7145029149212114,-0.1494195599913586,0.0028708412139291095,-0.006676654394211168,6,0.5,1.518528109348595,0.18409471820358136,0.046331148473273076
lb55_atr10_m3.0_r0.0025_tfnone_rfadx20,55,10,3.0,0.0025,none,adx20,-0.0038343533341456126,-0.020079341505406578,21,0.2857142857142857,0.8343634053508111,-0.07046738983957967,0.0019132701753885595,-0.006583684766834463,6,0.6666666666666666,1.434119661405133,0.12132584873036197,0.04507967670726851
lb55_atr20_m3.0_r0.0025_tfnone_rfadx20,55,20,3.0,0.0025,none,adx20,-0.010273553927612311,-0.021853502224066346,22,0.18181818181818182,0.6505554493742601,-0.17690433969085928,0.0026831619114129346,-0.006094155842493398,6,0.6666666666666666,1.691866388070547,0.17067907017879605,0.044287114920343575
lb55_atr10_m3.0_r0.0025_tfma100_rfadx20,55,10,3.0,0.0025,ma100,adx20,-0.0041736711339763755,-0.020079341505406467,20,0.25,0.8196441038712962,-0.08046450157606608,0.0019132701753885595,-0.006583684766834463,6,0.6666666666666666,1.434119661405133,0.12132584873036197,0.04389768375486722
lb55_atr20_m3.0_r0.0025_tfma100_rfadx20,55,20,3.0,0.0025,ma100,adx20,-0.010321122548332395,-0.021853502224066124,21,0.14285714285714285,0.6489205771137972,-0.18619302667850104,0.0026831619114129346,-0.006094155842493398,6,0.6666666666666666,1.691866388070547,0.17067907017879605,0.04343578277086605
lb55_atr10_m2.5_r0.005_tfnone_rfadx20,55,10,2.5,0.005,none,adx20,-0.017070857800025152,-0.04742460793130243,24,0.16666666666666666,0.7339022161137756,-0.130603411728745,0.005707664139831259,-0.01328905342302189,6,0.5,1.513906446777659,0.1840947182035814,0.041077472429703624
lb55_atr10_m3.0_r0.005_tfnone_rfadx20,55,10,3.0,0.005,none,adx20,-0.007969198748245865,-0.03979672915235877,21,0.2857142857142857,0.8288134758635457,-0.07046738983957967,0.003803572334982297,-0.01311111160725742,6,0.6666666666666666,1.4299672084980941,0.1213258487303619,0.03966185011831313
lb55_atr10_m2.5_r0.005_tfma100_rfadx20,55,10,2.5,0.005,ma100,adx20,-0.01864725846783255,-0.047424607931302765,23,0.13043478260869565,0.7088626163316325,-0.14941955999135864,0.005707664139831259,-0.01328905342302189,6,0.5,1.513906446777659,0.1840947182035814,0.03845876335849906
lb55_atr10_m3.0_r0.005_tfma100_rfadx20,55,10,3.0,0.005,ma100,adx20,-0.008644787372183438,-0.03979672915235877,20,0.25,0.8141745925412075,-0.08046450157606612,0.003803572334982297,-0.01311111160725742,6,0.6666666666666666,1.4299672084980941,0.1213258487303619,0.03832937968571409
lb55_atr20_m3.0_r0.005_tfnone_rfadx20,55,20,3.0,0.005,none,adx20,-0.020747484225750346,-0.043279142532662185,22,0.18181818181818182,0.6471137993402445,-0.17690433969085928,0.005345594706224199,-0.012122442503636588,6,0.6666666666666666,1.6861033837623163,0.17067907017879613,0.036322724238859364
lb55_atr20_m3.0_r0.005_tfma100_rfadx20,55,20,3.0,0.005,ma100,adx20,-0.020841610138981448,-0.04327914253266263,21,0.14285714285714285,0.645478770241513,-0.18619302667850104,0.005345594706224199,-0.012122442503636588,6,0.6666666666666666,1.6861033837623163,0.17067907017879613,0.03545043966094996
lb55_atr14_m3.0_r0.0025_tfnone_rfnone,55,14,3.0,0.0025,none,none,0.0016042512921092822,-0.014024969088802908,20,0.25,1.0778533718378733,0.03182597351677222,-0.002880590239240033,-0.010646678090416861,8,0.5,0.7140451822524289,-0.13729960036286898,-0.0007760827503721045
lb55_atr14_m3.0_r0.0025_tfma100_rfnone,55,14,3.0,0.0025,ma100,none,0.0014989262281475124,-0.014024969088802908,19,0.21052631578947367,1.07274965850921,0.03140573223067914,-0.002880590239240033,-0.010646678090416861,8,0.5,0.7140451822524289,-0.13729960036286898,-0.0008927741188466548
lb55_atr14_m3.0_r0.005_tfnone_rfnone,55,14,3.0,0.005,none,none,0.00289599021809428,-0.027883252406240233,20,0.25,1.0698293812944206,0.03182597351677223,-0.005799041967113672,-0.021171482173144907,8,0.5,0.7128711329304213,-0.13729960036286898,-0.007425741403217002
lb55_atr14_m3.0_r0.005_tfma100_rfnone,55,14,3.0,0.005,ma100,none,0.0026850905984641127,-0.027883252406240233,19,0.21052631578947367,1.0647576954672446,0.03140573223067913,-0.005799041967113672,-0.021171482173144907,8,0.5,0.7128711329304213,-0.13729960036286898,-0.007568490121843039
lb10_atr20_m3.0_r0.0025_tfma100_rfadx20,10,20,3.0,0.0025,ma100,adx20,-0.03497922680478771,-0.04481022783062849,42,0.19047619047619047,0.45678358555999393,-0.3223487237366702,0.001513030146044425,-0.01025295988827668,10,0.5,1.1436545588012133,0.05540989298468531,-0.01595160112101364
lb10_atr14_m3.0_r0.0025_tfma100_rfadx20,10,14,3.0,0.0025,ma100,adx20,-0.029054867092175973,-0.042222034432086164,40,0.225,0.49504226157607945,-0.28200673709334245,0.0005212504862752709,-0.010564591283306335,10,0.5,1.0425254609472518,0.021473646230516546,-0.017104812726367782
lb10_atr10_m3.0_r0.0025_tfma100_rfadx20,10,10,3.0,0.0025,ma100,adx20,-0.030700470888074705,-0.042675301647497776,41,0.21951219512195122,0.4969982637155005,-0.2915618973376979,0.00020003085151620859,-0.011151445124561565,10,0.5,1.0152927339844888,0.00993253953512432,-0.021460051155215973
lb10_atr10_m2.5_r0.0025_tfma100_rfadx20,10,10,2.5,0.0025,ma100,adx20,-0.0517287334314791,-0.059800887089708876,50,0.18,0.3583993622301169,-0.40023640808133615,0.0027248265511330416,-0.010833806542924207,11,0.5454545454545454,1.2067166630090989,0.09951913420176127,-0.024522847501999
lb55_atr10_m2.5_r0.0025_tfnone_rfnone,55,10,2.5,0.0025,none,none,-0.009002583891521532,-0.021545542899968795,25,0.16,0.7286038206983525,-0.13437747599694666,-0.0030873173597238956,-0.009981554837967255,8,0.375,0.7313007780741182,-0.14370380448404277,-0.024559959651511726
lb55_atr20_m3.0_r0.0025_tfnone_rfnone,55,20,3.0,0.0025,none,none,-0.013408096715881834,-0.021902605767362915,24,0.16666666666666666,0.5923383880853252,-0.21157990575223115,-0.0019405483967587234,-0.010377771252881418,8,0.5,0.771733429786315,-0.0939890172699497,-0.025383632577502094
lb30_atr14_m3.0_r0.0025_tfma100_rfadx20,30,14,3.0,0.0025,ma100,adx20,-0.014598364393374474,-0.03038057822537321,26,0.23076923076923078,0.6027279614972616,-0.2129574586062653,-0.0018548868810879249,-0.0096289634468667,8,0.5,0.8022469757893705,-0.09101419528320323,-0.025797387947309233
lb55_atr20_m3.0_r0.0025_tfma100_rfnone,55,20,3.0,0.0025,ma100,none,-0.013455514682977232,-0.021902605767363026,23,0.13043478260869565,0.5908770222797578,-0.22156851413492026,-0.0019405483967587234,-0.010377771252881418,8,0.5,0.771733429786315,-0.0939890172699497,-0.026294318237138795
lb55_atr10_m2.5_r0.0025_tfma100_rfnone,55,10,2.5,0.0025,ma100,none,-0.00979789183662294,-0.021545542899969683,24,0.125,0.7043908527711059,-0.1525668707597931,-0.0030873173597238956,-0.009981554837967255,8,0.375,0.7313007780741182,-0.14370380448404277,-0.026763656431792637
lb55_atr10_m3.0_r0.0025_tfnone_rfnone,55,10,3.0,0.0025,none,none,-0.004910700677013602,-0.01814863775999731,22,0.2727272727272727,0.8005936574982477,-0.08499183397983111,-0.003890238806091628,-0.01055761428687585,8,0.5,0.6189212844320713,-0.18617253840062992,-0.026849860162174454
lb55_atr10_m3.0_r0.0025_tfma100_rfnone,55,10,3.0,0.0025,ma100,none,-0.005249651847245129,-0.01814863775999742,21,0.23809523809523808,0.7867574029789383,-0.0952045329736397,-0.003890238806091628,-0.01055761428687585,8,0.5,0.6189212844320713,-0.18617253840062992,-0.028041280023189657
lb30_atr20_m3.0_r0.0025_tfma100_rfadx20,30,20,3.0,0.0025,ma100,adx20,-0.019871713290350868,-0.029335341258032832,27,0.14814814814814814,0.5164857718995629,-0.2777118460814684,-0.001588742000090848,-0.009990978714678023,8,0.5,0.8200828573469907,-0.07980213237818506,-0.03237359804302057
lb55_atr14_m2.5_r0.0025_tfnone_rfadx20,55,14,2.5,0.0025,none,adx20,-0.008561472293148964,-0.019219820375290575,22,0.22727272727272727,0.6870408618280129,-0.14970455694320142,-0.004155330342798358,-0.008021205356952388,9,0.4444444444444444,0.5262664964917054,-0.1791942544191998,-0.035656471810672136
lb55_atr10_m2.5_r0.005_tfnone_rfnone,55,10,2.5,0.005,none,none,-0.01839469581728992,-0.04266831823319028,25,0.16,0.7225935711332221,-0.13437747599694666,-0.006224602870891216,-0.019854928522125004,8,0.375,0.7295926638637851,-0.14370380448404277,-0.036132598601316915
lb55_atr10_m3.0_r0.005_tfnone_rfnone,55,10,3.0,0.005,none,none,-0.01011641502437055,-0.03600479407485335,22,0.2727272727272727,0.7951614246553074,-0.0849918339798311,-0.007808483798057986,-0.02100002956661351,8,0.5,0.6181516808854929,-0.18617253840063,-0.03663440193488739
lb55_atr14_m2.5_r0.0025_tfma100_rfadx20,55,14,2.5,0.0025,ma100,adx20,-0.00915863057218469,-0.01921982037529102,21,0.19047619047619047,0.6650103539873372,-0.1675818705533028,-0.004155330342798358,-0.008021205356952388,9,0.4444444444444444,0.5262664964917054,-0.1791942544191998,-0.037720778309449234
lb55_atr10_m3.0_r0.005_tfma100_rfnone,55,10,3.0,0.005,ma100,none,-0.010790541360153671,-0.03600479407485313,21,0.23809523809523808,0.7813627256221302,-0.09520453297363965,-0.007808483798057986,-0.02100002956661351,8,0.5,0.6181516808854929,-0.18617253840063,-0.03797625628779636
lb10_atr14_m3.0_r0.005_tfma100_rfadx20,10,14,3.0,0.005,ma100,adx20,-0.05771064802289794,-0.08278679083684304,40,0.225,0.4947747213162461,-0.28200673709334245,0.0009564490040057105,-0.021027444595673073,10,0.5,1.0388067044122284,0.02147364623051656,-0.03823528764348344
lb55_atr20_m3.0_r0.005_tfnone_rfnone,55,20,3.0,0.005,none,none,-0.02695214119886813,-0.0433773823684811,24,0.16666666666666666,0.5890659556654279,-0.21157990575223115,-0.003915684298434141,-0.020629525450866604,8,0.5,0.7703412651281193,-0.09398901726994964,-0.03829820990764383
lb55_atr10_m2.5_r0.005_tfma100_rfnone,55,10,2.5,0.005,ma100,none,-0.01996897334208958,-0.042668318233189506,24,0.125,0.6983684821400025,-0.15256687075979306,-0.006224602870891216,-0.019854928522125004,8,0.375,0.7295926638637851,-0.14370380448404277,-0.03868695896365452
lb55_atr20_m3.0_r0.005_tfma100_rfnone,55,20,3.0,0.005,ma100,none,-0.027045670719448633,-0.04337738236848143,23,0.13043478260869565,0.5876002893643357,-0.22156851413492026,-0.003915684298434141,-0.020629525450866604,8,0.5,0.7703412651281193,-0.09398901726994964,-0.039229690921551874
lb10_atr20_m3.0_r0.005_tfma100_rfadx20,10,20,3.0,0.005,ma100,adx20,-0.06912299337305239,-0.08773970615478588,42,0.19047619047619047,0.45659335163788245,-0.3223487237366702,0.002952690236007083,-0.020415212015672868,10,0.5,1.1392862386701237,0.05540989298468525,-0.03926397524449676
lb20_atr10_m2.5_r0.0025_tfma100_rfadx20,20,10,2.5,0.0025,ma100,adx20,-0.03962491483984587,-0.04940814105654545,39,0.1794871794871795,0.402694533202667,-0.3925832660336097,-6.273751845942144e-05,-0.012022019076033952,9,0.3333333333333333,0.994999351153835,-0.004868124545422268,-0.039419908091212694
lb30_atr14_m3.0_r0.005_tfma100_rfadx20,30,14,3.0,0.005,ma100,adx20,-0.02933782151254083,-0.05991421976965372,26,0.23076923076923078,0.6010241014010317,-0.21295745860626536,-0.003749718278660996,-0.019153845343982567,8,0.5,0.8006943741442871,-0.09101419528320322,-0.04013164629213822
lb30_atr10_m3.0_r0.0025_tfma100_rfadx20,30,10,3.0,0.0025,ma100,adx20,-0.016614587566338268,-0.03369439322967249,27,0.25925925925925924,0.5826181997876958,-0.23756303137306015,-0.0030585420876690916,-0.009731484459296058,8,0.5,0.6809739067784354,-0.14955691584608527,-0.042099445354822664
lb10_atr10_m3.0_r0.005_tfma100_rfadx20,10,10,3.0,0.005,ma100,adx20,-0.060869207970462136,-0.08366551778967113,41,0.21951219512195122,0.49692776582228043,-0.2915618973376979,0.0008646672555780999,-0.022186940716204084,10,0.5,1.0336073383011144,0.00993253953512428,-0.04292189737749221
lb20_atr10_m3.0_r0.0025_tfma100_rfadx20,20,10,3.0,0.0025,ma100,adx20,-0.030223663189180017,-0.04408047842649088,35,0.2,0.4644029177144584,-0.3373855873820583,-0.0016365226392697219,-0.012525796712829163,9,0.4444444444444444,0.8586294172099367,-0.07394940670937518,-0.04384722322638165
lb20_atr14_m3.0_r0.0025_tfma100_rfadx20,20,14,3.0,0.0025,ma100,adx20,-0.029245710977071182,-0.0420499066553327,33,0.21212121212121213,0.43498353072990953,-0.3432158751201728,-0.0018835536583805546,-0.011639330507532186,9,0.4444444444444444,0.834448622035276,-0.08233343049639814,-0.04568123364182417
lb30_atr10_m2.5_r0.0025_tfma100_rfadx20,30,10,2.5,0.0025,ma100,adx20,-0.025089089933966524,-0.037468670989993735,31,0.16129032258064516,0.48721100504094605,-0.30741307493346737,-0.0024879264084939345,-0.009386309027662909,8,0.375,0.7682510356769016,-0.11850264357890156,-0.046403217170368466
lb55_atr14_m2.5_r0.005_tfnone_rfadx20,55,14,2.5,0.005,none,adx20,-0.01727990421798209,-0.03812278985624973,22,0.22727272727272727,0.6843283423364486,-0.14970455694320145,-0.0083198811573435,-0.01599688110302422,9,0.4444444444444444,0.5259093213623566,-0.17919425441919984,-0.046625806915843566
lb30_atr14_m3.0_r0.0025_tfnone_rfadx20,30,14,3.0,0.0025,none,adx20,-0.0169379463759165,-0.03214854279928514,30,0.3,0.6152371369880177,-0.2151573593292792,-0.0045520135102858905,-0.01230508344221204,10,0.4,0.6229041926627574,-0.1807103532891226,-0.047410880642191115
lb30_atr20_m3.0_r0.005_tfma100_rfadx20,30,20,3.0,0.005,ma100,adx20,-0.03969337222223668,-0.05789520579851204,27,0.14814814814814814,0.5148396288757154,-0.2777118460814684,-0.0032158926257382925,-0.019866131534393983,8,0.5,0.8184774866132901,-0.07980213237818497,-0.04880278740632607
lb55_atr14_m2.5_r0.005_tfma100_rfadx20,55,14,2.5,0.005,ma100,adx20,-0.018463005691972567,-0.03812278985625006,21,0.19047619047619047,0.6623087343732477,-0.16758187055330284,-0.0083198811573435,-0.01599688110302422,9,0.4444444444444444,0.5259093213623566,-0.17919425441919984,-0.04895367340363681
lb20_atr20_m3.0_r0.0025_tfma100_rfadx20,20,20,3.0,0.0025,ma100,adx20,-0.03522949879295734,-0.04206530550812826,35,0.17142857142857143,0.4030307961595704,-0.3898107739358126,-0.0016526862992335412,-0.011361476195071218,9,0.4444444444444444,0.8416835006709112,-0.0735304095863621,-0.0510178611576749
lb10_atr14_m3.0_r0.0025_tfnone_rfadx20,10,14,3.0,0.0025,none,adx20,-0.04117272825530616,-0.05409006299062591,59,0.2711864406779661,0.5118065523311003,-0.27711311827874935,-0.004569026075659344,-0.01673512336574734,18,0.3333333333333333,0.7849823323847894,-0.10106255065676023,-0.052953371000416506
lb10_atr10_m2.5_r0.005_tfma100_rfadx20,10,10,2.5,0.005,ma100,adx20,-0.1014651629741602,-0.11579805855148328,50,0.18,0.35590835329157416,-0.40023640808133615,0.006893127108499542,-0.021554901911042035,11,0.5454545454545454,1.275742210626273,0.09951913420176138,-0.05391892170533276
lb10_atr10_m3.0_r0.0025_tfnone_rfadx20,10,10,3.0,0.0025,none,adx20,-0.041701485185015374,-0.05776483715212399,61,0.26229508196721313,0.5433069132603983,-0.2750676061901891,-0.005681171006489127,-0.016793105009584752,19,0.3157894736842105,0.7561480067690709,-0.11985539267292455,-0.05743890502037605
lb30_atr20_m3.0_r0.0025_tfnone_rfadx20,30,20,3.0,0.0025,none,adx20,-0.02201690500224507,-0.03095887870713776,31,0.22580645161290322,0.5458000506639011,-0.26917421791155344,-0.00486346667981441,-0.013238144598651136,10,0.4,0.5980913811744756,-0.19275365802964772,-0.057840205571762233
lb30_atr10_m3.0_r0.005_tfma100_rfadx20,30,10,3.0,0.005,ma100,adx20,-0.033322166762413064,-0.06633315400593509,27,0.25925925925925924,0.5815186224118437,-0.23756303137306004,-0.006147998639176033,-0.01936162115966278,8,0.5,0.6799704972928382,-0.14955691584608527,-0.05842143119457283
lb30_atr10_m3.0_r0.0025_tfnone_rfadx20,30,10,3.0,0.0025,none,adx20,-0.01645790218087717,-0.03376574282682121,31,0.2903225806451613,0.6416236437328002,-0.20577292377836542,-0.006235811450880369,-0.012887487041803647,10,0.4,0.5112935975843887,-0.2455765529494634,-0.06011775017880764
lb30_atr10_m2.5_r0.0025_tfnone_rfadx20,30,10,2.5,0.0025,none,adx20,-0.025519226807671602,-0.03826139900024739,35,0.22857142857142856,0.5489110028416928,-0.27757507082226685,-0.0054685594203273125,-0.012346329209328877,10,0.3,0.6010999350070462,-0.21278221274933856,-0.06443791520533308
lb10_atr10_m2.5_r0.0025_tfnone_rfadx20,10,10,2.5,0.0025,none,adx20,-0.0719381206576124,-0.07893973029245516,73,0.2054794520547945,0.38691597562623126,-0.39046176057785686,-0.0014645719927219858,-0.014239034139487683,20,0.4,0.9368723718119129,-0.030935700578991955,-0.06479220640937412
lb30_atr14_m3.0_r0.005_tfnone_rfadx20,30,14,3.0,0.005,none,adx20,-0.03419009706993381,-0.06335923019193612,30,0.3,0.6113574203455511,-0.21515735932927912,-0.009129426702868981,-0.024450372148409505,10,0.4,0.6222948108233597,-0.18071035328912263,-0.06527181697961623
lb20_atr10_m2.5_r0.0025_tfnone_rfadx20,20,10,2.5,0.0025,none,adx20,-0.0453873282098215,-0.05672064968513768,47,0.2127659574468085,0.43688687889834005,-0.3769749967227401,-0.0040100159558843496,-0.015922087937427998,14,0.2857142857142857,0.7891014211275786,-0.11288037937365136,-0.06606402421084435
lb30_atr10_m2.5_r0.005_tfma100_rfadx20,30,10,2.5,0.005,ma100,adx20,-0.050010459443198485,-0.07361963464942756,31,0.16129032258064516,0.4855040807083383,-0.30741307493346737,-0.005024678692459261,-0.01867146214427462,8,0.375,0.7664104963239806,-0.1185026435789015,-0.06654213515121787
lb20_atr10_m2.5_r0.005_tfma100_rfadx20,20,10,2.5,0.005,ma100,adx20,-0.07817832720220086,-0.09649920322697247,39,0.1794871794871795,0.4024164912723519,-0.39258326603360977,-0.00024365519785995993,-0.023845711343713383,9,0.3333333333333333,0.9903345656174682,-0.004868124545422366,-0.06662923982962664
lb20_atr10_m3.0_r0.005_tfma100_rfadx20,20,10,3.0,0.005,ma100,adx20,-0.059941413347527006,-0.08633416695758189,35,0.2,0.4650090813497151,-0.33738558738205837,-0.0033516947470536573,-0.02485685599746057,9,0.4444444444444444,0.8558151887228143,-0.07394940670937533,-0.06733366000260459
lb20_atr14_m3.0_r0.005_tfma100_rfadx20,20,14,3.0,0.005,ma100,adx20,-0.058016360262591604,-0.0824332246064381,33,0.21212121212121213,0.43550760268681743,-0.3432158751201729,-0.0038310820728391093,-0.023124095466144245,9,0.4444444444444444,0.8322854471625772,-0.08233343049639814,-0.06837554900512455
lb55_atr14_m2.5_r0.0025_tfnone_rfnone,55,14,2.5,0.0025,none,none,-0.008312726469944187,-0.019147345252709447,25,0.24,0.7324698645556669,-0.1267527546405335,-0.010035617923575102,-0.013878665625873032,11,0.36363636363636365,0.31482725104524206,-0.35025851745136544,-0.07007178660195053
lb20_atr10_m3.0_r0.0025_tfnone_rfadx20,20,10,3.0,0.0025,none,adx20,-0.03455931391385536,-0.05105570906093526,43,0.20930232558139536,0.5038692752696108,-0.31901299418347767,-0.006400625636606705,-0.01723793704884169,14,0.2857142857142857,0.6496552530277012,-0.1810459883321491,-0.07007640353325581
lb55_atr14_m2.5_r0.0025_tfma100_rfnone,55,14,2.5,0.0025,ma100,none,-0.008910034572315761,-0.019147345252709558,24,0.20833333333333334,0.7130737586830806,-0.1414390789534277,-0.010035617923575102,-0.013878665625873032,11,0.36363636363636365,0.31482725104524206,-0.35025851745136544,-0.07170982611658384
lb55_atr20_m2.5_r0.0025_tfnone_rfadx20,55,20,2.5,0.0025,none,adx20,-0.015429492778208487,-0.02346000798005332,24,0.16666666666666666,0.5128055192893597,-0.24231912264674052,-0.006984123504398254,-0.008929632589448233,9,0.3333333333333333,0.2782158068211781,-0.293587543308712,-0.07449187810178111
lb10_atr20_m3.0_r0.0025_tfnone_rfadx20,10,20,3.0,0.0025,none,adx20,-0.04976845763178095,-0.05783618935754398,61,0.21311475409836064,0.46145422416304643,-0.32145102450282564,-0.007280423704204675,-0.019412744427706352,18,0.3333333333333333,0.6742790983314861,-0.15928993032199246,-0.07556228558301886
lb20_atr20_m3.0_r0.005_tfma100_rfadx20,20,20,3.0,0.005,ma100,adx20,-0.06960267895585115,-0.08248596872839786,35,0.17142857142857143,0.40316831749572823,-0.38981077393581265,-0.0033620260710384153,-0.022575550990727167,9,0.4444444444444444,0.8396013874163231,-0.0735304095863621,-0.07603963863761293
lb55_atr20_m2.5_r0.0025_tfma100_rfadx20,55,20,2.5,0.0025,ma100,adx20,-0.0160477760437161,-0.023460007980053432,23,0.13043478260869565,0.4929644903527686,-0.2630625327469799,-0.006984123504398254,-0.008929632589448233,9,0.3333333333333333,0.2782158068211781,-0.293587543308712,-0.0767934847588647
lb30_atr20_m3.0_r0.005_tfnone_rfadx20,30,20,3.0,0.005,none,adx20,-0.04405949323113634,-0.06106286942001038,31,0.22580645161290322,0.5430013452655665,-0.26917421791155344,-0.009749090303451946,-0.02629019895875928,10,0.4,0.5976862453131484,-0.19275365802964767,-0.07809184265717262
lb30_atr10_m3.0_r0.005_tfnone_rfadx20,30,10,3.0,0.005,none,adx20,-0.03306564127158118,-0.06648600520092962,31,0.2903225806451613,0.6400376149961752,-0.2057729237783654,-0.0124771418418832,-0.025606616109869362,10,0.4,0.5111148484797333,-0.24557655294946334,-0.07893191368402361
lb20_atr14_m3.0_r0.0025_tfnone_rfadx20,20,14,3.0,0.0025,none,adx20,-0.03735332074042874,-0.0504836326657796,41,0.24390243902439024,0.43215003975379795,-0.3567634413748421,-0.007322724327129548,-0.017025337704741128,14,0.2857142857142857,0.6090042614097493,-0.20592364356078283,-0.08059702377357694
lb55_atr14_m2.5_r0.005_tfnone_rfnone,55,14,2.5,0.005,none,none,-0.01681177359748276,-0.03798437246145503,25,0.24,0.7295119824468917,-0.12675275464053354,-0.02001398635861351,-0.027600457470158046,11,0.36363636363636365,0.3151444642358282,-0.3502585174513655,-0.08591004650377819
lb10_atr14_m3.0_r0.005_tfnone_rfadx20,10,14,3.0,0.005,none,adx20,-0.08411679437266883,-0.1054352450954632,59,0.2711864406779661,0.493477579846891,-0.27711311827874935,-0.009241600812425976,-0.03321252772759231,18,0.3333333333333333,0.7832649410936702,-0.10106255065676018,-0.08654651082846929
lb30_atr10_m2.5_r0.005_tfnone_rfadx20,30,10,2.5,0.005,none,adx20,-0.05144743419163855,-0.07516996210863114,35,0.22857142857142856,0.542035818623379,-0.27757507082226685,-0.010965597384627879,-0.024530896975325622,10,0.3,0.6001420099712926,-0.21278221274933853,-0.08755503483530587
lb55_atr14_m2.5_r0.005_tfma100_rfnone,55,14,2.5,0.005,ma100,none,-0.017995438656190466,-0.037984372461454474,24,0.20833333333333334,0.710118767069349,-0.1414390789534277,-0.02001398635861351,-0.027600457470158046,11,0.36363636363636365,0.3151444642358282,-0.3502585174513655,-0.08769464490729748
lb55_atr20_m2.5_r0.005_tfnone_rfadx20,55,20,2.5,0.005,none,adx20,-0.030839662853698657,-0.04641864543898955,24,0.16666666666666666,0.5115800869861277,-0.24231912264674058,-0.013942694808192546,-0.017790664185528993,9,0.3333333333333333,0.27736566124421846,-0.29358754330871195,-0.09080119119000526
lb20_atr20_m3.0_r0.0025_tfnone_rfadx20,20,20,3.0,0.0025,none,adx20,-0.04262055230534412,-0.05013760240820586,43,0.20930232558139536,0.41532250921597397,-0.38850509841318304,-0.008193288538898003,-0.017838471980282766,14,0.2857142857142857,0.5612429393088094,-0.22990314034298479,-0.0913911570394201
lb55_atr20_m2.5_r0.005_tfma100_rfadx20,55,20,2.5,0.005,ma100,adx20,-0.03205611116053542,-0.04641864543898977,23,0.13043478260869565,0.4916766894968192,-0.2630625327469799,-0.013942694808192546,-0.017790664185528993,9,0.3333333333333333,0.27736566124421846,-0.29358754330871195,-0.09337262698549052
lb30_atr14_m2.5_r0.0025_tfma100_rfadx20,30,14,2.5,0.0025,ma100,adx20,-0.02483837302904368,-0.033075149225000544,29,0.20689655172413793,0.44199006708815847,-0.3266712080454929,-0.009095433556686738,-0.012942131060367679,11,0.36363636363636365,0.3423218676920909,-0.31965048677914354,-0.09338599396761306
lb10_atr10_m3.0_r0.005_tfnone_rfadx20,10,10,3.0,0.005,none,adx20,-0.09025140286099798,-0.11239219322663241,61,0.26229508196721313,0.4960893900826778,-0.2750676061901891,-0.011476584846607185,-0.03330996088434901,19,0.3157894736842105,0.7542502178025052,-0.11985539267292453,-0.09494884884271712
lb55_atr20_m2.5_r0.0025_tfnone_rfnone,55,20,2.5,0.0025,none,none,-0.014538473958075393,-0.021936933539565606,27,0.2222222222222222,0.5835484678488225,-0.2014390242250911,-0.01222245025152413,-0.013629103592024072,11,0.2727272727272727,0.18040010015306984,-0.42328995711471684,-0.0966448703343771
lb55_atr20_m2.5_r0.0025_tfma100_rfnone,55,20,2.5,0.0025,ma100,none,-0.015157316758955486,-0.021936933539565717,26,0.19230769230769232,0.5655490225357654,-0.2182166524513932,-0.01222245025152413,-0.013629103592024072,11,0.2727272727272727,0.18040010015306984,-0.42328995711471684,-0.0985803862403617
lb20_atr14_m2.5_r0.0025_tfma100_rfadx20,20,14,2.5,0.0025,ma100,adx20,-0.039391357604448674,-0.04591846060571281,38,0.23684210526315788,0.3728709459181628,-0.402462064350796,-0.008580245867976899,-0.013388416235897482,12,0.3333333333333333,0.4501170205517468,-0.2767296139165441,-0.09984638491475564
lb20_atr10_m2.5_r0.005_tfnone_rfadx20,20,10,2.5,0.005,none,adx20,-0.09152747537824069,-0.11038526846192209,47,0.2127659574468085,0.42210263974398576,-0.3769749967227401,-0.008146475428157718,-0.0315619633088976,14,0.2857142857142857,0.7863147733250131,-0.11288037937365147,-0.10089113151498602
lb20_atr10_m3.0_r0.005_tfnone_rfadx20,20,10,3.0,0.005,none,adx20,-0.07209554065335488,-0.09964884115859252,43,0.20930232558139536,0.47667487159407096,-0.3190129941834776,-0.012860049400635787,-0.03416004429599684,14,0.2857142857142857,0.648509199255121,-0.1810459883321492,-0.10203106430133743
lb30_atr14_m2.5_r0.0025_tfnone_rfadx20,30,14,2.5,0.0025,none,adx20,-0.02894373052112531,-0.037610975543515224,34,0.23529411764705882,0.46532604064291205,-0.3272651867699759,-0.011651620162833054,-0.015488394534691086,13,0.3076923076923077,0.2885514449028476,-0.3497458173497069,-0.10368231153852053
lb10_atr20_m3.0_r0.0025_tfma100_rfnone,10,20,3.0,0.0025,ma100,none,-0.043396672950100856,-0.04753071840889145,47,0.1702127659574468,0.40587993044462145,-0.3582687447848222,-0.011931597284656426,-0.023238868253551814,15,0.3333333333333333,0.5021064631620029,-0.3002226346886884,-0.1048691656615309
lb10_atr14_m2.5_r0.0025_tfma100_rfadx20,10,14,2.5,0.0025,ma100,adx20,-0.04850891470314689,-0.05593589238424912,49,0.22448979591836735,0.3655940758344083,-0.3850864314246224,-0.011001780777573966,-0.017885287128355798,15,0.26666666666666666,0.49072744290563436,-0.28272583210401014,-0.10659127816488413
lb30_atr14_m3.0_r0.0025_tfma100_rfnone,30,14,3.0,0.0025,ma100,none,-0.01683349214964225,-0.02694926731271874,29,0.20689655172413793,0.6051371054739738,-0.22044052585033833,-0.014894739197920281,-0.021125671416936553,12,0.3333333333333333,0.3348127937686888,-0.4637399893257812,-0.10679625520975719
lb10_atr14_m3.0_r0.0025_tfma100_rfnone,10,14,3.0,0.0025,ma100,none,-0.036539746296729514,-0.04407386190744389,44,0.20454545454545456,0.4339170017772825,-0.3217186460584175,-0.014236616240695832,-0.02429715472931826,15,0.3333333333333333,0.4726844558729292,-0.3552137653431478,-0.10885976865276534
lb10_atr20_m2.5_r0.0025_tfma100_rfadx20,10,20,2.5,0.0025,ma100,adx20,-0.052169224348261545,-0.05745907003223916,51,0.19607843137254902,0.3496430070404429,-0.39764793943191024,-0.011607631931409235,-0.015806911920921207,16,0.375,0.35498029449426305,-0.27966500567114067,-0.1116608062282355
lb55_atr20_m2.0_r0.0025_tfnone_rfadx20,55,20,2.0,0.0025,none,adx20,-0.03243028756531008,-0.03658935248814443,29,0.20689655172413793,0.2649086567052129,-0.42293245370025223,-0.009813404633194911,-0.01180395364025777,11,0.18181818181818182,0.2900118337580124,-0.3383287374632932,-0.11173077713032523
lb10_atr10_m2.5_r0.005_tfnone_rfadx20,10,10,2.5,0.005,none,adx20,-0.14467170716707278,-0.1515254098148795,73,0.2054794520547945,0.3600470083393919,-0.39046176057785686,-0.003119274001979644,-0.028282745568811385,20,0.4,0.9330773936745537,-0.03093570057899202,-0.11260189277867691
lb20_atr14_m3.0_r0.005_tfnone_rfadx20,20,14,3.0,0.005,none,adx20,-0.0751194574309384,-0.09855231500530404,41,0.24390243902439024,0.42231332020883444,-0.3567634413748421,-0.014681669566179445,-0.033764537344552314,14,0.2857142857142857,0.6082617999984786,-0.2059236435607829,-0.11283877615240996
lb20_atr14_m2.5_r0.0025_tfnone_rfadx20,20,14,2.5,0.0025,none,adx20,-0.048445347643548464,-0.05673878612530603,47,0.23404255319148937,0.38530466452258194,-0.405558495943964,-0.013088596888389814,-0.01787490273354475,17,0.29411764705882354,0.41851666986540487,-0.2998984107491944,-0.11360312559845412
lb10_atr20_m3.0_r0.005_tfnone_rfadx20,10,20,3.0,0.005,none,adx20,-0.09781400320242162,-0.11252125080123165,61,0.21311475409836064,0.460465542799585,-0.32145102450282564,-0.014620902322500018,-0.03846594404118042,18,0.3333333333333333,0.6736255387332112,-0.15928993032199246,-0.11385291039797185
lb20_atr14_m3.0_r0.0025_tfma100_rfnone,20,14,3.0,0.0025,ma100,none,-0.030450920317844132,-0.037670618547261614,36,0.19444444444444445,0.462032686634339,-0.3275518549895128,-0.014161467891461776,-0.020397038156776848,13,0.3076923076923077,0.4004517651521885,-0.40630765761639387,-0.11409446704483057
lb55_atr20_m2.0_r0.0025_tfma100_rfadx20,55,20,2.0,0.0025,ma100,adx20,-0.03340579281742018,-0.03639031044444052,28,0.17857142857142858,0.24203287557840922,-0.45128594984827686,-0.009813404633194911,-0.01180395364025777,11,0.18181818181818182,0.2900118337580124,-0.3383287374632932,-0.1148630152224398
lb30_atr20_m3.0_r0.0025_tfma100_rfnone,30,20,3.0,0.0025,ma100,none,-0.027338973298636104,-0.03102204079858284,31,0.12903225806451613,0.44040337968623056,-0.3342759030585809,-0.013521660131685098,-0.020126836844942098,12,0.3333333333333333,0.34801066031613836,-0.4211544370438826,-0.11559180852268623
lb20_atr10_m3.0_r0.0025_tfma100_rfnone,20,10,3.0,0.0025,ma100,none,-0.033094649100881446,-0.04133813637400119,38,0.18421052631578946,0.47114359494678965,-0.3395637229131175,-0.013901780618426063,-0.021057685876737287,13,0.3076923076923077,0.4160094106703054,-0.40118013507877703,-0.11564531530602964
lb20_atr10_m2.5_r0.0025_tfma100_rfnone,20,10,2.5,0.0025,ma100,none,-0.04182902966388413,-0.04588824257495072,42,0.19047619047619047,0.4120434752776945,-0.38403547001239874,-0.012752209420705207,-0.020727907748012364,13,0.23076923076923078,0.4936202641852931,-0.3590416649948164,-0.11564571105082556
lb55_atr20_m2.5_r0.005_tfnone_rfnone,55,20,2.5,0.005,none,none,-0.029110893357527035,-0.043460245770281514,27,0.2222222222222222,0.5818563946234419,-0.20143902422509113,-0.024332557446625325,-0.02710742154776835,11,0.2727272727272727,0.18008404065564768,-0.42328995711471684,-0.11640457433129597
lb30_atr14_m3.0_r0.0025_tfnone_rfnone,30,14,3.0,0.0025,none,none,-0.022497795980229274,-0.029045231389511428,35,0.2571428571428571,0.5764095758831841,-0.24579594875646307,-0.01755663033634447,-0.023770725711707685,14,0.2857142857142857,0.29908183051227355,-0.47456213160964106,-0.11676597161666266
lb30_atr14_m2.5_r0.005_tfma100_rfadx20,30,14,2.5,0.005,ma100,adx20,-0.04858490126100257,-0.06515208976958065,29,0.20689655172413793,0.4455548362710699,-0.3266712080454929,-0.01814788451173832,-0.025748801878183847,11,0.36363636363636365,0.3425908681558589,-0.3196504867791436,-0.1168286102006823
lb30_atr20_m2.5_r0.0025_tfma100_rfadx20,30,20,2.5,0.0025,ma100,adx20,-0.03129726222775464,-0.03779319653113922,31,0.1935483870967742,0.35589961021752703,-0.3839118013240795,-0.011180416920205771,-0.012588554177470956,11,0.2727272727272727,0.23296823440112688,-0.389201875305297,-0.1173548297839664
lb10_atr14_m2.5_r0.0025_tfnone_rfadx20,10,14,2.5,0.0025,none,adx20,-0.06453420322678816,-0.07064809042947373,71,0.2535211267605634,0.38769380631254563,-0.36180711602341353,-0.017044432287327216,-0.024036164066134513,24,0.20833333333333334,0.4776024395703385,-0.27748937454307837,-0.11792107800480152
lb55_atr20_m2.5_r0.005_tfma100_rfnone,55,20,2.5,0.005,ma100,none,-0.030329511541364318,-0.04346024577028096,26,0.19230769230769232,0.5638048901941178,-0.21821665245139327,-0.024332557446625325,-0.02710742154776835,11,0.2727272727272727,0.18008404065564768,-0.42328995711471684,-0.11861053578033201
lb55_atr14_m2.0_r0.0025_tfnone_rfadx20,55,14,2.0,0.0025,none,adx20,-0.02903455265632604,-0.033659900138134136,28,0.21428571428571427,0.2903466339357223,-0.39323558835033046,-0.0120477543089893,-0.01406844206931801,12,0.08333333333333333,0.1369534819949841,-0.3814824339477915,-0.11874177146459508
lb10_atr10_m3.0_r0.0025_tfma100_rfnone,10,10,3.0,0.0025,ma100,none,-0.03716123726046905,-0.0434964912512904,45,0.2,0.4589023780882304,-0.32087237678669017,-0.017420734424237194,-0.026256171250922833,16,0.3125,0.4318878593100121,-0.4063052558668296,-0.12008072282168566
lb20_atr20_m3.0_r0.0025_tfma100_rfnone,20,20,3.0,0.0025,ma100,none,-0.04167633309583885,-0.04398610194756736,39,0.15384615384615385,0.3660029597519102,-0.41402408722144596,-0.012708520762894526,-0.019318328690620556,13,0.3076923076923077,0.40794207590177434,-0.3645966879806179,-0.12060102391618752
lb30_atr10_m3.0_r0.0025_tfma100_rfnone,30,10,3.0,0.0025,ma100,none,-0.020190826885551183,-0.03157949072045019,30,0.23333333333333334,0.5674436707503135,-0.2591604138845863,-0.01600495647408029,-0.022048742746602512,12,0.3333333333333333,0.2889698126845869,-0.5016269555131697,-0.12064024656978549
lb55_atr14_m2.0_r0.0025_tfma100_rfadx20,55,14,2.0,0.0025,ma100,adx20,-0.030342566060799325,-0.03365990013813369,27,0.18518518518518517,0.25737617508683125,-0.42621832036328866,-0.0120477543089893,-0.01406844206931801,12,0.08333333333333333,0.1369534819949841,-0.3814824339477915,-0.12256255636565519
lb10_atr10_m2.5_r0.0025_tfma100_rfnone,10,10,2.5,0.0025,ma100,none,-0.05643131842298954,-0.0612660282529347,55,0.18181818181818182,0.35809150516611576,-0.39816589282287973,-0.015411029594007308,-0.024735954400776583,17,0.35294117647058826,0.5069433120193846,-0.32859890942750114,-0.12347023468201078
lb30_atr20_m3.0_r0.0025_tfnone_rfnone,30,20,3.0,0.0025,none,none,-0.032262872302375345,-0.03244844363323185,37,0.1891891891891892,0.4522161803451748,-0.3324171851632968,-0.016757245607804894,-0.02334075776647715,14,0.2857142857142857,0.3009221500959996,-0.45306948327125623,-0.1264401996611694
lb20_atr20_m3.0_r0.005_tfnone_rfadx20,20,20,3.0,0.005,none,adx20,-0.08566028103573076,-0.09791648141982101,43,0.20930232558139536,0.40290772954450044,-0.38850509841318315,-0.016401513854759187,-0.035363659105976275,14,0.2857142857142857,0.5609547245647704,-0.22990314034298479,-0.12665512598018344
lb55_atr10_m2.0_r0.0025_tfnone_rfadx20,55,10,2.0,0.0025,none,adx20,-0.03621559902191218,-0.03992873867697466,30,0.16666666666666666,0.20789626233302647,-0.46008579124080856,-0.010628585235305521,-0.012572209392647693,11,0.09090909090909091,0.10803587545290236,-0.36902756749138366,-0.12693641542123557
lb30_atr20_m2.5_r0.0025_tfnone_rfadx20,30,20,2.5,0.0025,none,adx20,-0.03523627714474631,-0.04219036021184974,36,0.19444444444444445,0.3943818126866314,-0.3748476947244162,-0.014223017442617003,-0.015626821857746,13,0.23076923076923078,0.19243188864804223,-0.4220185518567182,-0.12713236552450477
lb20_atr10_m2.5_r0.0025_tfnone_rfnone,20,10,2.5,0.0025,none,none,-0.04958845480305585,-0.05288634190847685,52,0.21153846153846154,0.43185041478197134,-0.37121689506124855,-0.01894778669427777,-0.026873432688453325,19,0.21052631578947367,0.4404676407229718,-0.37458253783334916,-0.12735486007588237
lb30_atr10_m3.0_r0.0025_tfnone_rfnone,30,10,3.0,0.0025,none,none,-0.02344631322034707,-0.032055335747043445,36,0.25,0.581872938457731,-0.2516902943257805,-0.019140965394698117,-0.025165490017693082,14,0.2857142857142857,0.25350237247536783,-0.5199166906345706,-0.1275655471899741
lb55_atr20_m2.0_r0.0025_tfnone_rfnone,55,20,2.0,0.0025,none,none,-0.030042044964401993,-0.034211375665403,33,0.24242424242424243,0.3751890838326916,-0.3425176025774922,-0.01559513048524963,-0.017574056623746337,13,0.15384615384615385,0.20430338610109108,-0.45593841297800175,-0.12759197024143998
lb30_atr10_m2.5_r0.0025_tfma100_rfnone,30,10,2.5,0.0025,ma100,none,-0.028247844261949928,-0.034819610990808214,34,0.17647058823529413,0.48359077431619113,-0.3150888541506501,-0.016034272265186167,-0.020949236926994574,12,0.25,0.3386881248296925,-0.4929165901585526,-0.12783902587790927
lb20_atr10_m3.0_r0.0025_tfnone_rfnone,20,10,3.0,0.0025,none,none,-0.04010813217602838,-0.04862518241127711,48,0.1875,0.4880822726248731,-0.33031706416777906,-0.02096294086609496,-0.028067604784798417,19,0.21052631578947367,0.3602801816918209,-0.4222386702887298,-0.12904957936823896
lb30_atr14_m3.0_r0.005_tfma100_rfnone,30,14,3.0,0.005,ma100,none,-0.03377013316542676,-0.053264847599825305,29,0.20689655172413793,0.6026191082460847,-0.22044052585033833,-0.02739831303864848,-0.039634691141016365,12,0.3333333333333333,0.35329892526137213,-0.4637399893257812,-0.1294571950545019
lb55_atr20_m2.0_r0.0025_tfma100_rfnone,55,20,2.0,0.0025,ma100,none,-0.0310199580463264,-0.03387219837513522,32,0.21875,0.35419946554572335,-0.3648139476094274,-0.01559513048524963,-0.017574056623746337,13,0.15384615384615385,0.20430338610109108,-0.45593841297800175,-0.13015586748997598
lb55_atr10_m2.0_r0.0025_tfma100_rfadx20,55,10,2.0,0.0025,ma100,adx20,-0.037656067726913656,-0.039127646757157186,29,0.13793103448275862,0.17515767734356774,-0.4950847481843618,-0.010628585235305521,-0.012572209392647693,11,0.09090909090909091,0.10803587545290236,-0.36902756749138366,-0.13087863734466204
lb20_atr14_m2.5_r0.005_tfma100_rfadx20,20,14,2.5,0.005,ma100,adx20,-0.0768480849850629,-0.08981793401339289,38,0.23684210526315788,0.37563419049621777,-0.402462064350796,-0.01713998214986645,-0.026625856628338718,12,0.3333333333333333,0.4503498310318732,-0.27672961391654416,-0.13096387409774918
lb10_atr14_m3.0_r0.0025_tfnone_rfnone,10,14,3.0,0.0025,none,none,-0.05386084166278782,-0.05623167836308751,66,0.24242424242424243,0.4403313837159375,-0.3229565484931875,-0.024120542892253627,-0.03604768272372272,25,0.24,0.40765270064853465,-0.3727069203619351,-0.13099937517829877
lb30_atr14_m2.5_r0.005_tfnone_rfadx20,30,14,2.5,0.005,none,adx20,-0.05783295363173824,-0.07392548369290797,34,0.23529411764705882,0.45698835508335417,-0.3272651867699759,-0.02320972574846969,-0.030771457339017205,13,0.3076923076923077,0.2887695593833415,-0.3497458173497069,-0.13218033994644202
lb20_atr20_m2.5_r0.0025_tfma100_rfadx20,20,20,2.5,0.0025,ma100,adx20,-0.04500400222209433,-0.04929580039473325,40,0.2,0.33332096534606415,-0.43619232220784515,-0.01319477954812498,-0.01460004823450567,13,0.23076923076923078,0.20468304192085773,-0.39001868377196,-0.13226002920018484
lb30_atr10_m2.5_r0.0025_tfnone_rfnone,30,10,2.5,0.0025,none,none,-0.031688149852673875,-0.0355389469384817,40,0.225,0.5141531902194013,-0.3014316481936717,-0.018974427886600753,-0.023874706304191418,14,0.21428571428571427,0.30188235607769426,-0.5067714329117717,-0.1333187916061013
lb55_atr14_m2.0_r0.0025_tfnone_rfnone,55,14,2.0,0.0025,none,none,-0.027484462366229256,-0.031523708331435585,32,0.25,0.38688837865055725,-0.32420650546134067,-0.018101586013149484,-0.02010989169359423,14,0.07142857142857142,0.09552656546033371,-0.4908550765730751,-0.1341726945474555
lb20_atr14_m3.0_r0.0025_tfnone_rfnone,20,14,3.0,0.0025,none,none,-0.04085581556366147,-0.04598289241170672,46,0.21739130434782608,0.43890613170040904,-0.3477250406551954,-0.021725777302805005,-0.027913502224986453,19,0.21052631578947367,0.34303597588912776,-0.4372291749337445,-0.1342073761076966
lb10_atr20_m3.0_r0.0025_tfnone_rfnone,10,20,3.0,0.0025,none,none,-0.06249946902204229,-0.06543882405462487,69,0.18840579710144928,0.40573114550172634,-0.35814497497913217,-0.02212068516161514,-0.034107874425398976,24,0.25,0.40450435420464054,-0.3576806676962218,-0.13563340249361008
lb10_atr10_m3.0_r0.0025_tfnone_rfnone,10,10,3.0,0.0025,none,none,-0.05123193354917155,-0.05672746405192497,67,0.23880597014925373,0.4960346399746606,-0.3050617048622649,-0.02833926483063587,-0.037076521297705,27,0.2222222222222222,0.3817411988834778,-0.4046206310115664,-0.1360141408755157
lb55_atr14_m2.0_r0.0025_tfma100_rfnone,55,14,2.0,0.0025,ma100,none,-0.02879456393860136,-0.03152370833143603,31,0.22580645161290322,0.3567967173154343,-0.35070665647620775,-0.018101586013149484,-0.02010989169359423,14,0.07142857142857142,0.09552656546033371,-0.4908550765730751,-0.13739696591284267
lb55_atr20_m2.0_r0.005_tfnone_rfadx20,55,20,2.0,0.005,none,adx20,-0.0630286046122015,-0.07112297066684492,29,0.20689655172413793,0.26900850797454573,-0.4229324537002523,-0.019573435416226248,-0.023500198169359,11,0.18181818181818182,0.2894670295923035,-0.33832873746329317,-0.13871134209758132
lb10_atr20_m2.5_r0.0025_tfnone_rfadx20,10,20,2.5,0.0025,none,adx20,-0.06806212221816876,-0.07107451083085947,72,0.20833333333333334,0.3584386524546257,-0.37377033145721084,-0.022561066494682258,-0.02671380976450277,25,0.32,0.3132508921000657,-0.3502776063109193,-0.13968558040664772
lb10_atr20_m3.0_r0.005_tfma100_rfnone,10,20,3.0,0.005,ma100,none,-0.08531643842002734,-0.09293664718385908,47,0.1702127659574468,0.40547787749162556,-0.3582687447848222,-0.02263328523824626,-0.04478151466014013,15,0.3333333333333333,0.5157229272796686,-0.30022263468868843,-0.14131560709739266
lb30_atr20_m3.0_r0.005_tfma100_rfnone,30,20,3.0,0.005,ma100,none,-0.054293297940644414,-0.06117200448993321,31,0.12903225806451613,0.4387665776475132,-0.33427590305858085,-0.02454402390666721,-0.03753141174721264,12,0.3333333333333333,0.37005076522843755,-0.4211544370438825,-0.1421171434548262
lb55_atr20_m2.0_r0.005_tfma100_rfadx20,55,20,2.0,0.005,ma100,adx20,-0.06491601368838473,-0.0711229706668447,28,0.17857142857142858,0.24559912054135213,-0.45128594984827686,-0.019573435416226248,-0.023500198169359,11,0.18181818181818182,0.2894670295923035,-0.33832873746329317,-0.1422874056628644
lb20_atr20_m2.5_r0.0025_tfnone_rfadx20,20,20,2.5,0.0025,none,adx20,-0.053293407077978916,-0.05969708990085054,49,0.1836734693877551,0.35948787568067425,-0.4277584800534858,-0.018760686154746686,-0.020158028662684457,18,0.2222222222222222,0.22599480133367705,-0.40295979908873114,-0.14262740364456325
lb20_atr20_m3.0_r0.0025_tfnone_rfnone,20,20,3.0,0.0025,none,none,-0.05054992735281305,-0.051382025320425795,49,0.1836734693877551,0.375854195756009,-0.40438672866499487,-0.021058567444359744,-0.027612472727413184,19,0.21052631578947367,0.33121720368576407,-0.42522373179599837,-0.14277989650487707
lb20_atr14_m3.0_r0.005_tfma100_rfnone,20,14,3.0,0.005,ma100,none,-0.06038319280907489,-0.07403671835300052,36,0.19444444444444445,0.46141119928813473,-0.32755185498951284,-0.025969470093601954,-0.038865365503099936,13,0.3076923076923077,0.42110416624915536,-0.4063076576163939,-0.14355521375565328
lb10_atr14_m3.0_r0.005_tfma100_rfnone,10,14,3.0,0.005,ma100,none,-0.07219491249298937,-0.08632564362046391,44,0.20454545454545456,0.43345433673038725,-0.32171864605841743,-0.027273294593934017,-0.046924266168514306,15,0.3333333333333333,0.48357823856849985,-0.35521376534314775,-0.14366549416980579
lb30_atr14_m3.0_r0.005_tfnone_rfnone,30,14,3.0,0.005,none,none,-0.04512670235061289,-0.057359445839126555,35,0.2571428571428571,0.5720802909965079,-0.24579594875646307,-0.03265032007417401,-0.0448206222641262,14,0.2857142857142857,0.3140089492423609,-0.474562131609641,-0.14444185064178985
lb10_atr14_m2.5_r0.005_tfma100_rfadx20,10,14,2.5,0.005,ma100,adx20,-0.09515305404619279,-0.10855607174674853,49,0.22448979591836735,0.363421801258878,-0.3850864314246224,-0.02180709935027103,-0.035349129745357755,15,0.26666666666666666,0.4928873602829756,-0.28272583210401014,-0.1454121807695935
lb30_atr20_m2.5_r0.005_tfma100_rfadx20,30,20,2.5,0.005,ma100,adx20,-0.06172091899577692,-0.0742525187741806,31,0.1935483870967742,0.3561195164336642,-0.3839118013240795,-0.022272721759743597,-0.02505344417269717,11,0.2727272727272727,0.23245633004076854,-0.389201875305297,-0.1454990926238644
lb55_atr14_m2.0_r0.005_tfnone_rfadx20,55,14,2.0,0.005,none,adx20,-0.057017114179557904,-0.06584806477763183,28,0.21428571428571427,0.2926792826019424,-0.39323558835033046,-0.023984545481618103,-0.027968942258934537,12,0.08333333333333333,0.1367764141122845,-0.3814824339477915,-0.14599859240654256
lb55_atr10_m2.0_r0.0025_tfnone_rfnone,55,10,2.0,0.0025,none,none,-0.03593705415561799,-0.039651266951092,34,0.17647058823529413,0.2852920200777674,-0.4015528317395241,-0.016727168813327475,-0.018658812278493864,13,0.07692307692307693,0.0714617163308429,-0.4898099243382153,-0.14611500158581983
lb55_atr20_m1.5_r0.0025_tfnone_rfadx20,55,20,1.5,0.0025,none,adx20,-0.045158212007294196,-0.048798116173266126,35,0.2571428571428571,0.20404768520267694,-0.4802402973415682,-0.017123431075555806,-0.019454008581720306,15,0.26666666666666666,0.242176195674808,-0.4275469885481734,-0.14626133613652115
lb30_atr10_m3.0_r0.005_tfma100_rfnone,30,10,3.0,0.005,ma100,none,-0.04037085813118624,-0.062254313231480785,30,0.23333333333333334,0.565702688705413,-0.2591604138845863,-0.03024890665251223,-0.042097693414493764,12,0.3333333333333333,0.30023788462065437,-0.5016269555131697,-0.14686118846237303
lb55_atr20_m1.5_r0.0025_tfma100_rfadx20,55,20,1.5,0.0025,ma100,adx20,-0.04396026341326997,-0.046057173777090066,33,0.24242424242424243,0.17450961182791852,-0.4953790934982155,-0.017123431075555806,-0.019454008581720306,15,0.26666666666666666,0.242176195674808,-0.4275469885481734,-0.14697332176788722
lb30_atr20_m2.0_r0.0025_tfma100_rfadx20,30,20,2.0,0.0025,ma100,adx20,-0.05125951480230284,-0.05533534897591619,38,0.23684210526315788,0.21515032951216734,-0.51517766875256,-0.013946328255839635,-0.01592856894298389,13,0.15384615384615385,0.2543495519147742,-0.4095914393069612,-0.1470433991645665
lb20_atr10_m3.0_r0.005_tfma100_rfnone,20,10,3.0,0.005,ma100,none,-0.065525869188654,-0.0810937260564355,38,0.18421052631578946,0.47087442676923313,-0.3395637229131175,-0.026135318163424404,-0.04117678987611295,13,0.3076923076923077,0.43063376260423675,-0.40118013507877703,-0.14748221099380754
lb20_atr10_m2.5_r0.005_tfma100_rfnone,20,10,2.5,0.005,ma100,none,-0.08242608208661206,-0.08979895989464592,42,0.19047619047619047,0.41085665766709734,-0.38403547001239874,-0.02156015074059514,-0.03935287822601585,13,0.23076923076923078,0.5350509069338556,-0.35904166499481643,-0.14895330916734517
lb10_atr10_m2.5_r0.0025_tfnone_rfnone,10,10,2.5,0.0025,none,none,-0.08359106356289125,-0.0862862931309829,82,0.1951219512195122,0.3628414814234742,-0.40509027896730976,-0.024763898882611657,-0.03426199208326941,28,0.2857142857142857,0.4654097309879999,-0.33460484946496283,-0.1491576841072087
lb30_atr14_m2.0_r0.0025_tfnone_rfadx20,30,14,2.0,0.0025,none,adx20,-0.04831144071837956,-0.05354093029800833,41,0.24390243902439024,0.3038997153874534,-0.45135330539816804,-0.018208989048319135,-0.02021707505417991,16,0.125,0.13685921928325578,-0.43781995878599794,-0.14928671779312686
lb30_atr14_m2.0_r0.0025_tfma100_rfadx20,30,14,2.0,0.0025,ma100,adx20,-0.04651976508759181,-0.050072295917895415,36,0.25,0.22152367957309826,-0.49195564279266385,-0.015868677937607045,-0.017881550650555633,14,0.14285714285714285,0.15414173838429804,-0.4323883469247292,-0.14929845433836528
lb55_atr10_m2.0_r0.0025_tfma100_rfnone,55,10,2.0,0.0025,ma100,none,-0.03737793917277543,-0.03884994350642068,33,0.15151515151515152,0.2555233336011589,-0.43053576482624417,-0.016727168813327475,-0.018658812278493864,13,0.07692307692307693,0.0714617163308429,-0.4898099243382153,-0.14949979241437908
lb30_atr14_m2.5_r0.0025_tfma100_rfnone,30,14,2.5,0.0025,ma100,none,-0.029762307091451223,-0.035463358311682236,35,0.2,0.44449712688194326,-0.3232938228263029,-0.022651712025171133,-0.02644578397407138,15,0.26666666666666666,0.17214416320334636,-0.5667412260255651,-0.1500518815136214
lb30_atr20_m2.0_r0.0025_tfnone_rfadx20,30,20,2.0,0.0025,none,adx20,-0.05340052473612311,-0.05892567963894124,43,0.23255813953488372,0.2856051263687037,-0.47664179894079184,-0.016680219069960867,-0.018656963880195776,15,0.13333333333333333,0.2215376228535609,-0.42698400058791386,-0.150076982408376
lb55_atr14_m2.0_r0.005_tfma100_rfadx20,55,14,2.0,0.005,ma100,adx20,-0.05955433092903606,-0.06584806477763172,27,0.18518518518518517,0.25921087841225954,-0.42621832036328866,-0.023984545481618103,-0.027968942258934537,12,0.08333333333333333,0.1367764141122845,-0.3814824339477915,-0.1503777472389332
lb55_atr20_m1.5_r0.0025_tfma100_rfnone,55,20,1.5,0.0025,ma100,none,-0.037626721767723414,-0.039737523676641406,37,0.2972972972972973,0.3410204505543522,-0.3751848783059115,-0.023183291330859612,-0.025499499816082905,17,0.23529411764705882,0.19094297977515334,-0.5116577412178172,-0.15054491525758604
lb20_atr14_m2.5_r0.0025_tfma100_rfnone,20,14,2.5,0.0025,ma100,none,-0.043620416446100596,-0.0470948886256084,43,0.20930232558139536,0.38184427888149713,-0.3927214106099726,-0.02120384271966569,-0.025003535305942903,16,0.25,0.2479403624984886,-0.49637101980807935,-0.15056471663390092
lb55_atr20_m1.5_r0.0025_tfnone_rfnone,55,20,1.5,0.0025,none,none,-0.03883260649349929,-0.042496624180843656,39,0.3076923076923077,0.35893298302607013,-0.3677625850982692,-0.023183291330859612,-0.025499499816082905,17,0.23529411764705882,0.19094297977515334,-0.5116577412178172,-0.15063630520815174
lb10_atr20_m2.5_r0.005_tfma100_rfadx20,10,20,2.5,0.005,ma100,adx20,-0.10154030419708471,-0.11072246804592067,51,0.19607843137254902,0.3483525255535408,-0.39764793943191024,-0.023131057201376204,-0.03140379812725824,16,0.375,0.35508245807705036,-0.27966500567114067,-0.1517393000599989
lb55_atr14_m1.5_r0.0025_tfnone_rfadx20,55,14,1.5,0.0025,none,adx20,-0.04931253800176005,-0.05280602419661584,36,0.25,0.18261556423162892,-0.5131193560753924,-0.017131279645952735,-0.019809840501637588,15,0.26666666666666666,0.2355965113669272,-0.4283257362740649,-0.15214552822906321
lb55_atr14_m1.5_r0.0025_tfma100_rfadx20,55,14,1.5,0.0025,ma100,adx20,-0.04825561333575468,-0.05024836670686195,34,0.23529411764705882,0.14915167047915884,-0.5318888713887249,-0.017131279645952735,-0.019809840501637588,15,0.26666666666666666,0.2355965113669272,-0.4283257362740649,-0.15330554355511278
lb20_atr20_m3.0_r0.005_tfma100_rfnone,20,20,3.0,0.005,ma100,none,-0.08201538432288136,-0.08643209963718856,39,0.15384615384615385,0.3657174275512972,-0.41402408722144596,-0.022949936571253104,-0.0359568807623315,13,0.3076923076923077,0.43258806396607163,-0.3645966879806179,-0.1541772401989983
lb20_atr20_m2.0_r0.0025_tfma100_rfadx20,20,20,2.0,0.0025,ma100,adx20,-0.06566497502001523,-0.06965722095867788,48,0.20833333333333334,0.23756413571265966,-0.5290930708489954,-0.015292508159354345,-0.01727204265245108,15,0.13333333333333333,0.23739278414378484,-0.38997010270266724,-0.1547450629431877
lb20_atr14_m2.5_r0.005_tfnone_rfadx20,20,14,2.5,0.005,none,adx20,-0.09734374702907878,-0.11038287864650187,47,0.23404255319148937,0.36695881693714005,-0.405558495943964,-0.02608709826231359,-0.035486621461004786,17,0.29411764705882354,0.41839007253879246,-0.29989841074919443,-0.15504090094722392
lb30_atr10_m2.5_r0.005_tfma100_rfnone,30,10,2.5,0.005,ma100,none,-0.05618255854455101,-0.06852080652172743,34,0.17647058823529413,0.4810914467775366,-0.31508885415065,-0.027998460191882457,-0.037644742034162126,12,0.25,0.3690811960389853,-0.49291659015855255,-0.1554825274175296
lb20_atr14_m2.0_r0.0025_tfma100_rfadx20,20,14,2.0,0.0025,ma100,adx20,-0.05797999133989962,-0.06282895233065611,45,0.2222222222222222,0.25981985756519027,-0.4982411917974519,-0.01752154346798418,-0.019531035526491825,16,0.125,0.14168893867912005,-0.41854042031525535,-0.15571984734835456
lb30_atr14_m2.5_r0.0025_tfnone_rfnone,30,14,2.5,0.0025,none,none,-0.03687193211708428,-0.03994236635349846,42,0.21428571428571427,0.4420438924191325,-0.33673384969563974,-0.025172928182472853,-0.02895721275504337,17,0.23529411764705882,0.1573839262027919,-0.560685803609358,-0.1564234940623829
lb10_atr10_m3.0_r0.005_tfma100_rfnone,10,10,3.0,0.005,ma100,none,-0.07337447155770438,-0.0852473428088143,45,0.2,0.45844575072641985,-0.32087237678669017,-0.03265465458250827,-0.049933692719176914,16,0.3125,0.4476546527938549,-0.40630525586682953,-0.15645395125665412
lb55_atr10_m2.0_r0.005_tfnone_rfadx20,55,10,2.0,0.005,none,adx20,-0.070821027787352,-0.07795318294738485,30,0.16666666666666666,0.2098899353752846,-0.46008579124080856,-0.021167971950846187,-0.02500627057640803,11,0.09090909090909091,0.10809249382093251,-0.36902756749138366,-0.1568397615397457
lb30_atr10_m2.0_r0.0025_tfma100_rfadx20,30,10,2.0,0.0025,ma100,adx20,-0.053647489837758466,-0.055809375659764626,38,0.21052631578947367,0.1653510848714615,-0.5414961840254479,-0.01466269979680046,-0.01659839891972359,13,0.15384615384615385,0.12841398686584435,-0.43231941736674967,-0.15772731391601594
lb30_atr10_m3.0_r0.005_tfnone_rfnone,30,10,3.0,0.005,none,none,-0.04679584492663447,-0.06318956378876861,36,0.25,0.5797215471079352,-0.2516902943257805,-0.0364245681517843,-0.04819789833864985,14,0.2857142857142857,0.2624390507853693,-0.5199166906345706,-0.1577743604456189
lb55_atr20_m2.0_r0.005_tfnone_rfnone,55,20,2.0,0.005,none,none,-0.05843436584401618,-0.06649429510167071,33,0.24242424242424243,0.37957490271893707,-0.3425176025774922,-0.031006325190383932,-0.03488729741993479,13,0.15384615384615385,0.20421690717815505,-0.45593841297800175,-0.15782135829386837
lb30_atr20_m3.0_r0.005_tfnone_rfnone,30,20,3.0,0.005,none,none,-0.06401317358669734,-0.06401317358669734,37,0.1891891891891892,0.4493442876297625,-0.3324171851632969,-0.030937431135552362,-0.04383969605785376,14,0.2857142857142857,0.3176379651030763,-0.45306948327125623,-0.15797991990949234
lb10_atr20_m2.5_r0.0025_tfma100_rfnone,10,20,2.5,0.0025,ma100,none,-0.05647235216915758,-0.06173818208711901,57,0.19298245614035087,0.35729141367305517,-0.3850122673832241,-0.025793203928935582,-0.02993221515216249,21,0.2857142857142857,0.19791053804087608,-0.4674516124232838,-0.15806318714824594
lb10_atr14_m2.5_r0.0025_tfma100_rfnone,10,14,2.5,0.0025,ma100,none,-0.0530120434958441,-0.05804754086698416,55,0.2,0.3721608016789807,-0.3752294423538545,-0.026032090637632233,-0.032810984835060286,20,0.2,0.28900988184424664,-0.49372779697934044,-0.158350543303834
lb30_atr10_m2.0_r0.0025_tfnone_rfadx20,30,10,2.0,0.0025,none,adx20,-0.055690934974335526,-0.05696074712213284,43,0.20930232558139536,0.24844893814216207,-0.4991402610836037,-0.01731288275974563,-0.019243375587488454,15,0.13333333333333333,0.1107546146807647,-0.4455180252016747,-0.15886381160947655
lb55_atr10_m1.5_r0.0025_tfnone_rfadx20,55,10,1.5,0.0025,none,adx20,-0.04846275636163955,-0.051713706265349435,36,0.2222222222222222,0.16301435129163197,-0.5051869620723956,-0.01857750030948524,-0.021146496017238503,15,0.2,0.18248137596062816,-0.46741683174089466,-0.1596529301940212
lb20_atr14_m2.5_r0.0025_tfnone_rfnone,20,14,2.5,0.0025,none,none,-0.05434634017909934,-0.05720223049382611,54,0.2037037037037037,0.38332140731163333,-0.3947904098906687,-0.027760824791671856,-0.031535063133996344,22,0.22727272727272727,0.2520054894330086,-0.4807450061420297,-0.15965797794278647
lb20_atr14_m2.0_r0.0025_tfnone_rfadx20,20,14,2.0,0.0025,none,adx20,-0.07245806230917551,-0.0753909306880457,55,0.2,0.2790297901676965,-0.513579723484358,-0.020823060601718346,-0.022825799970213168,21,0.14285714285714285,0.23166780112653418,-0.3807975620479316,-0.15991874437759787
lb30_atr20_m2.5_r0.005_tfnone_rfadx20,30,20,2.5,0.005,none,adx20,-0.07050882921154722,-0.08271735942682645,36,0.19444444444444445,0.3846425201673499,-0.3748476947244162,-0.02828474855127594,-0.031048372353994713,13,0.23076923076923078,0.19195235807555988,-0.42201855185671816,-0.16053396250106486
lb55_atr20_m2.0_r0.005_tfma100_rfnone,55,20,2.0,0.005,ma100,none,-0.06033102942678514,-0.06584671723107283,32,0.21875,0.3581441985259653,-0.3648139476094275,-0.031006325190383932,-0.03488729741993479,13,0.15384615384615385,0.20421690717815505,-0.45593841297800175,-0.16076014858855123
lb55_atr10_m1.5_r0.0025_tfma100_rfadx20,55,10,1.5,0.0025,ma100,adx20,-0.04743347839562895,-0.04937465932666074,34,0.20588235294117646,0.12789017816063794,-0.5241802889435864,-0.01857750030948524,-0.021146496017238503,15,0.2,0.18248137596062816,-0.46741683174089466,-0.16089300845700463
lb10_atr20_m2.0_r0.0025_tfma100_rfadx20,10,20,2.0,0.0025,ma100,adx20,-0.08416089057123832,-0.08807410678098437,63,0.19047619047619047,0.2060415214380604,-0.5198481391393701,-0.018319657159486247,-0.021525153697905197,20,0.2,0.2704813559448084,-0.3521430784272782,-0.16114726710867203
lb55_atr10_m2.0_r0.005_tfma100_rfadx20,55,10,2.0,0.005,ma100,adx20,-0.07359437785914635,-0.07642329910196533,29,0.13793103448275862,0.17649128791893287,-0.49508474818436177,-0.021167971950846187,-0.02500627057640803,11,0.09090909090909091,0.10809249382093251,-0.36902756749138366,-0.161286679864547
lb20_atr10_m2.0_r0.0025_tfma100_rfadx20,20,10,2.0,0.0025,ma100,adx20,-0.06422321091227157,-0.06739440803744035,47,0.19148936170212766,0.21411946753194652,-0.5301981052658837,-0.016670641926206264,-0.018602396438671676,15,0.13333333333333333,0.1147222327346712,-0.4263725082505172,-0.1635336670232943
lb20_atr20_m2.0_r0.0025_tfnone_rfadx20,20,20,2.0,0.0025,none,adx20,-0.0802130289400822,-0.08236226647383527,58,0.1896551724137931,0.2560650897733424,-0.5396501498953109,-0.01950057842575159,-0.021471653533385537,20,0.15,0.2874075633152693,-0.37380824819932224,-0.16360462590317926
lb20_atr10_m2.0_r0.0025_tfnone_rfadx20,20,10,2.0,0.0025,none,adx20,-0.07839392518082433,-0.08065198808596696,57,0.17543859649122806,0.24276112482565457,-0.5368817742076337,-0.019458517605778214,-0.02138479532516302,20,0.15,0.2210259053243687,-0.37431610317234776,-0.16377530117530661
lb30_atr20_m2.5_r0.0025_tfma100_rfnone,30,20,2.5,0.0025,ma100,none,-0.03519324479301167,-0.03829644806722299,37,0.21621621621621623,0.3801389717641275,-0.36076332891766705,-0.02411926600318426,-0.025508977578179715,15,0.2,0.1226924856004995,-0.6031168822030458,-0.16428571532390226
lb30_atr10_m2.5_r0.005_tfnone_rfnone,30,10,2.5,0.005,none,none,-0.06345220809289998,-0.06993176853453298,40,0.225,0.5070505004975444,-0.3014316481936717,-0.033802204257689206,-0.043390888916521875,14,0.21428571428571427,0.3260261796525851,-0.5067714329117716,-0.16526087100332387
lb55_atr14_m2.0_r0.005_tfnone_rfnone,55,14,2.0,0.005,none,none,-0.05403807182909581,-0.06187055937440933,32,0.25,0.3890004486880027,-0.32420650546134067,-0.03592762140163297,-0.03986326285137065,14,0.07142857142857142,0.09565846756760496,-0.4908550765730751,-0.16528582508996462
lb10_atr14_m2.0_r0.0025_tfma100_rfadx20,10,14,2.0,0.0025,ma100,adx20,-0.0771484007651575,-0.08435988241856329,60,0.21666666666666667,0.24960258116345885,-0.49991341034608744,-0.021545831806923044,-0.024219421151380316,21,0.23809523809523808,0.18372200654180554,-0.3900758275323445,-0.1656007600255934
lb10_atr10_m2.5_r0.005_tfma100_rfnone,10,10,2.5,0.005,ma100,none,-0.11037749192610047,-0.11853758136574677,55,0.18181818181818182,0.3553973592276216,-0.3981658928228798,-0.025116007409813235,-0.04660021582294349,17,0.35294117647058826,0.557961531096801,-0.32859890942750114,-0.16581990922300557
lb55_atr14_m1.5_r0.0025_tfnone_rfnone,55,14,1.5,0.0025,none,none,-0.04905371182571017,-0.052548149127747856,40,0.3,0.2318426675099285,-0.4582893515701302,-0.023518939451991572,-0.026180092351596906,17,0.23529411764705882,0.18322340249933525,-0.5179996047049574,-0.1674412015788155
lb55_atr14_m1.5_r0.0025_tfma100_rfnone,55,14,1.5,0.0025,ma100,none,-0.047996499410282056,-0.04998979531166925,38,0.2894736842105263,0.2033497420488336,-0.4721973387186245,-0.023518939451991572,-0.026180092351596906,17,0.23529411764705882,0.18322340249933525,-0.5179996047049574,-0.1681234110504566
lb55_atr14_m2.0_r0.005_tfma100_rfnone,55,14,2.0,0.005,ma100,none,-0.056583304075210505,-0.06187055937440933,31,0.22580645161290322,0.3584958787884099,-0.35070665647620775,-0.03592762140163297,-0.03986326285137065,14,0.07142857142857142,0.09565846756760496,-0.4908550765730751,-0.16907024079846283
lb20_atr20_m2.5_r0.005_tfma100_rfadx20,20,20,2.5,0.005,ma100,adx20,-0.08824126407107302,-0.09619116978388897,40,0.2,0.33310047706833945,-0.43619232220784515,-0.026256307694195957,-0.029025700519708875,13,0.23076923076923078,0.20439895975853062,-0.39001868377195986,-0.1692245135502804
lb30_atr20_m2.5_r0.0025_tfnone_rfnone,30,20,2.5,0.0025,none,none,-0.04141763913117458,-0.04192128116304361,44,0.20454545454545456,0.39576765243785583,-0.35983512598784617,-0.027122053652091527,-0.0285074890808249,17,0.17647058823529413,0.11041910574015817,-0.6030455164014562,-0.17000773066816208
lb20_atr20_m2.5_r0.0025_tfma100_rfnone,20,20,2.5,0.0025,ma100,none,-0.04861389460439702,-0.05212202164126223,45,0.2,0.3475277140208694,-0.4176867134675175,-0.02506431285795052,-0.026452678630628945,17,0.17647058823529413,0.11861547039855765,-0.5548960951995126,-0.17059256434592923
lb20_atr10_m2.5_r0.005_tfnone_rfnone,20,10,2.5,0.005,none,none,-0.09952886336611066,-0.10313777308538297,52,0.21153846153846154,0.4171889787379724,-0.37121689506124844,-0.033631085009805495,-0.051204305037400255,19,0.21052631578947367,0.46898188580456385,-0.37458253783334916,-0.17086300247766129
lb30_atr20_m1.5_r0.0025_tfma100_rfadx20,30,20,1.5,0.0025,ma100,adx20,-0.06478639435250866,-0.06951012285838842,44,0.25,0.19165459017347783,-0.5566704504543122,-0.02044176663760966,-0.02276447577203422,17,0.29411764705882354,0.2457594938657452,-0.4526725385346643,-0.17151029860964923
lb10_atr10_m2.0_r0.0025_tfma100_rfadx20,10,10,2.0,0.0025,ma100,adx20,-0.0815609635651171,-0.08772864463380692,62,0.1935483870967742,0.22589277248586043,-0.5121244208184188,-0.021188445397937294,-0.024121171575626765,20,0.25,0.15557858244937856,-0.40215523918529017,-0.17166505015192102
lb20_atr10_m3.0_r0.005_tfnone_rfnone,20,10,3.0,0.005,none,none,-0.08276126113852766,-0.0950383232357529,48,0.1875,0.4631138138673203,-0.3303170641677791,-0.039643356583336176,-0.05447619481585397,19,0.21052631578947367,0.37221481913164695,-0.4222386702887298,-0.17191123255622506
lb10_atr14_m2.5_r0.005_tfnone_rfadx20,10,14,2.5,0.005,none,adx20,-0.13085466915854815,-0.13617587945421517,71,0.2535211267605634,0.35728185326893114,-0.36180711602341353,-0.033943696331174666,-0.047611085920431395,24,0.20833333333333334,0.47731667977702225,-0.27748937454307837,-0.17268815086671824
lb10_atr14_m2.5_r0.0025_tfnone_rfnone,10,14,2.5,0.0025,none,none,-0.07649524291994814,-0.07933500906828639,81,0.2222222222222222,0.3650355006639036,-0.37643989086748875,-0.03681879222731854,-0.04352261012283476,31,0.16129032258064516,0.29599270943527656,-0.4599689736197054,-0.17517469301364752
lb55_atr10_m1.5_r0.0025_tfnone_rfnone,55,10,1.5,0.0025,none,none,-0.04911755705567844,-0.05236626981705106,40,0.25,0.2004450840808934,-0.4598484403809989,-0.02499179658452566,-0.027544002072364515,17,0.17647058823529413,0.1421983954717575,-0.5533114662266231,-0.17561341681036138
lb20_atr14_m3.0_r0.005_tfnone_rfnone,20,14,3.0,0.005,none,none,-0.08186980993611703,-0.0899958147129507,46,0.21739130434782608,0.4288910244609599,-0.3477250406551953,-0.04083575472269507,-0.05353482462640213,19,0.21052631578947367,0.35606920005378445,-0.4372291749337445,-0.17584852485758679
lb20_atr20_m1.5_r0.0025_tfma100_rfadx20,20,20,1.5,0.0025,ma100,adx20,-0.08231619990469297,-0.08695138602657648,55,0.21818181818181817,0.18271746846488116,-0.5739449275457635,-0.020681866214322664,-0.02300400602937336,19,0.3684210526315789,0.26587499052974756,-0.40998292054149793,-0.17631086200038343
lb10_atr20_m1.5_r0.0025_tfma100_rfadx20,10,20,1.5,0.0025,ma100,adx20,-0.10581692807321197,-0.11033341290708176,73,0.1917808219178082,0.17027947943665636,-0.5601381086850016,-0.02139961307319871,-0.024284667287903794,24,0.4166666666666667,0.3602655888437841,-0.3384201894650655,-0.1763403479065232
lb55_atr10_m1.5_r0.0025_tfma100_rfnone,55,10,1.5,0.0025,ma100,none,-0.048088987387667426,-0.05002883249434831,38,0.23684210526315788,0.16977367583490816,-0.4744562317030436,-0.02499179658452566,-0.027544002072364515,17,0.17647058823529413,0.1421983954717575,-0.5533114662266231,-0.1764235507618398
lb20_atr20_m2.5_r0.0025_tfnone_rfnone,20,20,2.5,0.0025,none,none,-0.05760906543516742,-0.05935184597958776,56,0.17857142857142858,0.36562811807333073,-0.40342725442087424,-0.03233701810620515,-0.033715027118766394,23,0.17391304347826086,0.14372257226554325,-0.5379118018960001,-0.17685347206323815
lb30_atr20_m1.5_r0.0025_tfnone_rfadx20,30,20,1.5,0.0025,none,adx20,-0.07442994015966209,-0.07731094727571908,52,0.2692307692307692,0.19387087960685162,-0.5437592650517298,-0.022660493925142466,-0.024977942057247793,19,0.2631578947368421,0.2270010751254733,-0.45107289617358187,-0.17769065840357615
lb30_atr14_m1.5_r0.0025_tfnone_rfadx20,30,14,1.5,0.0025,none,adx20,-0.07505865163245196,-0.07716066072848149,52,0.25,0.2197820696083031,-0.5493428453191185,-0.022686346561821558,-0.02534976848340109,19,0.21052631578947367,0.22297950684978401,-0.45226389234644016,-0.17855188550853834
lb30_atr14_m1.5_r0.0025_tfma100_rfadx20,30,14,1.5,0.0025,ma100,adx20,-0.07004188399108835,-0.07404320597675651,45,0.24444444444444444,0.15976200936555174,-0.5906799100235703,-0.02097130320172591,-0.023639399041515574,17,0.23529411764705882,0.23722770840293142,-0.4635772115017624,-0.18027770472838228
lb55_atr10_m2.0_r0.005_tfnone_rfnone,55,10,2.0,0.005,none,none,-0.07031353841096666,-0.07744958893785858,34,0.17647058823529413,0.2871478161762566,-0.4015528317395241,-0.033216626749951406,-0.03700767892890133,13,0.07692307692307693,0.07169519358965605,-0.48980992433821524,-0.18069205310754216
lb55_atr20_m1.5_r0.005_tfma100_rfadx20,55,20,1.5,0.005,ma100,adx20,-0.07850811351461673,-0.0825415379600698,33,0.24242424242424243,0.18818309586645549,-0.49537909349821563,-0.03372159914453399,-0.03797680734091613,15,0.26666666666666666,0.23964888598761463,-0.4275469885481734,-0.18147829637093496
lb55_atr20_m1.5_r0.005_tfnone_rfadx20,55,20,1.5,0.005,none,adx20,-0.08119208317204829,-0.08712647648025273,35,0.2571428571428571,0.2135327629576675,-0.4802402973415682,-0.03372159914453399,-0.03797680734091613,15,0.26666666666666666,0.23964888598761463,-0.4275469885481734,-0.1817371579414404
lb20_atr20_m1.5_r0.0025_tfnone_rfadx20,20,20,1.5,0.0025,none,adx20,-0.10338505188563485,-0.10617593088870714,68,0.22058823529411764,0.16773860139783112,-0.5946237599925827,-0.02280209088583174,-0.025119203266020684,24,0.3333333333333333,0.34708270987322426,-0.35698487653484906,-0.18197029978838639
lb30_atr14_m2.5_r0.005_tfma100_rfnone,30,14,2.5,0.005,ma100,none,-0.05820763918644789,-0.06977379907792636,35,0.2,0.4473388663180693,-0.3232938228263029,-0.04038730050872541,-0.047816053492567345,15,0.26666666666666666,0.18854129607667788,-0.5667412260255651,-0.18261700404929865
lb10_atr14_m3.0_r0.005_tfnone_rfnone,10,14,3.0,0.005,none,none,-0.10822137699065093,-0.11138564772718795,66,0.24242424242424243,0.4235693689494891,-0.32295654849318745,-0.04668065424891188,-0.069745761123153,25,0.24,0.41481887602268375,-0.3727069203619351,-0.18438899415207693
lb55_atr10_m2.0_r0.005_tfma100_rfnone,55,10,2.0,0.005,ma100,none,-0.07308840320246668,-0.07591886951627869,33,0.15151515151515152,0.2567974425707295,-0.4305357648262441,-0.033216626749951406,-0.03700767892890133,13,0.07692307692307693,0.07169519358965605,-0.48980992433821524,-0.18458112711264202
lb30_atr10_m1.5_r0.0025_tfma100_rfadx20,30,10,1.5,0.0025,ma100,adx20,-0.06556279742677396,-0.06931154809721707,44,0.25,0.17726350115553696,-0.5652327415802606,-0.022795885209294986,-0.025353838768835124,17,0.17647058823529413,0.18276661105697806,-0.5069412082725879,-0.18474720607549217
lb30_atr10_m1.5_r0.0025_tfnone_rfadx20,30,10,1.5,0.0025,none,adx20,-0.07124410571537354,-0.0730811492553275,51,0.23529411764705882,0.23124972038066408,-0.5342951278664811,-0.0248891482575897,-0.027441622440217306,19,0.15789473684210525,0.16972071559544283,-0.49847412197956764,-0.18513025433568348
lb20_atr10_m1.5_r0.0025_tfnone_rfadx20,20,10,1.5,0.0025,none,adx20,-0.1018465239630878,-0.10362303709338871,67,0.208955223880597,0.19192013695553922,-0.5959570864046452,-0.023941472472212455,-0.02649642731431734,24,0.20833333333333334,0.30852168280751485,-0.3769231439260985,-0.18575996363352104
lb55_atr20_m1.5_r0.005_tfma100_rfnone,55,20,1.5,0.005,ma100,none,-0.06583900709249624,-0.06992788496547753,37,0.2972972972972973,0.36253348783043965,-0.3751848783059115,-0.04561850798158473,-0.049821325661993265,17,0.23529411764705882,0.18892119858558667,-0.5116577412178172,-0.185943675953804
lb30_atr20_m2.0_r0.005_tfma100_rfadx20,30,20,2.0,0.005,ma100,adx20,-0.09796398932681738,-0.10665572341358576,38,0.23684210526315788,0.2151115750469486,-0.5151776687525599,-0.02775595599829761,-0.03164994646821284,13,0.15384615384615385,0.25405684011184865,-0.40959143930696124,-0.18693423333882503
lb55_atr20_m1.5_r0.005_tfnone_rfnone,55,20,1.5,0.005,none,none,-0.06855987723458934,-0.07457585938961375,39,0.3076923076923077,0.3755528317889324,-0.3677625850982692,-0.04561850798158473,-0.049821325661993265,17,0.23529411764705882,0.18892119858558667,-0.5116577412178172,-0.18703263016989208
lb30_atr14_m2.0_r0.005_tfma100_rfadx20,30,14,2.0,0.005,ma100,adx20,-0.08898175831236099,-0.09689964893323322,36,0.25,0.22500566535455227,-0.49195564279266396,-0.031533562217421096,-0.035487141574977565,14,0.14285714285714285,0.15410262778087827,-0.4323883469247292,-0.18811952251196754
lb10_atr10_m2.0_r0.0025_tfnone_rfadx20,10,10,2.0,0.0025,none,adx20,-0.12181658005266671,-0.12614401752660576,92,0.18478260869565216,0.22230383224265693,-0.5302120828754276,-0.026400581806354628,-0.02981544336258868,30,0.23333333333333334,0.29008391415376017,-0.3404429313187904,-0.18847466577155003
lb20_atr14_m2.5_r0.005_tfma100_rfnone,20,14,2.5,0.005,ma100,none,-0.08499194230207929,-0.09206632448508845,43,0.20930232558139536,0.38416682236857125,-0.3927214106099726,-0.037550147119324695,-0.045000863663797075,16,0.25,0.27079629431056834,-0.49637101980807935,-0.1891975997053233
lb10_atr20_m2.5_r0.0025_tfnone_rfnone,10,20,2.5,0.0025,none,none,-0.0760267883842356,-0.08028985377273323,81,0.19753086419753085,0.3514430138110518,-0.37160626063432445,-0.04314375808178039,-0.04720905380778695,33,0.24242424242424243,0.1910810185895682,-0.5091030004674112,-0.18928460911003758
lb20_atr20_m3.0_r0.005_tfnone_rfnone,20,20,3.0,0.005,none,none,-0.10076183049308662,-0.10233763711699517,49,0.1836734693877551,0.3640232137997452,-0.40438672866499487,-0.03996555832717752,-0.05274598265930508,19,0.21052631578947367,0.3420307565156678,-0.42522373179599837,-0.18935595716771922
lb55_atr14_m1.5_r0.005_tfnone_rfadx20,55,14,1.5,0.005,none,adx20,-0.08880942905406242,-0.09469462347575253,36,0.25,0.19143739747524818,-0.5131193560753924,-0.03370743986710201,-0.03796271041681143,15,0.26666666666666666,0.23623999159949152,-0.4283257362740649,-0.18951499028766267
lb55_atr14_m1.5_r0.005_tfma100_rfadx20,55,14,1.5,0.005,ma100,adx20,-0.0873276928677067,-0.09114159659528243,34,0.23529411764705882,0.1591463663176831,-0.5318888713887249,-0.03370743986710201,-0.03796271041681143,15,0.26666666666666666,0.23623999159949152,-0.4283257362740649,-0.19033217365760782
lb20_atr20_m2.5_r0.005_tfnone_rfadx20,20,20,2.5,0.005,none,adx20,-0.10765897428096405,-0.1158958172254696,49,0.1836734693877551,0.3363551980367707,-0.4277584800534858,-0.037236516030168754,-0.03997468040159402,18,0.2222222222222222,0.22512437081034697,-0.4029597990887312,-0.1905336331054178
lb10_atr20_m3.0_r0.005_tfnone_rfnone,10,20,3.0,0.005,none,none,-0.12185853586305384,-0.1273545749916366,69,0.18840579710144928,0.4045452450848589,-0.35814497497913217,-0.0432567331236241,-0.06647897246230472,24,0.25,0.4095393723055126,-0.3576806676962218,-0.19096876867335744
lb30_atr20_m2.0_r0.0025_tfnone_rfnone,30,20,2.0,0.0025,none,none,-0.06014750253980705,-0.061400509965924166,53,0.24528301886792453,0.317233668680705,-0.4351214942541304,-0.030732963223200627,-0.032681458129779406,19,0.10526315789473684,0.1329011628321191,-0.605246557081985,-0.19156592650133078
lb30_atr20_m2.0_r0.0025_tfma100_rfnone,30,20,2.0,0.0025,ma100,none,-0.05644855966133089,-0.06048018568936253,46,0.2608695652173913,0.26892343803794333,-0.46839428197235555,-0.028038142779572284,-0.029992055020806263,17,0.11764705882352941,0.14410429539046551,-0.6129184286311473,-0.19203800514391411
lb30_atr14_m2.0_r0.0025_tfnone_rfnone,30,14,2.0,0.0025,none,none,-0.057162860000834814,-0.05802874154897297,51,0.2549019607843137,0.3194411142874655,-0.42921374122943284,-0.03252059717344136,-0.03449941122663924,20,0.1,0.08104380372710746,-0.6096534370385298,-0.19239388618519032
lb20_atr10_m1.5_r0.0025_tfma100_rfadx20,20,10,1.5,0.0025,ma100,adx20,-0.08478083274542536,-0.08845248500563085,55,0.21818181818181817,0.16649957745624183,-0.5932845349510283,-0.023442269376500735,-0.025998530944924325,19,0.21052631578947367,0.18881009475274868,-0.46667401097295785,-0.19250447001933696
lb10_atr10_m3.0_r0.005_tfnone_rfnone,10,10,3.0,0.005,none,none,-0.10829041138569062,-0.11125387707165968,67,0.23880597014925373,0.45272377013578513,-0.3050617048622649,-0.05421912333468182,-0.07111296989552807,27,0.2222222222222222,0.39085524134684674,-0.4046206310115664,-0.19268459284264391
lb30_atr14_m2.0_r0.005_tfnone_rfadx20,30,14,2.0,0.005,none,adx20,-0.09537787811872533,-0.10396917006124118,41,0.24390243902439024,0.2852777721854824,-0.45135330539816804,-0.03613660363227611,-0.04007139195195075,16,0.125,0.13679327276225622,-0.43781995878599794,-0.192745694965512
lb20_atr20_m2.0_r0.0025_tfma100_rfnone,20,20,2.0,0.0025,ma100,none,-0.07080056921892608,-0.0747708716849208,55,0.21818181818181817,0.26398681174342503,-0.49755667527254493,-0.028078180658494656,-0.030032012412514963,19,0.10526315789473684,0.14401025596148026,-0.5501513025312932,-0.19293523500695955
lb10_atr10_m1.5_r0.0025_tfma100_rfadx20,10,10,1.5,0.0025,ma100,adx20,-0.1118975469579907,-0.11546041309505761,74,0.1891891891891892,0.16485159756876783,-0.5854306237711302,-0.024460483662991583,-0.0279923966664114,24,0.2916666666666667,0.3112581540150901,-0.3873743688742952,-0.19362268185659678
lb30_atr14_m2.0_r0.0025_tfma100_rfnone,30,14,2.0,0.0025,ma100,none,-0.053032362085290385,-0.05656062791169292,44,0.2727272727272727,0.26473005188007104,-0.4588216509706251,-0.030214400874470138,-0.03219793185872888,18,0.1111111111111111,0.08681781828433927,-0.6245214587300466,-0.19393145211252266
lb20_atr14_m2.0_r0.0025_tfma100_rfnone,20,14,2.0,0.0025,ma100,none,-0.06440377724248492,-0.06921967238860116,52,0.23076923076923078,0.27635383036800637,-0.47849077469993045,-0.030639804819866834,-0.03262246571293492,20,0.1,0.08573366053406371,-0.5710661515685682,-0.19409885844667019
lb30_atr20_m2.0_r0.005_tfnone_rfadx20,30,20,2.0,0.005,none,adx20,-0.10464107878130025,-0.11345850600127594,43,0.23255813953488372,0.2680665766689167,-0.47664179894079184,-0.0331430223124588,-0.037015436733626284,15,0.13333333333333333,0.22117798762270063,-0.42698400058791386,-0.1947887398035479
lb30_atr14_m2.5_r0.005_tfnone_rfnone,30,14,2.5,0.005,none,none,-0.07319958425371198,-0.0784132889954019,42,0.21428571428571427,0.4346943094961624,-0.33673384969563974,-0.045334488641187165,-0.052724943425536575,17,0.23529411764705882,0.17099130857156886,-0.560685803609358,-0.19523716158485296
lb10_atr14_m2.0_r0.0025_tfnone_rfadx20,10,14,2.0,0.0025,none,adx20,-0.11350268266000818,-0.11834085850182918,89,0.20224719101123595,0.24207215074657096,-0.5091763866739178,-0.032706907722845124,-0.035889414047711954,32,0.21875,0.25916668036162144,-0.392901688291518,-0.19576792461867853
lb10_atr20_m2.5_r0.005_tfnone_rfadx20,10,20,2.5,0.005,none,adx20,-0.1333105515263744,-0.1381003793683101,72,0.20833333333333334,0.3480080367219493,-0.37377033145721084,-0.044717739435428894,-0.052807670752214375,25,0.32,0.31254098482591486,-0.3502776063109193,-0.19752493382183803
lb20_atr14_m2.0_r0.0025_tfnone_rfnone,20,14,2.0,0.0025,none,none,-0.07939946482962856,-0.08210838795205222,64,0.203125,0.2883503986417766,-0.48327406178729193,-0.03587780199994073,-0.03784974946345132,26,0.11538461538461539,0.1475907932599253,-0.5208240957622429,-0.19781335576053022
lb20_atr20_m2.0_r0.0025_tfnone_rfnone,20,20,2.0,0.0025,none,none,-0.08484473342602983,-0.08665388805133689,67,0.19402985074626866,0.27653534566835963,-0.4937212353313583,-0.03387301018598399,-0.03581519272942513,25,0.12,0.18687522106834076,-0.5119093803230651,-0.19809197453448382
lb55_atr10_m1.5_r0.005_tfnone_rfadx20,55,10,1.5,0.005,none,adx20,-0.0878600341821898,-0.09375136055210465,36,0.2222222222222222,0.17249791312921817,-0.5051869620723956,-0.03672394545270019,-0.04096593219178013,15,0.2,0.18214140159895206,-0.4674168317408946,-0.19830762714832165
lb30_atr10_m2.0_r0.005_tfma100_rfadx20,30,10,2.0,0.005,ma100,adx20,-0.10304767509185597,-0.10714004702757551,38,0.21052631578947367,0.16665288246514132,-0.5414961840254479,-0.029148302422477346,-0.03295530774070654,13,0.15384615384615385,0.1285562320094734,-0.43231941736674967,-0.19934712635439683
lb55_atr10_m1.5_r0.005_tfma100_rfadx20,55,10,1.5,0.005,ma100,adx20,-0.08697484614884332,-0.09068848201265156,34,0.20588235294117646,0.13527148337163167,-0.5241802889435864,-0.03672394545270019,-0.04096593219178013,15,0.2,0.18214140159895206,-0.4674168317408946,-0.19953328315147617
lb20_atr14_m1.5_r0.0025_tfnone_rfadx20,20,14,1.5,0.0025,none,adx20,-0.11131282520744468,-0.1133324435629608,68,0.19117647058823528,0.15815597373624515,-0.6413018530852845,-0.0260429077546932,-0.028697182215137063,25,0.24,0.32098815888921045,-0.3938504007381452,-0.19993687552552233
lb30_atr20_m2.5_r0.005_tfma100_rfnone,30,20,2.5,0.005,ma100,none,-0.06929070319022501,-0.07524197938647093,37,0.21621621621621623,0.38019907781037343,-0.36076332891766705,-0.043135466614941165,-0.04585685397250072,15,0.2,0.13407394713017937,-0.6031168822030458,-0.20032873457301842
lb10_atr20_m2.0_r0.0025_tfnone_rfadx20,10,20,2.0,0.0025,none,adx20,-0.12120434826670023,-0.1230531578858246,93,0.1827956989247312,0.2071028966294754,-0.5209892304533517,-0.031957622317948964,-0.035118586590416556,31,0.16129032258064516,0.2733391216962401,-0.39864189555879054,-0.20133809601769634
lb20_atr14_m2.0_r0.005_tfma100_rfadx20,20,14,2.0,0.005,ma100,adx20,-0.11135211798048539,-0.11935853623043857,45,0.2222222222222222,0.25746955088348383,-0.4982411917974519,-0.0347881411072144,-0.03872843426773387,16,0.125,0.14178517108710537,-0.41854042031525535,-0.20216220014508945
lb20_atr20_m2.0_r0.005_tfma100_rfadx20,20,20,2.0,0.005,ma100,adx20,-0.12382686405744925,-0.13100235220342038,48,0.20833333333333334,0.2406318374069872,-0.5290930708489955,-0.03041285933074034,-0.03429620848449655,15,0.13333333333333333,0.2373665992485903,-0.38997010270266724,-0.20221700738255696
lb10_atr14_m1.5_r0.0025_tfma100_rfadx20,10,14,1.5,0.0025,ma100,adx20,-0.11793527903199008,-0.12173053056002547,75,0.17333333333333334,0.12954615009704626,-0.6107385295984121,-0.0263306604383986,-0.029991665114840305,25,0.32,0.3237053839355496,-0.39650681289899414,-0.2025923348869622
lb30_atr10_m2.0_r0.005_tfnone_rfadx20,30,10,2.0,0.005,none,adx20,-0.108950464163165,-0.11132357726112341,43,0.20930232558139536,0.23596282101010485,-0.4991402610836037,-0.03436640628640575,-0.038152949829463156,15,0.13333333333333333,0.1108414975218411,-0.4455180252016747,-0.2048667332209706
lb30_atr10_m2.0_r0.0025_tfnone_rfnone,30,10,2.0,0.0025,none,none,-0.06672869395670356,-0.06743465377771374,53,0.18867924528301888,0.25915222132520643,-0.4854317317222022,-0.03153302805176861,-0.03343558534640634,19,0.10526315789473684,0.06358161478419361,-0.6240314137572287,-0.2054246228769708
lb30_atr10_m2.0_r0.0025_tfma100_rfnone,30,10,2.0,0.0025,ma100,none,-0.062396152299627694,-0.06453805232444432,46,0.1956521739130435,0.2007468961682463,-0.5205936741178262,-0.0289211950235303,-0.030828883274745977,17,0.11764705882352941,0.06904656432110422,-0.6349399358311745,-0.20631119841847778
lb20_atr14_m1.5_r0.0025_tfma100_rfadx20,20,14,1.5,0.0025,ma100,adx20,-0.09469027229174076,-0.09858553989031249,56,0.19642857142857142,0.1222874197783011,-0.651179408355378,-0.02529569649102692,-0.027952007287352032,20,0.25,0.21734264083515728,-0.47833202677064157,-0.20677770625807054
lb10_atr14_m2.5_r0.005_tfma100_rfnone,10,14,2.5,0.005,ma100,none,-0.10372942220526937,-0.11231242118876139,55,0.2,0.3701972813973475,-0.3752294423538545,-0.048019294157448544,-0.061198444860232404,20,0.2,0.3055817015089016,-0.49372779697934044,-0.20794161499006428
lb20_atr10_m2.0_r0.0025_tfma100_rfnone,20,10,2.0,0.0025,ma100,none,-0.07627260418002735,-0.07940296784818346,55,0.16363636363636364,0.21615568953187117,-0.5390862188252183,-0.029746485473374884,-0.031652552438154236,19,0.10526315789473684,0.06726025229791892,-0.5854667758429768,-0.20875650358583053
lb55_atr14_m1.5_r0.005_tfnone_rfnone,55,14,1.5,0.005,none,none,-0.08756638699158203,-0.0934596099689281,40,0.3,0.24391437045042685,-0.4582893515701302,-0.04601844240391495,-0.0502194988897956,17,0.23529411764705882,0.18447777207440158,-0.5179996047049574,-0.2089732691571236
lb20_atr10_m2.0_r0.0025_tfnone_rfnone,20,10,2.0,0.0025,none,none,-0.09118948210407851,-0.09341018759987418,67,0.14925373134328357,0.2384098412973918,-0.5323760196784733,-0.03466722558319291,-0.03656362573406735,25,0.12,0.13603983490997792,-0.5236952816531059,-0.20921351484856024
lb10_atr20_m2.5_r0.005_tfma100_rfnone,10,20,2.5,0.005,ma100,none,-0.10971563976433762,-0.11879829583901191,57,0.19298245614035087,0.356020813478652,-0.3850122673832241,-0.048529600348361956,-0.05658725042823154,21,0.2857142857142857,0.20681645052662845,-0.4674516124232838,-0.2092860857023735
lb55_atr14_m1.5_r0.005_tfma100_rfnone,55,14,1.5,0.005,ma100,none,-0.08608262942741252,-0.089901736065232,38,0.2894736842105263,0.2163261959715988,-0.4721973387186245,-0.04601844240391495,-0.0502194988897956,17,0.23529411764705882,0.18447777207440158,-0.5179996047049574,-0.20931410061425082
lb20_atr14_m2.5_r0.005_tfnone_rfnone,20,14,2.5,0.005,none,none,-0.10853640574337509,-0.11125540348434215,54,0.2037037037037037,0.3665954848715257,-0.39479040989066866,-0.050625308468340124,-0.05797480486020601,22,0.22727272727272727,0.2681758003311088,-0.4807450061420297,-0.21092105165947303
lb30_atr20_m2.5_r0.005_tfnone_rfnone,30,20,2.5,0.005,none,none,-0.08242367018695773,-0.0831824563080914,44,0.20454545454545456,0.3869760758673692,-0.35983512598784617,-0.04901920877761434,-0.05172386237508764,17,0.17647058823529413,0.11949994352572417,-0.6030455164014562,-0.21223193675628862
lb20_atr10_m2.0_r0.005_tfma100_rfadx20,20,10,2.0,0.005,ma100,adx20,-0.12331428289669488,-0.1288298678838118,47,0.19148936170212766,0.21334928248106583,-0.5301981052658837,-0.033105367914269546,-0.036896856373013986,15,0.13333333333333333,0.11495845305543201,-0.4263725082505172,-0.21252475331791998
lb20_atr20_m2.5_r0.005_tfma100_rfnone,20,20,2.5,0.005,ma100,none,-0.09515441321912554,-0.10160451522178515,45,0.2,0.3471074703125516,-0.4176867134675175,-0.04498663263261915,-0.047702755149000575,17,0.17647058823529413,0.12927075428763554,-0.5548960951995126,-0.214742277117775
lb30_atr20_m1.5_r0.0025_tfma100_rfnone,30,20,1.5,0.0025,ma100,none,-0.06533523188635149,-0.070056188234632,52,0.28846153846153844,0.2917226177278174,-0.47360793514008964,-0.038740786165642915,-0.04102010502641018,22,0.22727272727272727,0.14545274647900355,-0.6653983124041414,-0.21484988444762507
lb20_atr14_m2.0_r0.005_tfnone_rfadx20,20,14,2.0,0.005,none,adx20,-0.1375007627367174,-0.1418454488332832,55,0.2,0.2683833757369955,-0.513579723484358,-0.04129219477870183,-0.04520593638169401,21,0.14285714285714285,0.23095731380799175,-0.3807975620479316,-0.21569409322888483
lb10_atr20_m2.0_r0.0025_tfma100_rfnone,10,20,2.0,0.0025,ma100,none,-0.08609417989712187,-0.08999913550841776,70,0.21428571428571427,0.24105579132719562,-0.47841920723715076,-0.04169430298596011,-0.04482347391917563,27,0.14814814814814814,0.13883040858655923,-0.5764253326732326,-0.21622074820242457
lb10_atr10_m2.5_r0.005_tfnone_rfnone,10,10,2.5,0.005,none,none,-0.16572752813820857,-0.1697526752799089,82,0.1951219512195122,0.3386501991712214,-0.40509027896730976,-0.044912965915296366,-0.06501204316801723,28,0.2857142857142857,0.4885199287432523,-0.3346048494649629,-0.2166847464243834
lb10_atr20_m1.5_r0.0025_tfnone_rfadx20,10,20,1.5,0.0025,none,adx20,-0.15557747858041193,-0.15859780033672322,109,0.21100917431192662,0.16751406168103825,-0.5717099937720416,-0.032887152341590675,-0.03647579912162602,36,0.3333333333333333,0.35611821730610466,-0.34764514672324204,-0.21759895688028477
lb30_atr20_m1.5_r0.0025_tfnone_rfnone,30,20,1.5,0.0025,none,none,-0.07539351772093938,-0.0780415110978544,62,0.3064516129032258,0.2848961835751494,-0.4600980047888873,-0.040918065652954194,-0.04319222179160742,24,0.20833333333333334,0.13867766953057142,-0.6464047810458281,-0.21819153615865455
lb30_atr20_m1.5_r0.005_tfma100_rfadx20,30,20,1.5,0.005,ma100,adx20,-0.11621811038768715,-0.12309885339377513,44,0.25,0.17963462505287708,-0.5566704504543122,-0.04024877262072324,-0.044475237049211414,17,0.29411764705882354,0.24378562384878552,-0.4526725385346643,-0.21886034442230923
lb55_atr10_m1.5_r0.005_tfnone_rfnone,55,10,1.5,0.005,none,none,-0.08855855572840055,-0.09444537048983492,40,0.25,0.21262023430136248,-0.4598484403809989,-0.04901298093777451,-0.053200850349513384,17,0.17647058823529413,0.14277637311899719,-0.5533114662266231,-0.21899626261218552
lb20_atr20_m1.5_r0.0025_tfma100_rfnone,20,20,1.5,0.0025,ma100,none,-0.0874545024256751,-0.09206373517611133,63,0.23809523809523808,0.2338645035247579,-0.5323254234545035,-0.03729377293085456,-0.039576522920822366,24,0.2916666666666667,0.16584597782560712,-0.587423177233076,-0.21939008708562782
lb10_atr20_m2.0_r0.005_tfma100_rfadx20,10,20,2.0,0.005,ma100,adx20,-0.1562183826912642,-0.16312859797225887,63,0.19047619047619047,0.20991139816337911,-0.5198481391393701,-0.03637837482882178,-0.042648003906349596,20,0.2,0.2707660710813848,-0.35214307842727827,-0.21945881745101314
lb55_atr10_m1.5_r0.005_tfma100_rfnone,55,10,1.5,0.005,ma100,none,-0.08767404557667091,-0.09138483751875348,38,0.23684210526315788,0.1797280105259419,-0.4744562317030436,-0.04901298093777451,-0.053200850349513384,17,0.17647058823529413,0.14277637311899719,-0.5533114662266231,-0.2197933085182766
lb10_atr14_m2.0_r0.0025_tfma100_rfnone,10,14,2.0,0.0025,ma100,none,-0.08184283053099461,-0.0890176282861902,68,0.22058823529411764,0.27042308065841847,-0.46944059044817205,-0.045304515139755974,-0.04791318477242512,28,0.17857142857142858,0.09597873364914884,-0.6014328149118761,-0.2207645095010336
lb10_atr10_m2.0_r0.0025_tfma100_rfnone,10,10,2.0,0.0025,ma100,none,-0.09187651208003,-0.09797492016405274,71,0.16901408450704225,0.22818012888308903,-0.5064084765722121,-0.03958063799451139,-0.04245825727809094,26,0.19230769230769232,0.08941779653812826,-0.5707550727936508,-0.22078831969153664
lb20_atr20_m2.0_r0.005_tfnone_rfadx20,20,20,2.0,0.005,none,adx20,-0.14964060056578066,-0.1533040266053085,58,0.1896551724137931,0.25179396873988563,-0.5396501498953109,-0.03871684903010841,-0.04256693939770784,20,0.15,0.28646544859533424,-0.37380824819932224,-0.2208958207181599
lb20_atr10_m2.0_r0.005_tfnone_rfadx20,20,10,2.0,0.005,none,adx20,-0.1479820804597013,-0.15172708449304262,57,0.17543859649122806,0.23753416764305765,-0.5368817742076337,-0.03860445836165227,-0.04237438321121645,20,0.15,0.22050921117077132,-0.37431610317234776,-0.2210930034003089
lb10_atr14_m2.0_r0.005_tfma100_rfadx20,10,14,2.0,0.005,ma100,adx20,-0.14663417933560108,-0.15694062890977567,60,0.21666666666666667,0.2433535054863351,-0.49991341034608744,-0.04132590579989259,-0.046547675718894954,21,0.23809523809523808,0.1892841216239899,-0.3900758275323445,-0.223672205825257
lb10_atr10_m1.5_r0.0025_tfnone_rfadx20,10,10,1.5,0.0025,none,adx20,-0.1575969300745429,-0.15937574061873006,109,0.2018348623853211,0.1873586972786981,-0.5821359339836839,-0.03537725779429224,-0.04005217306640685,36,0.2777777777777778,0.3299205199934599,-0.3755151347632593,-0.22665966616559619
lb20_atr20_m1.5_r0.0025_tfnone_rfnone,20,20,1.5,0.0025,none,none,-0.11291607442394869,-0.11545660642833522,80,0.2375,0.20757212814377377,-0.551742333310412,-0.04119263799836992,-0.043466143076501096,30,0.26666666666666666,0.22505990414188223,-0.5179636620210201,-0.22681168025653806
lb30_atr14_m1.5_r0.0025_tfnone_rfnone,30,14,1.5,0.0025,none,none,-0.08310541231727153,-0.08513499030187521,62,0.2903225806451613,0.24177975432655513,-0.5103721565457567,-0.04129459460703866,-0.043907304440854444,24,0.16666666666666666,0.1348435776427374,-0.6506008646929723,-0.22865632739942762
lb10_atr14_m1.5_r0.0025_tfnone_rfadx20,10,14,1.5,0.0025,none,adx20,-0.1618832665770974,-0.1641612028794086,110,0.19090909090909092,0.17152421963640463,-0.5931101354538652,-0.03624952891389732,-0.0410579684955531,37,0.2972972972972973,0.3491515844784017,-0.3714885075244306,-0.23009691019572043
lb30_atr14_m1.5_r0.005_tfma100_rfadx20,30,14,1.5,0.005,ma100,adx20,-0.1253114779787764,-0.13187113202457723,45,0.24444444444444444,0.15486425342993365,-0.5906799100235702,-0.041259763087707624,-0.045481775409103475,17,0.23529411764705882,0.23779669594341518,-0.46357721150176234,-0.23012293364268416
lb10_atr10_m2.0_r0.005_tfma100_rfadx20,10,10,2.0,0.005,ma100,adx20,-0.15424135392957627,-0.16216405495549746,62,0.1935483870967742,0.21987725883910464,-0.5121244208184189,-0.03946259194984214,-0.04513897056090266,20,0.25,0.16358721912754712,-0.4021552391852903,-0.2302145860787504
lb30_atr20_m1.5_r0.005_tfnone_rfadx20,30,20,1.5,0.005,none,adx20,-0.13393736417967728,-0.13690232321173157,52,0.2692307692307692,0.18068078923473596,-0.5437592650517298,-0.04459340719462612,-0.048800739119859826,19,0.2631578947368421,0.2250613021042351,-0.45107289617358187,-0.23124514290094123
lb30_atr14_m1.5_r0.0025_tfma100_rfnone,30,14,1.5,0.0025,ma100,none,-0.0768262936900288,-0.08079842446028551,53,0.2830188679245283,0.19468100170419123,-0.5507133959859744,-0.03961220601661741,-0.04222950077630294,22,0.18181818181818182,0.13999049857904997,-0.6773736087990424,-0.23213666343436293
lb20_atr20_m1.5_r0.005_tfma100_rfadx20,20,20,1.5,0.005,ma100,adx20,-0.14822963982099036,-0.15486115492384656,55,0.21818181818181817,0.1682136848578601,-0.5739449275457635,-0.04072463167478335,-0.04494900055881412,19,0.3684210526315789,0.26426593228568374,-0.40998292054149793,-0.23239216355287606
lb30_atr14_m1.5_r0.005_tfnone_rfadx20,30,14,1.5,0.005,none,adx20,-0.13783591318089994,-0.1407108166114327,52,0.25,0.19051861070713808,-0.5493428453191185,-0.04461647159396742,-0.04882370195031471,19,0.21052631578947367,0.22327363593228627,-0.45226389234644016,-0.23416499729938434
lb20_atr20_m2.5_r0.005_tfnone_rfnone,20,20,2.5,0.005,none,none,-0.11580527930754592,-0.11887065083180004,56,0.17857142857142858,0.34401494414725725,-0.40342725442087424,-0.0599936644218616,-0.06266710592629121,23,0.17391304347826086,0.1508523421021655,-0.5379118018960001,-0.23420100476309533
lb30_atr10_m1.5_r0.005_tfma100_rfadx20,30,10,1.5,0.005,ma100,adx20,-0.11966624152378436,-0.12612822121215217,44,0.25,0.17064273750756437,-0.5652327415802606,-0.0450029301851943,-0.04920845869064283,17,0.17647058823529413,0.18251156760365608,-0.5069412082725879,-0.2355386574372959
lb30_atr10_m1.5_r0.0025_tfma100_rfnone,30,10,1.5,0.0025,ma100,none,-0.07438927332030087,-0.07810261416616493,52,0.2692307692307692,0.1942834263298585,-0.543136715364424,-0.04143997277295697,-0.04394912310968424,22,0.13636363636363635,0.10842203712601407,-0.7072772923308962,-0.2369311129087797
lb10_atr20_m1.5_r0.0025_tfma100_rfnone,10,20,1.5,0.0025,ma100,none,-0.10867344456105588,-0.11317550123832087,82,0.2073170731707317,0.2204173736850255,-0.513383058849713,-0.048482772201260516,-0.05128798138071555,32,0.3125,0.19743924040659128,-0.5814173837155787,-0.23798491498702953
lb20_atr10_m1.5_r0.0025_tfnone_rfnone,20,10,1.5,0.0025,none,none,-0.11779390301820825,-0.11953887284433995,79,0.21518987341772153,0.19046410315878037,-0.5866547132249955,-0.04275880423151146,-0.04526450236252977,30,0.16666666666666666,0.19752970573196293,-0.5401269514514334,-0.23828002617109492
lb30_atr20_m2.0_r0.005_tfma100_rfnone,30,20,2.0,0.005,ma100,none,-0.10710576443525976,-0.11441819132907038,46,0.2608695652173913,0.2712120781641069,-0.46839428197235555,-0.048184931250516705,-0.05199710045813366,17,0.11764705882352941,0.1626777183998875,-0.6129184286311473,-0.23880090108445728
lb20_atr10_m1.5_r0.0025_tfma100_rfnone,20,10,1.5,0.0025,ma100,none,-0.09522385249746257,-0.09885360972481927,64,0.234375,0.17847296169759902,-0.5741021102881887,-0.04047331318008007,-0.04298499386876664,24,0.16666666666666666,0.11761211435709736,-0.6333182291775291,-0.23910740420403304
lb30_atr10_m1.5_r0.0025_tfnone_rfnone,30,10,1.5,0.0025,none,none,-0.08461379302163763,-0.08642439183284412,61,0.2459016393442623,0.22879888857627373,-0.5318624370014982,-0.04349329843358096,-0.04599707393448538,24,0.125,0.10364589303990002,-0.6838795086773962,-0.2393010752311499
lb30_atr14_m2.0_r0.005_tfma100_rfnone,30,14,2.0,0.005,ma100,none,-0.10111694611107613,-0.1077968148749342,44,0.2727272727272727,0.2685979848584758,-0.4588216509706251,-0.052528409583435964,-0.05639628148441678,18,0.1111111111111111,0.09784255900902597,-0.6245214587300466,-0.24105126105118546
lb30_atr10_m1.5_r0.005_tfnone_rfadx20,30,10,1.5,0.005,none,adx20,-0.13345494804648828,-0.13630271362307222,51,0.23529411764705882,0.2026224598529364,-0.5342951278664811,-0.04909112212961819,-0.053278647430343384,19,0.15789473684210525,0.16932017247271053,-0.49847412197956764,-0.24231326134965225
lb10_atr20_m1.5_r0.005_tfma100_rfadx20,10,20,1.5,0.005,ma100,adx20,-0.18594529218212852,-0.19228316955122482,73,0.1917808219178082,0.1667554857458404,-0.5601381086850016,-0.043364120105406134,-0.04851698097669421,24,0.4166666666666667,0.34118264981387353,-0.3384201894650656,-0.2426610773573521
lb30_atr20_m2.0_r0.005_tfnone_rfnone,30,20,2.0,0.005,none,none,-0.11667311290673243,-0.11873431623712294,53,0.24528301886792453,0.3038088080626353,-0.4351214942541304,-0.05345880351109278,-0.057249850029968186,19,0.10526315789473684,0.14847366126131056,-0.605246557081985,-0.2437534754139253
lb20_atr14_m1.5_r0.0025_tfnone_rfnone,20,14,1.5,0.0025,none,none,-0.12151318157327695,-0.1234577426279444,80,0.225,0.1768504063256647,-0.5965171137298794,-0.04478639498909398,-0.047389588801466154,31,0.1935483870967742,0.21319547121916557,-0.5487143101089791,-0.24426590789715008
lb30_atr14_m2.0_r0.005_tfnone_rfnone,30,14,2.0,0.005,none,none,-0.11186844867927614,-0.1135001475071411,51,0.2549019607843137,0.3043484227758523,-0.42921374122943284,-0.057031664213581745,-0.06088115243718051,20,0.1,0.09056051694684178,-0.6096534370385298,-0.24509063486453753
lb20_atr20_m2.0_r0.005_tfma100_rfnone,20,20,2.0,0.005,ma100,none,-0.13274486761347504,-0.13984732107465958,55,0.21818181818181817,0.26802212827436594,-0.4975566752725449,-0.04826083092910094,-0.052072696146555186,19,0.10526315789473684,0.1626440122431051,-0.5501513025312932,-0.24634617854768737
lb20_atr20_m1.5_r0.005_tfnone_rfadx20,20,20,1.5,0.005,none,adx20,-0.18341824842133392,-0.18621381001193493,68,0.22058823529411764,0.15572339771907137,-0.5946237599925827,-0.0449091519865461,-0.04911509346382459,24,0.3333333333333333,0.34543573964394325,-0.35698487653484906,-0.24774663192162272
lb20_atr14_m2.0_r0.005_tfma100_rfnone,20,14,2.0,0.005,ma100,none,-0.12294676665408721,-0.13084872102287826,52,0.23076923076923078,0.27590158288164773,-0.47849077469993045,-0.05335730197092803,-0.057221790076967594,20,0.1,0.09650891230827932,-0.5710661515685682,-0.2477563494474317
lb10_atr14_m2.5_r0.005_tfnone_rfnone,10,14,2.5,0.005,none,none,-0.15298615044877795,-0.15731503625095844,81,0.2222222222222222,0.33806056787804206,-0.3764398908674888,-0.06939995271885768,-0.08228311116089893,31,0.16129032258064516,0.30625829896022067,-0.4599689736197054,-0.24859323154595336
lb20_atr14_m1.5_r0.0025_tfma100_rfnone,20,14,1.5,0.0025,ma100,none,-0.10292201828807113,-0.10678186723104055,65,0.23076923076923078,0.15144770159470852,-0.6117871363066063,-0.042216348680450766,-0.0448265465059704,25,0.2,0.1412881293749122,-0.6386150966997252,-0.24909927175875604
lb10_atr10_m2.0_r0.0025_tfnone_rfnone,10,10,2.0,0.0025,none,none,-0.1375107618877629,-0.14176086290891354,105,0.1619047619047619,0.21579199760644852,-0.5276327186948789,-0.05265431441759205,-0.055492762204978674,39,0.1794871794871795,0.1677613871234242,-0.5179639358959219,-0.249914194204826
lb20_atr10_m1.5_r0.005_tfma100_rfadx20,20,10,1.5,0.005,ma100,adx20,-0.15366480163196472,-0.15987721914832964,55,0.21818181818181817,0.15660731506035172,-0.5932845349510283,-0.04627053046075125,-0.05047047682436823,19,0.21052631578947367,0.18875745241496722,-0.46667401097295774,-0.25252486360399423
lb20_atr10_m1.5_r0.005_tfnone_rfadx20,20,10,1.5,0.005,none,adx20,-0.18448284443558538,-0.18716291476487135,67,0.208955223880597,0.1697229322464653,-0.5959570864046451,-0.04728523683500663,-0.051480714727759724,24,0.20833333333333334,0.3073018871398205,-0.37692314392609855,-0.25423373251214965
lb10_atr20_m2.0_r0.0025_tfnone_rfnone,10,20,2.0,0.0025,none,none,-0.1244636974996185,-0.12714520060060952,103,0.1941747572815534,0.22913966112676656,-0.4834651391137075,-0.06155171692545769,-0.06461604712705504,41,0.12195121951219512,0.1608949596232407,-0.5763348807723457,-0.25487680816442104
lb10_atr14_m2.0_r0.0025_tfnone_rfnone,10,14,2.0,0.0025,none,none,-0.1236641597910646,-0.12806195402280318,101,0.19801980198019803,0.24720203721107623,-0.49093238714257703,-0.0636434203917563,-0.0662019796531228,42,0.16666666666666666,0.14984840774185493,-0.5781723793329585,-0.25718587156934825
lb10_atr10_m1.5_r0.0025_tfma100_rfnone,10,10,1.5,0.0025,ma100,none,-0.11898677420795267,-0.12252119996900157,84,0.20238095238095238,0.17826275154715368,-0.550915091424732,-0.05232848669088275,-0.055759504383938174,32,0.21875,0.17288020375681745,-0.6192291356867321,-0.25756203739330336
lb30_atr10_m2.0_r0.005_tfma100_rfnone,30,10,2.0,0.005,ma100,none,-0.11945532359981104,-0.12347283514616447,46,0.1956521739130435,0.20264582603962988,-0.5205936741178262,-0.0505809290190119,-0.05430389047797801,17,0.11764705882352941,0.07768813236717277,-0.6349399358311746,-0.2580666013284085
lb10_atr10_m1.5_r0.005_tfma100_rfadx20,10,10,1.5,0.005,ma100,adx20,-0.19445723311930863,-0.20037021890177453,74,0.1891891891891892,0.16004862719953042,-0.5854306237711302,-0.0471336615197131,-0.052684508832239296,24,0.2916666666666667,0.29501577866342127,-0.3873743688742952,-0.26191926793467685
lb20_atr14_m2.0_r0.005_tfnone_rfnone,20,14,2.0,0.005,none,none,-0.14925903135311291,-0.15318921932653895,64,0.203125,0.2809459662012288,-0.48327406178729193,-0.06413724744994975,-0.06795772848640114,26,0.11538461538461539,0.1599488278549952,-0.5208240957622429,-0.26240901149802015
lb30_atr10_m2.0_r0.005_tfnone_rfnone,30,10,2.0,0.005,none,none,-0.12956734782865453,-0.13088474662023264,53,0.18867924528301888,0.2491169886750593,-0.4854317317222023,-0.055683837460265284,-0.059386788860411044,19,0.10526315789473684,0.07083200661393958,-0.6240314137572287,-0.26257927550776233
lb10_atr14_m1.5_r0.0025_tfma100_rfnone,10,14,1.5,0.0025,ma100,none,-0.12237143389871752,-0.1261475980251866,84,0.20238095238095238,0.15642377745427088,-0.5678501652345104,-0.05387493229851259,-0.05743237028758741,33,0.24242424242424243,0.18781332760911473,-0.6211820609526305,-0.2626156028280782
lb20_atr20_m2.0_r0.005_tfnone_rfnone,20,20,2.0,0.005,none,none,-0.15748504525884133,-0.16053386314167672,67,0.19402985074626866,0.2737569941767823,-0.4937212353313583,-0.06078720661219339,-0.06454890172283811,25,0.12,0.20122433020988129,-0.5119093803230651,-0.2631462488070006
lb30_atr20_m1.5_r0.005_tfma100_rfnone,30,20,1.5,0.005,ma100,none,-0.11554708325916418,-0.12243305059183751,52,0.28846153846153844,0.28550133151051393,-0.47360793514008964,-0.06400275282797085,-0.06812461165709449,22,0.22727272727272727,0.16706883442139867,-0.6653983124041414,-0.26536304147406287
lb10_atr20_m2.5_r0.005_tfnone_rfnone,10,20,2.5,0.005,none,none,-0.14810205591019543,-0.15515517673335744,81,0.19753086419753085,0.3417223122708546,-0.37160626063432445,-0.08295035157436137,-0.09071650507276408,33,0.24242424242424243,0.19397914660424448,-0.5091030004674112,-0.2654507423309064
lb20_atr10_m2.0_r0.005_tfma100_rfnone,20,10,2.0,0.005,ma100,none,-0.14517160777490656,-0.1505496794769262,55,0.16363636363636364,0.21644170510088948,-0.5390862188252183,-0.052192084497592384,-0.05590872812501868,19,0.10526315789473684,0.07547179617993553,-0.5854667758429768,-0.2682101517042805
lb20_atr14_m1.5_r0.005_tfma100_rfadx20,20,14,1.5,0.005,ma100,adx20,-0.1668745032831206,-0.17312245886686362,56,0.19642857142857142,0.1191045521163121,-0.651179408355378,-0.049725125818065874,-0.0539098591514976,20,0.25,0.21798023950841927,-0.47833202677064157,-0.2699019934117801
lb20_atr14_m1.5_r0.005_tfnone_rfadx20,20,14,1.5,0.005,none,adx20,-0.1970001205188463,-0.19967773971399838,68,0.19117647058823528,0.13911207996186278,-0.6413018530852845,-0.05122454897476547,-0.05540267928602405,25,0.24,0.3205733095429991,-0.3938504007381452,-0.2715858822331508
lb10_atr10_m2.0_r0.005_tfnone_rfadx20,10,10,2.0,0.005,none,adx20,-0.2260481818020904,-0.23094981518571744,92,0.18478260869565216,0.2134723431322127,-0.5302120828754276,-0.05229022366622538,-0.05885681684491362,30,0.23333333333333334,0.28814810857485706,-0.3404429313187904,-0.271972237203848
lb10_atr14_m1.5_r0.005_tfma100_rfadx20,10,14,1.5,0.005,ma100,adx20,-0.2034115292794847,-0.209385478466248,75,0.17333333333333334,0.13085214246648563,-0.6107385295984121,-0.050633060643625605,-0.05632177896627211,25,0.32,0.3152366407978915,-0.39650681289899414,-0.2736919174907583
lb30_atr20_m1.5_r0.005_tfnone_rfnone,30,20,1.5,0.005,none,none,-0.13316202033994717,-0.13612963375590592,62,0.3064516129032258,0.27792883683682107,-0.4600980047888873,-0.06823985707450009,-0.07234305693256227,24,0.20833333333333334,0.1580907652598975,-0.6464047810458281,-0.2746205037018644
lb20_atr10_m2.0_r0.005_tfnone_rfnone,20,10,2.0,0.005,none,none,-0.17054918138330788,-0.1742048937508638,67,0.14925373134328357,0.2348844045325872,-0.5323760196784733,-0.061927946123421895,-0.06560641247096133,25,0.12,0.14779474055261757,-0.5236952816531059,-0.27858895566006936
lb20_atr20_m1.5_r0.005_tfma100_rfnone,20,20,1.5,0.005,ma100,none,-0.15491962221362143,-0.16149905201115533,63,0.23809523809523808,0.22691370002020278,-0.5323254234545035,-0.06117940064979832,-0.06531369269829135,24,0.2916666666666667,0.19128592490779098,-0.5874231772330761,-0.2788759992033661
lb10_atr14_m2.0_r0.005_tfnone_rfadx20,10,14,2.0,0.005,none,adx20,-0.21311942332731304,-0.21891526651863702,89,0.20224719101123595,0.2294932961837272,-0.5091763866739178,-0.06314824703977406,-0.0692929240720036,32,0.21875,0.26215525707233434,-0.39290168829151806,-0.28017732499899656
lb10_atr20_m1.5_r0.0025_tfnone_rfnone,10,20,1.5,0.0025,none,none,-0.16411460576634407,-0.16713566009017677,123,0.21951219512195122,0.19791425203117452,-0.5364758874689081,-0.06658576302067432,-0.06933760198828387,47,0.2553191489361702,0.21162115905409334,-0.5483436422369573,-0.28174328095495715
lb10_atr20_m2.0_r0.005_tfma100_rfnone,10,20,2.0,0.005,ma100,none,-0.15910537769085875,-0.16599194970142284,70,0.21428571428571427,0.2462944922033168,-0.47841920723715076,-0.06910636374006118,-0.07516305410226032,27,0.14814814814814814,0.1617804635881658,-0.5764253326732326,-0.2821771730272539
lb10_atr20_m2.0_r0.005_tfnone_rfadx20,10,20,2.0,0.005,none,adx20,-0.22355985201058914,-0.22654383888228546,93,0.1827956989247312,0.20258405039059438,-0.5209892304533517,-0.06304323079306728,-0.06913936982851365,31,0.16129032258064516,0.27224811612812144,-0.39864189555879054,-0.2878979788392578
lb10_atr14_m2.0_r0.005_tfma100_rfnone,10,14,2.0,0.005,ma100,none,-0.15509255581496306,-0.16529685010174144,68,0.22058823529411764,0.2653714044266906,-0.46944059044817205,-0.0741334293189354,-0.07917650103333929,28,0.17857142857142858,0.11419839203801131,-0.6014328149118761,-0.2880881012212333
lb30_atr14_m1.5_r0.005_tfma100_rfnone,30,14,1.5,0.005,ma100,none,-0.13586846465567048,-0.14234894745522386,53,0.2830188679245283,0.18908409645996974,-0.5507133959859744,-0.065482636246747,-0.06959797810100321,22,0.18181818181818182,0.16254589525778326,-0.6773736087990424,-0.2882861915890154
lb30_atr14_m1.5_r0.005_tfnone_rfnone,30,14,1.5,0.005,none,none,-0.14991276872745152,-0.15274740164107026,62,0.2903225806451613,0.21594075226704648,-0.5103721565457567,-0.0687545364584885,-0.07285546981868507,24,0.16666666666666666,0.15553676309041478,-0.6506008646929723,-0.2906826587934245
lb10_atr10_m2.0_r0.005_tfma100_rfnone,10,10,2.0,0.005,ma100,none,-0.1729463690584434,-0.18069384959653412,71,0.16901408450704225,0.223416628610664,-0.5064084765722121,-0.06777932007943488,-0.0732883585447156,26,0.19230769230769232,0.10169490854862817,-0.5707550727936508,-0.2921861199970561
lb30_atr10_m1.5_r0.005_tfma100_rfnone,30,10,1.5,0.005,ma100,none,-0.1333938490049651,-0.13975506291006146,52,0.2692307692307692,0.1898145114072164,-0.543136715364424,-0.06965792875371002,-0.07375488383777429,22,0.13636363636363635,0.12457576576918411,-0.7072772923308962,-0.29511581426788763
lb10_atr14_m1.5_r0.0025_tfnone_rfnone,10,14,1.5,0.0025,none,none,-0.17307409221416037,-0.17490452140404356,124,0.20967741935483872,0.18130994063858166,-0.5652799532648397,-0.07111260802108799,-0.07460523220852888,48,0.22916666666666666,0.21141393911641465,-0.5716537863078917,-0.29720867927498484
lb20_atr20_m1.5_r0.005_tfnone_rfnone,20,20,1.5,0.005,none,none,-0.19509483449170117,-0.19785042137620001,80,0.2375,0.20396858120198105,-0.551742333310412,-0.06984024597775618,-0.07393639818995101,30,0.26666666666666666,0.2503260592309919,-0.5179636620210201,-0.2985508543165383
lb10_atr10_m1.5_r0.0025_tfnone_rfnone,10,10,1.5,0.0025,none,none,-0.17464528654146194,-0.17627780651130576,124,0.20161290322580644,0.1843471462809132,-0.5712044729882064,-0.0707424380672671,-0.07410678857439978,47,0.2127659574468085,0.194489280671326,-0.5802446314303052,-0.2999873358064338
lb30_atr10_m1.5_r0.005_tfnone_rfnone,30,10,1.5,0.005,none,none,-0.1547449772882733,-0.1575227764940813,61,0.2459016393442623,0.20602408722234375,-0.5318624370014982,-0.07364057653499045,-0.07771999320003675,24,0.125,0.11821434463062046,-0.6838795086773962,-0.305597894576725
lb20_atr10_m1.5_r0.005_tfma100_rfnone,20,10,1.5,0.005,ma100,none,-0.170487463968941,-0.17657639683953485,64,0.234375,0.17018838116813198,-0.5741021102881887,-0.06761264513708798,-0.07171860705355348,24,0.16666666666666666,0.1358008199118718,-0.6333182291775291,-0.3059868999038987
lb10_atr20_m1.5_r0.005_tfma100_rfnone,10,20,1.5,0.005,ma100,none,-0.1897658445464807,-0.19607397674963778,82,0.2073170731707317,0.21746353367091234,-0.513383058849713,-0.07733840354745891,-0.08230826401132152,32,0.3125,0.22305024884469732,-0.5814173837155787,-0.30954975293202686
lb10_atr20_m1.5_r0.005_tfnone_rfadx20,10,20,1.5,0.005,none,adx20,-0.267267761983107,-0.27023735284613737,109,0.21100917431192662,0.1657634596463664,-0.5717099937720416,-0.06575958997479003,-0.07221269919371343,36,0.3333333333333333,0.3427012376341577,-0.3476451467232421,-0.3111405689047849
lb20_atr10_m1.5_r0.005_tfnone_rfnone,20,10,1.5,0.005,none,none,-0.208991555385885,-0.21159108164742357,79,0.21518987341772153,0.1724742258098881,-0.5866547132249955,-0.07312165871963427,-0.07720336054736165,30,0.16666666666666666,0.2195545524374807,-0.5401269514514334,-0.3169693612669108
lb20_atr14_m1.5_r0.005_tfma100_rfnone,20,14,1.5,0.005,ma100,none,-0.18031503596176546,-0.18646219538511133,65,0.23076923076923078,0.14680746395550914,-0.6117871363066063,-0.07046399155718464,-0.07455739697580555,25,0.2,0.1626722849326735,-0.6386150966997252,-0.3179793318196844
lb10_atr10_m1.5_r0.005_tfnone_rfadx20,10,10,1.5,0.005,none,adx20,-0.27134819110165664,-0.27374279197557383,109,0.2018348623853211,0.17536273671301386,-0.5821359339836839,-0.06841120345782381,-0.07611529519987881,36,0.2777777777777778,0.31845317331344897,-0.37551513476325926,-0.3217537735336005
lb20_atr14_m1.5_r0.005_tfnone_rfnone,20,14,1.5,0.005,none,none,-0.21251242673937576,-0.2151383198384743,80,0.225,0.1591639677614673,-0.5965171137298794,-0.07651793986466493,-0.08058468546098663,31,0.1935483870967742,0.2367263668363201,-0.5487143101089791,-0.32386077898479765
lb10_atr14_m1.5_r0.005_tfnone_rfadx20,10,14,1.5,0.005,none,adx20,-0.27733415786640947,-0.28024192933194547,110,0.19090909090909092,0.1622190972248116,-0.5931101354538652,-0.06994858394307979,-0.0778011664795133,37,0.2972972972972973,0.3426239000321599,-0.3714885075244306,-0.3266138183531695
lb10_atr10_m1.5_r0.005_tfma100_rfnone,10,10,1.5,0.005,ma100,none,-0.20637534084386855,-0.21220084324937838,84,0.20238095238095238,0.1739012572502533,-0.550915091424732,-0.08212906820011956,-0.0874760525454299,32,0.21875,0.19161589942175059,-0.6192291356867322,-0.3337591144154376
lb10_atr14_m1.5_r0.005_tfma100_rfnone,10,14,1.5,0.005,ma100,none,-0.21117724626513323,-0.21709295710125975,84,0.20238095238095238,0.15593642202534433,-0.5678501652345104,-0.08438227033318912,-0.08986875942330508,33,0.24242424242424243,0.21420845201484773,-0.6211820609526305,-0.3400134780640661
lb10_atr10_m2.0_r0.005_tfnone_rfnone,10,10,2.0,0.005,none,none,-0.25157511015722245,-0.25631507502187345,105,0.1619047619047619,0.20925973656741056,-0.527632718694879,-0.09562716475704869,-0.10097163398372677,39,0.1794871794871795,0.17735725125006732,-0.5179639358959219,-0.35262178436151326
lb10_atr20_m2.0_r0.005_tfnone_rfnone,10,20,2.0,0.005,none,none,-0.22865571046882072,-0.23310301147046508,103,0.1941747572815534,0.22583878105060579,-0.4834651391137074,-0.10848829291920015,-0.11428875191230059,41,0.12195121951219512,0.17468322671869188,-0.5763348807723457,-0.3550931155955024
lb10_atr14_m2.0_r0.005_tfnone_rfnone,10,14,2.0,0.005,none,none,-0.229540012606124,-0.23455534003938405,101,0.19801980198019803,0.23708872807976367,-0.49093238714257703,-0.10997273551724074,-0.11482059531118438,42,0.16666666666666666,0.16546186006120173,-0.5781723793329585,-0.3576627701942102
lb10_atr20_m1.5_r0.005_tfnone_rfnone,10,20,1.5,0.005,none,none,-0.2785859619494089,-0.281862759684267,123,0.21951219512195122,0.19741781246051895,-0.5364758874689081,-0.11317967070852297,-0.11795647437092838,47,0.2553191489361702,0.22842845914575435,-0.5483436422369573,-0.3872622114920177
lb10_atr14_m1.5_r0.005_tfnone_rfnone,10,14,1.5,0.005,none,none,-0.2934595102644225,-0.29581548369083277,124,0.20967741935483872,0.17231515522833535,-0.5652799532648397,-0.11851043687264529,-0.1237924259762303,48,0.22916666666666666,0.2304537909691056,-0.5716537863078917,-0.40689029650139236
lb10_atr10_m1.5_r0.005_tfnone_rfnone,10,10,1.5,0.005,none,none,-0.29570259828323153,-0.29801716218474494,124,0.20161290322580644,0.1746986665092487,-0.5712044729882064,-0.11827884101541097,-0.12341523772510365,47,0.2127659574468085,0.2081288722940724,-0.5802446314303052,-0.41030719128613263
