key,breakout_lookback,atr_period,atr_mult,risk_per_trade,trend_filter,regime_filter,is_return,is_mdd,is_trades,is_win_rate,is_pf,is_avg_r,oos_return,oos_mdd,oos_trades,oos_win_rate,oos_pf,oos_avg_r,rank_score
lb55_atr14_m3.0_r0.005_tfma100_rfadx20,55,14,3.0,0.005,ma100,adx20,0.008054885331230333,-0.02922437522177357,17,0.23529411764705882,1.2278347217421495,0.09351652049211262,0.008310900485967831,-0.01223949463041285,6,0.6666666666666666,1.9589246876075344,0.26733329941369766,0.10363766521580554
lb55_atr14_m3.0_r0.005_tfnone_rfadx20,55,14,3.0,0.005,none,adx20,0.008266914405838488,-0.02922437522177379,18,0.2777777777777778,1.2337828517197,0.09053285590658083,0.008310900485967831,-0.01223949463041285,6,0.6666666666666666,1.9589246876075344,0.26733329941369766,0.10353446301290942
lb55_atr14_m3.0_r0.0025_tfma100_rfadx20,55,14,3.0,0.0025,ma100,adx20,0.0041735463040382115,-0.014704050962462856,17,0.23529411764705882,1.2385460657193512,0.09351652049211258,0.004163804273099592,-0.006150848325150671,6,0.6666666666666666,1.9663589679159956,0.2673332994136977,0.1034815423437511
lb55_atr14_m3.0_r0.0025_tfnone_rfadx20,55,14,3.0,0.0025,none,adx20,0.00427915265090828,-0.014704050962463189,18,0.2777777777777778,1.2445564549040142,0.09053285590658078,0.004163804273099592,-0.006150848325150671,6,0.6666666666666666,1.9663589679159956,0.2673332994136977,0.1033099823656735
lb55_atr20_m3.0_r0.0025_tfnone_rfadx20,55,20,3.0,0.0025,none,adx20,-0.008202495791277298,-0.020100981701096754,21,0.19047619047619047,0.6998568560852272,-0.14768359956594987,0.0046148573735926846,-0.006094155842493287,6,0.6666666666666666,2.1877448253430902,0.2950150081950078,0.07947557544495269
lb55_atr20_m3.0_r0.0025_tfma100_rfadx20,55,20,3.0,0.0025,ma100,adx20,-0.008250163952006617,-0.020100981701096976,20,0.15,0.6980980876252314,-0.15597568389672825,0.0046148573735926846,-0.006094155842493287,6,0.6666666666666666,2.1877448253430902,0.2950150081950078,0.0787101003248514
lb55_atr20_m3.0_r0.005_tfnone_rfadx20,55,20,3.0,0.005,none,adx20,-0.016641903732748098,-0.039844958267193364,21,0.19047619047619047,0.6956943891236435,-0.14768359956594987,0.009216364734435878,-0.012122442503636477,6,0.6666666666666666,2.178514459254967,0.2950150081950078,0.0736534616267888
lb55_atr20_m3.0_r0.005_tfma100_rfadx20,55,20,3.0,0.005,ma100,adx20,-0.016736424275052175,-0.03984495826719303,20,0.15,0.6939366144289197,-0.15597568389672825,0.009216364734435878,-0.012122442503636477,6,0.6666666666666666,2.178514459254967,0.2950150081950078,0.07286691336951431
lb55_atr10_m3.0_r0.0025_tfnone_rfadx20,55,10,3.0,0.0025,none,adx20,-0.0017996779541989971,-0.018329746845062278,20,0.3,0.9147658463910935,-0.0351190441629194,0.002983043890448789,-0.006583684766834241,6,0.6666666666666666,1.676128643918969,0.19187356262846966,0.06694898396906891
lb55_atr10_m3.0_r0.0025_tfma100_rfadx20,55,10,3.0,0.0025,ma100,adx20,-0.002139688813035945,-0.018329746845061834,19,0.2631578947368421,0.8986281368632735,-0.04378188042887034,0.002983043890448789,-0.006583684766834241,6,0.6666666666666666,1.676128643918969,0.19187356262846966,0.06586853495927954
lb55_atr10_m3.0_r0.005_tfnone_rfadx20,55,10,3.0,0.005,none,adx20,-0.003909422643745275,-0.03636188092360415,20,0.3,0.9079983155232818,-0.0351190441629194,0.005945249662886232,-0.01311111160725753,6,0.6666666666666666,1.6706379801734166,0.19187356262846963,0.06322905526695748
lb55_atr10_m3.0_r0.005_tfma100_rfadx20,55,10,3.0,0.005,ma100,adx20,-0.004587776039249092,-0.03636188092360426,19,0.2631578947368421,0.8919608332852235,-0.043781880428870365,0.005945249662886232,-0.01311111160725753,6,0.6666666666666666,1.6706379801734166,0.19187356262846963,0.06199740450221042
lb55_atr14_m3.0_r0.0025_tfma100_rfnone,55,14,3.0,0.0025,ma100,none,0.0035887884026957195,-0.012240255399909028,18,0.2222222222222222,1.193841541448721,0.07712882158614641,0.0005436781087044817,-0.00937088319454693,8,0.5,1.0685922019843275,0.027684266079420955,0.041775239546232495
lb55_atr14_m3.0_r0.0025_tfnone_rfnone,55,14,3.0,0.0025,none,none,0.003694333252082682,-0.012240255399908917,19,0.2631578947368421,1.1995213614692382,0.07516470244753558,0.0005436781087044817,-0.00937088319454693,8,0.5,1.0685922019843275,0.027684266079420955,0.04168940344416624
lb55_atr14_m3.0_r0.005_tfma100_rfnone,55,14,3.0,0.005,ma100,none,0.00687736185290122,-0.024357758754184666,18,0.2222222222222222,1.1845212486064587,0.0771288215861464,0.0010454219318520863,-0.018639422986662324,8,0.5,1.0656600430174406,0.027684266079420927,0.03871237978589793
lb55_atr14_m3.0_r0.005_tfnone_rfnone,55,14,3.0,0.005,none,none,0.007089143253282915,-0.02435775875418511,19,0.2631578947368421,1.1901633957861604,0.07516470244753559,0.0010454219318520863,-0.018639422986662324,8,0.5,1.0656600430174406,0.027684266079420927,0.03865270725675171
lb55_atr10_m2.5_r0.0025_tfnone_rfadx20,55,10,2.5,0.0025,none,adx20,-0.006438507928176462,-0.022409194329082616,23,0.17391304347826086,0.7862168289088447,-0.10484428447761725,0.0007465013563634493,-0.006676654394211168,7,0.42857142857142855,1.097670599520296,0.04119631933282948,0.019820410223735943
lb55_atr10_m2.5_r0.0025_tfma100_rfadx20,55,10,2.5,0.0025,ma100,adx20,-0.007235873628375078,-0.022409194329082838,22,0.13636363636363635,0.7595482573451227,-0.12334484278620744,0.0007465013563634493,-0.006676654394211168,7,0.42857142857142855,1.097670599520296,0.04119631933282948,0.01756277680522581
lb55_atr20_m3.0_r0.0025_tfnone_rfnone,55,20,3.0,0.0025,none,none,-0.011343597786255932,-0.020150173221979095,23,0.17391304347826086,0.6320092011680034,-0.18640773285824305,0.0015006590280599585,-0.00944643462310435,8,0.5,1.2144268823854443,0.07158837037446189,0.01608350058806759
lb55_atr20_m3.0_r0.0025_tfma100_rfnone,55,20,3.0,0.0025,ma100,none,-0.011391114978108963,-0.020150173221979206,22,0.13636363636363635,0.6304499632113472,-0.19570617921769132,0.0015006590280599585,-0.00944643462310435,8,0.5,1.2144268823854443,0.07158837037446189,0.0152321317967371
lb55_atr10_m2.5_r0.005_tfnone_rfadx20,55,10,2.5,0.005,none,adx20,-0.013300709793968912,-0.04435963390500619,23,0.17391304347826086,0.7797254821775215,-0.10484428447761722,0.001446966175164821,-0.01328905342302178,7,0.42857142857142855,1.0945983569082864,0.04119631933282949,0.012197321874736959
lb55_atr10_m3.0_r0.0025_tfnone_rfnone,55,10,3.0,0.0025,none,none,-0.002878223744128605,-0.0163955959338703,21,0.2857142857142857,0.8726118534130477,-0.0520183830563571,-0.0006512166771195371,-0.009271022545372709,8,0.5,0.9190426380563994,-0.029897486414117547,0.011314586693399076
lb55_atr10_m3.0_r0.0025_tfma100_rfnone,55,10,3.0,0.0025,ma100,none,-0.0032178672245231077,-0.01639559593387052,20,0.25,0.8575309449055809,-0.061093044453682424,-0.0006512166771195371,-0.009271022545372709,8,0.5,0.9190426380563994,-0.029897486414117547,0.010209364715627152
lb55_atr10_m2.5_r0.005_tfma100_rfadx20,55,10,2.5,0.005,ma100,adx20,-0.01488315694425335,-0.044359633905006524,22,0.13636363636363635,0.7531224639756566,-0.12334484278620748,0.001446966175164821,-0.01328905342302178,7,0.42857142857142855,1.0945983569082864,0.04119631933282949,0.009587090113987683
lb55_atr20_m3.0_r0.005_tfnone_rfnone,55,20,3.0,0.005,none,none,-0.022872574137768553,-0.03994355073847111,23,0.17391304347826086,0.6281363295703678,-0.18640773285824305,0.002963111199169699,-0.018782547316222198,8,0.5,1.2106122650198619,0.07158837037446188,0.006386297581073714
lb55_atr20_m3.0_r0.005_tfma100_rfnone,55,20,3.0,0.005,ma100,none,-0.022966495787006935,-0.03994355073847089,22,0.13636363636363635,0.6265734519907384,-0.1957061792176913,0.002963111199169699,-0.018782547316222198,8,0.5,1.2106122650198619,0.07158837037446188,0.005514008567878646
lb55_atr10_m3.0_r0.005_tfnone_rfnone,55,10,3.0,0.005,none,none,-0.006065426164498011,-0.0325563813000489,21,0.2857142857142857,0.8662124908998745,-0.05201838305635708,-0.0013400160825643992,-0.018446270748023075,8,0.5,0.9169818427297854,-0.029897486414117602,0.0047460526320267735
lb55_atr10_m3.0_r0.005_tfma100_rfnone,55,10,3.0,0.005,ma100,none,-0.006742311287594949,-0.0325563813000489,20,0.25,0.8511808192290721,-0.06109304445368237,-0.0013400160825643992,-0.018446270748023075,8,0.5,0.9169818427297854,-0.029897486414117602,0.0034895889018237637
lb30_atr14_m3.0_r0.0025_tfma100_rfadx20,30,14,3.0,0.0025,ma100,adx20,-0.012195158954805718,-0.030012703576901667,25,0.28,0.656955876322595,-0.18463561926937122,-0.00038173941662067445,-0.009423163858445549,8,0.5,0.9593586709498393,-0.018388924888479714,-0.005887865508304842
lb30_atr20_m3.0_r0.0025_tfma100_rfadx20,30,20,3.0,0.0025,ma100,adx20,-0.017349692315139387,-0.02915860233674994,26,0.19230769230769232,0.5635831758944856,-0.2512900424099866,0.0005004145759786027,-0.009625171910200403,8,0.5,1.0565589461124378,0.021658068771730855,-0.006064802288204517
lb10_atr20_m3.0_r0.0025_tfma100_rfadx20,10,20,3.0,0.0025,ma100,adx20,-0.0319205811791915,-0.04482847829723091,41,0.1951219512195122,0.5001673584696442,-0.3016459923629381,0.0012918181508456694,-0.01003573476033437,10,0.5,1.1230724461200836,0.04923956448145112,-0.013779964687218697
lb30_atr14_m3.0_r0.005_tfma100_rfadx20,30,14,3.0,0.005,ma100,adx20,-0.024597740615766472,-0.059200568189557434,25,0.28,0.654459543250925,-0.18463561926937125,-0.000811499241059277,-0.01874672475138084,8,0.5,0.9569868353104166,-0.018388924888479798,-0.01828828432933468
lb55_atr14_m2.5_r0.0025_tfnone_rfadx20,55,14,2.5,0.0025,none,adx20,-0.00662377651845758,-0.017628493774867193,21,0.23809523809523808,0.7394144991190275,-0.12182048144406647,-0.0028949097700647908,-0.008021205356952388,9,0.4444444444444444,0.6703794751458335,-0.12296859959401926,-0.018931839882420982
lb10_atr14_m3.0_r0.0025_tfma100_rfadx20,10,14,3.0,0.0025,ma100,adx20,-0.025596136330581443,-0.04222203443208594,39,0.23076923076923078,0.5527066398163497,-0.255690485337087,-0.0003757129521414493,-0.010358986118810032,10,0.5,0.9688612604517176,-0.009761205613799609,-0.019592223766179473
lb30_atr20_m3.0_r0.005_tfma100_rfadx20,30,20,3.0,0.005,ma100,adx20,-0.0347456310579628,-0.05755237673416469,26,0.19230769230769232,0.561224796888615,-0.25129004240998665,0.0009527305417047494,-0.01914250868425449,8,0.5,1.053568136166053,0.02165806877173082,-0.02017692069173395
lb55_atr14_m2.5_r0.0025_tfma100_rfadx20,55,14,2.5,0.0025,ma100,adx20,-0.007222101900689171,-0.017628493774867526,20,0.2,0.715704589235343,-0.13919745695971616,-0.0028949097700647908,-0.008021205356952388,9,0.4444444444444444,0.6703794751458335,-0.12296859959401926,-0.02097052571582328
lb30_atr14_m3.0_r0.0025_tfnone_rfadx20,30,14,3.0,0.0025,none,adx20,-0.014567533064607119,-0.03180795137129433,29,0.3448275862068966,0.6600808065799125,-0.191072473480279,-0.0019607146712667944,-0.01098785747576736,10,0.4,0.8212151578808078,-0.07886711286533946,-0.0215339423063279
lb30_atr10_m3.0_r0.0025_tfma100_rfadx20,30,10,3.0,0.0025,ma100,adx20,-0.014256694326797548,-0.03324273990565352,26,0.3076923076923077,0.6304815570777434,-0.21176242928300892,-0.0017512706538050926,-0.009490560627970934,8,0.5,0.8175517959577999,-0.08471523901008685,-0.024233363187624618
lb30_atr20_m3.0_r0.0025_tfnone_rfadx20,30,20,3.0,0.0025,none,adx20,-0.01951958981036883,-0.03080140051429503,30,0.26666666666666666,0.5860415593723485,-0.24616581283691719,-0.0017289868331598068,-0.01183201061326511,10,0.4,0.8438503556016034,-0.07075676053355207,-0.027552240906645636
lb20_atr14_m3.0_r0.0025_tfma100_rfadx20,20,14,3.0,0.0025,ma100,adx20,-0.026157898988190986,-0.04204990665533381,32,0.25,0.48883893694179004,-0.3171015916782702,-0.00041044850278215694,-0.011433948674375305,9,0.4444444444444444,0.9639756261963917,-0.017777634589977307,-0.02756153615230196
lb20_atr20_m3.0_r0.0025_tfma100_rfadx20,20,20,3.0,0.0025,ma100,adx20,-0.03234209193991122,-0.042083608420971474,34,0.17647058823529413,0.4469815209750125,-0.36861179594867305,0.00043633647460583624,-0.010996175787295837,9,0.4444444444444444,1.041714078214114,0.016656435880229765,-0.027604798015118465
lb20_atr10_m3.0_r0.0025_tfma100_rfadx20,20,10,3.0,0.0025,ma100,adx20,-0.027352373422091292,-0.04406619076595786,34,0.23529411764705882,0.5093877347560078,-0.3147521165963485,-0.00032738653683495045,-0.012285552713694359,9,0.4444444444444444,0.9717539472199538,-0.016312360632932264,-0.02774593666729974
lb55_atr14_m2.5_r0.005_tfnone_rfadx20,55,14,2.5,0.005,none,adx20,-0.013432271751266711,-0.034996547679736145,21,0.23809523809523808,0.7360657226214209,-0.12182048144406651,-0.0058140796674464035,-0.015996881103023997,9,0.4444444444444444,0.6695321078669044,-0.12296859959401923,-0.028158095236569234
lb10_atr10_m3.0_r0.0025_tfma100_rfadx20,10,10,3.0,0.0025,ma100,adx20,-0.0270246474922754,-0.042675301647498,40,0.225,0.5552771592618394,-0.2641027928535121,-0.001360367925353323,-0.010910866757479987,10,0.5,0.8958257664863688,-0.04542025237259871,-0.02891143408455887
lb55_atr14_m2.5_r0.005_tfma100_rfadx20,55,14,2.5,0.005,ma100,adx20,-0.014620005408584325,-0.0349965476797367,20,0.2,0.7123813628710464,-0.13919745695971622,-0.0058140796674464035,-0.015996881103023997,9,0.4444444444444444,0.6695321078669044,-0.12296859959401923,-0.03046174651736052
lb10_atr10_m2.5_r0.0025_tfma100_rfadx20,10,10,2.5,0.0025,ma100,adx20,-0.0483741861766499,-0.0598008870897081,49,0.1836734693877551,0.3977007213771241,-0.3822953648359566,0.0009014611684925455,-0.010536577287343474,12,0.5,1.05901788049427,0.03299407638553183,-0.035646815190489206
lb10_atr20_m3.0_r0.005_tfma100_rfadx20,10,20,3.0,0.005,ma100,adx20,-0.0632255666600311,-0.08777465893366221,41,0.1951219512195122,0.4989654033583418,-0.3016459923629381,0.0025126808713624715,-0.019985100238509634,10,0.5,1.1189712982130058,0.04923956448145119,-0.035887626883594904
lb55_atr10_m2.5_r0.0025_tfnone_rfnone,55,10,2.5,0.0025,none,none,-0.0071051523580523135,-0.019973916941683934,24,0.16666666666666666,0.7728091814695865,-0.1098488983924576,-0.00519903629621421,-0.009981554837967255,9,0.3333333333333333,0.6172615484187739,-0.21842494552933606,-0.036403076812009
lb30_atr14_m3.0_r0.005_tfnone_rfadx20,30,14,3.0,0.005,none,adx20,-0.0295272262847599,-0.06269987936221455,29,0.3448275862068966,0.6554392904853849,-0.19107247348027892,-0.003964495581788574,-0.02184312546439704,10,0.4,0.81979048317832,-0.07886711286533948,-0.036591640427647225
lb30_atr10_m3.0_r0.0025_tfnone_rfadx20,30,10,3.0,0.0025,none,adx20,-0.014351745140025018,-0.033561321260271226,30,0.3333333333333333,0.6807243096590385,-0.18557792320507407,-0.0038798578284643392,-0.011602645148636515,10,0.4,0.6690385940291638,-0.15266246761495722,-0.037159341266636045
lb55_atr10_m2.5_r0.0025_tfma100_rfnone,55,10,2.5,0.0025,ma100,none,-0.007901983054221628,-0.0199739169416846,23,0.13043478260869565,0.7471271806438567,-0.12776267651001524,-0.00519903629621421,-0.009981554837967255,9,0.3333333333333333,0.6172615484187739,-0.21842494552933606,-0.038598767219241735
lb30_atr10_m3.0_r0.005_tfma100_rfadx20,30,10,3.0,0.005,ma100,adx20,-0.028680980322579264,-0.06545978259711138,26,0.3076923076923077,0.6286293367102994,-0.21176242928300887,-0.00354342307568678,-0.01888494433920107,8,0.5,0.8159948550443586,-0.08471523901008686,-0.03871271012115552
lb10_atr14_m3.0_r0.005_tfma100_rfadx20,10,14,3.0,0.005,ma100,adx20,-0.05099975911974941,-0.08278679083684315,39,0.23076923076923078,0.5512127937923451,-0.255690485337087,-0.0008298433231805902,-0.02062110167940112,10,0.5,0.9657621670148696,-0.009761205613799551,-0.039696959373066845
lb55_atr14_m2.5_r0.0025_tfnone_rfnone,55,14,2.5,0.0025,none,none,-0.006374544539311522,-0.01755590106060445,24,0.25,0.7811986089334816,-0.10139786348284595,-0.006701764613912475,-0.012842925289511142,11,0.36363636363636365,0.46745752499123466,-0.23257307977873767,-0.041764377706683016
lb10_atr14_m3.0_r0.0025_tfnone_rfadx20,10,14,3.0,0.0025,none,adx20,-0.03770112730348074,-0.0539007147524615,58,0.27586206896551724,0.5510200800008876,-0.25887393077211973,-0.0030622419445416327,-0.01403849324018469,17,0.35294117647058826,0.8340639601577325,-0.07013921651988904,-0.0418449822278142
lb55_atr14_m2.5_r0.0025_tfma100_rfnone,55,14,2.5,0.0025,ma100,none,-0.006973020037697952,-0.017555901060604673,23,0.21739130434782608,0.7605121456950484,-0.11562033706335781,-0.006701764613912475,-0.012842925289511142,11,0.36363636363636365,0.46745752499123466,-0.23257307977873767,-0.04342992196833509
lb30_atr20_m3.0_r0.005_tfnone_rfadx20,30,20,3.0,0.005,none,adx20,-0.039171966013636816,-0.0607580642612614,30,0.26666666666666666,0.582552675042577,-0.2461658128369172,-0.003503783282132855,-0.023509553036985986,10,0.4,0.8423429924781204,-0.07075676053355211,-0.04466806906616466
lb20_atr10_m3.0_r0.0025_tfnone_rfadx20,20,10,3.0,0.0025,none,adx20,-0.031948471981731785,-0.05128419085874347,42,0.23809523809523808,0.5385273773660734,-0.30255692620311025,-0.002928399884423838,-0.014855452525291635,14,0.2857142857142857,0.8302316538388317,-0.08370194397154722,-0.04526087893095991
lb55_atr10_m2.5_r0.005_tfnone_rfnone,55,10,2.5,0.005,none,none,-0.014629625557987413,-0.03958804053171239,24,0.16666666666666666,0.7660924621675127,-0.1098488983924576,-0.010434749579383062,-0.019854928522124782,9,0.3333333333333333,0.6157811931701809,-0.21842494552933603,-0.048081178998226934
lb20_atr14_m3.0_r0.005_tfma100_rfadx20,20,14,3.0,0.005,ma100,adx20,-0.052019390466980675,-0.0824332246064382,32,0.25,0.48827834822656696,-0.3171015916782701,-0.0008931029996857021,-0.022718622808414968,9,0.4444444444444444,0.9610130965411542,-0.017777634589977345,-0.04811600258884618
lb20_atr10_m3.0_r0.005_tfma100_rfadx20,20,10,3.0,0.005,ma100,adx20,-0.054370427780550346,-0.08630705750238665,34,0.23529411764705882,0.5090586904591765,-0.31475211659634844,-0.0007397909447768303,-0.024382850346235885,9,0.4444444444444444,0.968254262991101,-0.01631236063293214,-0.04926160108811452
lb10_atr10_m3.0_r0.005_tfma100_rfadx20,10,10,3.0,0.005,ma100,adx20,-0.05374811075645802,-0.08366551778967002,40,0.225,0.5539592905187589,-0.2641027928535121,-0.002246066336782482,-0.021711637250459437,10,0.5,0.9124145866865221,-0.04542025237259869,-0.04966131289570519
lb20_atr20_m3.0_r0.005_tfma100_rfadx20,20,20,3.0,0.005,ma100,adx20,-0.06403088464122708,-0.08252112280149193,34,0.17647058823529413,0.4461186674658992,-0.368611795948673,0.0008059859557758564,-0.021853928477370776,9,0.4444444444444444,1.0382984197020302,0.016656435880229716,-0.050221380531590774
lb55_atr10_m2.5_r0.005_tfma100_rfnone,55,10,2.5,0.005,ma100,none,-0.016209941421683083,-0.03958804053171172,23,0.13043478260869565,0.7404090644534455,-0.1277626765100152,-0.010434749579383062,-0.019854928522124782,9,0.3333333333333333,0.6157811931701809,-0.21842494552933603,-0.05062945239817388
lb20_atr10_m2.5_r0.0025_tfma100_rfadx20,20,10,2.5,0.0025,ma100,adx20,-0.036940016304836454,-0.04940814105654623,38,0.18421052631578946,0.44049882893222225,-0.3757028743087855,-0.0018810339652445274,-0.011725146860078417,10,0.3,0.8715152390184211,-0.07425946805017934,-0.05094463414512309
lb10_atr10_m3.0_r0.0025_tfnone_rfadx20,10,10,3.0,0.0025,none,adx20,-0.03823904416417667,-0.05793298580860784,60,0.25,0.5797458992272719,-0.25764373579241223,-0.00503685930552189,-0.014378978703594725,18,0.3333333333333333,0.7582162622087485,-0.10952364192692411,-0.05129586460806056
lb30_atr10_m3.0_r0.005_tfnone_rfadx20,30,10,3.0,0.005,none,adx20,-0.028920658370822694,-0.06609117134790599,30,0.3333333333333333,0.6785186778282798,-0.18557792320507402,-0.007788778527313078,-0.023064937975329824,10,0.4,0.6683541396990982,-0.15266246761495728,-0.053436139745730186
lb55_atr14_m2.5_r0.005_tfnone_rfnone,55,14,2.5,0.005,none,none,-0.012962308264438782,-0.034857680408083014,24,0.25,0.7776772888139435,-0.10139786348284596,-0.0133998756125554,-0.02555142346534567,11,0.36363636363636365,0.4674029389063006,-0.23257307977873773,-0.05419939881122239
lb20_atr14_m3.0_r0.0025_tfnone_rfadx20,20,14,3.0,0.0025,none,adx20,-0.03433419800833948,-0.05052581360859787,40,0.275,0.4737480180021667,-0.3365597927389976,-0.003914081888097387,-0.014898943897490469,14,0.2857142857142857,0.778161688991407,-0.11018286528893177,-0.05575566381051607
lb55_atr14_m2.5_r0.005_tfma100_rfnone,55,14,2.5,0.005,ma100,none,-0.014150607713070085,-0.03485768040808268,23,0.21739130434782608,0.7570036555919007,-0.11562033706335781,-0.0133998756125554,-0.02555142346534567,11,0.36363636363636365,0.4674029389063006,-0.23257307977873773,-0.05610815968060934
lb30_atr10_m2.5_r0.0025_tfma100_rfadx20,30,10,2.5,0.0025,ma100,adx20,-0.022853815273526257,-0.03746867098999407,30,0.2,0.5242836719899207,-0.2889693105249228,-0.004301812866266075,-0.009088644821301228,9,0.3333333333333333,0.6647767243272273,-0.18297807869157826,-0.05680950331970775
lb10_atr20_m3.0_r0.0025_tfnone_rfadx20,10,20,3.0,0.0025,none,adx20,-0.046597919616625405,-0.05773447051868541,60,0.21666666666666667,0.4924914651435005,-0.306225925636148,-0.004667034839433093,-0.016241317193962712,17,0.35294117647058826,0.7579292250971691,-0.10747101206531173,-0.06014952901259044
lb10_atr10_m2.5_r0.005_tfma100_rfadx20,10,10,2.5,0.005,ma100,adx20,-0.09596031526898818,-0.11579805855148351,49,0.1836734693877551,0.388726996178131,-0.3822953648359566,0.0032290296802579554,-0.02096778964283086,12,0.5,1.1108130049276157,0.03299407638553185,-0.06541634900578493
lb20_atr20_m3.0_r0.0025_tfnone_rfadx20,20,20,3.0,0.0025,none,adx20,-0.03970167988394402,-0.05010274564615813,42,0.21428571428571427,0.45100061132163,-0.3707357286906053,-0.00454215576226491,-0.015917776174611875,14,0.2857142857142857,0.7429016076920117,-0.12792839043693754,-0.0655225997504407
lb20_atr10_m2.5_r0.0025_tfnone_rfadx20,20,10,2.5,0.0025,none,adx20,-0.04429545462195317,-0.05827449932396933,46,0.21739130434782608,0.4589016734032968,-0.37661014702102197,-0.004421465541386227,-0.01424052301087686,15,0.26666666666666666,0.7904904633352323,-0.11588239841664057,-0.0657769725170969
lb30_atr10_m2.5_r0.0025_tfnone_rfadx20,30,10,2.5,0.0025,none,adx20,-0.023317253940549287,-0.038293219065323236,34,0.2647058823529412,0.5815308482950587,-0.260681687943539,-0.007277025863646536,-0.012049554443589794,11,0.2727272727272727,0.5394163346913431,-0.256963971553307,-0.07093066396162412
lb10_atr14_m3.0_r0.005_tfnone_rfadx20,10,14,3.0,0.005,none,adx20,-0.07748616681225429,-0.10507615713657592,58,0.27586206896551724,0.531495998928873,-0.2588739307721198,-0.006225864077877619,-0.027895849262714045,17,0.35294117647058826,0.8319426772292482,-0.07013921651988905,-0.07250208454809233
lb20_atr10_m3.0_r0.005_tfnone_rfadx20,20,10,3.0,0.005,none,adx20,-0.06707447388882004,-0.1000831089778419,42,0.23809523809523808,0.5103010587010689,-0.30255692620311025,-0.005957448609655858,-0.029477055291803778,14,0.2857142857142857,0.8279077416556327,-0.08370194397154716,-0.07370871447754909
lb10_atr10_m2.5_r0.0025_tfnone_rfadx20,10,10,2.5,0.0025,none,adx20,-0.07122621978134891,-0.08148249238603489,73,0.1917808219178082,0.4004134949972981,-0.3875327250775113,-0.0037657066633572933,-0.014423022957238518,21,0.38095238095238093,0.852056736903727,-0.07166917550572777,-0.07401637886624911
lb30_atr14_m3.0_r0.0025_tfnone_rfnone,30,14,3.0,0.0025,none,none,-0.019776739087328465,-0.02862854171057838,34,0.29411764705882354,0.6152137880836333,-0.22204386921419364,-0.01025362343050562,-0.018615913135194506,13,0.3076923076923077,0.4668787496828683,-0.2900843142232024,-0.0743908179545257
lb30_atr10_m2.5_r0.005_tfma100_rfadx20,30,10,2.5,0.005,ma100,adx20,-0.04565023169881288,-0.07361963464942811,30,0.2,0.5219706529169786,-0.2889693105249228,-0.008645407067512378,-0.018082619678973177,9,0.3333333333333333,0.6631177294281025,-0.18297807869157834,-0.07691307299788651
lb20_atr10_m2.5_r0.005_tfma100_rfadx20,20,10,2.5,0.005,ma100,adx20,-0.07302253527076397,-0.0964992032269727,38,0.18421052631578946,0.4393530359977323,-0.3757028743087854,-0.003881781780746052,-0.023259973667009715,10,0.3,0.8677369816944677,-0.07425946805017929,-0.07795968949560736
lb30_atr14_m2.5_r0.0025_tfma100_rfadx20,30,14,2.5,0.0025,ma100,adx20,-0.022549727095712013,-0.033075149225000766,28,0.25,0.4836911170678535,-0.30700295092335567,-0.0076008481590759125,-0.012702949675115649,11,0.36363636363636365,0.4511710525950093,-0.2649930489301808,-0.07830866788972518
lb30_atr14_m3.0_r0.0025_tfma100_rfnone,30,14,3.0,0.0025,ma100,none,-0.014561512578522007,-0.026504920660789355,28,0.25,0.6478874876482504,-0.19727728743509165,-0.011434375805828734,-0.019786689426072424,12,0.3333333333333333,0.4398968916974411,-0.3494842415460942,-0.08036895939023415
lb20_atr14_m3.0_r0.005_tfnone_rfadx20,20,14,3.0,0.005,none,adx20,-0.06931425217686671,-0.09863258485041138,40,0.275,0.46278958828907946,-0.33655979273899767,-0.007910893203596725,-0.02958310917710194,14,0.2857142857142857,0.7764396831005728,-0.11018286528893173,-0.08439640798328951
lb20_atr14_m2.5_r0.0025_tfma100_rfadx20,20,14,2.5,0.0025,ma100,adx20,-0.03650615045987893,-0.04591846060571325,37,0.24324324324324326,0.415347396558999,-0.3836149394286713,-0.007084883410674703,-0.013149342993349022,12,0.3333333333333333,0.5466048631079558,-0.2266269625549949,-0.08554511336660799
lb10_atr10_m3.0_r0.005_tfnone_rfadx20,10,10,3.0,0.005,none,adx20,-0.08367983569390958,-0.11270857759161013,60,0.25,0.5312427438530408,-0.25764373579241223,-0.010178908484752891,-0.02855112461324627,18,0.3333333333333333,0.7561210174676234,-0.10952364192692415,-0.0864758290350285
lb55_atr20_m2.5_r0.0025_tfnone_rfadx20,55,20,2.5,0.0025,none,adx20,-0.013504182212398241,-0.021902940465491016,23,0.17391304347826086,0.54599828002828,-0.22101914914437595,-0.009773921549107167,-0.010736627331877635,10,0.3,0.2270968386495533,-0.3710574262296577,-0.08678511063753412
lb30_atr20_m3.0_r0.0025_tfnone_rfnone,30,20,3.0,0.0025,none,none,-0.029608067982801023,-0.03230337287269214,36,0.2222222222222222,0.4842914881649585,-0.31288694171385534,-0.009915292673286058,-0.019001466713806203,13,0.3076923076923077,0.48448613461335666,-0.28136210847592047,-0.0868063048869412
lb30_atr10_m3.0_r0.0025_tfnone_rfnone,30,10,3.0,0.0025,none,none,-0.02070982398896426,-0.03157759055017706,35,0.2857142857142857,0.6184673060738819,-0.22876976832486287,-0.01192169397999665,-0.019900595188394266,13,0.3076923076923077,0.3961217182880152,-0.342546095613251,-0.08693418495522609
lb20_atr14_m3.0_r0.0025_tfma100_rfnone,20,14,3.0,0.0025,ma100,none,-0.027545917774045803,-0.03765058616588701,35,0.22857142857142856,0.5079955333072034,-0.305290247932784,-0.010557468823610194,-0.018973090538788928,13,0.38461538461538464,0.5107707732336768,-0.29682824407256825,-0.08805985963274413
lb30_atr20_m3.0_r0.0025_tfma100_rfnone,30,20,3.0,0.0025,ma100,none,-0.025041662231776063,-0.030859022160988125,30,0.16666666666666666,0.475264774075421,-0.3159616243061727,-0.010002794461155262,-0.019088165483037045,12,0.3333333333333333,0.48232781537818514,-0.30622436312052176,-0.08906589969227095
lb55_atr20_m2.5_r0.0025_tfma100_rfadx20,55,20,2.5,0.0025,ma100,adx20,-0.014123674520117646,-0.021902940465490905,22,0.13636363636363635,0.5248729895536861,-0.2417372609081551,-0.009773921549107167,-0.010736627331877635,10,0.3,0.2270968386495533,-0.3710574262296577,-0.08909853250532174
lb20_atr10_m3.0_r0.0025_tfma100_rfnone,20,10,3.0,0.0025,ma100,none,-0.030184511442618467,-0.04108521717682001,37,0.21621621621621623,0.5103917216977413,-0.3185704424198001,-0.01024118756964798,-0.019420111980501753,13,0.38461538461538464,0.5246788446089141,-0.2916476775515233,-0.08969415359832489
lb20_atr10_m3.0_r0.0025_tfnone_rfnone,20,10,3.0,0.0025,none,none,-0.03746530314397556,-0.048617533009019276,47,0.2127659574468085,0.5176611310971642,-0.31565233454520897,-0.012438343677312336,-0.021596891881783487,18,0.2777777777777778,0.5353925126734485,-0.26026945228932874,-0.09015989134390642
lb30_atr14_m2.5_r0.0025_tfnone_rfadx20,30,14,2.5,0.0025,none,adx20,-0.026696826794666784,-0.03764272164070326,33,0.2727272727272727,0.4994333555593617,-0.31085795137111266,-0.010160890271902034,-0.015249830153612809,13,0.3076923076923077,0.3804207928396317,-0.3034972160928922,-0.09069311124310518
lb55_atr20_m2.5_r0.0025_tfnone_rfnone,55,20,2.5,0.0025,none,none,-0.01261142102040147,-0.020377437522582587,26,0.23076923076923078,0.6176423841296261,-0.18102442849524358,-0.012985103755101202,-0.014198655995786846,12,0.25,0.1809873030103359,-0.41281265079047297,-0.09234337068821546
lb30_atr10_m2.5_r0.005_tfnone_rfadx20,30,10,2.5,0.005,none,adx20,-0.04715705426733341,-0.07523135090155775,34,0.2647058823529412,0.5740232464589832,-0.260681687943539,-0.014564706677858585,-0.02394557044165979,11,0.2727272727272727,0.5383475278396188,-0.256963971553307,-0.09403077272595206
lb55_atr20_m2.5_r0.0025_tfma100_rfnone,55,20,2.5,0.0025,ma100,none,-0.013231473957655338,-0.02037743752258303,25,0.2,0.5985913216700556,-0.19765657802140393,-0.012985103755101202,-0.014198655995786846,12,0.25,0.1809873030103359,-0.41281265079047297,-0.09420300720240433
lb30_atr14_m3.0_r0.005_tfnone_rfnone,30,14,3.0,0.005,none,none,-0.03980033913595038,-0.05654978321235804,34,0.29411764705882354,0.6102920068111874,-0.2220438692141937,-0.01753688858924285,-0.03403790377416349,13,0.3076923076923077,0.5058490466454846,-0.2900843142232024,-0.0946176831026818
lb30_atr10_m3.0_r0.0025_tfma100_rfnone,30,10,3.0,0.0025,ma100,none,-0.017761085017882983,-0.030853683076552674,29,0.27586206896551724,0.6068300422588179,-0.23598903604406232,-0.012565151440527278,-0.020538856619948143,12,0.3333333333333333,0.38364235238237937,-0.389489659913883,-0.09465130897692871
lb10_atr20_m3.0_r0.005_tfnone_rfadx20,10,20,3.0,0.005,none,adx20,-0.09179562997146096,-0.1123296293998215,60,0.21666666666666667,0.49053693900844125,-0.306225925636148,-0.009414828933227093,-0.03222907328200042,17,0.35294117647058826,0.7566462163272925,-0.10747101206531175,-0.09494546544553273
lb10_atr20_m3.0_r0.0025_tfma100_rfnone,10,20,3.0,0.0025,ma100,none,-0.04067892286892738,-0.047673275514315994,46,0.17391304347826086,0.4414186741766427,-0.3433526705092558,-0.010684449574160926,-0.022175416472832166,15,0.4,0.5256184193172205,-0.2665707292712614,-0.09509847633234574
lb20_atr20_m3.0_r0.0025_tfma100_rfnone,20,20,3.0,0.0025,ma100,none,-0.03903822932805534,-0.04406533717655137,38,0.15789473684210525,0.4033868756037035,-0.39810143742311027,-0.009221413384586596,-0.018296590506771127,13,0.38461538461538464,0.5423778291837346,-0.25943982026399837,-0.09574615800012538
lb20_atr14_m3.0_r0.0025_tfnone_rfnone,20,14,3.0,0.0025,none,none,-0.03802472490283293,-0.04600541482739151,45,0.24444444444444444,0.4736860421572258,-0.3311690517025868,-0.013496613538886981,-0.02188723660148062,18,0.2777777777777778,0.5045197315148096,-0.281137703990346,-0.09651603396010033
lb20_atr20_m3.0_r0.005_tfnone_rfadx20,20,20,3.0,0.005,none,adx20,-0.08008203492380972,-0.09785041165560349,42,0.21428571428571427,0.43748874684342065,-0.3707357286906053,-0.009153724356120607,-0.03158813435922436,14,0.2857142857142857,0.741670679644598,-0.12792839043693757,-0.09715496628826828
lb20_atr14_m2.5_r0.0025_tfnone_rfadx20,20,14,2.5,0.0025,none,adx20,-0.04563232353893654,-0.056783249668015734,46,0.2391304347826087,0.4186393292786567,-0.39077367160109844,-0.010580929675445327,-0.016624036343940385,17,0.29411764705882354,0.5307683175847638,-0.24110149542573492,-0.09725195543841232
lb10_atr14_m3.0_r0.0025_tfma100_rfnone,10,14,3.0,0.0025,ma100,none,-0.03326982486008967,-0.04403836546775575,43,0.20930232558139536,0.48169219290648063,-0.30031464677957764,-0.012848733787807043,-0.022752303996382506,15,0.4,0.4776302923229798,-0.31784813905321196,-0.0976754904384233
lb30_atr14_m3.0_r0.005_tfma100_rfnone,30,14,3.0,0.005,ma100,none,-0.029299006908143688,-0.052399417357225975,28,0.25,0.6447308404359541,-0.19727728743509168,-0.019888269162656957,-0.03634979160113572,12,0.3333333333333333,0.4744613826802342,-0.3494842415460942,-0.09894124650940166
lb30_atr14_m2.5_r0.005_tfma100_rfadx20,30,14,2.5,0.005,ma100,adx20,-0.04411525749052614,-0.06515208976958109,28,0.25,0.48711404396179603,-0.30700295092335567,-0.015190764806752632,-0.025277526939273653,11,0.36363636363636365,0.45126535925189004,-0.26499304893018083,-0.09990999277634051
lb20_atr10_m2.5_r0.005_tfnone_rfadx20,20,10,2.5,0.005,none,adx20,-0.08945779124323128,-0.11331780139435277,46,0.21739130434782608,0.4437366238715352,-0.37661014702102197,-0.008986348792935916,-0.02826523792853275,15,0.26666666666666666,0.7872865573502017,-0.11588239841664055,-0.10018490714026018
lb55_atr20_m2.5_r0.005_tfnone_rfadx20,55,20,2.5,0.005,none,adx20,-0.027043223804603556,-0.04337309163997549,23,0.17391304347826086,0.5443070208323012,-0.22101914914437595,-0.019484617154780226,-0.02137984993735509,10,0.3,0.22608503580227213,-0.37105742622965765,-0.10402910935607841
lb55_atr20_m2.5_r0.005_tfma100_rfadx20,55,20,2.5,0.005,ma100,adx20,-0.02826443723819627,-0.043373091639975714,22,0.13636363636363635,0.5231303663278583,-0.24173726090815506,-0.019484617154780226,-0.02137984993735509,10,0.3,0.22608503580227213,-0.37105742622965765,-0.10661384505282248
lb20_atr20_m3.0_r0.0025_tfnone_rfnone,20,20,3.0,0.0025,none,none,-0.04788191376662798,-0.051406511387764864,48,0.1875,0.4061976701371896,-0.3910656690351981,-0.013758766785857302,-0.022792383375407232,18,0.2777777777777778,0.48844253323644526,-0.28880164619744,-0.10959592281220973
lb10_atr14_m2.5_r0.0025_tfma100_rfadx20,10,14,2.5,0.0025,ma100,adx20,-0.04533066276685338,-0.055935892384249675,48,0.22916666666666666,0.40432385711363583,-0.3678835249911367,-0.012393787342114049,-0.017471247500664977,15,0.26666666666666666,0.4205881604713658,-0.3149836725824971,-0.11051671616971002
lb30_atr10_m3.0_r0.005_tfnone_rfnone,30,10,3.0,0.005,none,none,-0.04144198192584592,-0.06226318044386203,35,0.2857142857142857,0.6158282725940506,-0.22876976832486287,-0.022171876647269717,-0.03787228560361133,13,0.3076923076923077,0.4132734564115253,-0.342546095613251,-0.11056312954502515
lb55_atr20_m2.5_r0.005_tfnone_rfnone,55,20,2.5,0.005,none,none,-0.025307682293760014,-0.04040524341681795,26,0.23076923076923078,0.6154792680389539,-0.1810244284952436,-0.025839745186095886,-0.02823645289505483,12,0.25,0.180278412992423,-0.41281265079047297,-0.11164867317310509
lb30_atr20_m3.0_r0.005_tfnone_rfnone,30,20,3.0,0.005,none,none,-0.058869386169140614,-0.06378884688946873,36,0.2222222222222222,0.4808384653156387,-0.3128869417138554,-0.017149862886763012,-0.03507048139584468,13,0.3076923076923077,0.5208015284669131,-0.2813621084759205,-0.1118669284276586
lb30_atr20_m3.0_r0.005_tfma100_rfnone,30,20,3.0,0.005,ma100,none,-0.04982148163291511,-0.060856422086938755,30,0.16666666666666666,0.47298581442798243,-0.3159616243061727,-0.01732822162059544,-0.03524558805827138,12,0.3333333333333333,0.5182902916846972,-0.3062243631205217,-0.11196903000799076
lb10_atr10_m3.0_r0.0025_tfma100_rfnone,10,10,3.0,0.0025,ma100,none,-0.03343735079954879,-0.04323332290715187,44,0.20454545454545456,0.5092563696191192,-0.29620459633220986,-0.016835782915465725,-0.024859845916669676,16,0.375,0.4107646956862658,-0.38901323151895456,-0.11259816246265403
lb20_atr14_m3.0_r0.005_tfma100_rfnone,20,14,3.0,0.005,ma100,none,-0.05474909620653445,-0.07399808956713039,35,0.22857142857142856,0.5064006992542371,-0.30529024793278403,-0.018171791836164908,-0.035815873553913136,13,0.38461538461538464,0.5481623197259459,-0.29682824407256825,-0.11324455224533239
lb55_atr20_m2.5_r0.005_tfma100_rfnone,55,20,2.5,0.005,ma100,none,-0.026531074104294228,-0.040405243416817505,25,0.2,0.5963846549585643,-0.19765657802140393,-0.025839745186095886,-0.02823645289505483,12,0.25,0.180278412992423,-0.41281265079047297,-0.11374859343026138
lb20_atr14_m2.5_r0.005_tfma100_rfadx20,20,14,2.5,0.005,ma100,adx20,-0.07141734112875164,-0.08981793401339278,37,0.24324324324324326,0.41651881625197645,-0.3836149394286713,-0.014179826867639966,-0.026155005947488208,12,0.3333333333333333,0.5465836182372127,-0.2266269625549949,-0.11467288108228615
lb10_atr14_m3.0_r0.0025_tfnone_rfnone,10,14,3.0,0.0025,none,none,-0.05059442089268973,-0.05600770682619549,65,0.24615384615384617,0.47201199531872234,-0.30840609457578283,-0.02036890742083597,-0.032054779571861425,24,0.2916666666666667,0.43034847852490776,-0.32543749657974397,-0.1166669153150286
lb10_atr20_m2.5_r0.0025_tfma100_rfadx20,10,20,2.5,0.0025,ma100,adx20,-0.04937542393031069,-0.05727839616339303,50,0.2,0.3814539094594011,-0.38406093325594015,-0.014144536499332117,-0.015381135387366629,17,0.35294117647058826,0.3235855473457722,-0.32043209555174584,-0.11737686947135001
lb30_atr14_m2.5_r0.005_tfnone_rfadx20,30,14,2.5,0.005,none,adx20,-0.05346940390649324,-0.07398677342615079,33,0.2727272727272727,0.49064668777497716,-0.31085795137111266,-0.02026785118094232,-0.03030261201133022,13,0.3076923076923077,0.3806060992212689,-0.3034972160928922,-0.11739013651366256
lb30_atr10_m3.0_r0.005_tfma100_rfnone,30,10,3.0,0.005,ma100,none,-0.035603786517441116,-0.06084617002708015,29,0.27586206896551724,0.6044304664072401,-0.23598903604406235,-0.023452278678097738,-0.039132128974862845,12,0.3333333333333333,0.39977811298204774,-0.389489659913883,-0.1174121918324933
lb20_atr10_m3.0_r0.005_tfma100_rfnone,20,10,3.0,0.005,ma100,none,-0.059894837971040005,-0.08060783788149295,37,0.21621621621621623,0.509233089238419,-0.3185704424198001,-0.0188898004555047,-0.037962395706058305,13,0.38461538461538464,0.5445723684984539,-0.2916476775515233,-0.11779894021561156
lb20_atr10_m2.5_r0.0025_tfma100_rfnone,20,10,2.5,0.0025,ma100,none,-0.03903178115759254,-0.04554193683694718,41,0.1951219512195122,0.4460822992852274,-0.36731726241849694,-0.014547431198171923,-0.02043365151795118,14,0.21428571428571427,0.4661731517264544,-0.3833088003232576,-0.11790770914473821
lb10_atr20_m3.0_r0.0025_tfnone_rfnone,10,20,3.0,0.0025,none,none,-0.059678209092175916,-0.06544184967659894,68,0.19117647058823528,0.43098789457204506,-0.34710777434678386,-0.017992473874746673,-0.03018902565089976,23,0.30434782608695654,0.44849257275723026,-0.3017280781859256,-0.11989382524533164
lb55_atr20_m2.0_r0.0025_tfnone_rfadx20,55,20,2.0,0.0025,none,adx20,-0.030696911107920055,-0.03529810662449695,28,0.21428571428571427,0.27645170488307624,-0.4143453345726361,-0.012744543161364974,-0.013049912618748327,12,0.16666666666666666,0.24618334286023827,-0.40247062764826996,-0.12311119662652148
lb10_atr10_m2.5_r0.005_tfnone_rfadx20,10,10,2.5,0.005,none,adx20,-0.1441784543593705,-0.1562055914695214,73,0.1917808219178082,0.36971743362041093,-0.38753272507751135,-0.007713636002162794,-0.02864597755777476,21,0.38095238095238093,0.8487940263981343,-0.07166917550572775,-0.12356137912984576
lb20_atr10_m2.5_r0.0025_tfnone_rfnone,20,10,2.5,0.0025,none,none,-0.04838402781613771,-0.05410330832572552,51,0.21568627450980393,0.45127345920457645,-0.37007993392936683,-0.01935306539485404,-0.025210581114784025,20,0.2,0.4613024995890814,-0.36374894419260617,-0.12430364032636007
lb30_atr20_m2.5_r0.0025_tfma100_rfadx20,30,20,2.5,0.0025,ma100,adx20,-0.02893732903467272,-0.03781347421366321,30,0.23333333333333334,0.3954326133826846,-0.36656793812047384,-0.013750707667047002,-0.013994769356575842,12,0.25,0.21571306000104526,-0.43886529060452234,-0.12454907090333892
lb10_atr10_m2.5_r0.0025_tfma100_rfnone,10,10,2.5,0.0025,ma100,none,-0.052948009573248744,-0.060896939182428556,54,0.18518518518518517,0.39291196796602923,-0.38104680949439174,-0.017441526601198465,-0.02444290252720316,18,0.3333333333333333,0.4801225170577081,-0.35324827514313795,-0.1255566458764845
lb20_atr10_m3.0_r0.005_tfnone_rfnone,20,10,3.0,0.005,none,none,-0.07770653297528773,-0.09502338257397813,47,0.2127659574468085,0.4916530282164448,-0.31565233454520897,-0.022842428483887733,-0.04183818539905748,18,0.2777777777777778,0.5558021777822681,-0.26026945228932874,-0.12562534327582442
lb20_atr20_m3.0_r0.005_tfma100_rfnone,20,20,3.0,0.005,ma100,none,-0.07696003051182365,-0.08658387272736212,38,0.15789473684210525,0.4021267179075201,-0.3981014374231102,-0.015794034642028998,-0.03381016436010165,13,0.38461538461538464,0.5806685817610872,-0.2594398202639983,-0.12567859638394543
lb10_atr10_m3.0_r0.0025_tfnone_rfnone,10,10,3.0,0.0025,none,none,-0.04775743682562672,-0.05666108276612469,66,0.22727272727272727,0.5275663046575282,-0.28953398316129214,-0.025610677288251504,-0.033563124272463996,26,0.2692307692307692,0.3808407961810107,-0.3764896085603127,-0.12578362617139857
lb10_atr14_m2.5_r0.0025_tfnone_rfadx20,10,14,2.5,0.0025,none,adx20,-0.061347307024560815,-0.07045952391803367,70,0.2571428571428571,0.4156190742203525,-0.34924782852378317,-0.02005746979297618,-0.025245626115421915,24,0.20833333333333334,0.40615071218736803,-0.324066332287876,-0.1260021175113672
lb55_atr20_m2.0_r0.0025_tfma100_rfadx20,55,20,2.0,0.0025,ma100,adx20,-0.03167416395280531,-0.03509879780751657,27,0.18518518518518517,0.2526636861484658,-0.4434309187584536,-0.012744543161364974,-0.013049912618748327,12,0.16666666666666666,0.24618334286023827,-0.40247062764826996,-0.12631781998531502
lb30_atr10_m2.5_r0.0025_tfma100_rfnone,30,10,2.5,0.0025,ma100,none,-0.025859878023074434,-0.034429835448928525,33,0.21212121212121213,0.515862471734862,-0.2969961581733683,-0.017823525905018456,-0.02065504720295419,13,0.23076923076923078,0.3227033930207566,-0.5087523570381248,-0.12858052333550593
lb30_atr14_m2.5_r0.0025_tfma100_rfnone,30,14,2.5,0.0025,ma100,none,-0.027605311651651587,-0.03532950021748438,34,0.23529411764705882,0.475172521632971,-0.3084638944217676,-0.019275206323604133,-0.025338630501710147,15,0.26666666666666666,0.24400426912547218,-0.4764348508902497,-0.12922178698859527
lb10_atr20_m3.0_r0.005_tfma100_rfnone,10,20,3.0,0.005,ma100,none,-0.08012486750579306,-0.09320875273095897,46,0.17391304347826086,0.44002176606933596,-0.3433526705092558,-0.020159714963515096,-0.042699837743926494,15,0.4,0.5403892215638093,-0.2665707292712614,-0.12949850061521287
lb20_atr14_m2.5_r0.0025_tfma100_rfnone,20,14,2.5,0.0025,ma100,none,-0.04093133412098815,-0.04702719805574962,42,0.21428571428571427,0.4162039179157783,-0.37763721609049433,-0.017686797432641344,-0.023826613262332375,16,0.3125,0.32708761755775834,-0.4086056350281355,-0.1296188885379071
lb10_atr14_m3.0_r0.005_tfma100_rfnone,10,14,3.0,0.005,ma100,none,-0.06590031248604877,-0.0862576360448809,43,0.20930232558139536,0.4800277428471439,-0.30031464677957764,-0.02452006588768285,-0.04390034353273742,15,0.4,0.48925574131101035,-0.3178481390532119,-0.12997841115564285
lb20_atr14_m3.0_r0.005_tfnone_rfnone,20,14,3.0,0.005,none,none,-0.07644679618195616,-0.09003888684242833,45,0.24444444444444444,0.4626475106562611,-0.33116905170258676,-0.023967364955592485,-0.04150729651257912,18,0.2777777777777778,0.5335881840835497,-0.281137703990346,-0.13037985072955427
lb30_atr10_m2.5_r0.0025_tfnone_rfnone,30,10,2.5,0.0025,none,none,-0.02865120252462816,-0.0351813849176319,39,0.2564102564102564,0.5474380727680063,-0.279148732239785,-0.020758335116492943,-0.02358139563878714,15,0.2,0.2901256281169308,-0.519572108023853,-0.13281711431722
lb30_atr20_m2.5_r0.0025_tfnone_rfadx20,30,20,2.5,0.0025,none,adx20,-0.03290865133711918,-0.042233037493725756,35,0.22857142857142856,0.4275102583738687,-0.3598988889477948,-0.016785399397902356,-0.01702871010895468,14,0.21428571428571427,0.1835531505719034,-0.46224314521666693,-0.13291847237956245
lb55_atr14_m2.0_r0.0025_tfnone_rfadx20,55,14,2.0,0.0025,none,adx20,-0.030362861313504408,-0.034790000349265826,28,0.21428571428571427,0.2581657538109433,-0.4119508350765691,-0.014957422262029563,-0.015220196395677732,13,0.07692307692307693,0.11303518839162544,-0.4381184568717274,-0.13304274166917057
lb55_atr10_m2.0_r0.0025_tfnone_rfadx20,55,10,2.0,0.0025,none,adx20,-0.034617967493009605,-0.03870731818250772,29,0.1724137931034483,0.21689791855420618,-0.4544762565039378,-0.01278005263813975,-0.013012606192216558,12,0.08333333333333333,0.09133204875050012,-0.4074648081431651,-0.1333307171502635
lb55_atr20_m2.0_r0.0025_tfnone_rfnone,55,20,2.0,0.0025,none,none,-0.02830439003131613,-0.032916942632562174,32,0.25,0.38980516897350653,-0.33249090924324176,-0.018515320310459105,-0.01881890480015802,14,0.14285714285714285,0.18336578215988952,-0.5025302688732777,-0.13550722512579616
lb20_atr14_m2.5_r0.005_tfnone_rfadx20,20,14,2.5,0.005,none,adx20,-0.09211938375856221,-0.11046695266310513,46,0.2391304347826087,0.3987089454779698,-0.39077367160109844,-0.021149547847267414,-0.03304006274682969,17,0.29411764705882354,0.5301577164349223,-0.2411014954257349,-0.13598893356813888
lb55_atr14_m2.0_r0.0025_tfma100_rfadx20,55,14,2.0,0.0025,ma100,adx20,-0.03166908531802237,-0.034790000349266936,27,0.18518518518518517,0.22520796657760797,-0.44562672437568424,-0.014957422262029563,-0.015220196395677732,13,0.07692307692307693,0.11303518839162544,-0.4381184568717274,-0.1369232395508264
lb30_atr14_m2.5_r0.0025_tfnone_rfnone,30,14,2.5,0.0025,none,none,-0.03415188098880273,-0.03984080344183494,41,0.24390243902439024,0.47095064285169613,-0.319119200188359,-0.021805132682616968,-0.027852915350736862,17,0.23529411764705882,0.2217146734665191,-0.4810037079017267,-0.1369982545614211
lb55_atr10_m2.0_r0.0025_tfma100_rfadx20,55,10,2.0,0.0025,ma100,adx20,-0.036060824012356996,-0.03790520709866718,28,0.14285714285714285,0.18303765551218312,-0.49052483566915833,-0.01278005263813975,-0.013012606192216558,12,0.08333333333333333,0.09133204875050012,-0.4074648081431651,-0.13737749047113024
lb55_atr20_m2.0_r0.0025_tfma100_rfnone,55,20,2.0,0.0025,ma100,none,-0.02928405501958098,-0.03257731074769987,31,0.22580645161290322,0.36804811204148624,-0.3551830494912314,-0.018515320310459105,-0.01881890480015802,14,0.14285714285714285,0.18336578215988952,-0.5025302688732777,-0.13811453727611991
lb20_atr20_m2.5_r0.0025_tfma100_rfadx20,20,20,2.5,0.0025,ma100,adx20,-0.04233541769614857,-0.04931583566975295,39,0.20512820512820512,0.3691400859214986,-0.42107246431453876,-0.01575983425624783,-0.01600339875826673,14,0.21428571428571427,0.19354828697869947,-0.4325289819951057,-0.13826358517858434
lb20_atr14_m2.5_r0.0025_tfnone_rfnone,20,14,2.5,0.0025,none,none,-0.05173211792321575,-0.057179702762914064,53,0.20754716981132076,0.4102863647851839,-0.3831428268758807,-0.023261296383939256,-0.029366269561801772,22,0.2727272727272727,0.3398484326149586,-0.39881037429478783,-0.13911018645779658
lb10_atr20_m2.5_r0.0025_tfnone_rfadx20,10,20,2.5,0.0025,none,adx20,-0.06515259624959469,-0.07073484661199148,71,0.2112676056338028,0.38318972832005693,-0.36293723137762746,-0.025339799104890037,-0.026562355316485875,26,0.3076923076923077,0.2913159051452451,-0.3782508507804157,-0.14358326742763936
lb20_atr20_m2.5_r0.0025_tfnone_rfadx20,20,20,2.5,0.0025,none,adx20,-0.05059764366352526,-0.0596670445721853,48,0.1875,0.38864581499298145,-0.41480517373041,-0.020677498587615806,-0.02091984614228215,19,0.21052631578947367,0.23899019227267157,-0.4202970623612716,-0.14378674563724847
lb55_atr14_m2.0_r0.0025_tfnone_rfnone,55,14,2.0,0.0025,none,none,-0.02881489159150641,-0.03324909829919287,32,0.25,0.35728319372973516,-0.34058234634679946,-0.02101443302967121,-0.02127559136945123,15,0.06666666666666667,0.08316446299357329,-0.5331542522373224,-0.14577650763181432
lb10_atr10_m3.0_r0.005_tfma100_rfnone,10,10,3.0,0.005,ma100,none,-0.06620654628980627,-0.08474264070966342,44,0.20454545454545456,0.5075587333875188,-0.29620459633220986,-0.031025941393097445,-0.04674865551206375,16,0.375,0.4301191729077321,-0.38901323151895456,-0.1462916954577346
lb55_atr14_m2.0_r0.0025_tfma100_rfnone,55,14,2.0,0.0025,ma100,none,-0.03012320090724785,-0.03324909829919287,31,0.22580645161290322,0.32719497139399467,-0.3676107502934556,-0.02101443302967121,-0.02127559136945123,15,0.06666666666666667,0.08316446299357329,-0.5331542522373224,-0.14904615850375566
lb10_atr14_m2.5_r0.005_tfma100_rfadx20,10,14,2.5,0.005,ma100,adx20,-0.08982999517287626,-0.10855607174674908,48,0.22916666666666666,0.3963925202862916,-0.3678835249911367,-0.024557132934234338,-0.03454796143415784,15,0.26666666666666666,0.4224982543376433,-0.3149836725824971,-0.14908405876783926
lb20_atr20_m3.0_r0.005_tfnone_rfnone,20,20,3.0,0.005,none,none,-0.09570652525751666,-0.10238434142635067,48,0.1875,0.3933536381017607,-0.3910656690351981,-0.025349995728670582,-0.04319120125345677,18,0.2777777777777778,0.5085005112230053,-0.28880164619744,-0.14967649452098591
lb55_atr10_m2.0_r0.0025_tfnone_rfnone,55,10,2.0,0.0025,none,none,-0.03433896089268085,-0.038429493451941577,33,0.18181818181818182,0.29584964803618163,-0.3948495145616291,-0.01886537435759572,-0.019096494428488375,14,0.07142857142857142,0.06374956649247697,-0.5141288194078256,-0.14991943375999384
lb20_atr10_m2.5_r0.005_tfma100_rfnone,20,10,2.5,0.005,ma100,none,-0.07706453480568487,-0.08913647763842603,41,0.1951219512195122,0.4440109359079252,-0.36731726241849694,-0.025120706313813468,-0.03877644556595461,14,0.21428571428571427,0.5018086410650539,-0.3833088003232576,-0.15103696903802952
lb55_atr20_m2.0_r0.005_tfnone_rfadx20,55,20,2.0,0.005,none,adx20,-0.05966746381079924,-0.06863057812923667,28,0.21428571428571427,0.28063863635719316,-0.4143453345726361,-0.02537947693282072,-0.025982213153940226,12,0.16666666666666666,0.2454087203773883,-0.40247062764826996,-0.15109724542486858
lb10_atr14_m2.5_r0.0025_tfma100_rfnone,10,14,2.5,0.0025,ma100,none,-0.05001511448484364,-0.05796535587942975,54,0.2037037037037037,0.40438312014048694,-0.3610107242385909,-0.02522665950239189,-0.031319348443867856,20,0.25,0.2643746550742001,-0.4760132048171231,-0.15217890028125816
lb55_atr10_m2.0_r0.0025_tfma100_rfnone,55,10,2.0,0.0025,ma100,none,-0.035782234414290404,-0.03762715054869692,32,0.15625,0.2651557697507063,-0.42452868564549984,-0.01886537435759572,-0.019096494428488375,14,0.07142857142857142,0.06374956649247697,-0.5141288194078256,-0.15337579203010007
lb30_atr20_m2.5_r0.005_tfma100_rfadx20,30,20,2.5,0.005,ma100,adx20,-0.05714563924018645,-0.07429164226111518,30,0.23333333333333334,0.3951020525453032,-0.36656793812047384,-0.02735917478123384,-0.027840443838221818,12,0.25,0.2149225265743359,-0.4388652906045223,-0.15345317259110744
lb10_atr20_m2.5_r0.0025_tfma100_rfnone,10,20,2.5,0.0025,ma100,none,-0.05404946789183174,-0.06191358268258185,56,0.19642857142857142,0.38292906996508236,-0.37523938282420344,-0.026353861350623897,-0.028509567875932063,22,0.3181818181818182,0.2055224904213702,-0.4560991968449708,-0.15381839520404672
lb30_atr20_m2.0_r0.0025_tfma100_rfadx20,30,20,2.0,0.0025,ma100,adx20,-0.04910478148452002,-0.05531894095620982,37,0.24324324324324326,0.2420661678298193,-0.5066043641458899,-0.016591823315167842,-0.016896002764590357,14,0.14285714285714285,0.2380673884301135,-0.45169253625097217,-0.15390417711098722
lb10_atr10_m2.5_r0.0025_tfnone_rfnone,10,10,2.5,0.0025,none,none,-0.08274727925479397,-0.08845051375736646,82,0.18292682926829268,0.3742940393288026,-0.4019552977846083,-0.027249053394923006,-0.0344422436863322,29,0.27586206896551724,0.44112295584757827,-0.35616484109570257,-0.15407720049856732
lb55_atr20_m2.0_r0.005_tfma100_rfadx20,55,20,2.0,0.005,ma100,adx20,-0.06156164347537718,-0.06863057812923712,27,0.18518518518518517,0.2563039950196444,-0.44343091875845364,-0.02537947693282072,-0.025982213153940226,12,0.16666666666666666,0.2454087203773883,-0.40247062764826996,-0.15475012862423201
lb55_atr20_m1.5_r0.0025_tfnone_rfadx20,55,20,1.5,0.0025,none,adx20,-0.04376731321782934,-0.047984559466365706,34,0.2647058823529412,0.20969755344137128,-0.4786858585566891,-0.020366220184790174,-0.020366220184790174,16,0.25,0.21689284002193507,-0.47655133353110907,-0.15580313725394784
lb30_atr20_m2.0_r0.0025_tfnone_rfadx20,30,20,2.0,0.0025,none,adx20,-0.051278508532925704,-0.05893696368401202,42,0.23809523809523808,0.30944408998835055,-0.4683496636284013,-0.019318379341285996,-0.019621715435598763,16,0.125,0.21118320693901294,-0.46273542533386397,-0.15586112511059078
lb30_atr10_m2.5_r0.005_tfma100_rfnone,30,10,2.5,0.005,ma100,none,-0.05153662501623091,-0.0677659828539614,33,0.21212121212121213,0.5127402740319301,-0.2969961581733682,-0.0315355866717173,-0.03706728441346152,13,0.23076923076923078,0.34892538087939634,-0.5087523570381249,-0.15613238952818456
lb55_atr20_m1.5_r0.0025_tfma100_rfadx20,55,20,1.5,0.0025,ma100,adx20,-0.04256761959623023,-0.04524127276020873,32,0.25,0.17977440703706787,-0.49420058966917674,-0.020366220184790174,-0.020366220184790174,16,0.25,0.21689284002193507,-0.47655133353110907,-0.15655094699495414
lb30_atr14_m2.0_r0.0025_tfnone_rfadx20,30,14,2.0,0.0025,none,adx20,-0.04924450636981392,-0.05508348104563088,41,0.24390243902439024,0.30276920312385547,-0.46066268021800016,-0.02077673534067237,-0.02103795708969547,17,0.11764705882352941,0.1336316968623471,-0.470240635823924,-0.15770598161234162
lb10_atr20_m2.5_r0.005_tfma100_rfadx20,10,20,2.5,0.005,ma100,adx20,-0.09676014034724045,-0.11076005025770974,50,0.2,0.37619963553568886,-0.38406093325594015,-0.028149338914081445,-0.030566830138125556,17,0.35294117647058826,0.32329649587046305,-0.32043209555174584,-0.1578991517754497
lb55_atr20_m1.5_r0.0025_tfma100_rfnone,55,20,1.5,0.0025,ma100,none,-0.036224852008208464,-0.038916217504647244,36,0.3055555555555556,0.35003504050851303,-0.3707985911469796,-0.02641635909206308,-0.02641635909206308,18,0.2222222222222222,0.17592794643045173,-0.5506008701933477,-0.15795825996996207
lb30_atr14_m2.5_r0.005_tfma100_rfnone,30,14,2.5,0.005,ma100,none,-0.05401579668907153,-0.0695148957669911,34,0.23529411764705882,0.4777110051078432,-0.3084638944217675,-0.03310833013756964,-0.04501713706387389,15,0.26666666666666666,0.2726848384653478,-0.47643485089024956,-0.15803116525759503
lb55_atr20_m1.5_r0.0025_tfnone_rfnone,55,20,1.5,0.0025,none,none,-0.0374324933219623,-0.04167767784934051,38,0.3157894736842105,0.3678198020218222,-0.36341183165276425,-0.02641635909206308,-0.02641635909206308,18,0.2222222222222222,0.17592794643045173,-0.5506008701933477,-0.15805522155777474
lb30_atr20_m2.5_r0.0025_tfma100_rfnone,30,20,2.5,0.0025,ma100,none,-0.03308893370647359,-0.038332233482584854,36,0.25,0.4097359290841559,-0.34834698365786604,-0.02472214617395474,-0.025921267513768886,16,0.1875,0.1318614553731203,-0.5796236806155386,-0.15838892633965884
lb20_atr10_m2.0_r0.0025_tfnone_rfadx20,20,10,2.0,0.0025,none,adx20,-0.07607916915756352,-0.08041108258274998,56,0.17857142857142858,0.26326876790049175,-0.5299544974961655,-0.019734079418801564,-0.019964994853989726,21,0.14285714285714285,0.27231014549212734,-0.36150112380365956,-0.15857840127382428
lb30_atr14_m2.0_r0.0025_tfma100_rfadx20,30,14,2.0,0.0025,ma100,adx20,-0.047415302624842504,-0.05272671641403681,36,0.25,0.22215255462747097,-0.5022658108464424,-0.018442545008324096,-0.01870438943585495,15,0.13333333333333333,0.14827978658947083,-0.4694938883584633,-0.15874212513227567
lb30_atr10_m2.0_r0.0025_tfma100_rfadx20,30,10,2.0,0.0025,ma100,adx20,-0.05169376246739399,-0.05559420996268005,37,0.21621621621621623,0.19264210969372947,-0.5353598388552306,-0.016463952492906664,-0.016695638252520517,14,0.14285714285714285,0.13183783607396088,-0.4511012354945389,-0.15999577903432538
lb30_atr10_m2.0_r0.0025_tfnone_rfadx20,30,10,2.0,0.0025,none,adx20,-0.053780567051670336,-0.056784860322705244,42,0.21428571428571427,0.2722112790221899,-0.4929796840235456,-0.01910929077047796,-0.019340353383426434,16,0.125,0.11547038634715925,-0.4611272030738075,-0.1606487393099355
lb20_atr20_m2.0_r0.0025_tfma100_rfadx20,20,20,2.0,0.0025,ma100,adx20,-0.06357297713251298,-0.06939253923454991,47,0.2127659574468085,0.25772575993818436,-0.5228141718992088,-0.017934391536695182,-0.018238155714339288,16,0.125,0.22437032582990682,-0.42803489606644524,-0.16114919985232237
lb55_atr14_m1.5_r0.0025_tfnone_rfadx20,55,14,1.5,0.0025,none,adx20,-0.047821528779687594,-0.05184427970535277,35,0.2571428571428571,0.18799058571671845,-0.5112851742098977,-0.020293084574010578,-0.020293084574010578,16,0.25,0.2059404535747095,-0.4765808116096806,-0.16140738024976412
lb20_atr14_m2.0_r0.0025_tfnone_rfadx20,20,14,2.0,0.0025,none,adx20,-0.07288768650869726,-0.07802182266745872,55,0.2,0.2830923762194103,-0.5174514817054637,-0.02227351778817943,-0.022534340249172002,22,0.13636363636363635,0.2570741775447645,-0.3886264269657902,-0.16227525996938366
lb55_atr14_m1.5_r0.0025_tfma100_rfadx20,55,14,1.5,0.0025,ma100,adx20,-0.04676294648750501,-0.04928402526812736,33,0.24242424242424243,0.15401390378816185,-0.5305123001772408,-0.020293084574010578,-0.020293084574010578,16,0.25,0.2059404535747095,-0.4765808116096806,-0.16261171127946278
lb55_atr14_m2.0_r0.005_tfnone_rfadx20,55,14,2.0,0.005,none,adx20,-0.059579267131639635,-0.06813827101172332,28,0.21428571428571427,0.2603633576145777,-0.41195083507656916,-0.029733570097070228,-0.030251096811080846,13,0.07692307692307693,0.11273528617932148,-0.4381184568717274,-0.1628765708505544
lb55_atr10_m2.0_r0.005_tfnone_rfadx20,55,10,2.0,0.005,none,adx20,-0.06773781741509344,-0.07560562477488264,29,0.1724137931034483,0.21884990930933906,-0.45447625650393786,-0.025425069275007206,-0.02588411082615827,12,0.08333333333333333,0.09129037989325288,-0.4074648081431651,-0.16368207953302313
lb20_atr14_m2.0_r0.0025_tfma100_rfadx20,20,14,2.0,0.0025,ma100,adx20,-0.05836809710927238,-0.06544772639802332,45,0.2222222222222222,0.2657175827136874,-0.5026546792068423,-0.02009108768456025,-0.020352492339858586,17,0.11764705882352941,0.13782821539650789,-0.45209518785146036,-0.16374013926750258
lb30_atr20_m2.5_r0.0025_tfnone_rfnone,30,20,2.5,0.0025,none,none,-0.038832053759578655,-0.041977738007874965,43,0.23255813953488372,0.4234523485483185,-0.34472409192267267,-0.027723078758951303,-0.028918510399170927,18,0.16666666666666666,0.1190590451401698,-0.5821666353126492,-0.16411534877566927
lb20_atr14_m2.5_r0.005_tfma100_rfnone,20,14,2.5,0.005,ma100,none,-0.0799604456333386,-0.09193708928414246,42,0.21428571428571427,0.41696007106965105,-0.37763721609049433,-0.029985964831205858,-0.042061806423436154,16,0.3125,0.3641388344300994,-0.4086056350281355,-0.16424462744441096
lb30_atr10_m2.5_r0.005_tfnone_rfnone,30,10,2.5,0.005,none,none,-0.05756315559020564,-0.06923987476336335,39,0.2564102564102564,0.5397044632033877,-0.2791487322397849,-0.037318210835983634,-0.042816879249452544,15,0.2,0.3112964689876684,-0.519572108023853,-0.16437321066307425
lb20_atr10_m2.0_r0.0025_tfma100_rfadx20,20,10,2.0,0.0025,ma100,adx20,-0.061904897005993886,-0.06718188238094003,46,0.1956521739130435,0.24026652460779904,-0.5220255314079296,-0.01846822398975545,-0.018699437615007364,16,0.125,0.11924907078574526,-0.4431782809320973,-0.165127593421252
lb20_atr20_m2.0_r0.0025_tfnone_rfadx20,20,20,2.0,0.0025,none,adx20,-0.07818425630995929,-0.0821317198906324,57,0.19298245614035087,0.2719455047765383,-0.534815460329396,-0.021325676591854137,-0.021628391806061353,21,0.14285714285714285,0.2989538351879572,-0.38836003346958264,-0.16525369075057642
lb20_atr20_m2.5_r0.0025_tfma100_rfnone,20,20,2.5,0.0025,ma100,none,-0.04623229965329212,-0.05221548996033476,44,0.20454545454545456,0.3764657618473346,-0.4063499138354933,-0.025712064971282866,-0.02688914753467786,18,0.2222222222222222,0.1297698026573133,-0.5375653501415552,-0.16567410273904393
lb10_atr14_m3.0_r0.005_tfnone_rfnone,10,14,3.0,0.005,none,none,-0.10206626666473118,-0.1112156463644467,65,0.24615384615384617,0.45406997337653815,-0.3084060945757828,-0.039318324333243115,-0.06201280360111161,24,0.2916666666666667,0.43815012367735395,-0.32543749657974397,-0.16580588214715164
lb10_atr20_m2.0_r0.0025_tfma100_rfadx20,10,20,2.0,0.0025,ma100,adx20,-0.0821103054695429,-0.08781466464510657,62,0.1935483870967742,0.22198158655160347,-0.5149392168434088,-0.020944256391402294,-0.02124708958326038,21,0.19047619047619047,0.2561497553613568,-0.382778621040958,-0.16622025532314386
lb55_atr20_m2.0_r0.005_tfnone_rfnone,55,20,2.0,0.005,none,none,-0.055056744407825375,-0.0639894827538261,32,0.25,0.39424864786152747,-0.3324909092432418,-0.03675679701421786,-0.03735249714000588,14,0.14285714285714285,0.18303562324396253,-0.5025302688732777,-0.16670726797816637
lb30_atr20_m2.5_r0.005_tfnone_rfadx20,30,20,2.5,0.005,none,adx20,-0.06602040906239082,-0.0827993421739659,35,0.22857142857142856,0.41708388608486996,-0.3598988889477948,-0.033339925068039844,-0.03381823481057589,14,0.21428571428571427,0.18277889371329523,-0.46224314521666693,-0.16709288646994275
lb55_atr14_m2.0_r0.005_tfma100_rfadx20,55,14,2.0,0.005,ma100,adx20,-0.06210959007903205,-0.06813827101172254,27,0.18518518518518517,0.22687089196580354,-0.44562672437568424,-0.029733570097070228,-0.030251096811080846,13,0.07692307692307693,0.11273528617932148,-0.4381184568717274,-0.16731352737986555
lb20_atr10_m2.5_r0.005_tfnone_rfnone,20,10,2.5,0.005,none,none,-0.09725291516396961,-0.10544357481440347,51,0.21568627450980393,0.43612297774150505,-0.3700799339293668,-0.03444937873175424,-0.04797444548019869,20,0.2,0.488597710236449,-0.3637489441926061,-0.16733067745934083
lb10_atr10_m2.5_r0.005_tfma100_rfnone,10,10,2.5,0.005,ma100,none,-0.10465039769322793,-0.11784260710902761,54,0.18518518518518517,0.3841255422956691,-0.3810468094943918,-0.02866362317350657,-0.0460281319003063,18,0.3333333333333333,0.5287948144584491,-0.35324827514313795,-0.16772257446219957
lb55_atr10_m2.0_r0.005_tfma100_rfadx20,55,10,2.0,0.005,ma100,adx20,-0.07052037004308365,-0.07407184580043336,28,0.14285714285714285,0.18432704676019004,-0.49052483566915833,-0.025425069275007206,-0.02588411082615827,12,0.08333333333333333,0.09129037989325288,-0.4074648081431651,-0.1682362398929187
lb55_atr20_m2.0_r0.005_tfma100_rfnone,55,20,2.0,0.005,ma100,none,-0.05696021177711985,-0.06334016728158554,31,0.22580645161290322,0.37204116761424905,-0.35518304949123136,-0.03675679701421786,-0.03735249714000588,14,0.14285714285714285,0.18303562324396253,-0.5025302688732777,-0.16969166494253074
lb20_atr20_m2.5_r0.0025_tfnone_rfnone,20,20,2.5,0.0025,none,none,-0.05519822116175965,-0.05939306438099068,55,0.18181818181818182,0.389417641439152,-0.3936568606962085,-0.0323537200143712,-0.03352277848543972,24,0.20833333333333334,0.16748549789383577,-0.51508829458897,-0.170456667687834
lb10_atr20_m3.0_r0.005_tfnone_rfnone,10,20,3.0,0.005,none,none,-0.11657765451448188,-0.12736065073127034,68,0.19117647058823528,0.42884161934789544,-0.34710777434678386,-0.03514867210698891,-0.058879809506508285,23,0.30434782608695654,0.45395757366554684,-0.3017280781859257,-0.1709786890353562
lb30_atr14_m2.5_r0.005_tfnone_rfnone,30,14,2.5,0.005,none,none,-0.0679544034683831,-0.07821779994856493,41,0.24390243902439024,0.4631123572567949,-0.31911920018835904,-0.03809304428011384,-0.04994045653299528,17,0.23529411764705882,0.24520932135747167,-0.4810037079017267,-0.17190743763905783
lb10_atr14_m2.0_r0.0025_tfma100_rfadx20,10,14,2.0,0.0025,ma100,adx20,-0.0772798324336953,-0.08691849175772959,60,0.21666666666666667,0.2563593371613646,-0.5018000800104342,-0.024104851022408336,-0.02436518494918427,22,0.22727272727272727,0.1763667438431188,-0.41729835666408976,-0.17212469500404995
lb10_atr10_m2.0_r0.0025_tfma100_rfadx20,10,10,2.0,0.0025,ma100,adx20,-0.07872696102982235,-0.08752075281932803,61,0.19672131147540983,0.25118046233702124,-0.5025047451347107,-0.0229777686594671,-0.023782269985130333,21,0.23809523809523808,0.15573755774201284,-0.4161128407076954,-0.17241442540074647
lb55_atr10_m1.5_r0.0025_tfnone_rfadx20,55,10,1.5,0.0025,none,adx20,-0.05180464488701042,-0.055529015062067755,36,0.19444444444444445,0.1434132456302298,-0.5406940274348321,-0.02165205543096793,-0.02165205543096793,16,0.1875,0.16031146685334982,-0.511844071114544,-0.17447779348083167
lb55_atr14_m1.5_r0.0025_tfnone_rfnone,55,14,1.5,0.0025,none,none,-0.04756229667400236,-0.05158614280001561,39,0.3076923076923077,0.2380526844808326,-0.4552373933701925,-0.02668191674475673,-0.02668191674475673,18,0.2222222222222222,0.1646446869394219,-0.556333161857635,-0.17476473219794625
lb55_atr14_m1.5_r0.0025_tfma100_rfnone,55,14,1.5,0.0025,ma100,none,-0.046503426181105145,-0.0490251913294415,37,0.2972972972972973,0.20925161492613562,-0.4693563013497305,-0.02668191674475673,-0.02668191674475673,18,0.2222222222222222,0.1646446869394219,-0.556333161857635,-0.17546752294879603
lb55_atr10_m1.5_r0.0025_tfma100_rfadx20,55,10,1.5,0.0025,ma100,adx20,-0.05077898184227203,-0.053199378980015366,34,0.17647058823529413,0.10864932402651395,-0.5617760052096958,-0.02165205543096793,-0.02165205543096793,16,0.1875,0.16031146685334982,-0.511844071114544,-0.17589979029135167
lb20_atr20_m2.5_r0.005_tfma100_rfadx20,20,20,2.5,0.005,ma100,adx20,-0.08339034402465817,-0.09622936611029298,39,0.20512820512820512,0.3662681522456638,-0.4210724643145389,-0.03132203681530654,-0.03180134502217935,14,0.21428571428571427,0.19300414738611635,-0.43252898199510564,-0.1760136397498405
lb30_atr20_m1.5_r0.0025_tfma100_rfadx20,30,20,1.5,0.0025,ma100,adx20,-0.06297494127409164,-0.06911757970267296,43,0.2558139534883721,0.20734731418732116,-0.5533497900271634,-0.02324509495173488,-0.02324509495173488,18,0.2777777777777778,0.23534087877825458,-0.48543237607045747,-0.17737828544630402
lb10_atr10_m3.0_r0.005_tfnone_rfnone,10,10,3.0,0.005,none,none,-0.10176015642556047,-0.11112726805639339,66,0.22727272727272727,0.4829049026837242,-0.2895339831612921,-0.048425523853868224,-0.06386590981514051,26,0.2692307692307692,0.39243770494623853,-0.3764896085603127,-0.17837981078399445
lb55_atr14_m2.0_r0.005_tfnone_rfnone,55,14,2.0,0.005,none,none,-0.05660831905549357,-0.06519436227576036,32,0.25,0.35921341735348267,-0.34058234634679946,-0.04164754854888153,-0.04215872051132197,15,0.06666666666666667,0.08316761047393995,-0.5331542522373224,-0.17951338533586356
lb10_atr14_m2.5_r0.0025_tfnone_rfnone,10,14,2.5,0.0025,none,none,-0.07351126349168069,-0.07919369018470945,80,0.225,0.38717254900243825,-0.3664807454865362,-0.04031316833253873,-0.046311561090793374,32,0.1875,0.2534562740947581,-0.48764194642092756,-0.1806816060777175
lb10_atr20_m1.5_r0.0025_tfma100_rfadx20,10,20,1.5,0.0025,ma100,adx20,-0.10412325082082563,-0.10999614279477476,72,0.19444444444444445,0.17963058412501354,-0.5583473525078769,-0.024200200194466448,-0.024200200194466448,25,0.4,0.3410957383111461,-0.3665773664536205,-0.1817438123809304
lb10_atr14_m2.5_r0.005_tfnone_rfadx20,10,14,2.5,0.005,none,adx20,-0.1256254123989219,-0.1358244097199518,70,0.2571428571428571,0.3807435323614845,-0.34924782852378317,-0.0398487040560942,-0.04997555989971403,24,0.20833333333333334,0.4057943374263755,-0.324066332287876,-0.18176645306808653
lb20_atr20_m1.5_r0.0025_tfma100_rfadx20,20,20,1.5,0.0025,ma100,adx20,-0.08057800978915375,-0.08660525185334278,54,0.2222222222222222,0.19488007691471868,-0.5718129344736854,-0.023484507404478272,-0.023484507404478272,20,0.35,0.25367654024567016,-0.44160125522337,-0.18220819306006455
lb30_atr20_m1.5_r0.0025_tfnone_rfadx20,30,20,1.5,0.0025,none,adx20,-0.07267347825321646,-0.0769578394630126,51,0.27450980392156865,0.2072918462226617,-0.5408921642198216,-0.02545747262082254,-0.02545747262082254,20,0.25,0.2191762476063577,-0.48063673207384977,-0.18307874767920848
lb55_atr14_m2.0_r0.005_tfma100_rfnone,55,14,2.0,0.005,ma100,none,-0.05914663572083634,-0.06519436227576025,31,0.22580645161290322,0.3286742628272092,-0.3676107502934555,-0.04164754854888153,-0.04215872051132197,15,0.06666666666666667,0.08316761047393995,-0.5331542522373224,-0.18334127430312608
lb30_atr14_m1.5_r0.0025_tfnone_rfadx20,30,14,1.5,0.0025,none,adx20,-0.07317153620277528,-0.07665190082495055,51,0.2549019607843137,0.23453828161033258,-0.5455090962520717,-0.025410936868009104,-0.025410936868009104,20,0.2,0.21382834543250268,-0.481351296524945,-0.18356064318434687
lb55_atr10_m2.0_r0.005_tfnone_rfnone,55,10,2.0,0.005,none,none,-0.06722864408270457,-0.07510074860027494,33,0.18181818181818182,0.29760893680636774,-0.3948495145616291,-0.037421322543885194,-0.03787471365345918,14,0.07142857142857142,0.06389508148908736,-0.5141288194078256,-0.18492056534270196
lb30_atr14_m1.5_r0.0025_tfma100_rfadx20,30,14,1.5,0.0025,ma100,adx20,-0.0680932765932648,-0.07348176731445433,44,0.25,0.17653515056630523,-0.5868726578299502,-0.023700674767744734,-0.023700674767744734,18,0.2222222222222222,0.2261255465674678,-0.4952680317470277,-0.1856963139328668
lb20_atr14_m2.5_r0.005_tfnone_rfnone,20,14,2.5,0.005,none,none,-0.10371908845554456,-0.11121290316850208,53,0.20754716981132076,0.39200983391473027,-0.3831428268758807,-0.04120060346373877,-0.053136832437253645,22,0.2727272727272727,0.3659770406572356,-0.39881037429478783,-0.18579833221294945
lb10_atr20_m2.5_r0.0025_tfnone_rfnone,10,20,2.5,0.0025,none,none,-0.07349136105776843,-0.08030022549421212,80,0.2,0.3711833307982073,-0.3637656063916014,-0.043959215594168155,-0.046075942889223453,34,0.2647058823529412,0.19118932910573794,-0.5036168798235695,-0.18651207441282816
lb55_atr10_m1.5_r0.0025_tfnone_rfnone,55,10,1.5,0.0025,none,none,-0.05245714585926753,-0.05617895310765875,40,0.225,0.1802775603875681,-0.49180479920719183,-0.0280462572946113,-0.0280462572946113,18,0.16666666666666666,0.12835360479663577,-0.588030421531771,-0.188380291232316
lb55_atr10_m2.0_r0.005_tfma100_rfnone,55,10,2.0,0.005,ma100,none,-0.07001271645655593,-0.0735661319222628,32,0.15625,0.2663317174620848,-0.42452868564549984,-0.037421322543885194,-0.03787471365345918,14,0.07142857142857142,0.06389508148908736,-0.5141288194078256,-0.188883889848967
lb55_atr10_m1.5_r0.0025_tfma100_rfnone,55,10,1.5,0.0025,ma100,none,-0.051432188624919606,-0.053850920165507965,38,0.21052631578947367,0.14971510162991164,-0.5080945041516677,-0.0280462572946113,-0.0280462572946113,18,0.16666666666666666,0.12835360479663577,-0.588030421531771,-0.18933939086455534
lb20_atr20_m2.5_r0.005_tfnone_rfadx20,20,20,2.5,0.005,none,adx20,-0.10281633917519484,-0.11583953513215484,48,0.1875,0.36307859997795333,-0.41480517373041,-0.04101120739546582,-0.041485721337213066,19,0.21052631578947367,0.23758884360482893,-0.42029706236127157,-0.19197575674757578
lb55_atr20_m1.5_r0.005_tfma100_rfadx20,55,20,1.5,0.005,ma100,adx20,-0.07603901033337956,-0.08097379701130836,32,0.25,0.19374183842106887,-0.49420058966917674,-0.04009837668346983,-0.04009837668346983,16,0.25,0.21413017607658227,-0.47655133353110907,-0.19250588690315815
lb55_atr20_m1.5_r0.005_tfnone_rfadx20,55,20,1.5,0.005,none,adx20,-0.07873017158752049,-0.08556657021410874,34,0.2647058823529412,0.2193164953741196,-0.4786858585566891,-0.04009837668346983,-0.04009837668346983,16,0.25,0.21413017607658227,-0.47655133353110907,-0.19273382484556392
lb30_atr20_m2.5_r0.005_tfma100_rfnone,30,20,2.5,0.005,ma100,none,-0.06522818538276198,-0.0753109698276776,36,0.25,0.40921174589640885,-0.3483469836578661,-0.0440866828414449,-0.04643849796119448,16,0.1875,0.14392272586272722,-0.5796236806155387,-0.19378389691467587
lb30_atr10_m1.5_r0.0025_tfnone_rfadx20,30,10,1.5,0.0025,none,adx20,-0.07413663575856799,-0.07732980899780695,51,0.21568627450980393,0.22775817009790064,-0.5565024439152235,-0.027482614341648892,-0.027482614341648892,20,0.15,0.16766856874821537,-0.5233264744959456,-0.19452209503933923
lb30_atr20_m2.0_r0.005_tfma100_rfadx20,30,20,2.0,0.005,ma100,adx20,-0.09410180797935075,-0.10662538418493117,37,0.24324324324324326,0.24021625817756032,-0.5066043641458899,-0.032977604401540406,-0.03357564169981797,14,0.14285714285714285,0.23744311533263285,-0.4516925362509722,-0.19471622418309575
lb55_atr20_m1.5_r0.005_tfma100_rfnone,55,20,1.5,0.005,ma100,none,-0.06333595751256704,-0.06833858997243936,36,0.3055555555555556,0.3720043389447613,-0.37079859114697966,-0.05193683390679549,-0.05193683390679549,18,0.2222222222222222,0.17374282894848944,-0.5506008701933478,-0.1947609063496652
lb30_atr10_m1.5_r0.0025_tfma100_rfadx20,30,10,1.5,0.0025,ma100,adx20,-0.06842163035751192,-0.07352637687354735,44,0.22727272727272727,0.175512666647338,-0.590665066121992,-0.025394918667269173,-0.025394918667269173,18,0.16666666666666666,0.17931804100071944,-0.53408453960784,-0.19478565671630224
lb10_atr10_m2.0_r0.0025_tfnone_rfadx20,10,10,2.0,0.0025,none,adx20,-0.11916437012804415,-0.12600200994205268,91,0.18681318681318682,0.23854763076785787,-0.5241543748791787,-0.02993870565666068,-0.031234499190911702,31,0.22580645161290322,0.26425455311757834,-0.37425850201454736,-0.19487430632074446
lb55_atr20_m1.5_r0.005_tfnone_rfnone,55,20,1.5,0.005,none,none,-0.06606411812484381,-0.07299450679411656,38,0.3157894736842105,0.3847164412091975,-0.36341183165276425,-0.05193683390679549,-0.05193683390679549,18,0.2222222222222222,0.17374282894848944,-0.5506008701933478,-0.19586058845070414
lb30_atr14_m2.0_r0.005_tfma100_rfadx20,30,14,2.0,0.005,ma100,adx20,-0.09075335641477966,-0.10085689922267149,36,0.25,0.22431287325513302,-0.5022658108464424,-0.03660187209768684,-0.037115735354263935,15,0.13333333333333333,0.1480126184405043,-0.46949388835846323,-0.1997395812022065
lb10_atr14_m2.5_r0.005_tfma100_rfnone,10,14,2.5,0.005,ma100,none,-0.09877166563993045,-0.11215720833246356,54,0.2037037037037037,0.3970846595318239,-0.3610107242385909,-0.04643821122444047,-0.05830923647991881,20,0.25,0.2801468963460839,-0.4760132048171231,-0.20015900711256115
lb55_atr14_m1.5_r0.005_tfnone_rfadx20,55,14,1.5,0.005,none,adx20,-0.08611796142069628,-0.09289953802369122,35,0.2571428571428571,0.19706211013694513,-0.5112851742098978,-0.03992440153309851,-0.03992440153309851,16,0.25,0.2060127812043685,-0.4765808116096806,-0.20019321644445592
lb55_atr14_m1.5_r0.005_tfma100_rfadx20,55,14,1.5,0.005,ma100,adx20,-0.08463184849349814,-0.0893394660211777,33,0.24242424242424243,0.16428831508713534,-0.5305123001772407,-0.03992440153309851,-0.03992440153309851,16,0.25,0.2060127812043685,-0.4765808116096806,-0.20105255391703036
lb20_atr20_m1.5_r0.0025_tfnone_rfadx20,20,20,1.5,0.0025,none,adx20,-0.10172281881611367,-0.10587296854272754,67,0.22388059701492538,0.17728623775310398,-0.5933610519318732,-0.030826151143949154,-0.030826151143949154,27,0.2962962962962963,0.2315685088405997,-0.43242897418026244,-0.2013783754193641
lb30_atr20_m2.0_r0.005_tfnone_rfadx20,30,20,2.0,0.005,none,adx20,-0.1008604618658796,-0.11348062987632523,42,0.23809523809523808,0.29008510325839076,-0.4683496636284014,-0.03833573830270176,-0.038930461961153906,16,0.125,0.21048382165260773,-0.4627354253338639,-0.2015058462765164
lb30_atr10_m2.0_r0.005_tfma100_rfadx20,30,10,2.0,0.005,ma100,adx20,-0.09935812119205334,-0.10674905321509254,37,0.21621621621621623,0.1936863656993541,-0.5353598388552306,-0.03269990202251649,-0.03315551700234565,14,0.14285714285714285,0.13180828707619832,-0.45110123549453884,-0.20180537074939708
lb10_atr20_m2.5_r0.005_tfnone_rfadx20,10,20,2.5,0.005,none,adx20,-0.12839611096348302,-0.1374701671505716,71,0.2112676056338028,0.3695611156571437,-0.36293723137762746,-0.05015162546347829,-0.052514385712104095,26,0.3076923076923077,0.29029863879917517,-0.3782508507804157,-0.20194276345108353
lb20_atr10_m1.5_r0.0025_tfma100_rfadx20,20,10,1.5,0.0025,ma100,adx20,-0.08758086969492063,-0.0925806298099785,55,0.2,0.1653301173323943,-0.6136303945844134,-0.026039583670533828,-0.026039583670533828,20,0.2,0.18490224939054553,-0.4931163690396662,-0.20194725170921984
lb10_atr14_m2.0_r0.0025_tfnone_rfadx20,10,14,2.0,0.0025,none,adx20,-0.11367481098572407,-0.1208500162853896,89,0.20224719101123595,0.24627102652039343,-0.5105475251856642,-0.035605871813153334,-0.036402264943869445,33,0.21212121212121213,0.24264870861188112,-0.41529770677504774,-0.20196177581446584
lb10_atr10_m1.5_r0.0025_tfma100_rfadx20,10,10,1.5,0.0025,ma100,adx20,-0.11611910866910757,-0.12096248851523195,75,0.17333333333333334,0.16197138329827968,-0.6007419375213209,-0.027055089850337777,-0.027531103469388585,25,0.28,0.29803542072412115,-0.4117002410116084,-0.20318055208170732
lb30_atr14_m2.0_r0.005_tfnone_rfadx20,30,14,2.0,0.005,none,adx20,-0.09721175435044127,-0.10690177319779248,41,0.24390243902439024,0.28333670003413514,-0.46066268021800016,-0.04118082425206526,-0.04169224515879999,17,0.11764705882352941,0.13331898779864598,-0.470240635823924,-0.20334830701334405
lb20_atr10_m2.0_r0.0025_tfnone_rfnone,20,10,2.0,0.0025,none,none,-0.08884797204502037,-0.0931140089294813,66,0.15151515151515152,0.25418825686177615,-0.526246159239989,-0.03493851328928732,-0.0351658471060694,26,0.11538461538461539,0.17277353286721664,-0.5075993683752901,-0.2038702269335969
lb30_atr20_m2.0_r0.0025_tfnone_rfnone,30,20,2.0,0.0025,none,none,-0.05763792551941649,-0.061334986446957895,52,0.25,0.3369028896984738,-0.4244734457728042,-0.03738911473221895,-0.03768686134042376,21,0.09523809523809523,0.12022169887412568,-0.663770742964072,-0.20400893040444476
lb30_atr10_m2.0_r0.0025_tfnone_rfnone,30,10,2.0,0.0025,none,none,-0.06386108480567187,-0.06682718929634024,52,0.19230769230769232,0.2793874184353223,-0.47298100421054856,-0.033303440827121555,-0.0335311598082364,20,0.1,0.06918986636429318,-0.6275930866271572,-0.20421523282675974
lb10_atr20_m2.5_r0.005_tfma100_rfnone,10,20,2.5,0.005,ma100,none,-0.10565682628135342,-0.11912848504214191,56,0.19642857142857142,0.3779361650964978,-0.37523938282420344,-0.04963084672158691,-0.05381666867680068,22,0.3181818181818182,0.21392348071166142,-0.4560991968449708,-0.2043225871623848
lb10_atr20_m2.0_r0.0025_tfnone_rfadx20,10,20,2.0,0.0025,none,adx20,-0.11910625179276835,-0.1226737430367999,92,0.18478260869565216,0.21862074285293698,-0.517061048157904,-0.034858892134739694,-0.03515742136986877,32,0.15625,0.25828334937190117,-0.4211150923957794,-0.20542745867759332
lb30_atr20_m2.5_r0.005_tfnone_rfnone,30,20,2.5,0.005,none,none,-0.07746599813279142,-0.08324940023717742,43,0.23255813953488372,0.41399579638720047,-0.3447240919226726,-0.04996457599328907,-0.05230192984574733,18,0.16666666666666666,0.12868426227018,-0.5821666353126492,-0.20550277105436954
lb30_atr10_m2.0_r0.0025_tfma100_rfnone,30,10,2.0,0.0025,ma100,none,-0.06033130782734031,-0.06419622851616724,45,0.2,0.22056030055285744,-0.5142295474864567,-0.030696382378393006,-0.030924715488820698,18,0.1111111111111111,0.07478156986026341,-0.638291321126987,-0.2060032981698963
lb30_atr20_m2.0_r0.0025_tfma100_rfnone,30,20,2.0,0.0025,ma100,none,-0.0546069815858522,-0.060482264172899036,45,0.26666666666666666,0.2879771163477687,-0.4629376955263268,-0.03471280016208289,-0.03501137458513792,19,0.10526315789473684,0.12856440625581267,-0.6767954897061736,-0.2061912059712877
lb30_atr10_m2.0_r0.005_tfnone_rfadx20,30,10,2.0,0.005,none,adx20,-0.1053594507901594,-0.11100820638493891,42,0.21428571428571427,0.25935341093928393,-0.4929796840235456,-0.037898916858077225,-0.03835208301251658,16,0.125,0.11536469674853636,-0.46112720307380756,-0.206864918054755
lb10_atr14_m1.5_r0.0025_tfma100_rfadx20,10,14,1.5,0.0025,ma100,adx20,-0.1160870260719381,-0.12119800632212752,74,0.17567567567567569,0.13932832687376984,-0.6087458204505143,-0.02904509099471908,-0.029574111993491248,26,0.3076923076923077,0.30895382107761066,-0.42102624224582275,-0.2070654284940514
lb30_atr14_m2.0_r0.0025_tfnone_rfnone,30,14,2.0,0.0025,none,none,-0.05746425108327069,-0.06064238198895178,51,0.2549019607843137,0.31804903221390485,-0.43191729359743447,-0.039165349836072005,-0.039421666160342705,22,0.09090909090909091,0.07484181675429559,-0.6652785230781602,-0.20724101500247558
lb20_atr20_m2.0_r0.0025_tfma100_rfnone,20,20,2.0,0.0025,ma100,none,-0.06906017199521619,-0.07484563312569892,54,0.2222222222222222,0.2787846284508358,-0.4940022363731157,-0.03475256309284569,-0.03505112521676934,21,0.09523809523809523,0.12851843265989196,-0.613922655513446,-0.20733694746085124
lb20_atr20_m2.0_r0.0025_tfnone_rfnone,20,20,2.0,0.0025,none,none,-0.08315882478043135,-0.08675576249413741,66,0.19696969696969696,0.28845624357942967,-0.4908774211772016,-0.0397172401598509,-0.0400142666521085,27,0.1111111111111111,0.1840749418072053,-0.5525046099302259,-0.20793099086168187
lb20_atr14_m2.0_r0.0025_tfnone_rfnone,20,14,2.0,0.0025,none,none,-0.08006250736074971,-0.08495554087681478,64,0.203125,0.28913867679860955,-0.48809995890934127,-0.04141077981106989,-0.0416664971349221,28,0.10714285714285714,0.15488146129119337,-0.5553052278063328,-0.2084208235077924
lb20_atr10_m2.0_r0.0025_tfma100_rfnone,20,10,2.0,0.0025,ma100,none,-0.073924285062547,-0.0791336588117767,54,0.16666666666666666,0.23568172414682187,-0.5320642221127159,-0.03152016415029879,-0.031748303207335016,20,0.1,0.07297796409884699,-0.590956680608618,-0.20862364125866023
lb20_atr20_m2.5_r0.005_tfma100_rfnone,20,20,2.5,0.005,ma100,none,-0.09086821064327044,-0.10178207545710771,44,0.20454545454545456,0.37355298964057304,-0.4063499138354933,-0.046029410556200134,-0.04833376441700843,18,0.2222222222222222,0.14119169395519832,-0.5375653501415552,-0.20925758234305503
lb20_atr20_m2.0_r0.005_tfma100_rfadx20,20,20,2.0,0.005,ma100,adx20,-0.12013201797655448,-0.1305332487878571,47,0.2127659574468085,0.2594247102344454,-0.5228141718992088,-0.035620238255934744,-0.03621664126568103,16,0.125,0.224025607675595,-0.4280348960664452,-0.209550972534433
lb20_atr14_m2.0_r0.0025_tfma100_rfnone,20,14,2.0,0.0025,ma100,none,-0.06502973679286983,-0.07205928075712165,52,0.23076923076923078,0.2778296730037493,-0.48415457560517855,-0.037297474966799804,-0.03755428957328866,22,0.09090909090909091,0.07845596502953889,-0.6301991726509223,-0.20995319542019603
lb30_atr14_m2.0_r0.0025_tfma100_rfnone,30,14,2.0,0.0025,ma100,none,-0.054083959279172866,-0.05935819002836351,44,0.2727272727272727,0.2605013615250977,-0.4687777474714737,-0.03687499274148365,-0.03713192005112176,20,0.1,0.0792599077078031,-0.6842222512044882,-0.21050680972887395
lb20_atr10_m1.5_r0.0025_tfnone_rfadx20,20,10,1.5,0.0025,none,adx20,-0.10457611236988329,-0.10766430411197492,67,0.19402985074626866,0.1903647387840693,-0.6124272721447014,-0.03248112867448327,-0.03248112867448327,27,0.18518518518518517,0.18573027478056833,-0.4585882781641327,-0.2109293787673345
lb20_atr14_m1.5_r0.0025_tfma100_rfadx20,20,14,1.5,0.0025,ma100,adx20,-0.09279331241541244,-0.09803898206825079,55,0.2,0.1347607566407531,-0.6492335974792421,-0.02801301235722531,-0.02801301235722531,21,0.23809523809523808,0.209530420828165,-0.5047929767299699,-0.2115089554330199
lb20_atr14_m2.0_r0.005_tfma100_rfadx20,20,14,2.0,0.005,ma100,adx20,-0.11288561940300035,-0.1243303522345508,45,0.2222222222222222,0.25725779330802273,-0.5026546792068423,-0.039839418683931926,-0.04035155507787158,17,0.11764705882352941,0.1377176355690081,-0.45209518785146036,-0.21266891437372756
lb20_atr10_m2.0_r0.005_tfma100_rfadx20,20,10,2.0,0.005,ma100,adx20,-0.11931649476384798,-0.12844837229747363,46,0.1956521739130435,0.23690902217369675,-0.5220255314079296,-0.03664249165537725,-0.03709624960769253,16,0.125,0.11934442501092284,-0.4431782809320973,-0.2143525337029583
lb20_atr10_m2.0_r0.005_tfnone_rfadx20,20,10,2.0,0.005,none,adx20,-0.14403825012647564,-0.15129758204824373,56,0.17857142857142858,0.2562335499583589,-0.5299544974961655,-0.03916588667172438,-0.03961845606159464,21,0.14285714285714285,0.2711025829543897,-0.3615011238036596,-0.214978908795967
lb55_atr10_m1.5_r0.005_tfnone_rfadx20,55,10,1.5,0.005,none,adx20,-0.09435114463384098,-0.10107162586534457,36,0.19444444444444445,0.15080863416449117,-0.5406940274348321,-0.042759359003629704,-0.042759359003629704,16,0.1875,0.1597149589842354,-0.511844071114544,-0.21703058009705822
lb55_atr14_m1.5_r0.005_tfnone_rfnone,55,14,1.5,0.005,none,none,-0.08487124767022358,-0.09166207566939877,39,0.3076923076923077,0.25045634693713625,-0.4552373933701925,-0.052198627834599276,-0.052198627834599276,18,0.2222222222222222,0.16537318800300835,-0.556333161857635,-0.21768848250420078
lb55_atr14_m1.5_r0.005_tfma100_rfnone,55,14,1.5,0.005,ma100,none,-0.08338310739448107,-0.08809714703273519,37,0.2972972972972973,0.22257786407959815,-0.4693563013497305,-0.052198627834599276,-0.052198627834599276,18,0.2222222222222222,0.16537318800300835,-0.556333161857635,-0.21804785788919748
lb30_atr20_m1.5_r0.0025_tfma100_rfnone,30,20,1.5,0.0025,ma100,none,-0.06392494693269735,-0.07006135762893417,51,0.29411764705882354,0.3016910191399079,-0.4721949506838814,-0.04135122767183108,-0.04135122767183108,23,0.21739130434782608,0.14620489105384954,-0.6832070827409308,-0.21838876865566956
lb55_atr10_m1.5_r0.005_tfma100_rfadx20,55,10,1.5,0.005,ma100,adx20,-0.09347225591146668,-0.09803348786899957,34,0.17647058823529413,0.11415278031350647,-0.5617760052096958,-0.042759359003629704,-0.042759359003629704,16,0.1875,0.1597149589842354,-0.511844071114544,-0.2184393003732374
lb20_atr14_m1.5_r0.0025_tfnone_rfadx20,20,14,1.5,0.0025,none,adx20,-0.10950236250181866,-0.11284630002072216,67,0.19402985074626866,0.1682987416248768,-0.6397731581370206,-0.034370786889501126,-0.034370786889501126,28,0.21428571428571427,0.2077191389249794,-0.46772086563857357,-0.21908201451637463
lb20_atr14_m2.0_r0.005_tfnone_rfadx20,20,14,2.0,0.005,none,adx20,-0.13907757667064868,-0.14677795612471078,55,0.2,0.2676784222090275,-0.5174514817054637,-0.0441512248274224,-0.044661061363512444,22,0.13636363636363635,0.2557259293621032,-0.3886264269657902,-0.21966039294426015
lb20_atr20_m2.0_r0.005_tfnone_rfadx20,20,20,2.0,0.005,none,adx20,-0.14611157037277422,-0.1529034677091894,57,0.19298245614035087,0.2666973154963732,-0.534815460329396,-0.04231522959742806,-0.04290749221233747,21,0.14285714285714285,0.2973833851826703,-0.38836003346958264,-0.22289157679468344
lb10_atr10_m2.5_r0.005_tfnone_rfnone,10,10,2.5,0.005,none,none,-0.164988227030619,-0.17368133159349586,82,0.18292682926829268,0.34648940683068996,-0.4019552977846083,-0.04931471174288582,-0.06536154559134832,29,0.27586206896551724,0.4641093026178433,-0.35616484109570257,-0.22303678696064044
lb20_atr20_m1.5_r0.0025_tfma100_rfnone,20,20,1.5,0.0025,ma100,none,-0.08617559366337957,-0.09216614094177511,62,0.24193548387096775,0.2411543017232811,-0.5326232714167688,-0.03990814401540721,-0.03990814401540721,25,0.28,0.1652517857338345,-0.6069262513497649,-0.223483395636249
lb30_atr20_m1.5_r0.0025_tfnone_rfnone,30,20,1.5,0.0025,none,none,-0.07641802707492151,-0.08045567588436564,62,0.3064516129032258,0.2863155736132103,-0.466149133368938,-0.0435225944348091,-0.0435225944348091,25,0.2,0.13979212833767382,-0.6635485910100068,-0.2237876434831061
lb10_atr20_m2.0_r0.005_tfma100_rfadx20,10,20,2.0,0.005,ma100,adx20,-0.1526601325304764,-0.1626768369875481,62,0.1935483870967742,0.224779068987104,-0.5149392168434088,-0.041535745801716706,-0.04212849047411038,21,0.19047619047619047,0.25604159780341884,-0.382778621040958,-0.2251756005426067
lb30_atr20_m1.5_r0.005_tfma100_rfadx20,30,20,1.5,0.005,ma100,adx20,-0.1133990374472108,-0.12256430113310057,43,0.2558139534883721,0.19213109048467336,-0.5533497900271634,-0.04574616704781431,-0.04574616704781431,18,0.2777777777777778,0.2330979269123315,-0.48543237607045747,-0.22598104603255517
lb20_atr20_m2.5_r0.005_tfnone_rfnone,20,20,2.5,0.005,none,none,-0.11151963108062801,-0.11894834419045075,55,0.18181818181818182,0.36551777812696984,-0.3936568606962084,-0.059810329541887364,-0.06208139504535881,24,0.20833333333333334,0.17552269765906495,-0.51508829458897,-0.22675964003971796
lb10_atr20_m2.0_r0.0025_tfma100_rfnone,10,20,2.0,0.0025,ma100,none,-0.08446356861145421,-0.09015330309052516,69,0.21739130434782608,0.25311790236010767,-0.47587406930461806,-0.048166383708693083,-0.048460796783761584,29,0.13793103448275862,0.1286314793956408,-0.62049577336609,-0.22702487892453466
lb10_atr20_m1.5_r0.0025_tfnone_rfadx20,10,20,1.5,0.0025,none,adx20,-0.1538278244764406,-0.1581293622155524,108,0.21296296296296297,0.17444613449795554,-0.5699393235405456,-0.039319679961079546,-0.04005440045885833,38,0.3157894736842105,0.2809530053955653,-0.3951295731934159,-0.2301685782587583
lb10_atr10_m2.0_r0.005_tfma100_rfadx20,10,10,2.0,0.005,ma100,adx20,-0.15038459681291483,-0.1617971567994112,61,0.19672131147540983,0.23801772286197342,-0.5025047451347108,-0.04297645949806461,-0.044476347140094186,21,0.23809523809523808,0.16291961206212993,-0.4161128407076954,-0.23143695678711473
lb10_atr10_m2.0_r0.0025_tfma100_rfnone,10,10,2.0,0.0025,ma100,none,-0.08898909557663681,-0.09768493261146838,70,0.17142857142857143,0.24864588372802157,-0.49767977249830925,-0.04672143368147297,-0.04750638395765794,28,0.17857142857142858,0.08250148679103253,-0.6222881105742267,-0.23221866921923792
lb10_atr14_m2.0_r0.005_tfma100_rfadx20,10,14,2.0,0.005,ma100,adx20,-0.14810679602258447,-0.1617002686111152,60,0.21666666666666667,0.242992766179329,-0.5018000800104342,-0.0463429690599404,-0.046851636549925635,22,0.22727272727272727,0.18092747373611412,-0.41729835666408965,-0.23259513447775743
lb10_atr14_m2.0_r0.0025_tfma100_rfnone,10,14,2.0,0.0025,ma100,none,-0.08219493790231869,-0.09178225443704491,68,0.22058823529411764,0.2736621587445983,-0.47243430521400404,-0.05178243328359278,-0.05203538382119899,30,0.16666666666666666,0.08967160851197259,-0.6432659607261162,-0.23309344706813495
lb30_atr14_m1.5_r0.0025_tfnone_rfnone,30,14,1.5,0.0025,none,none,-0.0837977253962573,-0.08718416438208487,62,0.2903225806451613,0.24530138085800446,-0.5144597330607245,-0.043778525866435825,-0.043778525866435825,25,0.16,0.13500009640239163,-0.6687312114045291,-0.23385124751081438
lb30_atr14_m1.5_r0.0025_tfma100_rfnone,30,14,1.5,0.0025,ma100,none,-0.07518875905549527,-0.08053622212826284,52,0.28846153846153844,0.20494349522571592,-0.5489722088155147,-0.04210049621421119,-0.04210049621421119,23,0.17391304347826086,0.13986979029919427,-0.6959164750461228,-0.2354535424620889
lb55_atr10_m1.5_r0.005_tfnone_rfnone,55,10,1.5,0.005,none,none,-0.09504469525379189,-0.10176002990569466,40,0.225,0.19010263840119115,-0.49180479920719183,-0.054971397442068914,-0.054971397442068914,18,0.16666666666666666,0.128595743490866,-0.5880304215317709,-0.2356275177073371
lb55_atr10_m1.5_r0.005_tfma100_rfnone,55,10,1.5,0.005,ma100,none,-0.0941664795889886,-0.09872421853128377,38,0.21052631578947367,0.1575005228257258,-0.5080945041516677,-0.054971397442068914,-0.054971397442068914,18,0.16666666666666666,0.128595743490866,-0.5880304215317709,-0.23657497846194211
lb30_atr14_m1.5_r0.005_tfma100_rfadx20,30,14,1.5,0.005,ma100,adx20,-0.12222760644532982,-0.13112864744240593,44,0.25,0.16871933574054299,-0.5868726578299502,-0.04660952436942234,-0.04660952436942234,18,0.2222222222222222,0.2261852995983306,-0.4952680317470276,-0.23676439463313684
lb30_atr20_m1.5_r0.005_tfnone_rfadx20,30,20,1.5,0.005,none,adx20,-0.13103780474435367,-0.13623999857866853,51,0.27450980392156865,0.1914859621356046,-0.5408921642198216,-0.050065915829218155,-0.050065915829218155,20,0.25,0.21695706093175146,-0.48063673207384977,-0.23778427179828143
lb20_atr20_m1.5_r0.005_tfma100_rfadx20,20,20,1.5,0.005,ma100,adx20,-0.14535995513498956,-0.15419482188852307,54,0.2222222222222222,0.17798505278366566,-0.5718129344736854,-0.046219300411260544,-0.046219300411260544,20,0.35,0.25176108078582626,-0.44160125522337,-0.23945253981895256
lb30_atr14_m1.5_r0.005_tfnone_rfadx20,30,14,1.5,0.005,none,adx20,-0.1346012760440085,-0.13978213653548643,51,0.2549019607843137,0.20292790890904286,-0.5455090962520717,-0.04994750247456914,-0.04994750247456914,20,0.2,0.21363425284414087,-0.481351296524945,-0.24025257097252709
lb20_atr20_m1.5_r0.0025_tfnone_rfnone,20,20,1.5,0.0025,none,none,-0.11170516584031243,-0.11558854889100267,79,0.24050632911392406,0.21308977963078743,-0.5523303613562154,-0.04892628025602219,-0.04892628025602219,33,0.24242424242424243,0.15800405221473376,-0.5660456225040202,-0.2410728070515205
lb10_atr20_m1.5_r0.0025_tfma100_rfnone,10,20,1.5,0.0025,ma100,none,-0.10750378306324337,-0.11335451406394204,81,0.20987654320987653,0.22605437427454186,-0.5138173087787773,-0.050992106432970585,-0.050992106432970585,33,0.30303030303030304,0.19553724726649055,-0.5963059223559736,-0.24122212020752706
lb10_atr14_m1.5_r0.0025_tfnone_rfadx20,10,14,1.5,0.0025,none,adx20,-0.1601483181195995,-0.16367553383112965,109,0.1926605504587156,0.1781873170543404,-0.5915537967656084,-0.04297409867005275,-0.04467579077763839,39,0.28205128205128205,0.27242243584340387,-0.4200874938826199,-0.2430747484057924
lb30_atr10_m1.5_r0.0025_tfma100_rfnone,30,10,1.5,0.0025,ma100,none,-0.07722864927098438,-0.08228513618741962,52,0.25,0.18879859876243077,-0.564988606898014,-0.043989419244304995,-0.043989419244304995,23,0.13043478260869565,0.11082883300416385,-0.7198096349385584,-0.244166262076574
lb10_atr10_m1.5_r0.0025_tfnone_rfadx20,10,10,1.5,0.0025,none,adx20,-0.16171263336121533,-0.1647156237395737,110,0.19090909090909092,0.1846256827763531,-0.5929616856424196,-0.042111955905250076,-0.0437585633133184,38,0.2631578947368421,0.2523393426301058,-0.42553545997794207,-0.24454414743512606
lb20_atr10_m1.5_r0.0025_tfma100_rfnone,20,10,1.5,0.0025,ma100,none,-0.09812671374029147,-0.10306868605949271,64,0.21875,0.17415737457002156,-0.5925812095801206,-0.043025330640013126,-0.043025330640013126,25,0.16,0.1194791113874693,-0.647806346902713,-0.2463980471547813
lb30_atr10_m1.5_r0.0025_tfnone_rfnone,30,10,1.5,0.0025,none,none,-0.08965735014864318,-0.09279699461489166,62,0.22580645161290322,0.2185384314257333,-0.5556589716435753,-0.04603728375099858,-0.04603728375099858,25,0.12,0.10620938969432898,-0.6963451752225853,-0.2480381010147564
lb30_atr10_m1.5_r0.005_tfma100_rfadx20,30,10,1.5,0.005,ma100,adx20,-0.12543261085346769,-0.13420427814676372,44,0.22727272727272727,0.16587114870776815,-0.590665066121992,-0.050087153248911775,-0.050087153248911775,18,0.16666666666666666,0.1787349639359361,-0.53408453960784,-0.24904882006999188
lb10_atr20_m1.5_r0.005_tfma100_rfadx20,10,20,1.5,0.005,ma100,adx20,-0.18320267464363993,-0.191646341164445,72,0.19444444444444445,0.17430672793552782,-0.5583473525078769,-0.04884367001882384,-0.04884367001882384,25,0.4,0.32320856871973797,-0.3665773664536205,-0.24912649172770224
lb20_atr14_m1.5_r0.0025_tfma100_rfnone,20,14,1.5,0.0025,ma100,none,-0.10143523035549229,-0.10663093052805561,64,0.234375,0.1588553894590874,-0.6119093357746499,-0.044697891746619756,-0.044697891746619756,26,0.19230769230769232,0.1410862788039174,-0.6565091134605776,-0.2525851100402902
lb30_atr20_m2.0_r0.005_tfma100_rfnone,30,20,2.0,0.005,ma100,none,-0.10382891582394616,-0.11442287137565776,45,0.26666666666666666,0.28876467130895983,-0.4629376955263268,-0.05820434089729509,-0.05878677718218661,19,0.10526315789473684,0.14801590991864472,-0.6767954897061736,-0.25460713981789784
lb30_atr10_m1.5_r0.005_tfnone_rfadx20,30,10,1.5,0.005,none,adx20,-0.13890831388846492,-0.144063389546217,51,0.21568627450980393,0.19764053632504178,-0.5565024439152235,-0.05415358043569363,-0.05415358043569363,20,0.15,0.1669327865636636,-0.5233264744959456,-0.25494611691796026
lb10_atr14_m2.5_r0.005_tfnone_rfnone,10,14,2.5,0.005,none,none,-0.1481876341367464,-0.15705564558773288,80,0.225,0.35615835921250355,-0.36648074548653625,-0.07613503012641198,-0.08763635549317594,32,0.1875,0.2614704768066428,-0.48764194642092756,-0.2558024891955826
lb20_atr10_m1.5_r0.0025_tfnone_rfnone,20,10,1.5,0.0025,none,none,-0.12060644009065402,-0.1236393454746596,79,0.20253164556962025,0.18681907835204462,-0.6014286691671631,-0.051133825281958645,-0.051133825281958645,33,0.15151515151515152,0.12505910157748412,-0.59210716968934,-0.2574429757088203
lb30_atr20_m2.0_r0.005_tfnone_rfnone,30,20,2.0,0.005,none,none,-0.11215568168779222,-0.11860784536564639,52,0.25,0.3220022927370763,-0.4244734457728041,-0.0634226970304862,-0.06400190611855416,21,0.09523809523809523,0.13695707036518842,-0.663770742964072,-0.2575506193592101
lb30_atr10_m2.0_r0.005_tfma100_rfnone,30,10,2.0,0.005,ma100,none,-0.11557344407370129,-0.12283130839028578,45,0.2,0.22210431599631467,-0.5142295474864567,-0.05405412312391944,-0.054499679898402764,18,0.1111111111111111,0.08334127508741679,-0.638291321126987,-0.2578642924055804
lb20_atr14_m1.5_r0.0025_tfnone_rfnone,20,14,1.5,0.0025,none,none,-0.1201082574294271,-0.123360486530951,79,0.22784810126582278,0.18286165490014034,-0.5966060420248408,-0.05276699905173299,-0.05276699905173299,34,0.17647058823529413,0.1442523794113775,-0.5979386879226509,-0.25869554987911003
lb30_atr14_m2.0_r0.005_tfma100_rfnone,30,14,2.0,0.005,ma100,none,-0.10309959529027568,-0.1130659467718369,44,0.2727272727272727,0.2635397583781561,-0.4687777474714737,-0.06226874656535164,-0.06276891946555563,20,0.1,0.09147516008357935,-0.6842222512044882,-0.260445015740552
lb30_atr10_m2.0_r0.005_tfnone_rfnone,30,10,2.0,0.005,none,none,-0.12420642681964167,-0.12974661669371435,52,0.19230769230769232,0.2688969520193091,-0.47298100421054856,-0.05913836394825023,-0.0595815259578768,20,0.1,0.07641224907423723,-0.6275930866271572,-0.26113097291873005
lb10_atr20_m2.5_r0.005_tfnone_rfnone,10,20,2.5,0.005,none,none,-0.14391729217962956,-0.15517474620453575,80,0.2,0.3584789498203715,-0.3637656063916014,-0.08451920646457711,-0.08855136553869936,34,0.2647058823529412,0.19355607391465615,-0.5036168798235695,-0.262125025661193
lb30_atr14_m2.0_r0.005_tfnone_rfnone,30,14,2.0,0.005,none,none,-0.11241953833849727,-0.11839416780931677,51,0.2549019607843137,0.30244418036018306,-0.4319172935974345,-0.06672570617403517,-0.06722350179353598,22,0.09090909090909091,0.08559549517107604,-0.66527852307816,-0.26239697174802545
lb20_atr20_m2.0_r0.005_tfma100_rfnone,20,20,2.0,0.005,ma100,none,-0.12969918384278134,-0.1399873178004446,54,0.2222222222222222,0.2815825036749586,-0.4940022363731157,-0.05827944160767984,-0.058861831447911794,21,0.09523809523809523,0.14803828620474857,-0.613922655513446,-0.26246489061599776
lb10_atr10_m2.0_r0.0025_tfnone_rfnone,10,10,2.0,0.0025,none,none,-0.1348249946500204,-0.14154106614173134,104,0.16346153846153846,0.22887056869306138,-0.5221296041173791,-0.06139920976714719,-0.06217207404371017,41,0.17073170731707318,0.1463756704408338,-0.5726460842711181,-0.26390516398510117
lb10_atr20_m2.0_r0.0025_tfnone_rfnone,10,20,2.0,0.0025,none,none,-0.12276943314235866,-0.1271616237378086,102,0.19607843137254902,0.23802838924904576,-0.481213769254744,-0.06819200529649538,-0.06848022421669175,43,0.11627906976744186,0.14830219714082934,-0.6089050762356599,-0.26402142221349056
lb10_atr10_m1.5_r0.0025_tfma100_rfnone,10,10,1.5,0.0025,ma100,none,-0.1232821275876489,-0.12808625641951588,85,0.18823529411764706,0.1728374611441128,-0.5655323540046854,-0.05470235065442919,-0.055164837841988446,33,0.21212121212121213,0.1719638449307418,-0.6317723717665977,-0.2648171870813467
lb20_atr10_m1.5_r0.005_tfma100_rfadx20,20,10,1.5,0.005,ma100,adx20,-0.15920847331729004,-0.16764137811869173,55,0.2,0.15306941293029105,-0.6136303945844134,-0.05134800506129489,-0.05134800506129489,20,0.2,0.18452818199553458,-0.4931163690396662,-0.2653240311394472
lb10_atr14_m1.5_r0.0025_tfma100_rfnone,10,14,1.5,0.0025,ma100,none,-0.12090299327408593,-0.1259861265370925,83,0.20481927710843373,0.16252384484248353,-0.5673526583380936,-0.05622021395050847,-0.05673442868942813,34,0.23529411764705882,0.18585446642290882,-0.6359530052121345,-0.26537153230602484
lb20_atr14_m2.0_r0.005_tfma100_rfnone,20,14,2.0,0.005,ma100,none,-0.12483989887299496,-0.13613040859902492,52,0.23076923076923078,0.2722165659368533,-0.48415457560517855,-0.06308911765124758,-0.06358885297684402,22,0.09090909090909091,0.09044641053847444,-0.6301991726509223,-0.2666172401522676
lb10_atr14_m2.0_r0.0025_tfnone_rfnone,10,14,2.0,0.0025,none,none,-0.12404556638477815,-0.13075307971360428,101,0.19801980198019803,0.249079548108994,-0.49303539458575724,-0.07035273849055002,-0.07060073513481946,44,0.1590909090909091,0.13674121389274527,-0.6110022446830107,-0.26832280619910037
lb20_atr10_m2.0_r0.005_tfma100_rfnone,20,10,2.0,0.005,ma100,none,-0.14159015382662266,-0.15049107401225936,54,0.16666666666666666,0.23313114451415484,-0.5320642221127159,-0.05565938462387565,-0.05610418529258854,20,0.1,0.08115055244389853,-0.590956680608618,-0.26853983654660957
lb30_atr20_m1.5_r0.005_tfma100_rfnone,30,20,1.5,0.005,ma100,none,-0.11339066085224137,-0.12255601113142955,51,0.29411764705882354,0.29353716863661505,-0.47219495068388134,-0.06923752755363766,-0.06923752755363766,23,0.21739130434782608,0.165703539576064,-0.6832070827409308,-0.2702908860981785
lb20_atr20_m1.5_r0.005_tfnone_rfadx20,20,20,1.5,0.005,none,adx20,-0.18053951244969502,-0.18544535567172915,67,0.22388059701492538,0.1634976614155036,-0.5933610519318732,-0.0605261445779024,-0.0605261445779024,27,0.2962962962962963,0.22987508042999139,-0.43242897418026244,-0.2722208183395897
lb20_atr10_m2.0_r0.005_tfnone_rfnone,20,10,2.0,0.005,none,none,-0.1670170923189822,-0.1740914451268195,66,0.15151515151515152,0.24846406754410688,-0.526246159239989,-0.06247575416405016,-0.06291734420549533,26,0.11538461538461539,0.18639081006892672,-0.5075993683752901,-0.27253861093387954
lb20_atr20_m2.0_r0.005_tfnone_rfnone,20,20,2.0,0.005,none,none,-0.15457836155756322,-0.1607222301114556,66,0.19696969696969696,0.2847180685490896,-0.4908774211772016,-0.06915339749680538,-0.06972906253807598,27,0.1111111111111111,0.20234225788020632,-0.5525046099302259,-0.2740238595178873
lb20_atr14_m2.0_r0.005_tfnone_rfnone,20,14,2.0,0.005,none,none,-0.1511825608128159,-0.1584215964517912,64,0.203125,0.2775605287015137,-0.48809995890934127,-0.07166214879204702,-0.07215731138122938,28,0.10714285714285714,0.17165505198436976,-0.5553052278063328,-0.27507044552179877
lb10_atr10_m1.5_r0.005_tfma100_rfadx20,10,10,1.5,0.005,ma100,adx20,-0.20230570913694357,-0.21030636066825747,75,0.17333333333333334,0.15502823553625059,-0.6007419375213209,-0.052206540974392035,-0.052206540974392035,25,0.28,0.28215555788784125,-0.4117002410116084,-0.27510413663999655
lb20_atr14_m1.5_r0.005_tfma100_rfadx20,20,14,1.5,0.005,ma100,adx20,-0.16393716966271743,-0.17241525530725088,55,0.2,0.1293335719518895,-0.6492335974792421,-0.05502765045733382,-0.05502765045733382,21,0.23809523809523808,0.20972145413711724,-0.5047929767299699,-0.27587148659856353
lb10_atr14_m1.5_r0.005_tfma100_rfadx20,10,14,1.5,0.005,ma100,adx20,-0.20060301350857945,-0.20870928957962798,74,0.17567567567567569,0.13893278184384866,-0.6087458204505143,-0.055930519015318536,-0.055930519015318536,26,0.3076923076923077,0.3001770780234697,-0.42102624224582275,-0.2791641534459648
lb10_atr10_m2.0_r0.005_tfnone_rfadx20,10,10,2.0,0.005,none,adx20,-0.22262081324815797,-0.23071391896738214,91,0.18681318681318682,0.224972790030775,-0.5241543748791787,-0.059176284183084626,-0.06161397330306673,31,0.22580645161290322,0.262199328524881,-0.3742585020145474,-0.2802513171543322
lb30_atr20_m1.5_r0.005_tfnone_rfnone,30,20,1.5,0.005,none,none,-0.13435436532392708,-0.13953670398952178,62,0.3064516129032258,0.2789369165788914,-0.466149133368938,-0.07345093484348653,-0.07345093484348653,25,0.2,0.15738673302172135,-0.6635485910100067,-0.2821066764684306
lb20_atr20_m1.5_r0.005_tfma100_rfnone,20,20,1.5,0.005,ma100,none,-0.152768564589439,-0.16152684462350808,62,0.24193548387096775,0.2329032119740066,-0.5326232714167688,-0.06642996560633185,-0.06642996560633185,25,0.28,0.18799272562253935,-0.6069262513497649,-0.28428659467160494
lb20_atr10_m1.5_r0.005_tfnone_rfadx20,20,10,1.5,0.005,none,adx20,-0.18949231777277864,-0.194344563463291,67,0.19402985074626866,0.1667277165394588,-0.6124272721447014,-0.06387282099537872,-0.06387282099537872,27,0.18518518518518517,0.18501414924833082,-0.4585882781641327,-0.2869663314691941
lb10_atr14_m2.0_r0.005_tfnone_rfadx20,10,14,2.0,0.005,none,adx20,-0.2145586757140222,-0.22340546747930523,89,0.20224719101123595,0.22873121161593823,-0.5105475251856642,-0.06876370928775599,-0.07030105992072211,33,0.21212121212121213,0.2449067205677466,-0.41529770677504774,-0.2889079122377188
lb10_atr20_m1.5_r0.0025_tfnone_rfnone,10,20,1.5,0.0025,none,none,-0.1628659334096242,-0.16715279312516662,122,0.22131147540983606,0.2022010997367783,-0.5363375319464656,-0.07258527004231885,-0.07258527004231885,49,0.24489795918367346,0.17253783390928915,-0.5775967189616276,-0.2907865313742454
lb10_atr20_m2.0_r0.005_tfnone_rfadx20,10,20,2.0,0.005,none,adx20,-0.22005483541352477,-0.22589729203351416,92,0.18478260869565216,0.21319927001224806,-0.517061048157904,-0.06866221341629386,-0.06923818222136746,32,0.15625,0.25690701520061865,-0.4211150923957793,-0.2928422066738854
lb30_atr14_m1.5_r0.005_tfma100_rfnone,30,14,1.5,0.005,ma100,none,-0.13340974254655258,-0.14219739121937391,52,0.28846153846153844,0.19799787254139808,-0.5489722088155147,-0.07047505104038942,-0.07047505104038942,23,0.17391304347826086,0.16026639624379652,-0.6959164750461228,-0.2929441333372902
lb10_atr20_m2.0_r0.005_tfma100_rfnone,10,20,2.0,0.005,ma100,none,-0.15630217705615168,-0.1662758276159222,69,0.21739130434782608,0.2573150605770216,-0.47587406930461806,-0.07879159629924148,-0.07936130077289938,29,0.13793103448275862,0.15132043172015147,-0.62049577336609,-0.29440089938857605
lb20_atr14_m1.5_r0.005_tfnone_rfadx20,20,14,1.5,0.005,none,adx20,-0.1939923148923982,-0.19881762056480845,67,0.19402985074626866,0.14756073400764216,-0.6397731581370206,-0.06736878632617926,-0.06736878632617926,28,0.21428571428571427,0.20754615379613559,-0.4677208656385735,-0.2960879798020102
lb30_atr14_m1.5_r0.005_tfnone_rfnone,30,14,1.5,0.005,none,none,-0.15078499851385097,-0.15586897232635855,62,0.2903225806451613,0.21928113944326777,-0.5144597330607245,-0.07372947198031188,-0.07372947198031188,25,0.16,0.1537639837739851,-0.6687312114045291,-0.29777897660927816
lb10_atr14_m2.0_r0.005_tfma100_rfnone,10,14,2.0,0.005,ma100,none,-0.15688915851470153,-0.17034249287552727,68,0.22058823529411764,0.2622464340003099,-0.47243430521400404,-0.08351426268771034,-0.0840031035230222,30,0.16666666666666666,0.10784195661827155,-0.6432659607261162,-0.3032339363415757
lb10_atr10_m2.0_r0.005_tfma100_rfnone,10,10,2.0,0.005,ma100,none,-0.16943310457834004,-0.18058979321797686,70,0.17142857142857143,0.23693182527631673,-0.49767977249830925,-0.07670198066866263,-0.07814901225200199,28,0.17857142857142858,0.0973628551782827,-0.6222881105742267,-0.3043147388845908
lb30_atr10_m1.5_r0.005_tfma100_rfnone,30,10,1.5,0.005,ma100,none,-0.13956092473346404,-0.14819088897413257,52,0.25,0.18141995811522996,-0.564988606898014,-0.074610893286569,-0.074610893286569,23,0.13043478260869565,0.12592758610476376,-0.7198096349385584,-0.3060290354403974
lb10_atr14_m1.5_r0.0025_tfnone_rfnone,10,14,1.5,0.0025,none,none,-0.1717114118841374,-0.17477290697540926,123,0.21138211382113822,0.18531366555850437,-0.5648863326932685,-0.07730809313526787,-0.07781081822538416,50,0.22,0.16985711107349163,-0.6033420283131254,-0.30670123284466283
lb10_atr10_m1.5_r0.0025_tfnone_rfnone,10,10,1.5,0.0025,none,none,-0.1787783831097668,-0.1816106615990304,125,0.192,0.1803803315558533,-0.5812954121813403,-0.07708707671656567,-0.07753861216949631,49,0.20408163265306123,0.15350034652725725,-0.6114476542637547,-0.31377003852654894
lb10_atr20_m1.5_r0.005_tfma100_rfnone,10,20,1.5,0.005,ma100,none,-0.18784853490607611,-0.19624417470894218,81,0.20987654320987653,0.22202603154476697,-0.5138173087787773,-0.08242641688762231,-0.08242641688762231,33,0.30303030303030304,0.2185331897124928,-0.5963059223559736,-0.31403747921633524
lb20_atr10_m1.5_r0.005_tfma100_rfnone,20,10,1.5,0.005,ma100,none,-0.17639056842021916,-0.18465114159398976,64,0.21875,0.1638239558682527,-0.5925812095801206,-0.07257649837156055,-0.07257649837156055,25,0.16,0.13638045334284188,-0.647806346902713,-0.31675369612637055
lb20_atr20_m1.5_r0.005_tfnone_rfnone,20,20,1.5,0.005,none,none,-0.19291426752205,-0.19774602711318512,79,0.24050632911392406,0.20863898720602633,-0.5523303613562154,-0.08492515705306825,-0.08492515705306825,33,0.24242424242424243,0.17341203801560373,-0.5660456225040202,-0.31802431756235827
lb30_atr10_m1.5_r0.005_tfnone_rfnone,30,10,1.5,0.005,none,none,-0.16397060805345964,-0.16897564391328868,62,0.22580645161290322,0.19474046239285958,-0.5556589716435753,-0.07857233820729181,-0.07857233820729181,25,0.12,0.11986735263016514,-0.6963451752225853,-0.3184810204808934
lb20_atr14_m1.5_r0.005_tfma100_rfnone,20,14,1.5,0.005,ma100,none,-0.17798277812697982,-0.1863184344382519,64,0.234375,0.15328864570544123,-0.6119093357746499,-0.0754297947618835,-0.0754297947618835,26,0.19230769230769232,0.16050484779835608,-0.6565091134605777,-0.32276038724127254
lb10_atr20_m1.5_r0.005_tfnone_rfadx20,10,20,1.5,0.005,none,adx20,-0.2642803993471148,-0.26914668971345856,108,0.21296296296296297,0.17166495353351416,-0.5699393235405456,-0.07814023522532532,-0.07954987872238906,38,0.3157894736842105,0.26856124265395476,-0.3951295731934159,-0.32730563431770976
lb10_atr14_m1.5_r0.005_tfnone_rfadx20,10,14,1.5,0.005,none,adx20,-0.2744114856913972,-0.2792540592358054,109,0.1926605504587156,0.16787906680444764,-0.5915537967656084,-0.08286851223816494,-0.08513000101921264,39,0.28205128205128205,0.26476341024615735,-0.4200874938826199,-0.34339177712179714
lb20_atr14_m1.5_r0.005_tfnone_rfnone,20,14,1.5,0.005,none,none,-0.21009862585202932,-0.21482750828298547,79,0.22784810126582278,0.16454338440894942,-0.5966060420248408,-0.09201475374500356,-0.09201475374500356,34,0.17647058823529413,0.1587443505913791,-0.5979386879226509,-0.3436970284182626
lb20_atr10_m1.5_r0.005_tfnone_rfnone,20,10,1.5,0.005,none,none,-0.21429848867054668,-0.21900222788977408,79,0.20253164556962025,0.16751656034299436,-0.6014286691671631,-0.0892594085340036,-0.0892594085340036,33,0.15151515151515152,0.13765040066221598,-0.59210716968934,-0.3437940696489872
lb10_atr14_m1.5_r0.005_tfma100_rfnone,10,14,1.5,0.005,ma100,none,-0.20890774469100493,-0.21692980672972884,83,0.20481927710843373,0.16127031914190587,-0.5673526583380936,-0.08917136664616432,-0.08917136664616432,34,0.23529411764705882,0.2097653094839341,-0.6359530052121345,-0.34380942410213566
lb10_atr10_m1.5_r0.005_tfma100_rfnone,10,10,1.5,0.005,ma100,none,-0.21451332004141566,-0.2223915326359147,85,0.18823529411764706,0.1664871964129594,-0.5655323540046854,-0.08687400608676321,-0.08687400608676321,33,0.21212121212121213,0.18897276042623792,-0.6317723717665977,-0.3447477605147777
lb10_atr10_m1.5_r0.005_tfnone_rfadx20,10,10,1.5,0.005,none,adx20,-0.27837330662618,-0.2826934507652952,110,0.19090909090909092,0.17130673162003843,-0.5929616856424196,-0.08136121782470063,-0.08361991546705383,38,0.2631578947368421,0.2397015965532431,-0.42553545997794207,-0.34589567683927025
lb10_atr20_m2.0_r0.005_tfnone_rfnone,10,20,2.0,0.005,none,none,-0.22585141410074772,-0.23313328919068854,102,0.19607843137254902,0.2338176100205508,-0.4812137692547441,-0.11833587851848681,-0.11888112755470248,43,0.11627906976744186,0.16277051067407297,-0.60890507623566,-0.36568979301614796
lb10_atr10_m2.0_r0.005_tfnone_rfnone,10,10,2.0,0.005,none,none,-0.24849440314385418,-0.2563181452089822,104,0.16346153846153846,0.21774729562369233,-0.5221296041173791,-0.10752668788604769,-0.1089254096886263,41,0.17073170731707318,0.15933063539220063,-0.5726460842711181,-0.36851534166049166
lb10_atr14_m2.0_r0.005_tfnone_rfnone,10,14,2.0,0.005,none,none,-0.23125794747507689,-0.23926113408969807,101,0.19801980198019803,0.2345195237931705,-0.49303539458575724,-0.11966409936219524,-0.12013365837386625,44,0.1590909090909091,0.1527986368036385,-0.6110022446830107,-0.3715990743324987
lb10_atr20_m1.5_r0.005_tfnone_rfnone,10,20,1.5,0.005,none,none,-0.27636316478567435,-0.28150278963188236,122,0.22131147540983606,0.20115129173730273,-0.5363375319464656,-0.12474404880229939,-0.12474404880229939,49,0.24489795918367346,0.18410057676308575,-0.5775967189616276,-0.39990344529833793
lb10_atr14_m1.5_r0.005_tfnone_rfnone,10,14,1.5,0.005,none,none,-0.2910605566002403,-0.29530474630319037,123,0.21138211382113822,0.17595772677445287,-0.5648863326932685,-0.13045022450851163,-0.13045022450851163,50,0.22,0.18273062148299524,-0.6033420283131254,-0.42004442726594293
lb10_atr10_m1.5_r0.005_tfnone_rfnone,10,10,1.5,0.005,none,none,-0.3028529109840751,-0.30702650369948914,125,0.192,0.16944036889377603,-0.5812954121813403,-0.13040076409028412,-0.13040076409028412,49,0.20408163265306123,0.16117224341940423,-0.6114476542637547,-0.4301937491375569
