key,breakout_lookback,atr_period,atr_mult,risk_per_trade,trend_filter,regime_filter,is_return,is_mdd,is_trades,is_win_rate,is_pf,is_avg_r,oos_return,oos_mdd,oos_trades,oos_win_rate,oos_pf,oos_avg_r,rank_score
lb55_atr14_m3.0_r0.0025_tfnone_rfadx20,55,14,3.0,0.0025,none,adx20,0.0013243120261923202,-0.01773266193755363,19,0.2631578947368421,1.0647463083532849,0.026326593545880118,0.0028088599859292795,-0.00620084128724141,6,0.6666666666666666,1.6452165722265735,0.17911100485854758,0.07271669661901353
lb55_atr14_m3.0_r0.005_tfnone_rfadx20,55,14,3.0,0.005,none,adx20,0.002337930758271378,-0.035188561040689126,19,0.2631578947368421,1.0566137573737104,0.026326593545880118,0.005595672144036445,-0.012339016864959418,6,0.6666666666666666,1.6398872227914412,0.17911100485854758,0.07047650611149178
lb55_atr14_m3.0_r0.0025_tfma100_rfadx20,55,14,3.0,0.0025,ma100,adx20,-0.0019458749427762045,-0.017732661937553407,18,0.2222222222222222,0.9173659471539833,-0.04012606820662669,0.0028088599859292795,-0.00620084128724141,6,0.6666666666666666,1.6452165722265735,0.17911100485854758,0.06388301078704071
lb55_atr14_m3.0_r0.005_tfma100_rfadx20,55,14,3.0,0.005,ma100,adx20,-0.00420853766466156,-0.03518856104068935,18,0.2222222222222222,0.9111160582898128,-0.04012606820662665,0.005595672144036445,-0.012339016864959418,6,0.6666666666666666,1.6398872227914412,0.17911100485854758,0.060188261577446674
lb55_atr10_m3.0_r0.0025_tfnone_rfadx20,55,10,3.0,0.0025,none,adx20,-0.004358595072353477,-0.020872710052175947,21,0.2857142857142857,0.8158883794547331,-0.08035449023197855,0.0019391037061444738,-0.006592642557018746,6,0.6666666666666666,1.429442080913487,0.12296884273556213,0.0438612403950093
lb55_atr20_m3.0_r0.0025_tfnone_rfadx20,55,20,3.0,0.0025,none,adx20,-0.011394402160795014,-0.02342534954912645,22,0.18181818181818182,0.6266799588964248,-0.1969369397406698,0.0025428706706089876,-0.006083062015173946,6,0.6666666666666666,1.6576580897274353,0.1618200809377744,0.039378206078831426
lb55_atr10_m3.0_r0.005_tfnone_rfadx20,55,10,3.0,0.005,none,adx20,-0.009013394015954801,-0.04135187494219794,21,0.2857142857142857,0.8106342679541558,-0.08035449023197853,0.003854737477638537,-0.013118473608903058,6,0.6666666666666666,1.4253253144342097,0.12296884273556208,0.038120935169515466
lb55_atr10_m3.0_r0.0025_tfma100_rfadx20,55,10,3.0,0.0025,ma100,adx20,-0.0076283293399111995,-0.020872710052176835,20,0.25,0.7125760205176218,-0.14618242911505303,0.0019391037061444738,-0.006592642557018746,6,0.6666666666666666,1.429442080913487,0.12296884273556213,0.035545135553499516
lb55_atr20_m3.0_r0.0025_tfma100_rfadx20,55,20,3.0,0.0025,ma100,adx20,-0.014115852699430609,-0.02342534954912623,21,0.14285714285714285,0.5740882550898103,-0.2558141719297393,0.0025428706706089876,-0.006083062015173946,6,0.6666666666666666,1.6576580897274353,0.1618200809377744,0.03244958262993241
lb55_atr20_m3.0_r0.005_tfnone_rfadx20,55,20,3.0,0.005,none,adx20,-0.022966277682617275,-0.046355024592777405,22,0.18181818181818182,0.6236124172347737,-0.1969369397406698,0.005064427599127841,-0.012100364890950344,6,0.6666666666666666,1.6520321133957183,0.16182008093777434,0.030641149424967967
lb55_atr10_m3.0_r0.005_tfma100_rfadx20,55,10,3.0,0.005,ma100,adx20,-0.015521135047489198,-0.04135187494219794,20,0.25,0.7081130791653899,-0.14618242911505303,0.003854737477638537,-0.013118473608903058,6,0.6666666666666666,1.4253253144342097,0.12296884273556208,0.028356034570773934
lb55_atr20_m3.0_r0.005_tfma100_rfadx20,55,20,3.0,0.005,ma100,adx20,-0.02834716609165222,-0.04635502459277685,21,0.14285714285714285,0.5711041367252664,-0.2558141719297393,0.005064427599127841,-0.012100364890950344,6,0.6666666666666666,1.6520321133957183,0.16182008093777434,0.02251665487900891
lb55_atr10_m2.5_r0.0025_tfnone_rfadx20,55,10,2.5,0.0025,none,adx20,-0.009575423622290802,-0.025195597086457022,24,0.16666666666666666,0.7120532410562497,-0.15089959774019127,9.024172708493872e-05,-0.006785263770085592,7,0.42857142857142855,1.0106777764871013,0.004919302687722948,0.005229587704616959
lb55_atr10_m2.5_r0.0025_tfma100_rfadx20,55,10,2.5,0.0025,ma100,adx20,-0.01372497188888655,-0.025195597086457133,23,0.08695652173913043,0.62259233871124,-0.2254725344844194,9.024172708493872e-05,-0.006785263770085592,7,0.42857142857142855,1.0106777764871013,0.004919302687722948,-0.004102180455093704
lb55_atr14_m3.0_r0.0025_tfnone_rfnone,55,14,3.0,0.0025,none,none,0.0007412133124102827,-0.015276439610522163,20,0.25,1.0345223950482052,0.01493716087782208,-0.0029841073574684573,-0.010672187401529531,8,0.5,0.7058167290834908,-0.14201376201662452,-0.004110570845627383
lb55_atr10_m2.5_r0.005_tfnone_rfadx20,55,10,2.5,0.005,none,adx20,-0.019526324037945963,-0.049804247127942625,24,0.16666666666666666,0.7068513861315973,-0.1508995977401912,0.00012962258021986806,-0.013506881085565858,7,0.42857142857142855,1.0076457901428166,0.004919302687722964,-0.004533232731458897
lb55_atr14_m3.0_r0.005_tfnone_rfnone,55,14,3.0,0.005,none,none,0.0011670853371907874,-0.030351843763172015,20,0.25,1.0270115475488952,0.014937160877822094,-0.00600566251024881,-0.02122205977675351,8,0.5,0.7046719232342498,-0.14201376201662458,-0.011224980215749697
lb55_atr14_m3.0_r0.0025_tfma100_rfnone,55,14,3.0,0.0025,ma100,none,-0.0025270693366566954,-0.01527643961052172,19,0.21052631578947367,0.8971122667127955,-0.048617436186029477,-0.0029841073574684573,-0.010672187401529531,8,0.5,0.7058167290834908,-0.14201376201662452,-0.01193147509850288
lb55_atr10_m2.5_r0.005_tfma100_rfadx20,55,10,2.5,0.005,ma100,adx20,-0.02773453026438355,-0.049804247127941736,23,0.08695652173913043,0.6177424208135327,-0.2254725344844193,0.00012962258021986806,-0.013506881085565858,7,0.42857142857142855,1.0076457901428166,0.004919302687722964,-0.01568770163431532
lb55_atr14_m3.0_r0.005_tfma100_rfnone,55,14,3.0,0.005,ma100,none,-0.005371736061377641,-0.030351843763171904,19,0.21052631578947367,0.8909224592328148,-0.04861743618602948,-0.00600566251024881,-0.02122205977675351,8,0.5,0.7046719232342498,-0.14201376201662458,-0.01984964823579765
lb55_atr10_m3.0_r0.0025_tfnone_rfnone,55,10,3.0,0.0025,none,none,-0.005434375977096173,-0.018943569453346187,22,0.2727272727272727,0.7839260942220851,-0.09442952071803003,-0.0038645549141638202,-0.010425153845437074,8,0.5,0.6253979607880266,-0.1849402928967298,-0.02782251054961329
lb30_atr14_m3.0_r0.0025_tfma100_rfadx20,30,14,3.0,0.0025,ma100,adx20,-0.018462027986261953,-0.03161214058333717,26,0.23076923076923078,0.5466097345228204,-0.26992751360765144,-0.001700164000673965,-0.00939814464849864,8,0.5,0.8197224880704438,-0.08309415792111223,-0.031509687457452376
lb10_atr20_m3.0_r0.0025_tfma100_rfadx20,10,20,3.0,0.0025,ma100,adx20,-0.03709741067974792,-0.0449914658880467,41,0.1951219512195122,0.44198504880536943,-0.35061315945551585,0.00010709864734925745,-0.011221648051348065,10,0.4,1.009264545650694,0.0007138240794989758,-0.03209251765431565
lb55_atr20_m3.0_r0.0025_tfnone_rfnone,55,20,3.0,0.0025,none,none,-0.014525395133091923,-0.023474374184740632,24,0.16666666666666666,0.5728935974970661,-0.2299431224645574,-0.002651484460187703,-0.011024285782771925,8,0.5,0.7073595533990542,-0.12784838442630123,-0.03523396257230096
lb55_atr10_m3.0_r0.0025_tfma100_rfnone,55,10,3.0,0.0025,ma100,none,-0.008700577328413672,-0.0189435694533463,21,0.23809523809523808,0.6894023596617661,-0.15779303539172243,-0.0038645549141638202,-0.010425153845437074,8,0.5,0.6253979607880266,-0.1849402928967298,-0.03582910790453762
lb10_atr14_m3.0_r0.0025_tfma100_rfadx20,10,14,3.0,0.0025,ma100,adx20,-0.031249315281456913,-0.042383517228040124,39,0.23076923076923078,0.47808393933912646,-0.31123935840052613,-0.001468681874531863,-0.01131515562208596,10,0.4,0.891779532713989,-0.05471929144527645,-0.03746134625023595
lb55_atr10_m3.0_r0.005_tfnone_rfnone,55,10,3.0,0.005,none,none,-0.011158350167623565,-0.03756608128500383,22,0.2727272727272727,0.7787369797260315,-0.09442952071803,-0.007757910536647206,-0.02073811628673261,8,0.5,0.6245889551587168,-0.18494029289672978,-0.03789842773086549
lb30_atr20_m3.0_r0.0025_tfma100_rfadx20,30,20,3.0,0.0025,ma100,adx20,-0.023555533120615646,-0.030935597454543884,27,0.14814814814814814,0.4733664798964186,-0.3307095219183224,-0.0014684857257735162,-0.009851218394535843,8,0.5,0.8335016318801892,-0.07371186015249558,-0.0379915880617256
lb10_atr10_m3.0_r0.0025_tfma100_rfadx20,10,10,3.0,0.0025,ma100,adx20,-0.032570061322214405,-0.04239378427317919,40,0.225,0.4831642825462862,-0.3169533002814792,-0.001428745563586853,-0.012139413484278827,10,0.4,0.9029995622547067,-0.053159303209926304,-0.0382237990746665
lb55_atr14_m2.5_r0.0025_tfnone_rfadx20,55,14,2.5,0.0025,none,adx20,-0.009535143909134014,-0.020638809739439323,22,0.22727272727272727,0.6634425034896232,-0.16713294952122196,-0.004225323906170919,-0.008040621522051539,9,0.4444444444444444,0.5190444848692595,-0.18189506445824127,-0.03868930518273875
lb55_atr20_m3.0_r0.0025_tfma100_rfnone,55,20,3.0,0.0025,ma100,none,-0.017238226620279407,-0.023474374184741076,23,0.13043478260869565,0.5292688337054866,-0.2851356467556161,-0.002651484460187703,-0.011024285782771925,8,0.5,0.7073595533990542,-0.12784838442630123,-0.04174214263681461
lb30_atr14_m3.0_r0.0025_tfnone_rfadx20,30,14,3.0,0.0025,none,adx20,-0.01375178004981148,-0.032471620508148114,29,0.3103448275862069,0.6651554929551879,-0.18033731297485825,-0.004909956684479355,-0.012583186329576779,10,0.4,0.6113415389421527,-0.1946943045983854,-0.04521847921284579
lb30_atr10_m3.0_r0.0025_tfma100_rfadx20,30,10,3.0,0.0025,ma100,adx20,-0.01987028792508172,-0.0344763322870284,27,0.25925925925925924,0.539566172782983,-0.28400534797143445,-0.00290152860598214,-0.00946847007771956,8,0.5,0.7007451141597723,-0.14169408523946303,-0.04637174129854439
lb20_atr10_m3.0_r0.0025_tfma100_rfadx20,20,10,3.0,0.0025,ma100,adx20,-0.03343430789443458,-0.044854013014689054,35,0.2,0.4402012132941353,-0.3732125173293757,-0.0014792851963634224,-0.012263524497945766,9,0.4444444444444444,0.8734069827447656,-0.06696022394793318,-0.04721070635676597
lb55_atr10_m3.0_r0.005_tfma100_rfnone,55,10,3.0,0.005,ma100,none,-0.017652005419316108,-0.037566081285004604,21,0.23809523809523808,0.684723733621188,-0.1577930353917225,-0.007757910536647206,-0.02073811628673261,8,0.5,0.6245889551587168,-0.18494029289672978,-0.047352019212176195
lb30_atr14_m3.0_r0.005_tfma100_rfadx20,30,14,3.0,0.005,ma100,adx20,-0.03694601116617935,-0.06230307280055458,26,0.23076923076923078,0.5451451773068,-0.2699275136076515,-0.0034415817248729663,-0.018697230796324793,8,0.5,0.8180737350431175,-0.08309415792111217,-0.04754728108037097
lb55_atr14_m2.5_r0.0025_tfma100_rfadx20,55,14,2.5,0.0025,ma100,adx20,-0.013722202739123057,-0.020638809739439545,21,0.14285714285714285,0.564871762021388,-0.24981414327547252,-0.004225323906170919,-0.008040621522051539,9,0.4444444444444444,0.5190444848692595,-0.18189506445824127,-0.04884307889514724
lb55_atr10_m2.5_r0.0025_tfnone_rfnone,55,10,2.5,0.0025,none,none,-0.010239963293284693,-0.022767260909621445,25,0.16,0.7024048179382819,-0.15386181456793502,-0.005851397019695281,-0.01268605443320181,9,0.3333333333333333,0.5933085118563691,-0.24664040291997447,-0.048909250202429
lb55_atr20_m3.0_r0.005_tfnone_rfnone,55,20,3.0,0.005,none,none,-0.02915687612428186,-0.0464529485850077,24,0.16666666666666666,0.5699407607066889,-0.22994312246455742,-0.005337191111071449,-0.021911549637689154,8,0.5,0.7062204375859751,-0.12784838442630128,-0.04939617423929238
lb20_atr14_m3.0_r0.0025_tfma100_rfadx20,20,14,3.0,0.0025,ma100,adx20,-0.033051943754255575,-0.043089137201791305,33,0.21212121212121213,0.4063486344059426,-0.3881013730000529,-0.001728835221616376,-0.011408980251249035,9,0.4444444444444444,0.8487318232519724,-0.07529339728565061,-0.05020016411662653
lb55_atr14_m2.5_r0.005_tfnone_rfadx20,55,14,2.5,0.005,none,adx20,-0.01921091748784909,-0.04090717826808732,22,0.22727272727272727,0.6610393333631424,-0.16713294952122196,-0.00845911481893935,-0.01603541523314489,9,0.4444444444444444,0.5187026253359214,-0.18189506445824127,-0.0503201058013063
lb30_atr10_m3.0_r0.0025_tfnone_rfadx20,30,10,3.0,0.0025,none,adx20,-0.013155193459653658,-0.03386627151435373,30,0.3,0.6931899307490774,-0.17007359988101134,-0.006280683204403337,-0.012825369391323393,10,0.4,0.5194209010372183,-0.2473695950148505,-0.05512188420943022
lb10_atr14_m3.0_r0.0025_tfnone_rfadx20,10,14,3.0,0.0025,none,adx20,-0.04030251440178756,-0.05534056663495224,57,0.2807017543859649,0.5062398201501395,-0.2812152922285566,-0.005030223149662283,-0.01672873939304509,18,0.3333333333333333,0.7630858623418635,-0.11014862977161664,-0.0553097037648473
lb20_atr20_m3.0_r0.0025_tfma100_rfadx20,20,20,3.0,0.0025,ma100,adx20,-0.03887613061266748,-0.043217082179766164,35,0.17142857142857143,0.3789708494248005,-0.4308588659790697,-0.0015324377268552958,-0.011221909349091508,9,0.4444444444444444,0.8530584757302676,-0.06811683427463824,-0.055460489608498524
lb30_atr20_m3.0_r0.005_tfma100_rfadx20,30,20,3.0,0.005,ma100,adx20,-0.04690982509105357,-0.06100265768787816,27,0.14814814814814814,0.47184144605525397,-0.3307095219183224,-0.0029759594234435305,-0.019589663847188743,8,0.5,0.8318302822571586,-0.0737118601524957,-0.05612011840547907
lb55_atr20_m3.0_r0.005_tfma100_rfnone,55,20,3.0,0.005,ma100,none,-0.034503670603252434,-0.046452948585007814,23,0.13043478260869565,0.5262810164540535,-0.2851356467556161,-0.005337191111071449,-0.021911549637689154,8,0.5,0.7062204375859751,-0.12784838442630128,-0.05709000494494946
lb10_atr20_m3.0_r0.005_tfma100_rfadx20,10,20,3.0,0.005,ma100,adx20,-0.07320951290775335,-0.08808652511946191,41,0.1951219512195122,0.44187831504141867,-0.3506131594555158,0.0001381763036838457,-0.02229659451409627,10,0.4,1.0059437577789796,0.0007138240794989092,-0.05730454138666665
lb55_atr10_m2.5_r0.0025_tfma100_rfnone,55,10,2.5,0.0025,ma100,none,-0.014386727360552576,-0.022767260909621445,24,0.08333333333333333,0.6165225436698415,-0.22545097131564298,-0.005851397019695281,-0.01268605443320181,9,0.3333333333333333,0.5933085118563691,-0.24664040291997447,-0.05794110912794261
lb10_atr10_m3.0_r0.0025_tfnone_rfadx20,10,10,3.0,0.0025,none,adx20,-0.040907208928730676,-0.0592731568935887,59,0.2711864406779661,0.5374733210951607,-0.27945280607612594,-0.005781862194642273,-0.016683448808885393,19,0.3157894736842105,0.7529360955630134,-0.12166930652123127,-0.05812186598677782
lb30_atr20_m3.0_r0.0025_tfnone_rfadx20,30,20,3.0,0.0025,none,adx20,-0.018974572899682296,-0.031464610057856945,30,0.23333333333333334,0.5832899426067086,-0.2389343048922172,-0.005611649736016022,-0.013959600291440832,10,0.4,0.5669087363922705,-0.2222713259334625,-0.059506084028777384
lb10_atr14_m3.0_r0.005_tfma100_rfadx20,10,14,3.0,0.005,ma100,adx20,-0.06196921226959917,-0.08309680426458843,39,0.23076923076923078,0.4779113386788459,-0.31123935840052613,-0.003019998437842397,-0.02248377580418981,10,0.4,0.8891980273736378,-0.05471929144527645,-0.06079437709825432
lb10_atr10_m3.0_r0.005_tfma100_rfadx20,10,10,3.0,0.005,ma100,adx20,-0.06449190788714532,-0.08312580351766452,40,0.225,0.4830651671765627,-0.3169533002814793,-0.0023949638536497897,-0.024094622275431576,10,0.4,0.9174796041303916,-0.053159303209926304,-0.061649566963153934
lb30_atr14_m3.0_r0.005_tfnone_rfadx20,30,14,3.0,0.005,none,adx20,-0.027910395241747654,-0.06398530507165012,29,0.3103448275862069,0.6610575817253779,-0.1803373129748582,-0.009845020640045443,-0.025002643730130836,10,0.4,0.6107268394472617,-0.19469430459838538,-0.06200013069587612
lb55_atr14_m2.5_r0.005_tfma100_rfadx20,55,14,2.5,0.005,ma100,adx20,-0.02749607859205161,-0.04090717826808743,21,0.14285714285714285,0.5624842495673011,-0.24981414327547252,-0.00845911481893935,-0.01603541523314489,9,0.4444444444444444,0.5187026253359214,-0.18189506445824127,-0.06231786113155071
lb55_atr10_m2.5_r0.005_tfnone_rfnone,55,10,2.5,0.005,none,none,-0.020846854960714256,-0.0450598391700997,25,0.16,0.6968296420500135,-0.153861814567935,-0.011736463487810322,-0.025211176199191665,9,0.3333333333333333,0.5924652478789242,-0.24664040291997447,-0.06337161362024689
lb30_atr10_m3.0_r0.005_tfma100_rfadx20,30,10,3.0,0.005,ma100,adx20,-0.03972218981931064,-0.06784452587837408,27,0.25925925925925924,0.5385557092200521,-0.2840053479714345,-0.005835888304849157,-0.018841237358458884,8,0.5,0.6996423876906199,-0.14169408523946303,-0.06405957461466413
lb10_atr10_m2.5_r0.0025_tfma100_rfadx20,10,10,2.5,0.0025,ma100,adx20,-0.05491533189912423,-0.06027649830997828,49,0.14285714285714285,0.3398851020131993,-0.43437740027559757,-0.002090471140035244,-0.014422898495715542,12,0.4166666666666667,0.879425480438717,-0.06348521156863624,-0.06565710081823288
lb20_atr10_m3.0_r0.0025_tfnone_rfadx20,20,10,3.0,0.0025,none,adx20,-0.031605312145886355,-0.05143646556105552,42,0.21428571428571427,0.5281244985683702,-0.29898350729347534,-0.006436229223674705,-0.017166932459552586,14,0.2857142857142857,0.6497539370094398,-0.18199043677318896,-0.06694581801387171
lb20_atr10_m2.5_r0.0025_tfma100_rfadx20,20,10,2.5,0.0025,ma100,adx20,-0.04389707298758028,-0.04989464026886736,39,0.15384615384615385,0.37799339232143064,-0.435630406987807,-0.002663357059392135,-0.014551146736312304,10,0.3,0.8276675644616681,-0.104489807206404,-0.06697588317225563
lb20_atr10_m3.0_r0.005_tfma100_rfadx20,20,10,3.0,0.005,ma100,adx20,-0.06616520003482496,-0.08781316221889246,35,0.2,0.4406547385439967,-0.3732125173293757,-0.003038706258493451,-0.02433938828770843,9,0.4444444444444444,0.8705114919803126,-0.06696022394793329,-0.07200299493282322
lb30_atr10_m3.0_r0.005_tfnone_rfadx20,30,10,3.0,0.005,none,adx20,-0.026550140946018486,-0.0666789811659314,30,0.3,0.6914647808134063,-0.17007359988101134,-0.01256813435671622,-0.0254854142386578,10,0.4,0.5191624455395526,-0.24736959501485045,-0.07251625368012332
lb55_atr14_m2.5_r0.0025_tfnone_rfnone,55,14,2.5,0.0025,none,none,-0.009286642374142784,-0.020566439473613696,25,0.24,0.7102225967042232,-0.14208974010919154,-0.010125931517871445,-0.013918621033050527,11,0.36363636363636365,0.3102677607651991,-0.3531579225182837,-0.07272770829529797
lb55_atr10_m2.5_r0.005_tfma100_rfnone,55,10,2.5,0.005,ma100,none,-0.02904400613242908,-0.04505983917009915,24,0.08333333333333333,0.6111414245922249,-0.22545097131564298,-0.011736463487810322,-0.025211176199191665,9,0.3333333333333333,0.5924652478789242,-0.24664040291997447,-0.0742241091462497
lb30_atr10_m2.5_r0.0025_tfma100_rfadx20,30,10,2.5,0.0025,ma100,adx20,-0.02942590963296854,-0.038648556874846696,31,0.12903225806451613,0.44723671707863,-0.3615691554887478,-0.005082238560098817,-0.011922183849635393,9,0.3333333333333333,0.6273084604405927,-0.21656734442071687,-0.07444845037198869
lb20_atr14_m3.0_r0.005_tfma100_rfadx20,20,14,3.0,0.005,ma100,adx20,-0.06539976340797449,-0.08442478954339083,33,0.21212121212121213,0.4067564256925095,-0.3881013730000528,-0.0035229706845739672,-0.022669329194034082,9,0.4444444444444444,0.8464826948605298,-0.07529339728565067,-0.07449771571349896
lb10_atr20_m3.0_r0.0025_tfnone_rfadx20,10,20,3.0,0.0025,none,adx20,-0.04877994040508438,-0.05892970166978606,59,0.22033898305084745,0.4556518903188457,-0.326031153297024,-0.0073989020203701905,-0.019451767086371863,18,0.3333333333333333,0.6685240863075438,-0.16171084395689317,-0.07631316049485806
lb20_atr14_m3.0_r0.0025_tfnone_rfadx20,20,14,3.0,0.0025,none,adx20,-0.03426851324676494,-0.05065907181112672,40,0.25,0.4554835064892608,-0.33541558995024545,-0.007389208722569984,-0.01701446562326092,14,0.2857142857142857,0.6061862660017736,-0.20762172883335928,-0.07748511292495883
lb30_atr10_m2.5_r0.0025_tfnone_rfadx20,30,10,2.5,0.0025,none,adx20,-0.02264237622400378,-0.03858165010074244,34,0.23529411764705882,0.580629832921094,-0.2531895343235229,-0.008332252847794486,-0.015149854662543816,11,0.2727272727272727,0.506316447418854,-0.29455281553172613,-0.07816133440032862
lb55_atr20_m2.5_r0.0025_tfnone_rfadx20,55,20,2.5,0.0025,none,adx20,-0.016758095377361948,-0.025310110691801113,24,0.16666666666666666,0.49223315568565423,-0.2640349350728474,-0.007067535665156166,-0.008836648359439425,9,0.3333333333333333,0.2659207734205366,-0.29716697239789813,-0.07830801822308794
lb30_atr20_m3.0_r0.005_tfnone_rfadx20,30,20,3.0,0.005,none,adx20,-0.03809203519674842,-0.06204215797357049,30,0.23333333333333334,0.5806408207351251,-0.2389343048922172,-0.01124147964662836,-0.027717453279231363,10,0.4,0.5666104022190237,-0.2222713259334626,-0.0790968802943493
lb20_atr10_m2.5_r0.0025_tfnone_rfadx20,20,10,2.5,0.0025,none,adx20,-0.04442016940161664,-0.05818499598175653,46,0.21739130434782608,0.44434959159231685,-0.37755361488798267,-0.006832688194466585,-0.018670781380259127,15,0.26666666666666666,0.6881258034059802,-0.17821671469347447,-0.08065939089624953
lb55_atr14_m2.5_r0.0025_tfma100_rfnone,55,14,2.5,0.0025,ma100,none,-0.013474751711416655,-0.02056643947361403,24,0.16666666666666666,0.6175899406535755,-0.21339231758532617,-0.010125931517871445,-0.013918621033050527,11,0.36363636363636365,0.3102677607651991,-0.3531579225182837,-0.08165611808601911
lb10_atr10_m2.5_r0.0025_tfnone_rfadx20,10,10,2.5,0.0025,none,adx20,-0.07536643882472427,-0.08411988138701942,72,0.18055555555555555,0.35439086674882153,-0.41619976552229976,-0.004278826744928188,-0.016931125940309544,21,0.38095238095238093,0.8360708938695837,-0.08109293742156727,-0.08201772360238603
lb20_atr20_m3.0_r0.005_tfma100_rfadx20,20,20,3.0,0.005,ma100,adx20,-0.0766339478134982,-0.08469408394341893,35,0.17142857142857143,0.37903018980673575,-0.43085886597906964,-0.0031221280441291466,-0.022299847553135632,9,0.4444444444444444,0.8509141938585594,-0.06811683427463823,-0.08205407162582382
lb55_atr20_m2.5_r0.0025_tfma100_rfadx20,55,20,2.5,0.0025,ma100,adx20,-0.020485052260716397,-0.02531011069180178,23,0.13043478260869565,0.431648338500184,-0.33719179241184566,-0.007067535665156166,-0.008836648359439425,9,0.3333333333333333,0.2659207734205366,-0.29716697239789813,-0.08702251441820733
lb10_atr14_m3.0_r0.005_tfnone_rfadx20,10,14,3.0,0.005,none,adx20,-0.08243595895515754,-0.1077883870146632,57,0.2807017543859649,0.4880745557607851,-0.2812152922285566,-0.010156455995167235,-0.03319995106987483,18,0.3333333333333333,0.7615060175231024,-0.1101486297716166,-0.08893593401808084
lb55_atr14_m2.5_r0.005_tfnone_rfnone,55,14,2.5,0.005,none,none,-0.018743706728910237,-0.04076916155623411,25,0.24,0.7075468068217283,-0.1420897401091915,-0.020192739364424672,-0.027679383904795074,11,0.36363636363636365,0.31058358774943806,-0.35315792251828376,-0.08907019687469875
lb20_atr20_m3.0_r0.0025_tfnone_rfadx20,20,20,3.0,0.0025,none,adx20,-0.039701051930599696,-0.050246756099809,42,0.21428571428571427,0.4335874101786083,-0.3702625590961164,-0.008325952071105647,-0.017949497100489875,14,0.2857142857142857,0.5542291504376099,-0.23355499805010854,-0.08913668697162264
lb55_atr20_m2.5_r0.005_tfnone_rfadx20,55,20,2.5,0.005,none,adx20,-0.03345644119049007,-0.050033286119530174,24,0.16666666666666666,0.4913105768491337,-0.2640349350728474,-0.014108125391972037,-0.01760645565572061,9,0.3333333333333333,0.2651086256584503,-0.2971669723978981,-0.09546151660480363
lb10_atr10_m3.0_r0.005_tfnone_rfadx20,10,10,3.0,0.005,none,adx20,-0.0887221429932522,-0.1152187880746608,59,0.2711864406779661,0.4895456986521213,-0.27945280607612594,-0.011677189608059635,-0.033095113623796246,19,0.3157894736842105,0.7510361354558559,-0.12166930652123122,-0.09552072686816046
lb20_atr10_m3.0_r0.005_tfnone_rfadx20,20,10,3.0,0.005,none,adx20,-0.06639889992089476,-0.10037059918285274,42,0.21428571428571427,0.5000849946335042,-0.29898350729347534,-0.012931576221925756,-0.03402089109098083,14,0.2857142857142857,0.648584439090571,-0.18199043677318902,-0.09772540131362058
lb20_atr10_m2.5_r0.005_tfma100_rfadx20,20,10,2.5,0.005,ma100,adx20,-0.08637348967071978,-0.09742548486014913,39,0.15384615384615385,0.37760431241346254,-0.435630406987807,-0.005446544862540259,-0.028846056638843764,10,0.3,0.824484413698521,-0.10448980720640402,-0.09805817556775254
lb30_atr10_m2.5_r0.005_tfma100_rfadx20,30,10,2.5,0.005,ma100,adx20,-0.058456039383434466,-0.07589121915145969,31,0.12903225806451613,0.4455928099495548,-0.3615691554887478,-0.01020268715697914,-0.02369831250416865,9,0.3333333333333333,0.6263144519378816,-0.21656734442071687,-0.09864066584754515
lb30_atr14_m2.5_r0.0025_tfma100_rfadx20,30,14,2.5,0.0025,ma100,adx20,-0.0292150470386352,-0.034338874870683656,29,0.1724137931034483,0.40014089030308614,-0.38461116159147996,-0.008883054521257483,-0.012680506103353695,11,0.36363636363636365,0.35841780478732643,-0.3117388465875593,-0.09925723789104274
lb55_atr14_m2.5_r0.005_tfma100_rfnone,55,14,2.5,0.005,ma100,none,-0.0270328145699561,-0.040769161556234335,24,0.16666666666666666,0.6149096668990924,-0.2133923175853262,-0.020192739364424672,-0.027679383904795074,11,0.36363636363636365,0.31058358774943806,-0.35315792251828376,-0.09972215437441598
lb55_atr20_m2.5_r0.0025_tfnone_rfnone,55,20,2.5,0.0025,none,none,-0.01586302617391333,-0.02379373900477788,27,0.2222222222222222,0.562343872404896,-0.2206704968940817,-0.012295250801946267,-0.013657138512739309,11,0.2727272727272727,0.17225727054244885,-0.4258493238019558,-0.10002828535353338
lb10_atr10_m2.5_r0.005_tfma100_rfadx20,10,10,2.5,0.005,ma100,adx20,-0.10749788107089586,-0.11669156266403558,49,0.14285714285714285,0.33758325700719877,-0.43437740027559757,-0.002764257464256459,-0.028593960471700375,12,0.4166666666666667,0.9170268345631922,-0.06348521156863614,-0.1005633585143116
lb30_atr14_m2.5_r0.0025_tfnone_rfadx20,30,14,2.5,0.0025,none,adx20,-0.025649658615221282,-0.037832622369116664,33,0.24242424242424243,0.4982273018332949,-0.2987053483869224,-0.012031455544878722,-0.015816844069731606,13,0.3076923076923077,0.2915554995084086,-0.36120298563257003,-0.1014840777558242
lb30_atr10_m2.5_r0.005_tfnone_rfadx20,30,10,2.5,0.005,none,adx20,-0.04582903533484617,-0.07578498722886962,34,0.23529411764705882,0.5737799612795582,-0.2531895343235229,-0.016663579507812276,-0.030071112291560786,11,0.2727272727272727,0.5059458045870853,-0.29455281553172613,-0.1023447060321553
lb20_atr14_m2.5_r0.0025_tfma100_rfadx20,20,14,2.5,0.0025,ma100,adx20,-0.04370271560119432,-0.046297562764773814,38,0.21052631578947367,0.3469871720018042,-0.44667939732010187,-0.00836775641317089,-0.01311206899946371,12,0.3333333333333333,0.4643045686467257,-0.26947727707425845,-0.10433648517015615
lb55_atr20_m2.5_r0.005_tfma100_rfadx20,55,20,2.5,0.005,ma100,adx20,-0.04077931751788444,-0.05003328611953084,23,0.13043478260869565,0.43046221200229506,-0.33719179241184566,-0.014108125391972037,-0.01760645565572061,9,0.3333333333333333,0.2651086256584503,-0.2971669723978981,-0.10579694380018535
lb55_atr20_m2.5_r0.0025_tfma100_rfnone,55,20,2.5,0.0025,ma100,none,-0.019593375797460566,-0.02379373900477777,26,0.19230769230769232,0.5010919161428152,-0.28371831537939685,-0.012295250801946267,-0.013657138512739309,11,0.2727272727272727,0.17225727054244885,-0.4258493238019558,-0.10786677234234654
lb20_atr14_m3.0_r0.005_tfnone_rfadx20,20,14,3.0,0.005,none,adx20,-0.06917378234158289,-0.09888588394130648,40,0.25,0.4455031868713055,-0.33541558995024545,-0.014813717324457687,-0.03374313487426994,14,0.2857142857142857,0.6054470544241667,-0.20762172883335928,-0.10849637943390453
lb20_atr14_m2.5_r0.0025_tfnone_rfadx20,20,14,2.5,0.0025,none,adx20,-0.045249558184975225,-0.05612886889452495,46,0.2391304347826087,0.4039478749718992,-0.38705731489383605,-0.013159213651869117,-0.017880602244885968,17,0.29411764705882354,0.41571389866838515,-0.30136007635288986,-0.11059752066998751
lb10_atr14_m2.5_r0.0025_tfma100_rfadx20,10,14,2.5,0.0025,ma100,adx20,-0.05145285766247831,-0.05666267728714258,48,0.1875,0.3455973429117337,-0.4175640503722302,-0.010561698063684788,-0.016799199474519022,14,0.2857142857142857,0.49167562582099883,-0.28901812497936236,-0.11154913947935062
lb30_atr14_m3.0_r0.0025_tfma100_rfnone,30,14,3.0,0.0025,ma100,none,-0.020376203456419884,-0.02767623399844732,29,0.20689655172413793,0.5576559306699057,-0.26731855097719953,-0.01488994341658334,-0.02109375758133225,12,0.3333333333333333,0.3408502927482216,-0.4616419350209711,-0.11262302983622721
lb10_atr20_m3.0_r0.005_tfnone_rfadx20,10,20,3.0,0.005,none,adx20,-0.09591744984259531,-0.11456856674495641,59,0.22033898305084745,0.4554631603248945,-0.326031153297024,-0.014854853339929863,-0.03854184965634244,18,0.3333333333333333,0.6679177311175878,-0.1617108439568932,-0.11439248113735262
lb30_atr14_m3.0_r0.0025_tfnone_rfnone,30,14,3.0,0.0025,none,none,-0.01999541715153552,-0.029837610341262977,34,0.2647058823529412,0.605138556691192,-0.22480221011572993,-0.018057327541413204,-0.024241194835893598,14,0.2857142857142857,0.29873268805224645,-0.48727807163332926,-0.11608308173434345
lb55_atr20_m2.0_r0.0025_tfnone_rfadx20,55,20,2.0,0.0025,none,adx20,-0.03503282252446771,-0.039180700540849656,29,0.20689655172413793,0.22812387727932124,-0.45761918881265323,-0.009894724866925886,-0.011913365605633941,11,0.18181818181818182,0.2804657775092517,-0.34134089884834495,-0.11743483365710344
lb20_atr10_m2.5_r0.005_tfnone_rfadx20,20,10,2.5,0.005,none,adx20,-0.08968118872783104,-0.11314880468695132,46,0.21739130434782608,0.430142630461376,-0.37755361488798267,-0.013769226683410296,-0.03697292526307572,15,0.26666666666666666,0.6862710120502358,-0.17821671469347455,-0.11748077791353655
lb10_atr20_m3.0_r0.0025_tfma100_rfnone,10,20,3.0,0.0025,ma100,none,-0.04558200476993879,-0.047732808922109515,46,0.17391304347826086,0.3938004839721197,-0.38498760430881007,-0.01387107688382383,-0.025041485330431157,15,0.26666666666666666,0.45663299165088167,-0.3509107116524154,-0.11900453146922194
lb20_atr10_m3.0_r0.0025_tfma100_rfnone,20,10,3.0,0.0025,ma100,none,-0.03639398724409004,-0.04201989872918155,38,0.18421052631578946,0.4464711730294256,-0.3737055566943825,-0.013746474894622662,-0.020797679723549622,13,0.3076923076923077,0.4251537765565494,-0.3963414700900864,-0.11935431714282713
lb20_atr14_m3.0_r0.0025_tfma100_rfnone,20,14,3.0,0.0025,ma100,none,-0.03463015218703669,-0.03889372167598315,36,0.19444444444444445,0.4292199421834262,-0.3727490398579551,-0.014156668540344253,-0.020365100565842176,13,0.3076923076923077,0.40563826844607725,-0.4043709921042615,-0.12001885494000153
lb55_atr20_m2.5_r0.005_tfnone_rfnone,55,20,2.5,0.005,none,none,-0.03172204053600025,-0.04709346332653108,27,0.2222222222222222,0.5609640073359532,-0.22067049689408172,-0.024476108376270123,-0.027162588639601304,11,0.2727272727272727,0.1719715747165921,-0.4258493238019557,-0.12065775157220827
lb10_atr14_m2.5_r0.0025_tfnone_rfadx20,10,14,2.5,0.0025,none,adx20,-0.06429627032827401,-0.07243853565594915,69,0.2318840579710145,0.3808189026715098,-0.3714089282967377,-0.01762227704445185,-0.02396556161300678,24,0.20833333333333334,0.4586456508721893,-0.2858977745580421,-0.1210124959549743
lb30_atr20_m2.5_r0.0025_tfma100_rfadx20,30,20,2.5,0.0025,ma100,adx20,-0.03557932562642063,-0.039261443243766125,31,0.1935483870967742,0.32908970829551565,-0.4377205453192812,-0.010947562120592225,-0.012311308079667072,11,0.2727272727272727,0.24652470252957098,-0.3808193985911785,-0.12265042420312977
lb20_atr20_m3.0_r0.005_tfnone_rfadx20,20,20,3.0,0.005,none,adx20,-0.08006530281353252,-0.09812296104915774,42,0.21428571428571427,0.421062087883675,-0.37026255909611633,-0.016664054245289606,-0.03558125712572646,14,0.2857142857142857,0.5539869048705441,-0.23355499805010854,-0.1233097220368685
lb10_atr14_m3.0_r0.0025_tfma100_rfnone,10,14,3.0,0.0025,ma100,none,-0.039093256095580786,-0.04441312554818677,43,0.20930232558139536,0.41680781993259525,-0.35254798013221095,-0.016217465385702234,-0.02591850202275714,15,0.26666666666666666,0.4270443659667142,-0.40651445361759336,-0.12367091903659479
lb30_atr20_m3.0_r0.0025_tfma100_rfnone,30,20,3.0,0.0025,ma100,none,-0.030563114047348905,-0.03199803495305953,31,0.12903225806451613,0.41247852687732617,-0.3749326890802977,-0.013965116358534813,-0.02049853956562997,12,0.3333333333333333,0.344079690619103,-0.43518657365459984,-0.12372741051310737
lb30_atr10_m3.0_r0.0025_tfnone_rfnone,30,10,3.0,0.0025,none,none,-0.020444126019611764,-0.03228985259069761,35,0.2571428571428571,0.6152252479469563,-0.22586093797825535,-0.01918525443766117,-0.025209507033361223,14,0.2857142857142857,0.26059712327965723,-0.5211974349669899,-0.12374270408874737
lb30_atr10_m3.0_r0.0025_tfma100_rfnone,30,10,3.0,0.0025,ma100,none,-0.023047620791183054,-0.03178596970190117,30,0.23333333333333334,0.5335958647128277,-0.2959325113175703,-0.01584998199035259,-0.021894720130126055,12,0.3333333333333333,0.29922012664569053,-0.49638506844208824,-0.12435070175587634
lb10_atr20_m2.5_r0.0025_tfma100_rfadx20,10,20,2.5,0.0025,ma100,adx20,-0.05513024148930912,-0.058491055209554665,50,0.18,0.33435112908476305,-0.4293276550511741,-0.013137309852049306,-0.017291417618270466,16,0.3125,0.29853884848533,-0.3172960973402642,-0.12451323663282092
lb30_atr14_m2.5_r0.005_tfma100_rfadx20,30,14,2.5,0.005,ma100,adx20,-0.05711842157613489,-0.06759653539919919,29,0.1724137931034483,0.4028761958797562,-0.38461116159147996,-0.017727918632437834,-0.0252333967101962,11,0.36363636363636365,0.3586157076046453,-0.31173884658755924,-0.12456567591234527
lb55_atr14_m2.0_r0.0025_tfnone_rfadx20,55,14,2.0,0.0025,none,adx20,-0.03335203627759886,-0.03784519299361189,29,0.20689655172413793,0.24310314110612147,-0.4379290430337157,-0.012018965925108871,-0.013982731689600292,12,0.08333333333333333,0.13724042057552757,-0.3806494599401878,-0.1254982421650247
lb55_atr20_m2.0_r0.0025_tfma100_rfadx20,55,20,2.0,0.0025,ma100,adx20,-0.0397202725052932,-0.0397202725052932,28,0.14285714285714285,0.18149853658963283,-0.5379919946164594,-0.009894724866925886,-0.011913365605633941,11,0.18181818181818182,0.2804657775092517,-0.34134089884834495,-0.12714191280857176
lb30_atr20_m2.5_r0.0025_tfnone_rfadx20,30,20,2.5,0.0025,none,adx20,-0.032085383411010526,-0.04233185021664965,35,0.2,0.42008404915437547,-0.35062225622535004,-0.014921999999059521,-0.01628026584061104,13,0.23076923076923078,0.1931780604386398,-0.44351093871907893,-0.12737697095022135
lb20_atr10_m3.0_r0.0025_tfnone_rfnone,20,10,3.0,0.0025,none,none,-0.03847798821459614,-0.049611975493209726,47,0.19148936170212766,0.49879029740949876,-0.3240375180687999,-0.020998022642591208,-0.027997382639336488,19,0.21052631578947367,0.36126389723314395,-0.422934579666338,-0.12788721111322413
lb55_atr10_m2.0_r0.0025_tfnone_rfadx20,55,10,2.0,0.0025,none,adx20,-0.037360811275542916,-0.04106953880998154,30,0.16666666666666666,0.20423126609145908,-0.4754715450842257,-0.010543595931292282,-0.012487387050466925,11,0.09090909090909091,0.10881104537131604,-0.36590789741302426,-0.1284053487485091
lb20_atr20_m3.0_r0.0025_tfma100_rfnone,20,20,3.0,0.0025,ma100,none,-0.045384238883916295,-0.04575927993896867,39,0.15384615384615385,0.34583452936272846,-0.4517417506598207,-0.013139897143975232,-0.019678788216819232,13,0.3076923076923077,0.402869168036657,-0.3772140035904614,-0.12851010248593814
lb30_atr14_m2.5_r0.005_tfnone_rfadx20,30,14,2.5,0.005,none,adx20,-0.051418530142553154,-0.0743505597596702,33,0.24242424242424243,0.49000601167770863,-0.2987053483869224,-0.023964027887635853,-0.031421856253880165,13,0.3076923076923077,0.2916810590493694,-0.36120298563257003,-0.12889667426978102
lb55_atr20_m2.5_r0.005_tfma100_rfnone,55,20,2.5,0.005,ma100,none,-0.03905805729703493,-0.04709346332653119,26,0.19230769230769232,0.4994839242057358,-0.28371831537939685,-0.024476108376270123,-0.027162588639601304,11,0.2727272727272727,0.1719715747165921,-0.4258493238019557,-0.13012118410500628
lb55_atr20_m2.0_r0.0025_tfnone_rfnone,55,20,2.0,0.0025,none,none,-0.032639232604680046,-0.03679739938449389,33,0.24242424242424243,0.3384898996475146,-0.37286745408209077,-0.015231934515448242,-0.01723969367509781,13,0.15384615384615385,0.20191223188420665,-0.4452400020156161,-0.13018514501663675
lb30_atr20_m3.0_r0.0025_tfnone_rfnone,30,20,3.0,0.0025,none,none,-0.029861954811726488,-0.03341847125801445,36,0.19444444444444445,0.472283963387407,-0.31588204022644245,-0.018056428634960375,-0.024562742989196806,14,0.2857142857142857,0.288457424873876,-0.489661232997847,-0.1310595420491738
lb10_atr10_m3.0_r0.0025_tfma100_rfnone,10,10,3.0,0.0025,ma100,none,-0.03911628713901305,-0.04312133207852509,44,0.20454545454545456,0.44547401825473326,-0.345609052530604,-0.019020816292237508,-0.027740061608642952,16,0.25,0.4108119997495555,-0.44573765758248624,-0.131298030949318
lb20_atr10_m2.5_r0.0025_tfma100_rfnone,20,10,2.5,0.0025,ma100,none,-0.04610878495679538,-0.04616546452504888,42,0.16666666666666666,0.3862966620284162,-0.42431671498272194,-0.0153198264025457,-0.023234749178968395,14,0.21428571428571427,0.45395047073125455,-0.4049018997205609,-0.13169517970701816
lb55_atr10_m2.0_r0.0025_tfma100_rfadx20,55,10,2.0,0.0025,ma100,adx20,-0.037935480108148845,-0.037935480108148845,28,0.14285714285714285,0.17571592474539244,-0.5172234932088965,-0.010543595931292282,-0.012487387050466925,11,0.09090909090909091,0.10881104537131604,-0.36590789741302426,-0.1321778880499676
lb10_atr14_m3.0_r0.0025_tfnone_rfnone,10,14,3.0,0.0025,none,none,-0.053096650457782335,-0.05655083173591868,64,0.25,0.4441268368694373,-0.3288043214166276,-0.02457268147542757,-0.03604142414027689,25,0.24,0.39615818539672915,-0.37924889732463174,-0.13270626177383008
lb10_atr10_m2.5_r0.005_tfnone_rfadx20,10,10,2.5,0.005,none,adx20,-0.15095426002355872,-0.1610233266609048,72,0.18055555555555555,0.3289097860326105,-0.4161997655222998,-0.008739772067068108,-0.03359201541360479,21,0.38095238095238093,0.8332199121056789,-0.08109293742156733,-0.13390722216235557
lb20_atr14_m3.0_r0.0025_tfnone_rfnone,20,14,3.0,0.0025,none,none,-0.039597320317246165,-0.04729592265426341,45,0.2222222222222222,0.44674875931800434,-0.3446534618716897,-0.021938144615751498,-0.028097572135431514,19,0.21052631578947367,0.3401952386296214,-0.44049006130506435,-0.13422371535796232
lb10_atr10_m3.0_r0.0025_tfnone_rfnone,10,10,3.0,0.0025,none,none,-0.04915871083155199,-0.05654515421213824,65,0.24615384615384617,0.506837154028585,-0.30260454619984806,-0.028437661512920265,-0.03707320700679184,27,0.2222222222222222,0.3809517393778938,-0.4058970889048193,-0.13500331482212052
lb30_atr14_m3.0_r0.005_tfma100_rfnone,30,14,3.0,0.005,ma100,none,-0.040729701823868814,-0.054678768508862996,29,0.20689655172413793,0.5551569492989094,-0.2673185509771995,-0.02673273777613383,-0.03892423402967893,12,0.3333333333333333,0.3651464748795069,-0.4616419350209711,-0.13626438346019576
lb20_atr20_m2.5_r0.0025_tfma100_rfadx20,20,20,2.5,0.0025,ma100,adx20,-0.04924985419157746,-0.04987078151888036,40,0.2,0.31495373644692054,-0.4780629556534407,-0.012962399106032807,-0.014323366925454106,13,0.23076923076923078,0.2165092348237161,-0.3829258188600135,-0.13652474858046232
lb55_atr14_m2.0_r0.0025_tfma100_rfadx20,55,14,2.0,0.0025,ma100,adx20,-0.03883028081953621,-0.03930783488128464,28,0.14285714285714285,0.17985340646708975,-0.5277210064514885,-0.012018965925108871,-0.013982731689600292,12,0.08333333333333333,0.13724042057552757,-0.3806494599401878,-0.13668914108593563
lb20_atr14_m2.5_r0.005_tfma100_rfadx20,20,14,2.5,0.005,ma100,adx20,-0.08512810453822561,-0.09061446366226,38,0.21052631578947367,0.3492070751177969,-0.4466793973201019,-0.016719585162260353,-0.026081589152240903,12,0.3333333333333333,0.46447669897468835,-0.2694772770742585,-0.13712119184507643
lb20_atr10_m2.5_r0.0025_tfnone_rfnone,20,10,2.5,0.0025,none,none,-0.05013694441845751,-0.055024778794882656,51,0.21568627450980393,0.42939410898387276,-0.3838309597895903,-0.021728124741307142,-0.02959153720215768,20,0.2,0.40819288261577835,-0.41049968140023163,-0.13773237015365783
lb10_atr20_m3.0_r0.0025_tfnone_rfnone,10,20,3.0,0.0025,none,none,-0.06175560318063178,-0.06413859823790946,67,0.19402985074626866,0.40875924467990665,-0.364607873860541,-0.0227948429804794,-0.03466075963454207,24,0.25,0.39491962139555475,-0.3685552979335078,-0.13811890651947623
lb55_atr20_m2.0_r0.0025_tfma100_rfnone,55,20,2.0,0.0025,ma100,none,-0.037338309750953314,-0.037338309750953314,32,0.1875,0.2882889593904513,-0.4405451674500911,-0.015231934515448242,-0.01723969367509781,13,0.15384615384615385,0.20191223188420665,-0.4452400020156161,-0.13882436697616324
lb30_atr10_m2.5_r0.0025_tfnone_rfnone,30,10,2.5,0.0025,none,none,-0.029039732786099393,-0.03590206100390669,39,0.23076923076923078,0.5363291039415788,-0.2833793104736124,-0.021799231978667177,-0.02668540033947664,15,0.2,0.2806945928806762,-0.5471372602746937,-0.1396224442793416
lb20_atr20_m2.5_r0.0025_tfnone_rfadx20,20,20,2.5,0.0025,none,adx20,-0.050262813289320474,-0.0590052980293414,48,0.1875,0.3755930176577343,-0.4116621132363758,-0.018805078747864634,-0.02015799044159783,18,0.2222222222222222,0.2226232973508386,-0.4039407522229438,-0.13983880469110666
lb10_atr20_m2.5_r0.0025_tfnone_rfadx20,10,20,2.5,0.0025,none,adx20,-0.06765342778178773,-0.07211601843785098,70,0.18571428571428572,0.3531951073589693,-0.3825695978651404,-0.022603574987307917,-0.02671783538073036,25,0.32,0.3114359429941473,-0.35084165839689274,-0.1406239483121527
lb55_atr14_m2.0_r0.0025_tfnone_rfnone,55,14,2.0,0.0025,none,none,-0.03178543298999592,-0.036285871564914585,33,0.24242424242424243,0.33709618644764966,-0.36532005440134174,-0.01809404521290936,-0.02004573581369784,14,0.07142857142857142,0.095565433704897,-0.49068338310783094,-0.14084560164344193
lb30_atr10_m2.5_r0.0025_tfma100_rfnone,30,10,2.5,0.0025,ma100,none,-0.03194638787844817,-0.03514961994202337,34,0.14705882352941177,0.45032045459021675,-0.3573728918428996,-0.01859335331473555,-0.02349553522144321,13,0.23076923076923078,0.314122424962038,-0.5320064640813746,-0.1424994312073848
lb30_atr14_m3.0_r0.005_tfnone_rfnone,30,14,3.0,0.005,none,none,-0.04022129735491875,-0.058897078285221616,34,0.2647058823529412,0.6009499188766733,-0.22480221011572998,-0.032986518134112686,-0.045099677282564365,14,0.2857142857142857,0.3175114092511975,-0.48727807163332926,-0.14256510923381213
lb20_atr20_m3.0_r0.0025_tfnone_rfnone,20,20,3.0,0.0025,none,none,-0.04914090692252959,-0.05094753539330554,48,0.1875,0.38318616682496703,-0.40146694872892447,-0.02173501061770111,-0.028216950851615907,19,0.21052631578947367,0.32155750331692157,-0.43911179961879904,-0.14472692551685043
lb55_atr20_m2.0_r0.005_tfnone_rfadx20,55,20,2.0,0.005,none,adx20,-0.06804777630598624,-0.07602541346902991,29,0.20689655172413793,0.2317909460203834,-0.4576191888126532,-0.019733937945810465,-0.023715943526384287,11,0.18181818181818182,0.2799627243174168,-0.34134089884834495,-0.1459013654369732
lb10_atr10_m2.5_r0.0025_tfma100_rfnone,10,10,2.5,0.0025,ma100,none,-0.05961926970108955,-0.0631289337513884,54,0.14814814814814814,0.3392806824760586,-0.4293475945599211,-0.02013923505018711,-0.029334307014040162,18,0.2777777777777778,0.43001918282908685,-0.41348413751725155,-0.14718148683131868
lb55_atr10_m2.0_r0.0025_tfnone_rfnone,55,10,2.0,0.0025,none,none,-0.03708259738886799,-0.04079239678856428,34,0.17647058823529413,0.2801051705619961,-0.4151284968954804,-0.016642703391817615,-0.01857451278964717,13,0.07692307692307693,0.0717977270425708,-0.4871702035026804,-0.14752870614550656
lb30_atr14_m2.0_r0.0025_tfnone_rfadx20,30,14,2.0,0.0025,none,adx20,-0.047890922805933434,-0.054658133837459766,41,0.24390243902439024,0.29694033062489833,-0.4479009457000984,-0.01854272527859102,-0.020493524058057155,16,0.125,0.148661419163279,-0.4463663875603092,-0.15043896874029783
lb55_atr10_m2.0_r0.0025_tfma100_rfnone,55,10,2.0,0.0025,ma100,none,-0.03765743230742924,-0.03765743230742924,32,0.15625,0.25550849771275347,-0.4478900109927707,-0.016642703391817615,-0.01857451278964717,13,0.07692307692307693,0.0717977270425708,-0.4871702035026804,-0.15047338437993013
lb55_atr20_m1.5_r0.0025_tfnone_rfadx20,55,20,1.5,0.0025,none,adx20,-0.04734876311725733,-0.050980316793953206,35,0.2571428571428571,0.19704454868847054,-0.504967756622631,-0.017262044188875336,-0.019518368935140917,15,0.26666666666666666,0.2389856640315729,-0.4313443143614928,-0.15056202955931552
lb20_atr14_m2.5_r0.005_tfnone_rfadx20,20,14,2.5,0.005,none,adx20,-0.0912595279121321,-0.10930022545669127,46,0.2391304347826087,0.38539038393165254,-0.38705731489383605,-0.02622629731473647,-0.035497786050105895,17,0.29411764705882354,0.4155839275236181,-0.3013600763528899,-0.15071074886309116
lb20_atr14_m3.0_r0.005_tfma100_rfnone,20,14,3.0,0.005,ma100,none,-0.06847780003432291,-0.07639153588527126,36,0.19444444444444445,0.42850408557801595,-0.3727490398579551,-0.025302917038707462,-0.03845765853590055,13,0.3076923076923077,0.43273524352248705,-0.4043709921042615,-0.15081361768726245
lb55_atr14_m2.0_r0.0025_tfma100_rfnone,55,14,2.0,0.0025,ma100,none,-0.037272555878788194,-0.03775088389112802,32,0.1875,0.27213599588364695,-0.4416189914971311,-0.01809404521290936,-0.02004573581369784,14,0.07142857142857142,0.095565433704897,-0.49068338310783094,-0.1508781476658719
lb10_atr14_m2.5_r0.005_tfma100_rfadx20,10,14,2.5,0.005,ma100,adx20,-0.10074704006134194,-0.10992836714202292,48,0.1875,0.3435380526432994,-0.4175640503722302,-0.020942788738900098,-0.033226536050778854,14,0.2857142857142857,0.4936892162748716,-0.28901812497936236,-0.1511517830536865
lb55_atr20_m1.5_r0.0025_tfma100_rfadx20,55,20,1.5,0.0025,ma100,adx20,-0.04537614885181651,-0.04537614885181651,32,0.25,0.17075443378335503,-0.5286161955311928,-0.017262044188875336,-0.019518368935140917,15,0.26666666666666666,0.2389856640315729,-0.4313443143614928,-0.15123505423897088
lb30_atr20_m2.0_r0.0025_tfnone_rfadx20,30,20,2.0,0.0025,none,adx20,-0.05101806697195399,-0.057201708832124165,42,0.23809523809523808,0.2848928079106566,-0.4656479467987699,-0.017395080323545087,-0.01939842923070767,15,0.13333333333333333,0.22317450724180954,-0.44620692445759136,-0.15148679834678427
lb30_atr10_m3.0_r0.005_tfma100_rfnone,30,10,3.0,0.005,ma100,none,-0.04596496286246998,-0.0626518642010675,30,0.23333333333333334,0.5317316988441513,-0.2959325113175703,-0.029944364992844696,-0.041796872760360815,12,0.3333333333333333,0.31074130812903167,-0.49638506844208824,-0.1517061119557664
lb30_atr20_m3.0_r0.005_tfma100_rfnone,30,20,3.0,0.005,ma100,none,-0.06056146790051686,-0.06306367337874652,31,0.12903225806451613,0.41074588484642544,-0.3749326890802977,-0.02543783827700874,-0.03827814015230513,12,0.3333333333333333,0.3651779733053308,-0.43518657365459984,-0.15211532856326834
lb20_atr10_m3.0_r0.005_tfma100_rfnone,20,10,3.0,0.005,ma100,none,-0.07190122245193398,-0.08240068137677026,38,0.18421052631578946,0.44600990214045366,-0.3737055566943825,-0.025829484668074554,-0.04066798247316783,13,0.3076923076923077,0.43996229332874376,-0.39634147009008636,-0.152513893914595
lb30_atr20_m2.5_r0.005_tfma100_rfadx20,30,20,2.5,0.005,ma100,adx20,-0.07001065535887663,-0.07707949183655394,31,0.1935483870967742,0.3291517716763056,-0.4377205453192812,-0.021812758888610118,-0.024506573709192403,11,0.2727272727272727,0.24596483717905787,-0.38081939859117847,-0.15259594238064839
lb30_atr10_m3.0_r0.005_tfnone_rfnone,30,10,3.0,0.005,none,none,-0.04091409384310918,-0.06364131743318102,35,0.2571428571428571,0.6132302119096259,-0.22586093797825535,-0.03651335409840906,-0.04828559946489508,14,0.2857142857142857,0.2695823614637683,-0.52119743496699,-0.15271936926668087
lb55_atr20_m1.5_r0.0025_tfma100_rfnone,55,20,1.5,0.0025,ma100,none,-0.039038233642549214,-0.039038233642549214,36,0.3055555555555556,0.3336419658894017,-0.40125241636000797,-0.023182053644291822,-0.025424786299447666,17,0.23529411764705882,0.1895124038414517,-0.5118502769180115,-0.15347965570525143
lb30_atr20_m2.0_r0.0025_tfma100_rfadx20,30,20,2.0,0.0025,ma100,adx20,-0.057348784397025176,-0.057348784397025176,38,0.21052631578947367,0.17798785087954794,-0.5778208661633447,-0.013624973585916633,-0.01563600904040008,13,0.15384615384615385,0.2689136624968448,-0.40000097523604455,-0.15384167602922919
lb55_atr20_m1.5_r0.0025_tfnone_rfnone,55,20,1.5,0.0025,none,none,-0.04102394444013757,-0.04467960863874554,39,0.3076923076923077,0.3470103103989334,-0.3898266721475437,-0.023182053644291822,-0.025424786299447666,17,0.23529411764705882,0.1895124038414517,-0.5118502769180115,-0.154022897827693
lb55_atr14_m2.0_r0.005_tfnone_rfadx20,55,14,2.0,0.005,none,adx20,-0.06537543838915938,-0.07403675988660408,29,0.20689655172413793,0.2454247301214363,-0.4379290430337157,-0.023927470787406313,-0.027799965126159787,12,0.08333333333333333,0.1370658080974174,-0.38064945994018773,-0.15509677910667724
lb30_atr10_m2.0_r0.0025_tfnone_rfadx20,30,10,2.0,0.0025,none,adx20,-0.05244240959501134,-0.056093032764277795,42,0.21428571428571427,0.26325926908956837,-0.4806318864563836,-0.017309709646412874,-0.019240208707749784,15,0.13333333333333333,0.12463809798982298,-0.44555492933360796,-0.15523820431969887
lb30_atr14_m2.5_r0.0025_tfma100_rfnone,30,14,2.5,0.0025,ma100,none,-0.03365264354569686,-0.03600818831988328,35,0.17142857142857143,0.40962300262638796,-0.36611732823018994,-0.022614681343449683,-0.026359520377411738,15,0.26666666666666666,0.1791310706253593,-0.5637881082627945,-0.15533312240544578
lb55_atr14_m1.5_r0.0025_tfnone_rfadx20,55,14,1.5,0.0025,none,adx20,-0.051643170744562705,-0.05512809257558937,36,0.25,0.17346653062998615,-0.538822935568358,-0.01709496413592393,-0.019698141302420424,15,0.26666666666666666,0.23582524441029507,-0.42750361543637005,-0.15567746034204907
lb30_atr14_m2.5_r0.0025_tfnone_rfnone,30,14,2.5,0.0025,none,none,-0.03416652545239762,-0.04047934376682161,41,0.21951219512195122,0.46106638880920614,-0.31958217947174666,-0.02571946221897381,-0.029452405325717912,17,0.23529411764705882,0.16068947304544082,-0.5719607720413045,-0.15577779853966325
lb30_atr10_m2.0_r0.0025_tfma100_rfadx20,30,10,2.0,0.0025,ma100,adx20,-0.05375534519210512,-0.05375534519210512,37,0.21621621621621623,0.16855523826402427,-0.5576653232331473,-0.014270608295426701,-0.01620707768369467,13,0.15384615384615385,0.14757258287070898,-0.4203231580340241,-0.1562290620192655
lb20_atr14_m2.5_r0.0025_tfma100_rfnone,20,14,2.5,0.0025,ma100,none,-0.048273413539107746,-0.04865156681243388,43,0.18604651162790697,0.35411842871388916,-0.4350261697471594,-0.02116675717972427,-0.024917143916135864,16,0.25,0.25423210863699097,-0.4936024719054819,-0.156253851230983
lb55_atr14_m1.5_r0.0025_tfma100_rfadx20,55,14,1.5,0.0025,ma100,adx20,-0.04952317006781548,-0.04952317006781548,33,0.24242424242424243,0.1433858965498235,-0.5635960132582984,-0.01709496413592393,-0.019698141302420424,15,0.26666666666666666,0.23582524441029507,-0.42750361543637005,-0.15642226184213595
lb55_atr20_m2.0_r0.005_tfma100_rfadx20,55,20,2.0,0.005,ma100,adx20,-0.07708927618231098,-0.07708927618231098,28,0.14285714285714285,0.18375885446680737,-0.5379919946164594,-0.019733937945810465,-0.023715943526384287,11,0.18181818181818182,0.2799627243174168,-0.34134089884834495,-0.1576559386303243
lb10_atr20_m3.0_r0.005_tfma100_rfnone,10,20,3.0,0.005,ma100,none,-0.08949497997362965,-0.09359013147856576,46,0.17391304347826086,0.39342680591060103,-0.38498760430881007,-0.02646899710336237,-0.0483069245532568,15,0.26666666666666666,0.4686658430346449,-0.35091071165241544,-0.15793254880513014
lb30_atr14_m2.0_r0.0025_tfma100_rfadx20,30,14,2.0,0.0025,ma100,adx20,-0.05472603533277953,-0.05519569164038429,37,0.21621621621621623,0.17312968360898356,-0.5654216887895742,-0.015489935300542435,-0.017446801974267956,14,0.14285714285714285,0.17321062478755422,-0.42180437806340626,-0.15823188600115223
lb10_atr10_m2.5_r0.0025_tfnone_rfnone,10,10,2.5,0.0025,none,none,-0.08532958287877612,-0.08720003161942524,81,0.1728395061728395,0.3515590948951296,-0.42029679239292145,-0.02751248722020272,-0.03689940162056504,29,0.27586206896551724,0.4403099948207769,-0.3604542572169667,-0.1584043998513609
lb55_atr10_m2.0_r0.005_tfnone_rfadx20,55,10,2.0,0.005,none,adx20,-0.07303150648959089,-0.08014669454473466,30,0.16666666666666666,0.20626825264324428,-0.4754715450842257,-0.020999867024093066,-0.024838824840293316,11,0.09090909090909091,0.10886173579114333,-0.36590789741302426,-0.15886790950211105
lb20_atr14_m2.5_r0.0025_tfnone_rfnone,20,14,2.5,0.0025,none,none,-0.05313556907835082,-0.057713185365004915,53,0.20754716981132076,0.3887167299693051,-0.3934384968224762,-0.02800188408708071,-0.03172608212436201,22,0.22727272727272727,0.24919526816372026,-0.48381680572969754,-0.15974593564575934
lb20_atr14_m2.0_r0.0025_tfnone_rfadx20,20,14,2.0,0.0025,none,adx20,-0.07207555813163524,-0.07689590457223061,55,0.2,0.27396126105560253,-0.5112143126224817,-0.02082338991459498,-0.02276965551885024,21,0.14285714285714285,0.23084333435382082,-0.3808706203564631,-0.1598170925886855
lb30_atr20_m2.5_r0.005_tfnone_rfadx20,30,20,2.5,0.005,none,adx20,-0.06441688927550893,-0.08298753176073015,35,0.2,0.41031459826595407,-0.3506222562253501,-0.029666784966296156,-0.03233897070508296,13,0.23076923076923078,0.19265424518807256,-0.44351093871907893,-0.16001563263387422
lb20_atr20_m2.0_r0.0025_tfma100_rfadx20,20,20,2.0,0.0025,ma100,adx20,-0.0716915447239257,-0.0716915447239257,48,0.1875,0.2076353861548537,-0.5788561983348329,-0.014971592209158668,-0.01697988215841073,15,0.13333333333333333,0.25092548489462607,-0.3816583671745395,-0.16054333997342957
lb20_atr10_m2.0_r0.0025_tfnone_rfadx20,20,10,2.0,0.0025,none,adx20,-0.07544916650184208,-0.07950910531548305,56,0.17857142857142858,0.25251206388739017,-0.5253670192378562,-0.019374286813477637,-0.021300730004595647,20,0.15,0.22177208040932087,-0.3726002846292501,-0.16081867541537034
lb10_atr14_m3.0_r0.005_tfma100_rfnone,10,14,3.0,0.005,ma100,none,-0.0771110092220485,-0.08697553522292267,43,0.20930232558139536,0.4163953920761944,-0.352547980132211,-0.031177627271735342,-0.05009169068401309,15,0.26666666666666666,0.43678516116824573,-0.40651445361759336,-0.1610651483732754
lb55_atr20_m2.0_r0.005_tfnone_rfnone,55,20,2.0,0.005,none,none,-0.06345541907891039,-0.07147236744133667,33,0.24242424242424243,0.342482639560834,-0.37286745408209077,-0.030288543595780815,-0.03422767459339615,13,0.15384615384615385,0.2018522754030821,-0.4452400020156161,-0.16156417987323096
lb20_atr10_m2.0_r0.0025_tfma100_rfadx20,20,10,2.0,0.0025,ma100,adx20,-0.06432986095661897,-0.06483575172240508,46,0.1956521739130435,0.21649835979862905,-0.5429581068294775,-0.016279349437560486,-0.018211872645707006,15,0.13333333333333333,0.13177560485342088,-0.41597575016215504,-0.1619762084265595
lb20_atr20_m2.0_r0.0025_tfnone_rfadx20,20,20,2.0,0.0025,none,adx20,-0.0780380104553442,-0.0820010321597473,57,0.19298245614035087,0.2542425202151184,-0.5336213951622437,-0.01949520236197,-0.021494269510405006,20,0.15,0.2857973191198575,-0.37381027664056937,-0.1621015684247512
lb55_atr10_m2.0_r0.005_tfma100_rfadx20,55,10,2.0,0.005,ma100,adx20,-0.07413510853526817,-0.07413510853526817,28,0.14285714285714285,0.1772019158959306,-0.5172234932088965,-0.020999867024093066,-0.024838824840293316,11,0.09090909090909091,0.10886173579114333,-0.36590789741302426,-0.162481400378096
lb30_atr20_m3.0_r0.005_tfnone_rfnone,30,20,3.0,0.005,none,none,-0.05935429473265463,-0.06582667663932262,36,0.19444444444444445,0.4697292240235093,-0.3158820402264424,-0.03351714522312177,-0.046250998536996546,14,0.2857142857142857,0.30357359654723304,-0.48966123299784703,-0.16274264374858177
lb20_atr14_m2.0_r0.0025_tfma100_rfadx20,20,14,2.0,0.0025,ma100,adx20,-0.06608762743384222,-0.06706422436353932,46,0.1956521739130435,0.21893893566655018,-0.5571968038166017,-0.017143436935710743,-0.0190970170181044,16,0.125,0.1592079276684297,-0.4092794475615978,-0.1633817556441517
lb20_atr20_m3.0_r0.005_tfma100_rfnone,20,20,3.0,0.005,ma100,none,-0.08911602554539855,-0.0898327689495807,39,0.15384615384615385,0.34542589051758876,-0.4517417506598207,-0.023819521278170108,-0.03668114521952981,13,0.3076923076923077,0.42648774447259225,-0.3772140035904614,-0.164197829506976
lb10_atr14_m2.5_r0.0025_tfma100_rfnone,10,14,2.5,0.0025,ma100,none,-0.056299632168550384,-0.060109025715864406,54,0.16666666666666666,0.35042149483872276,-0.40648712217755467,-0.025619104904519796,-0.031761683169333255,19,0.21052631578947367,0.28463338886612244,-0.5098688617432872,-0.16529017984270547
lb55_atr10_m1.5_r0.0025_tfnone_rfadx20,55,10,1.5,0.0025,none,adx20,-0.054169458465442855,-0.057535927021409305,37,0.16216216216216217,0.1374065500636267,-0.5515723053181465,-0.01849477093339469,-0.021063983195600544,15,0.2,0.18712921761699552,-0.46537755649566864,-0.1668746868633543
lb10_atr20_m2.5_r0.005_tfma100_rfadx20,10,20,2.5,0.005,ma100,adx20,-0.10714978486983473,-0.11265769165688577,50,0.18,0.3331846541184682,-0.4293276550511741,-0.02615264179896548,-0.0343270984682873,16,0.3125,0.2988084288794378,-0.3172960973402642,-0.16710006101795305
lb10_atr20_m2.0_r0.0025_tfma100_rfadx20,10,20,2.0,0.0025,ma100,adx20,-0.08922673442150042,-0.09100062455119384,62,0.16129032258064516,0.17461912085481684,-0.5616306675372845,-0.017562946933325052,-0.020719635400837433,19,0.21052631578947367,0.28635350495508877,-0.3549417685408833,-0.16734217062619497
lb30_atr20_m2.5_r0.0025_tfma100_rfnone,30,20,2.5,0.0025,ma100,none,-0.03894132645577808,-0.03939454260486508,37,0.21621621621621623,0.3556441771308417,-0.40032781171854537,-0.02382663258590545,-0.02517262035579737,15,0.2,0.12991158113266707,-0.5954675297859755,-0.16821297950816946
lb55_atr14_m2.0_r0.005_tfma100_rfadx20,55,14,2.0,0.005,ma100,adx20,-0.07572837722611003,-0.07664848111265399,28,0.14285714285714285,0.1813581311990599,-0.5277210064514885,-0.023927470787406313,-0.027799965126159787,12,0.08333333333333333,0.1370658080974174,-0.38064945994018773,-0.1686507386426921
lb10_atr20_m2.5_r0.0025_tfma100_rfnone,10,20,2.5,0.0025,ma100,none,-0.05954515402840954,-0.06289026431598477,56,0.17857142857142858,0.3409060478902222,-0.41396406877673203,-0.027290910488583897,-0.031385439974147444,21,0.23809523809523808,0.1696204695978626,-0.4959294999691376,-0.1686934585819649
lb55_atr10_m1.5_r0.0025_tfma100_rfadx20,55,10,1.5,0.0025,ma100,adx20,-0.052673103957541656,-0.05280879689524731,34,0.14705882352941177,0.10452309420890345,-0.5841202449587476,-0.01849477093339469,-0.021063983195600544,15,0.2,0.18712921761699552,-0.46537755649566864,-0.16873275012216324
lb20_atr10_m2.5_r0.005_tfma100_rfnone,20,10,2.5,0.005,ma100,none,-0.09061540949776603,-0.09061540949776603,42,0.16666666666666666,0.3849349713380865,-0.42431671498272194,-0.02665210600118506,-0.0442737881389923,14,0.21428571428571427,0.48817111672436436,-0.4049018997205609,-0.16899605211087604
lb10_atr10_m3.0_r0.005_tfma100_rfnone,10,10,3.0,0.005,ma100,none,-0.0771364081075665,-0.08452845592831382,44,0.20454545454545456,0.4449279169975821,-0.345609052530604,-0.03580511945997833,-0.052830272485442364,16,0.25,0.4252704679309011,-0.4457376575824863,-0.16968269822802662
lb20_atr10_m3.0_r0.005_tfnone_rfnone,20,10,3.0,0.005,none,none,-0.07963801669913118,-0.09691582995481995,47,0.19148936170212766,0.4736158364492864,-0.3240375180687999,-0.03971294272253212,-0.05433996865629909,19,0.21052631578947367,0.37315989929157506,-0.422934579666338,-0.17020640176421095
lb30_atr20_m2.5_r0.0025_tfnone_rfnone,30,20,2.5,0.0025,none,none,-0.0390505815401293,-0.04266137834742301,43,0.20930232558139536,0.4105188820302158,-0.34701680979964783,-0.027749316822668013,-0.02908989583507471,17,0.17647058823529413,0.11337947837278418,-0.6181553979785114,-0.17066372677067496
lb55_atr14_m1.5_r0.0025_tfnone_rfnone,55,14,1.5,0.0025,none,none,-0.05139379255493226,-0.05487963077467517,40,0.3,0.22143490787200745,-0.4814997219327279,-0.02350465178336314,-0.026090853197452857,17,0.23529411764705882,0.18318619908547962,-0.5177210681898878,-0.17088523710550907
lb55_atr14_m1.5_r0.0025_tfma100_rfnone,55,14,1.5,0.0025,ma100,none,-0.04927323440665754,-0.04927323440665754,37,0.2972972972972973,0.19684836743099407,-0.49894680092897514,-0.02350465178336314,-0.026090853197452857,17,0.23529411764705882,0.18318619908547962,-0.5177210681898878,-0.17093086853406525
lb30_atr20_m1.5_r0.0025_tfma100_rfadx20,30,20,1.5,0.0025,ma100,adx20,-0.0660305107033411,-0.06645298053708781,43,0.2558139534883721,0.19197665902281252,-0.5813752201409085,-0.020111439400574582,-0.022361222056051733,17,0.29411764705882354,0.2575770802611133,-0.44520834091334877,-0.17207053567250266
lb55_atr20_m2.0_r0.005_tfma100_rfnone,55,20,2.0,0.005,ma100,none,-0.07254147252380239,-0.07254147252380239,32,0.1875,0.2908611465213753,-0.4405451674500911,-0.030288543595780815,-0.03422767459339615,13,0.15384615384615385,0.2018522754030821,-0.4452400020156161,-0.1722664042315919
lb30_atr10_m2.5_r0.005_tfnone_rfnone,30,10,2.5,0.005,none,none,-0.0583101676137503,-0.07062927308541933,39,0.23076923076923078,0.5293688508609288,-0.2833793104736124,-0.03936862111138251,-0.04890206385585261,15,0.2,0.3009366664256689,-0.5471372602746937,-0.1727738084036669
lb30_atr10_m2.5_r0.005_tfma100_rfnone,30,10,2.5,0.005,ma100,none,-0.06336073796732611,-0.0691547963110315,34,0.14705882352941177,0.44766907384004573,-0.3573728918428996,-0.03305690947486495,-0.042652990545365976,13,0.23076923076923078,0.3393830146271908,-0.5320064640813746,-0.17386776571073842
lb55_atr14_m2.0_r0.005_tfnone_rfnone,55,14,2.0,0.005,none,none,-0.06237744556766989,-0.07106654996398176,33,0.24242424242424243,0.3392249643263434,-0.36532005440134174,-0.03591274279316592,-0.039737686466777444,14,0.07142857142857142,0.09570005304650225,-0.4906833831078309,-0.17437651587331882
lb20_atr20_m2.5_r0.0025_tfma100_rfnone,20,20,2.5,0.0025,ma100,none,-0.052969800432373204,-0.05341640103224532,45,0.2,0.3274347873789863,-0.45601507139964553,-0.024771962828057825,-0.026116647137942595,17,0.17647058823529413,0.1255811444821829,-0.5481466665962151,-0.1748178686348512
lb10_atr10_m2.0_r0.0025_tfma100_rfadx20,10,10,2.0,0.0025,ma100,adx20,-0.08319679592227935,-0.08896649360006315,60,0.18333333333333332,0.2127736795527139,-0.5407451953706193,-0.020357713291053625,-0.023292695524438467,19,0.2631578947368421,0.1714698297964602,-0.4060171081973498,-0.17486190977613214
lb20_atr20_m2.5_r0.005_tfma100_rfadx20,20,20,2.5,0.005,ma100,adx20,-0.09634318067610725,-0.09749551923935262,40,0.2,0.3146164725283456,-0.4780629556534407,-0.02579821886469391,-0.028481058188255526,13,0.23076923076923078,0.2161963767098933,-0.3829258188600135,-0.17513455137932343
lb20_atr14_m3.0_r0.005_tfnone_rfnone,20,14,3.0,0.005,none,none,-0.0794548173827585,-0.09250144875117794,45,0.2222222222222222,0.4369653263779354,-0.3446534618716897,-0.04060474313699236,-0.05355296758363015,19,0.21052631578947367,0.35678821557713214,-0.44049006130506435,-0.17515255768961926
lb10_atr14_m2.0_r0.0025_tfma100_rfadx20,10,14,2.0,0.0025,ma100,adx20,-0.08416334720679597,-0.08985716197477311,60,0.18333333333333332,0.20975835833085327,-0.5478216319117746,-0.021112476668241786,-0.023744868652296414,20,0.25,0.195150850697111,-0.4009692223488974,-0.17532302400956495
lb20_atr20_m2.5_r0.0025_tfnone_rfnone,20,20,2.5,0.0025,none,none,-0.05648314585648928,-0.05871648323295797,55,0.18181818181818182,0.37066450929548866,-0.4029960086237374,-0.03231851746023395,-0.03365279627189588,23,0.17391304347826086,0.14172407783916374,-0.5376998068531773,-0.17614540742460794
lb10_atr14_m2.5_r0.005_tfnone_rfadx20,10,14,2.5,0.005,none,adx20,-0.1304028288365804,-0.13949783195390753,69,0.2318840579710145,0.350745512296357,-0.3714089282967377,-0.03507329300478623,-0.04747317168969267,24,0.20833333333333334,0.45834652851350516,-0.28589777455804205,-0.17618038964848204
lb20_atr20_m1.5_r0.0025_tfma100_rfadx20,20,20,1.5,0.0025,ma100,adx20,-0.0835761769136153,-0.08399071017687287,54,0.2222222222222222,0.18311431983565188,-0.5941294806753712,-0.020351619943816623,-0.0226008511549336,19,0.3684210526315789,0.2772714136943478,-0.4033044279329524,-0.1766313974781566
lb30_atr14_m1.5_r0.0025_tfnone_rfadx20,30,14,1.5,0.0025,none,adx20,-0.0719819386120426,-0.07539445950606682,51,0.2549019607843137,0.22852782088387305,-0.5367460207452907,-0.02310167857858836,-0.02568894724801518,19,0.21052631578947367,0.23173510034610745,-0.4612904384939074,-0.17733874270341918
lb10_atr14_m2.5_r0.0025_tfnone_rfnone,10,14,2.5,0.0025,none,none,-0.07652596120584687,-0.07840757603303827,79,0.21518987341772153,0.36170762626202946,-0.386734657003762,-0.03738501233873959,-0.04345341734375807,31,0.16129032258064516,0.28397658263081926,-0.46647870266354835,-0.17757998671654385
lb30_atr20_m1.5_r0.0025_tfnone_rfadx20,30,20,1.5,0.0025,none,adx20,-0.07081633460008185,-0.07477713153297649,51,0.27450980392156865,0.20533908031670448,-0.5269724461632223,-0.02353624158600176,-0.02577816104063657,19,0.2631578947368421,0.2284322309822513,-0.4697436442392835,-0.17781634610820624
lb30_atr14_m1.5_r0.0025_tfma100_rfadx20,30,14,1.5,0.0025,ma100,adx20,-0.07110119549303162,-0.07110354416827502,44,0.25,0.15878663637999316,-0.6140755181282559,-0.020472079745186167,-0.023066312781861442,17,0.23529411764705882,0.2544033879953997,-0.4521397027145479,-0.1797831031179953
lb55_atr10_m1.5_r0.0025_tfnone_rfnone,55,10,1.5,0.0025,none,none,-0.054820332090390056,-0.05818448400981757,41,0.1951219512195122,0.17330893786346438,-0.5028142018879302,-0.024909607903934483,-0.02746202853088786,17,0.17647058823529413,0.14585099498404414,-0.5515121057161295,-0.18260851056155447
lb55_atr10_m2.0_r0.005_tfnone_rfnone,55,10,2.0,0.005,none,none,-0.07252522440963927,-0.07964429856472388,34,0.17647058823529413,0.28203089130960074,-0.41512849689548037,-0.033050591063041646,-0.03684229431850994,13,0.07692307692307693,0.0720281528642235,-0.48717020350268037,-0.18266640259882144
lb10_atr20_m1.5_r0.0025_tfma100_rfadx20,10,20,1.5,0.0025,ma100,adx20,-0.1096156328854343,-0.11001838751484827,71,0.18309859154929578,0.15030131196826518,-0.5985063273963505,-0.021242096681020728,-0.023991515896532478,23,0.391304347826087,0.36465583440668325,-0.3504269431140542,-0.1832752857148014
lb55_atr10_m1.5_r0.0025_tfma100_rfnone,55,10,1.5,0.0025,ma100,none,-0.0533250072993785,-0.053460606859940696,38,0.18421052631578946,0.1446298829047738,-0.5280867186639773,-0.024909607903934483,-0.02746202853088786,17,0.17647058823529413,0.14585099498404414,-0.5515121057161295,-0.18378674689958688
lb20_atr10_m2.5_r0.005_tfnone_rfnone,20,10,2.5,0.005,none,none,-0.1005681627267242,-0.1071884899732829,51,0.21568627450980393,0.41546775182253476,-0.3838309597895903,-0.03910936571878776,-0.05650551917111135,20,0.2,0.43279384499663937,-0.4104996814002315,-0.18395316379066343
lb55_atr10_m2.0_r0.005_tfma100_rfnone,55,10,2.0,0.005,ma100,none,-0.07362942920928695,-0.07362942920928695,32,0.15625,0.2569783294033804,-0.44789001099277076,-0.033050591063041646,-0.03684229431850994,13,0.07692307692307693,0.0720281528642235,-0.48717020350268037,-0.18545089743242993
lb10_atr14_m3.0_r0.005_tfnone_rfnone,10,14,3.0,0.005,none,none,-0.10677836165122001,-0.11008061960503501,64,0.25,0.4275829853439666,-0.32880432141662763,-0.04756093863003219,-0.06973365971566947,25,0.24,0.4031190490299576,-0.37924889732463174,-0.18579869839735744
lb55_atr20_m1.5_r0.005_tfma100_rfadx20,55,20,1.5,0.005,ma100,adx20,-0.08136330513376333,-0.08136330513376333,32,0.25,0.18378786361254507,-0.5286161955311929,-0.03396520436595862,-0.038219339796009666,15,0.26666666666666666,0.23581963528789088,-0.4313443143614928,-0.1864413535138365
lb30_atr10_m1.5_r0.0025_tfnone_rfadx20,30,10,1.5,0.0025,none,adx20,-0.07187771203994453,-0.0757668666259308,51,0.19607843137254902,0.22485978533765424,-0.5391492543984261,-0.024979280380113433,-0.027531518630677154,19,0.15789473684210525,0.18322419978305157,-0.5007054095970459,-0.18645541997621115
lb20_atr20_m2.5_r0.005_tfnone_rfadx20,20,20,2.5,0.005,none,adx20,-0.10192678845495173,-0.11479744344333331,48,0.1875,0.35212591793891235,-0.4116621132363758,-0.03732294955581761,-0.039974051100522434,18,0.2222222222222222,0.2217871291321605,-0.40394075222294373,-0.18649820841660597
lb20_atr10_m1.5_r0.0025_tfnone_rfadx20,20,10,1.5,0.0025,none,adx20,-0.1026781196656924,-0.10643820985130603,67,0.16417910447761194,0.18654478439899402,-0.6010532289458308,-0.023859195254157473,-0.026414365467134826,24,0.20833333333333334,0.3114623060617767,-0.3756485968978323,-0.18669961496424997
lb55_atr14_m2.0_r0.005_tfma100_rfnone,55,14,2.0,0.005,ma100,none,-0.07276359350011163,-0.07368664880154463,32,0.1875,0.27367593344758245,-0.44161899149713113,-0.03591274279316592,-0.039737686466777444,14,0.07142857142857142,0.09570005304650225,-0.4906833831078309,-0.18678151810028495
lb55_atr20_m1.5_r0.005_tfnone_rfadx20,55,20,1.5,0.005,none,adx20,-0.08553081513675242,-0.0914371854583611,35,0.2571428571428571,0.2056002389437149,-0.504967756622631,-0.03396520436595862,-0.038219339796009666,15,0.26666666666666666,0.23581963528789088,-0.4313443143614928,-0.18742880791514882
lb10_atr10_m2.0_r0.0025_tfnone_rfadx20,10,10,2.0,0.0025,none,adx20,-0.12028449174082279,-0.1262952546540046,89,0.1797752808988764,0.2186555852825772,-0.5410052416277948,-0.02623042986806412,-0.029645656747829485,30,0.23333333333333334,0.29309456428902647,-0.3381304137830735,-0.18821688734988024
lb30_atr10_m1.5_r0.0025_tfma100_rfadx20,30,10,1.5,0.0025,ma100,adx20,-0.07055459692929222,-0.07127628890644055,44,0.20454545454545456,0.16027299387034186,-0.6100482688761354,-0.02230822600505422,-0.024867456073338623,17,0.17647058823529413,0.2011713173817705,-0.49570535729024146,-0.18878894890867404
lb30_atr14_m2.5_r0.005_tfma100_rfnone,30,14,2.5,0.005,ma100,none,-0.06575376149092094,-0.07082354887669295,35,0.17142857142857143,0.4117073445670288,-0.36611732823019,-0.03968441794145783,-0.04702212781389492,15,0.26666666666666666,0.1985547449640729,-0.5637881082627945,-0.18901276178115842
lb20_atr20_m1.5_r0.0025_tfnone_rfadx20,20,20,1.5,0.0025,none,adx20,-0.10002872000259122,-0.10386499437787611,67,0.22388059701492538,0.17519427558939818,-0.5834428867653938,-0.02598096060695987,-0.028217267090209885,25,0.32,0.26156857904406233,-0.39289091380521735,-0.18913593989162308
lb55_atr20_m1.5_r0.005_tfma100_rfnone,55,20,1.5,0.005,ma100,none,-0.06870693939817207,-0.06870693939817207,36,0.3055555555555556,0.35386776782029494,-0.40125241636000797,-0.04558679734932802,-0.04978975467411029,17,0.23529411764705882,0.18691976847100633,-0.5118502769180115,-0.18947987838570046
lb10_atr20_m2.5_r0.0025_tfnone_rfnone,10,20,2.5,0.0025,none,none,-0.07610264737455419,-0.07795162404292078,79,0.189873417721519,0.34886123319772216,-0.38173420866763536,-0.043175517854617484,-0.047203182545836886,33,0.24242424242424243,0.18995527725590688,-0.50940722694942,-0.18999202774914808
lb10_atr10_m3.0_r0.005_tfnone_rfnone,10,10,3.0,0.005,none,none,-0.10438110941531564,-0.11009579977480743,65,0.24615384615384617,0.46297572059882736,-0.30260454619984806,-0.05441105419260672,-0.07110767520405792,27,0.2222222222222222,0.38998195258589197,-0.40589708890481935,-0.1907692681621611
lb20_atr20_m3.0_r0.005_tfnone_rfnone,20,20,3.0,0.005,none,none,-0.09808659560871724,-0.09945222268972742,48,0.1875,0.37155336892422053,-0.40146694872892447,-0.041306786051604205,-0.0539380072875405,19,0.21052631578947367,0.3319134637929728,-0.43911179961879904,-0.19091529595779588
lb30_atr20_m2.0_r0.0025_tfnone_rfnone,30,20,2.0,0.0025,none,none,-0.05876461519035692,-0.05971038036812604,52,0.25,0.31191308832847353,-0.4332186712984161,-0.030905399821104296,-0.032881203696424666,19,0.10526315789473684,0.1382919283555771,-0.609635127034338,-0.19135117480118463
lb55_atr20_m1.5_r0.005_tfnone_rfnone,55,20,1.5,0.005,none,none,-0.07293186658370698,-0.07891961094945932,39,0.3076923076923077,0.3618631323965922,-0.3898266721475437,-0.04558679734932802,-0.04978975467411029,17,0.23529411764705882,0.18691976847100633,-0.5118502769180115,-0.19172716568972964
lb30_atr14_m2.5_r0.005_tfnone_rfnone,30,14,2.5,0.005,none,none,-0.06797455304873401,-0.07944315802366053,41,0.21951219512195122,0.45390537064426173,-0.3195821794717466,-0.0457811328973059,-0.0530722581611448,17,0.23529411764705882,0.17614719963860823,-0.5719607720413045,-0.19339519058643087
lb10_atr20_m3.0_r0.005_tfnone_rfnone,10,20,3.0,0.005,none,none,-0.12046199305974559,-0.12489510087251854,67,0.19402985074626866,0.4079410086819059,-0.364607873860541,-0.04457621757180863,-0.0675485883861151,24,0.25,0.3999060873377213,-0.3685552979335078,-0.19348463922666956
lb55_atr14_m1.5_r0.005_tfma100_rfadx20,55,14,1.5,0.005,ma100,adx20,-0.08988486535225582,-0.08988486535225582,33,0.24242424242424243,0.15278554572459438,-0.5635960132582984,-0.033680457789021734,-0.03793584715993181,15,0.26666666666666666,0.23622952943981287,-0.42750361543637005,-0.1939929072177018
lb30_atr14_m2.0_r0.005_tfnone_rfadx20,30,14,2.0,0.005,none,adx20,-0.09452612853830622,-0.10609872100237294,41,0.24390243902439024,0.2784939102542101,-0.44790094570009853,-0.036795568632926656,-0.04061700976142579,16,0.125,0.14850979209370313,-0.4463663875603092,-0.19409430779246284
lb55_atr14_m1.5_r0.005_tfnone_rfadx20,55,14,1.5,0.005,none,adx20,-0.09339996436872366,-0.09925550945723605,36,0.25,0.18122177089559194,-0.538822935568358,-0.033680457789021734,-0.03793584715993181,15,0.26666666666666666,0.23622952943981287,-0.42750361543637005,-0.1944203672876443
lb10_atr10_m2.5_r0.005_tfma100_rfnone,10,10,2.5,0.005,ma100,none,-0.11638139671025372,-0.12203294165334777,54,0.14814814814814814,0.3366806601601879,-0.4293475945599211,-0.03446638370774724,-0.05557902985726182,18,0.2777777777777778,0.4685674009929764,-0.4134841375172515,-0.19495017477273338
lb30_atr20_m2.0_r0.0025_tfma100_rfnone,30,20,2.0,0.0025,ma100,none,-0.06186976735744332,-0.06186976735744332,46,0.2391304347826087,0.23308189075242466,-0.5146288335554766,-0.027187130139799565,-0.029170514876311837,17,0.11764705882352941,0.15465687769856631,-0.59352801322689,-0.19505557430307371
lb30_atr20_m2.0_r0.005_tfnone_rfadx20,30,20,2.0,0.005,none,adx20,-0.10005592078271364,-0.11051140595417741,42,0.23809523809523808,0.2669938156849182,-0.4656479467987699,-0.03455378808790366,-0.038475592945170334,15,0.13333333333333333,0.222743859582658,-0.4462069244575913,-0.19561087904259475
lb20_atr10_m1.5_r0.0025_tfma100_rfadx20,20,10,1.5,0.0025,ma100,adx20,-0.08966996876357125,-0.09037681811473297,55,0.18181818181818182,0.15355877951384952,-0.6291369567877281,-0.022954932740681278,-0.025512469973485885,19,0.21052631578947367,0.20659996428527258,-0.45662088114664784,-0.19587200609694894
lb30_atr20_m2.0_r0.005_tfma100_rfadx20,30,20,2.0,0.005,ma100,adx20,-0.10945899726841524,-0.10945899726841524,38,0.21052631578947367,0.1770236946285134,-0.5778208661633447,-0.027123342451262467,-0.03107533102817084,13,0.15384615384615385,0.26855687365696723,-0.40000097523604455,-0.1960421092391234
lb20_atr14_m2.5_r0.005_tfma100_rfnone,20,14,2.5,0.005,ma100,none,-0.09388576702635365,-0.09460686802983398,43,0.18604651162790697,0.3558877599821662,-0.4350261697471594,-0.036845186436939015,-0.04420459069550309,16,0.25,0.2809586410378276,-0.4936024719054819,-0.19631127936465004
lb20_atr20_m2.0_r0.0025_tfma100_rfnone,20,20,2.0,0.0025,ma100,none,-0.07697681497560072,-0.07697681497560072,55,0.2,0.2331369991111328,-0.5423036473131333,-0.027227203074357997,-0.02921050610960052,19,0.10526315789473684,0.15455667318417252,-0.5328019834853789,-0.19655611195351244
lb30_atr10_m2.0_r0.005_tfma100_rfadx20,30,10,2.0,0.005,ma100,adx20,-0.10310342813530549,-0.10310342813530549,37,0.21621621621621623,0.17145354733309995,-0.5576653232331473,-0.02837618972413758,-0.03218622273151461,13,0.15384615384615385,0.14767142958773077,-0.4203231580340241,-0.19722471869777075
lb20_atr20_m2.0_r0.0025_tfnone_rfnone,20,20,2.0,0.0025,none,none,-0.08511922207051925,-0.0860385058071278,66,0.19696969696969696,0.2676142729877718,-0.5031503289477399,-0.03333683974157997,-0.035307686362555324,25,0.12,0.18813014724004776,-0.5037125619180446,-0.19726475841392188
lb10_atr14_m2.0_r0.0025_tfnone_rfadx20,10,14,2.0,0.0025,none,adx20,-0.11465300153570546,-0.12128047263726416,87,0.19540229885057472,0.22831881305779445,-0.5268074184037553,-0.03272382292249432,-0.03586441824491937,32,0.21875,0.2582641915109472,-0.39308278846382483,-0.19843407117546516
lb10_atr20_m2.5_r0.005_tfnone_rfadx20,10,20,2.5,0.005,none,adx20,-0.13254078133923708,-0.14000976833863443,70,0.18571428571428572,0.3434276997627824,-0.3825695978651404,-0.04480012051141724,-0.05281805059015654,25,0.32,0.3107355804540822,-0.35084165839689274,-0.19843875324111673
lb30_atr10_m2.0_r0.005_tfnone_rfadx20,30,10,2.0,0.005,none,adx20,-0.10264851484105852,-0.1095363698363121,42,0.21428571428571427,0.25206302315840934,-0.4806318864563836,-0.03436259808064679,-0.03814915655683926,15,0.13333333333333333,0.12464362595093535,-0.445554929333608,-0.1997258867371323
lb30_atr14_m2.0_r0.005_tfma100_rfadx20,30,14,2.0,0.005,ma100,adx20,-0.10435640470380592,-0.10524800965270309,37,0.21621621621621623,0.17554655180823134,-0.5654216887895741,-0.030788601131300664,-0.034633874451514,14,0.14285714285714285,0.1731177308989458,-0.42180437806340626,-0.2004322161055755
lb10_atr20_m2.0_r0.0025_tfnone_rfadx20,10,20,2.0,0.0025,none,adx20,-0.12003983080170755,-0.12361779612226276,90,0.17777777777777778,0.19746602526709434,-0.5329791357108318,-0.03195562867912349,-0.035066071728324766,31,0.16129032258064516,0.27355551267146466,-0.3986352826851551,-0.202023371789405
lb30_atr10_m2.0_r0.0025_tfnone_rfnone,30,10,2.0,0.0025,none,none,-0.06376832315994374,-0.06431949141795823,52,0.19230769230769232,0.2683711665773691,-0.47269859586806945,-0.03152990085552598,-0.0334324642935534,19,0.10526315789473684,0.07199016012471961,-0.6240605485982286,-0.2022836213215258
lb30_atr10_m2.0_r0.0025_tfma100_rfnone,30,10,2.0,0.0025,ma100,none,-0.06168896456058692,-0.06168896456058692,45,0.2,0.20239028404197676,-0.5263603957566951,-0.028534777350600837,-0.03044322472090233,17,0.11764705882352941,0.07912326131053148,-0.6257663257532079,-0.20408141604662233
lb30_atr14_m2.0_r0.0025_tfnone_rfnone,30,14,2.0,0.0025,none,none,-0.057418677987975286,-0.0586594968980203,51,0.2549019607843137,0.30874100851858016,-0.4319647962028656,-0.036973291748879866,-0.03888745691473783,21,0.09523809523809523,0.07968058948907047,-0.6563761380798935,-0.20415927394127895
lb30_atr20_m2.5_r0.005_tfma100_rfnone,30,20,2.5,0.005,ma100,none,-0.07651803016230652,-0.07739051669756847,37,0.21621621621621623,0.3554248986515864,-0.40032781171854537,-0.04260457274564988,-0.04524112930936586,15,0.2,0.14186834540749582,-0.5954675297859755,-0.205756757485546
lb10_atr10_m1.5_r0.0025_tfma100_rfadx20,10,10,1.5,0.0025,ma100,adx20,-0.12125412931617574,-0.12193645432712286,74,0.14864864864864866,0.13086125720933267,-0.6382326362724504,-0.02442346053633726,-0.027928255581475048,23,0.2608695652173913,0.31283083262175915,-0.4034151479202011,-0.20625578431829508
lb20_atr14_m1.5_r0.0025_tfma100_rfadx20,20,14,1.5,0.0025,ma100,adx20,-0.09572150691497161,-0.09572379333896042,55,0.2,0.12197344204991108,-0.6709958857178865,-0.024798678116495942,-0.02738145236348366,20,0.25,0.23189673260329996,-0.4686101443015092,-0.20629304077979208
lb20_atr10_m2.0_r0.0025_tfma100_rfnone,20,10,2.0,0.0025,ma100,none,-0.0764362715321737,-0.07693561669918358,54,0.16666666666666666,0.21567404107592258,-0.5506763439864051,-0.029360396205116435,-0.031267221643829446,19,0.10526315789473684,0.07707768667972835,-0.5772588089311119,-0.2076661482961378
lb20_atr14_m1.5_r0.0025_tfnone_rfadx20,20,14,1.5,0.0025,none,adx20,-0.108376770510201,-0.11165545982329528,67,0.19402985074626866,0.16291641319469183,-0.6332158039724867,-0.029536914024045124,-0.032107139278939156,26,0.23076923076923078,0.23376221768480063,-0.4316851018577147,-0.20828069634667412
lb20_atr10_m2.0_r0.0025_tfnone_rfnone,20,10,2.0,0.0025,none,none,-0.09020530697148965,-0.09123252257916936,66,0.15151515151515152,0.24059828834417907,-0.5348612250453946,-0.034584301254255934,-0.036480864310310945,25,0.12,0.13632043836188776,-0.5223226268186277,-0.208364585182604
lb55_atr10_m1.5_r0.005_tfnone_rfadx20,55,10,1.5,0.005,none,adx20,-0.09898581756485203,-0.10506219325495136,37,0.16216216216216217,0.1441343591350102,-0.5515723053181465,-0.03656121416842417,-0.04080391752860846,15,0.2,0.18678160108646022,-0.46537755649566864,-0.20870078896372848
lb20_atr14_m2.0_r0.0025_tfnone_rfnone,20,14,2.0,0.0025,none,none,-0.0814390295776356,-0.08315197442649391,64,0.203125,0.27546720387993556,-0.496709389738948,-0.03998903561900524,-0.041897206525497444,27,0.1111111111111111,0.1334278077808833,-0.5554462226968763,-0.20940391791466118
lb55_atr10_m1.5_r0.005_tfma100_rfadx20,55,10,1.5,0.005,ma100,adx20,-0.09720942500314267,-0.09746851340009943,34,0.14705882352941177,0.10964458853107671,-0.5841202449587476,-0.03656121416842417,-0.04080391752860846,15,0.2,0.18678160108646022,-0.46537755649566864,-0.2100483844411739
lb20_atr14_m2.5_r0.005_tfnone_rfnone,20,14,2.5,0.005,none,none,-0.10624849010598525,-0.11229059878854586,53,0.20754716981132076,0.3721561596537394,-0.3934384968224762,-0.05047185613970351,-0.057727139887599366,22,0.22727272727272727,0.26759147094496655,-0.48381680572969743,-0.21022150766895392
lb20_atr10_m2.0_r0.005_tfma100_rfadx20,20,10,2.0,0.005,ma100,adx20,-0.12336877620199038,-0.12389737231282671,46,0.1956521739130435,0.2170703555501225,-0.5429581068294775,-0.03233640224705969,-0.0361309060544841,15,0.13333333333333333,0.1319990335027827,-0.4159757501621551,-0.21029231208708904
lb20_atr20_m2.0_r0.005_tfma100_rfadx20,20,20,2.0,0.005,ma100,adx20,-0.1350479315619234,-0.1350479315619234,48,0.1875,0.20946382970529825,-0.5788561983348329,-0.02978197456060261,-0.03372316332682079,15,0.13333333333333333,0.2508569631303876,-0.38165836717453944,-0.210404709122052
lb30_atr14_m2.0_r0.0025_tfma100_rfnone,30,14,2.0,0.0025,ma100,none,-0.06053159713270628,-0.06099836896573496,45,0.24444444444444444,0.21880254650424952,-0.5142620390787466,-0.03397782943048533,-0.03589794854297468,19,0.10526315789473684,0.08627366523974404,-0.6603841048210791,-0.2121308454152071
lb10_atr14_m1.5_r0.0025_tfma100_rfadx20,10,14,1.5,0.0025,ma100,adx20,-0.12191157862111401,-0.12191379882478626,73,0.1643835616438356,0.10759814259014155,-0.650824637247584,-0.026743181823621343,-0.030127324092316554,24,0.2916666666666667,0.3121526771928482,-0.4192641548412941,-0.21233081970038226
lb30_atr20_m2.5_r0.005_tfnone_rfnone,30,20,2.5,0.005,none,none,-0.07787764939862618,-0.0836373543070057,43,0.20930232558139536,0.40188441357408267,-0.34701680979964783,-0.050291657933726364,-0.05290704515159894,17,0.17647058823529413,0.12230502628726553,-0.6181553979785114,-0.21237990410917554
lb20_atr14_m2.0_r0.0025_tfma100_rfnone,20,14,2.0,0.0025,ma100,none,-0.07281900085638948,-0.07378855875457768,53,0.20754716981132076,0.23537172522629243,-0.5326898498552715,-0.034401582518870155,-0.03632085935627638,21,0.09523809523809523,0.08532742362350794,-0.6060587983729061,-0.21242287115142558
lb55_atr14_m1.5_r0.005_tfma100_rfnone,55,14,1.5,0.005,ma100,none,-0.08866022145272945,-0.08866022145272945,37,0.2972972972972973,0.20909477475242005,-0.49894680092897503,-0.04603451069860531,-0.050235496424403614,17,0.23529411764705882,0.18429494873474372,-0.5177210681898878,-0.2126880126386024
lb20_atr14_m2.0_r0.005_tfma100_rfadx20,20,14,2.0,0.005,ma100,adx20,-0.12634923475308457,-0.12721894604225437,46,0.1956521739130435,0.21609057143991484,-0.5571968038166017,-0.03404568349930304,-0.03787803459022154,16,0.125,0.15928175373106904,-0.4092794475615978,-0.21312890836771525
lb30_atr20_m1.5_r0.0025_tfma100_rfnone,30,20,1.5,0.0025,ma100,none,-0.06574046060816885,-0.0661630616425779,51,0.29411764705882354,0.2900763639180548,-0.4863496947727606,-0.03821232072506142,-0.04042054452324595,22,0.22727272727272727,0.15308684597406566,-0.6577283420590647,-0.21377761243804533
lb55_atr14_m1.5_r0.005_tfnone_rfnone,55,14,1.5,0.005,none,none,-0.09218005035929866,-0.09804347462408003,40,0.3,0.23218009800253464,-0.4814997219327279,-0.04603451069860531,-0.050235496424403614,17,0.23529411764705882,0.18429494873474372,-0.5177210681898878,-0.2138165757842498
lb20_atr14_m2.0_r0.005_tfnone_rfadx20,20,14,2.0,0.005,none,adx20,-0.1367395805309346,-0.14473955863567622,55,0.2,0.2634814329670223,-0.5112143126224816,-0.04129261355589331,-0.04509621299693167,21,0.14285714285714285,0.23014068426704998,-0.380870620356463,-0.21560073205588998
lb10_atr14_m2.5_r0.005_tfma100_rfnone,10,14,2.5,0.005,ma100,none,-0.10994506359938416,-0.11619623100847554,54,0.16666666666666666,0.34851763772715944,-0.4064871221775547,-0.04721816998098938,-0.059172253060800095,19,0.21052631578947367,0.30114239829221945,-0.5098688617432872,-0.21598713150724838
lb20_atr10_m2.0_r0.005_tfnone_rfadx20,20,10,2.0,0.005,none,adx20,-0.142374984540936,-0.14947107490254385,56,0.17857142857142858,0.24877805772800596,-0.5253670192378562,-0.03843934798267368,-0.04220992028034187,20,0.15,0.22124354039808755,-0.3726002846292501,-0.21670165598479554
lb20_atr20_m2.0_r0.005_tfnone_rfadx20,20,20,2.0,0.005,none,adx20,-0.1455456144696129,-0.1528598596496008,57,0.19298245614035087,0.2500997988652949,-0.5336213951622437,-0.038705366306414635,-0.04261030675484967,20,0.15,0.2848819619402083,-0.37381027664056937,-0.2185173339719281
lb30_atr20_m1.5_r0.0025_tfnone_rfnone,30,20,1.5,0.0025,none,none,-0.07314626192720275,-0.07379664415589016,61,0.3114754098360656,0.29138191504781763,-0.45383809531571057,-0.04157385863696639,-0.04377436448640237,24,0.20833333333333334,0.14231037567520274,-0.6594421237632867,-0.21852992108385222
lb30_atr20_m1.5_r0.005_tfma100_rfadx20,30,20,1.5,0.005,ma100,adx20,-0.11854644579959583,-0.11854644579959583,43,0.2558139534883721,0.18083434586593555,-0.5813752201409085,-0.039573525457649694,-0.043802963477662216,17,0.29411764705882354,0.25514074216087096,-0.44520834091334877,-0.21943929458468042
lb20_atr20_m1.5_r0.0025_tfma100_rfnone,20,20,1.5,0.0025,ma100,none,-0.08899624781324533,-0.08940832937280352,62,0.24193548387096775,0.23039554647263483,-0.5510375126302971,-0.03676451197489505,-0.038976059880682756,24,0.2916666666666667,0.1737046096299711,-0.5803923710834225,-0.21964288431378273
lb20_atr20_m2.5_r0.005_tfma100_rfnone,20,20,2.5,0.005,ma100,none,-0.10343328758997039,-0.10428034515047613,45,0.2,0.32683028278284226,-0.45601507139964553,-0.044456765839424706,-0.0470882216770252,17,0.17647058823529413,0.13677586199703293,-0.5481466665962151,-0.2207146913754554
lb10_atr20_m2.0_r0.0025_tfma100_rfnone,10,20,2.0,0.0025,ma100,none,-0.09132928879162105,-0.09309908382917109,69,0.18840579710144928,0.2086265283545217,-0.516412557551363,-0.0403588525902564,-0.043442295069876624,26,0.15384615384615385,0.1473340079624376,-0.5782756924016984,-0.2217167244331526
lb10_atr20_m2.5_r0.005_tfma100_rfnone,10,20,2.5,0.005,ma100,none,-0.11550925555119296,-0.12096559357058101,56,0.17857142857142858,0.3396913804948599,-0.41396406877673203,-0.0514530442015646,-0.059415129762195984,21,0.23809523809523808,0.17729349097162284,-0.4959294999691376,-0.22244787334075591
lb10_atr10_m2.0_r0.0025_tfma100_rfnone,10,10,2.0,0.0025,ma100,none,-0.0935512799145809,-0.09925581394330751,69,0.15942028985507245,0.21465578773487365,-0.5315654788600244,-0.0387655156184632,-0.0416453485657059,25,0.2,0.09758053109266127,-0.5804340865871506,-0.2248185264740038
lb10_atr20_m1.5_r0.0025_tfnone_rfadx20,10,20,1.5,0.0025,none,adx20,-0.15520028591302815,-0.1591930065441417,106,0.19811320754716982,0.15661966311581135,-0.5869193899385878,-0.03604769118675866,-0.039490672114738445,37,0.32432432432432434,0.2976626115785946,-0.3722108315838861,-0.22661173384310107
lb10_atr20_m2.0_r0.005_tfma100_rfadx20,10,20,2.0,0.005,ma100,adx20,-0.1654730092707679,-0.16871746449164582,62,0.16129032258064516,0.17751215158853967,-0.5616306675372845,-0.03489318953468423,-0.04107206103906014,19,0.21052631578947367,0.28655208264178667,-0.3549417685408833,-0.22732236690911936
lb30_atr14_m1.5_r0.0025_tfnone_rfnone,30,14,1.5,0.0025,none,none,-0.08104466149897649,-0.08110137112453086,61,0.29508196721311475,0.24439978099092113,-0.506025561555654,-0.0415127890044108,-0.04405129672489383,24,0.16666666666666666,0.14232108651004466,-0.6606571952499402,-0.22840223270975654
lb10_atr10_m2.5_r0.005_tfnone_rfnone,10,10,2.5,0.005,none,none,-0.1692092000534,-0.17172818896144593,81,0.1728395061728395,0.32782667904292007,-0.42029679239292145,-0.05029782760142121,-0.07012063143462988,29,0.27586206896551724,0.4612421686073111,-0.36045425721696667,-0.22899463954676239
lb55_atr10_m1.5_r0.005_tfnone_rfnone,55,10,1.5,0.005,none,none,-0.09967581892808419,-0.10574754129796804,41,0.1951219512195122,0.18231160555996814,-0.5028142018879302,-0.048852325704821564,-0.053040902595340333,17,0.17647058823529413,0.14643510145545222,-0.5515121057161295,-0.22916539161909777
lb30_atr14_m1.5_r0.005_tfma100_rfadx20,30,14,1.5,0.005,ma100,adx20,-0.1272648727888286,-0.1272648727888286,44,0.25,0.15440697178856125,-0.6140755181282559,-0.04032773387535471,-0.044553850581511956,17,0.23529411764705882,0.2547623680059844,-0.45213970271454784,-0.22946569987548687
lb55_atr10_m1.5_r0.005_tfma100_rfnone,55,10,1.5,0.005,ma100,none,-0.09790078673707103,-0.09815967672278103,38,0.18421052631578946,0.15190792705188041,-0.5280867186639773,-0.048852325704821564,-0.053040902595340333,17,0.17647058823529413,0.14643510145545222,-0.5515121057161295,-0.22983490993485467
lb30_atr20_m1.5_r0.005_tfnone_rfadx20,30,20,1.5,0.005,none,adx20,-0.12745060490984061,-0.13308622384222568,51,0.27450980392156865,0.19302463938084666,-0.5269724461632221,-0.04628205237052463,-0.050481947995012155,19,0.2631578947368421,0.22606229420029011,-0.4697436442392835,-0.23057373660759253
lb30_atr14_m1.5_r0.0025_tfma100_rfnone,30,14,1.5,0.0025,ma100,none,-0.07704389070369755,-0.07704622435312602,52,0.28846153846153844,0.19117097670558617,-0.5634298505265092,-0.03893274889522347,-0.04147808972903466,22,0.18181818181818182,0.1506444869230747,-0.6717104227618927,-0.23116173031749196
lb20_atr20_m1.5_r0.0025_tfnone_rfnone,20,20,1.5,0.0025,none,none,-0.10968675345572887,-0.11031149486824232,78,0.24358974358974358,0.21301222210367324,-0.5497712263328663,-0.04410862594438569,-0.046303312075383074,31,0.25806451612903225,0.17097233895242703,-0.5403773445450109,-0.23144696559667283
lb30_atr14_m1.5_r0.005_tfnone_rfadx20,30,14,1.5,0.005,none,adx20,-0.13247611448205,-0.1380792746710684,51,0.2549019607843137,0.19908060223939258,-0.5367460207452907,-0.045478017486658695,-0.049681453846223134,19,0.21052631578947367,0.23175545168173697,-0.4612904384939073,-0.23219083302771773
lb10_atr10_m1.5_r0.0025_tfnone_rfadx20,10,10,1.5,0.0025,none,adx20,-0.1633667249596803,-0.16707222892105855,108,0.1574074074074074,0.16385374801327784,-0.6110852353875665,-0.0351792615794867,-0.0398282180294095,36,0.2777777777777778,0.3340369968637072,-0.373280687813441,-0.23250295291028297
lb20_atr20_m1.5_r0.005_tfma100_rfadx20,20,20,1.5,0.005,ma100,adx20,-0.1503218054949923,-0.1503218054949923,54,0.2222222222222222,0.16967353527935602,-0.5941294806753712,-0.040049719309381615,-0.044277060310585425,19,0.3684210526315789,0.27525614552804756,-0.40330442793295246,-0.23260347868292716
lb20_atr20_m2.5_r0.005_tfnone_rfnone,20,20,2.5,0.005,none,none,-0.11368803198413957,-0.11504730449294676,55,0.18181818181818182,0.3491925529990895,-0.4029960086237374,-0.059998776212775384,-0.06258743114669829,23,0.17391304347826086,0.1487082061144386,-0.5376998068531773,-0.23261033357953972
lb10_atr10_m2.0_r0.005_tfma100_rfadx20,10,10,2.0,0.005,ma100,adx20,-0.15710910936792088,-0.16396037180898182,60,0.18333333333333332,0.20792437831648133,-0.5407451953706193,-0.03783148917039003,-0.04351750692392653,19,0.2631578947368421,0.18051759044223067,-0.4060171081973498,-0.23336510780380926
lb10_atr14_m2.0_r0.005_tfma100_rfadx20,10,14,2.0,0.005,ma100,adx20,-0.15937776530124825,-0.1663967691381455,60,0.18333333333333332,0.20319412771482687,-0.5478216319117746,-0.04047710192731935,-0.04562074665174365,20,0.25,0.20098096538721816,-0.4009692223488974,-0.23617856651230076
lb20_atr10_m1.5_r0.0025_tfnone_rfnone,20,10,1.5,0.0025,none,none,-0.11811664031065594,-0.11880140150627383,78,0.1794871794871795,0.18465215832846207,-0.5966720076485128,-0.0426781132274654,-0.04518402257724341,30,0.16666666666666666,0.19946521980527382,-0.5391073138288204,-0.23899081221363927
lb10_atr14_m2.0_r0.0025_tfma100_rfnone,10,14,2.0,0.0025,ma100,none,-0.08917856490578613,-0.09484119974608518,68,0.19117647058823528,0.23024704236924387,-0.5137837626128173,-0.04893012508921768,-0.0514877107722691,28,0.17857142857142858,0.09367583096972046,-0.6469133461901386,-0.2395417211076478
lb30_atr10_m1.5_r0.0025_tfma100_rfnone,30,10,1.5,0.0025,ma100,none,-0.07826535317582073,-0.07898105793639609,52,0.23076923076923078,0.1775057248488688,-0.5731517379934913,-0.040961617623793356,-0.04347202011474105,22,0.13636363636363635,0.11934656734029679,-0.6985950438445375,-0.23958977548825272
lb30_atr10_m1.5_r0.0025_tfnone_rfnone,30,10,1.5,0.0025,none,none,-0.08563248305047322,-0.08634246741208007,61,0.21311475409836064,0.21990423750270927,-0.5392956868668438,-0.04358171092439289,-0.04608525499458371,24,0.125,0.11272554504827775,-0.6856459447078996,-0.2406733661110747
lb10_atr14_m1.5_r0.0025_tfnone_rfadx20,10,14,1.5,0.0025,none,adx20,-0.1626313570028003,-0.16608292609469988,107,0.17757009345794392,0.15687425997622714,-0.6133249880731247,-0.039776058722290175,-0.04429561392562864,38,0.2894736842105263,0.28806227509128235,-0.3983855841324908,-0.2409686120063389
lb30_atr10_m1.5_r0.005_tfma100_rfadx20,30,10,1.5,0.005,ma100,adx20,-0.1290372653837044,-0.12980566779385772,44,0.20454545454545456,0.15415905484850895,-0.6100482688761354,-0.04405064903595224,-0.04826037110978432,17,0.17647058823529413,0.2008547658980582,-0.49570535729024146,-0.24141112244752935
lb20_atr10_m1.5_r0.0025_tfma100_rfnone,20,10,1.5,0.0025,ma100,none,-0.10027865972394456,-0.10097727168200166,64,0.203125,0.1636786334745531,-0.6063765552259768,-0.03999447563379932,-0.04250740973944078,24,0.16666666666666666,0.12869952750225552,-0.6253595013983669,-0.2427617041638303
lb30_atr20_m2.0_r0.005_tfnone_rfnone,30,20,2.0,0.005,none,none,-0.1139773624073166,-0.11573102729290263,52,0.25,0.2985325608906859,-0.4332186712984161,-0.05389070801306772,-0.057733963050001225,19,0.10526315789473684,0.1539965179973128,-0.609635127034338,-0.24297769459587792
lb30_atr20_m2.0_r0.005_tfma100_rfnone,30,20,2.0,0.005,ma100,none,-0.1172625192234088,-0.1172625192234088,46,0.2391304347826087,0.2341992241776158,-0.5146288335554767,-0.04660908675474118,-0.05048192096166593,17,0.11764705882352941,0.17468406170911335,-0.59352801322689,-0.24355807753523312
lb30_atr10_m1.5_r0.005_tfnone_rfadx20,30,10,1.5,0.005,none,adx20,-0.13444640111087247,-0.1407955337152842,51,0.19607843137254902,0.19738681058329133,-0.5391492543984261,-0.04927068217200392,-0.05345741674268345,19,0.15789473684210525,0.18271011285645103,-0.5007054095970459,-0.24411483887528915
lb10_atr20_m1.5_r0.0025_tfma100_rfnone,10,20,1.5,0.0025,ma100,none,-0.11274130935766702,-0.11314265012502778,80,0.2,0.19906407266688828,-0.5476635162600485,-0.04807552933685666,-0.05074957102017996,31,0.2903225806451613,0.20060631163551568,-0.5960694042029769,-0.24498982984481513
lb20_atr14_m1.5_r0.0025_tfma100_rfnone,20,14,1.5,0.0025,ma100,none,-0.10444186237426023,-0.1044441267492563,64,0.234375,0.14704277390158332,-0.6312057866473613,-0.041538733943235706,-0.044077172949784194,25,0.2,0.15125773605869208,-0.6336314929870334,-0.24962953341196245
lb10_atr10_m2.0_r0.0025_tfnone_rfnone,10,10,2.0,0.0025,none,none,-0.13762297648295485,-0.14123625562831843,103,0.1553398058252427,0.2090764929022445,-0.5393931890787418,-0.05248875073542425,-0.0553274692352822,39,0.1794871794871795,0.16933531241771935,-0.5161850762530628,-0.2505370072788445
lb20_atr14_m1.5_r0.0025_tfnone_rfnone,20,14,1.5,0.0025,none,none,-0.1186665222855735,-0.11872091022959641,78,0.23076923076923078,0.17905748629194743,-0.5973549068435418,-0.048025216348412836,-0.05054647621529684,32,0.1875,0.15626804758378796,-0.5767982437434579,-0.25064775369142833
lb10_atr20_m1.5_r0.005_tfma100_rfadx20,10,20,1.5,0.005,ma100,adx20,-0.1926320652755542,-0.1926320652755542,71,0.18309859154929578,0.14627010809593444,-0.5985063273963505,-0.04297811966373122,-0.04798677480622204,23,0.391304347826087,0.34600885248124963,-0.3504269431140542,-0.25079811892206966
lb10_atr14_m2.5_r0.005_tfnone_rfnone,10,14,2.5,0.005,none,none,-0.1530407521366347,-0.1556130583382439,79,0.21518987341772153,0.3350231873427686,-0.3867346570037619,-0.0704880908676172,-0.08215021774216125,31,0.16129032258064516,0.2937523713252781,-0.4664787026635483,-0.2511778301817049
lb20_atr20_m2.0_r0.005_tfma100_rfnone,20,20,2.0,0.005,ma100,none,-0.14416643620338965,-0.14416643620338965,55,0.2,0.23583581270234355,-0.5423036473131332,-0.046685112094386305,-0.05055763747359743,19,0.10526315789473684,0.17465249127380544,-0.5328019834853789,-0.2520298865981071
lb30_atr10_m2.0_r0.005_tfma100_rfnone,30,10,2.0,0.005,ma100,none,-0.1178329102881398,-0.1178329102881398,45,0.2,0.2058083745555268,-0.5263603957566951,-0.04982586156372537,-0.05355178387224768,17,0.11764705882352941,0.08899241947403005,-0.625766325753208,-0.25469632718786633
lb20_atr10_m1.5_r0.005_tfnone_rfadx20,20,10,1.5,0.005,none,adx20,-0.1858129476078535,-0.19178528897073088,67,0.16417910447761194,0.165090495108431,-0.6010532289458308,-0.047124289725166135,-0.05132047638203985,24,0.20833333333333334,0.31023520884261,-0.3756485968978323,-0.25557946784519664
lb20_atr20_m1.5_r0.005_tfnone_rfadx20,20,20,1.5,0.005,none,adx20,-0.1773484250483901,-0.18266176411737733,67,0.22388059701492538,0.1641073956214716,-0.5834428867653938,-0.05106744345739411,-0.05524626561552071,25,0.32,0.2597382319113987,-0.39289091380521735,-0.2559385641188326
lb10_atr20_m2.0_r0.0025_tfnone_rfnone,10,20,2.0,0.0025,none,none,-0.1266141206204181,-0.12728805324040005,101,0.18811881188118812,0.2142042355342835,-0.5023503342470347,-0.06096584071723876,-0.06398307046438156,41,0.12195121951219512,0.1623907386026892,-0.5707360268077838,-0.2562479871750827
lb20_atr10_m1.5_r0.005_tfma100_rfadx20,20,10,1.5,0.005,ma100,adx20,-0.16267391580148838,-0.1634126424491512,55,0.18181818181818182,0.14418768125490444,-0.6291369567877281,-0.0453195133068508,-0.04952364767258455,19,0.21052631578947367,0.20651683758077904,-0.45662088114664773,-0.25759224068644565
lb30_atr14_m2.0_r0.005_tfnone_rfnone,30,14,2.0,0.005,none,none,-0.1122283795703981,-0.11454746726427323,51,0.2549019607843137,0.2943088365072609,-0.4319647962028656,-0.062457282633167854,-0.06617691284166416,21,0.09523809523809523,0.09198935549328034,-0.6563761380798935,-0.2576709259010406
lb30_atr10_m2.0_r0.005_tfnone_rfnone,30,10,2.0,0.005,none,none,-0.12373588726818008,-0.12474492514360636,52,0.19230769230769232,0.25972043925482297,-0.47269859586806945,-0.055680113324866776,-0.05938307932848219,19,0.10526315789473684,0.08003780898932232,-0.6240605485982286,-0.25769226614306884
lb20_atr20_m2.0_r0.005_tfnone_rfnone,20,20,2.0,0.005,none,none,-0.15790717506231366,-0.15957389163911517,66,0.19696969696969696,0.26479680796358823,-0.5031503289477399,-0.059832731073783285,-0.06365184861386408,25,0.12,0.2025991740601224,-0.5037125619180446,-0.2620039510545222
lb30_atr14_m2.0_r0.005_tfma100_rfnone,30,14,2.0,0.005,ma100,none,-0.11498572677892671,-0.11586675033560989,45,0.24444444444444444,0.22201518852660176,-0.5142620390787466,-0.05661035289405103,-0.060353180356476854,19,0.10526315789473684,0.10093250052113265,-0.6603841048210791,-0.26280344529503874
lb30_atr20_m1.5_r0.005_tfma100_rfnone,30,20,1.5,0.005,ma100,none,-0.11613921361670387,-0.11613921361670387,51,0.29411764705882354,0.285446462706382,-0.4863496947727606,-0.0630111701776318,-0.06713739564748478,22,0.22727272727272727,0.17547462862606072,-0.6577283420590648,-0.2636515132604882
lb10_atr20_m2.5_r0.005_tfnone_rfnone,10,20,2.5,0.005,none,none,-0.14824141505749333,-0.1508527399347257,79,0.189873417721519,0.3395397865138624,-0.38173420866763536,-0.08301050727324522,-0.09070770007393758,33,0.24242424242424243,0.19284165508149767,-0.50940722694942,-0.26592263899145635
lb20_atr10_m2.0_r0.005_tfma100_rfnone,20,10,2.0,0.005,ma100,none,-0.1456354235448688,-0.146150593185295,54,0.16666666666666666,0.21670110076646448,-0.5506763439864051,-0.051438298384870795,-0.055157897837318615,19,0.10526315789473684,0.08646127941183997,-0.5772588089311119,-0.2666565212340514
lb10_atr14_m2.0_r0.0025_tfnone_rfnone,10,14,2.0,0.0025,none,none,-0.12784064485387991,-0.13108825143421,100,0.19,0.22864448637851864,-0.5144184461420106,-0.06762864258377288,-0.07013594483140073,43,0.16279069767441862,0.14129463704465017,-0.5984813475462956,-0.2684205649466284
lb20_atr14_m1.5_r0.005_tfma100_rfadx20,20,14,1.5,0.005,ma100,adx20,-0.16873507762522943,-0.16873507762522943,55,0.2,0.11923930181204365,-0.6709958857178867,-0.04880132611883281,-0.05299012759665078,20,0.25,0.23235538852880866,-0.46861014430150927,-0.2692502040433447
lb20_atr14_m2.0_r0.005_tfma100_rfnone,20,14,2.0,0.005,ma100,none,-0.1383536323786113,-0.13921139340052346,53,0.20754716981132076,0.23453278221672935,-0.5326898498552715,-0.05743567420693785,-0.061175227269136156,21,0.09523809523809523,0.09968585792110839,-0.6060587983729062,-0.26993235770543583
lb10_atr10_m1.5_r0.0025_tfma100_rfnone,10,10,1.5,0.0025,ma100,none,-0.1284831841151064,-0.12915989593905652,84,0.16666666666666666,0.1439355885310607,-0.5985464033306563,-0.052214394987117885,-0.05561935006540242,31,0.1935483870967742,0.17401380454368026,-0.6375751758341647,-0.2701529500394915
lb10_atr10_m2.0_r0.005_tfnone_rfadx20,10,10,2.0,0.005,none,adx20,-0.22320380278857177,-0.2310681385403761,89,0.1797752808988764,0.21094163082944747,-0.5410052416277948,-0.05195876487034767,-0.05852765469630328,30,0.23333333333333334,0.29113988493869647,-0.3381304137830735,-0.2709777975524077
lb10_atr14_m1.5_r0.0025_tfma100_rfnone,10,14,1.5,0.0025,ma100,none,-0.12681328184996843,-0.12681548965992318,82,0.1951219512195122,0.132563381901556,-0.6048353941196428,-0.05407081311432882,-0.057359933606215496,32,0.21875,0.18161826591260274,-0.6472043201055088,-0.2726330026427238
lb30_atr20_m1.5_r0.005_tfnone_rfnone,30,20,1.5,0.005,none,none,-0.12960980199474958,-0.12960980199474958,61,0.3114754098360656,0.28525748628041087,-0.45383809531571057,-0.0695559864114007,-0.07365339041980212,24,0.20833333333333334,0.16126828670361384,-0.6594421237632867,-0.2746057004673152
lb20_atr14_m2.0_r0.005_tfnone_rfnone,20,14,2.0,0.005,none,none,-0.15291620583039822,-0.15512900646237715,64,0.203125,0.2683692572198425,-0.496709389738948,-0.06888581312663578,-0.07257993862395806,27,0.1111111111111111,0.14935379706954913,-0.5554462226968763,-0.27528014133702655
lb20_atr10_m2.0_r0.005_tfnone_rfnone,20,10,2.0,0.005,none,none,-0.1689042609812651,-0.1703618482473398,66,0.15151515151515152,0.23788115734767784,-0.5348612250453946,-0.06176684132771959,-0.06544593941625043,25,0.12,0.14812072939028856,-0.5223226268186277,-0.27713696084890554
lb10_atr10_m1.5_r0.005_tfma100_rfadx20,10,10,1.5,0.005,ma100,adx20,-0.21131513243682398,-0.21201094562032852,74,0.14864864864864866,0.12444780841117736,-0.6382326362724504,-0.04700883032006209,-0.05256040482684532,23,0.2608695652173913,0.29748274317332385,-0.4034151479202011,-0.2785866056451056
lb20_atr20_m1.5_r0.005_tfma100_rfnone,20,20,1.5,0.005,ma100,none,-0.15738754612393357,-0.15738754612393357,62,0.24193548387096775,0.22499990073564513,-0.5510375126302971,-0.06018482697887173,-0.06432349883967636,24,0.2916666666666667,0.20000143967544393,-0.5803923710834225,-0.27895143237462783
lb20_atr14_m1.5_r0.005_tfnone_rfadx20,20,14,1.5,0.005,none,adx20,-0.19204449408640833,-0.19726291423691555,67,0.19402985074626866,0.14406404303984569,-0.6332158039724867,-0.058038676631564035,-0.062186799512427116,26,0.23076923076923078,0.23380649775911957,-0.4316851018577147,-0.2816099830938932
lb10_atr14_m2.0_r0.005_tfnone_rfadx20,10,14,2.0,0.005,none,adx20,-0.21511390630791583,-0.2240757298388215,87,0.19540229885057472,0.21595786916795864,-0.5268074184037553,-0.06318090974874835,-0.06924467232415232,32,0.21875,0.26120976542253127,-0.3930827884638249,-0.2835354293657856
lb10_atr14_m1.5_r0.005_tfma100_rfadx20,10,14,1.5,0.005,ma100,adx20,-0.21063629804798445,-0.21063629804798445,73,0.1643835616438356,0.10776729664326137,-0.650824637247584,-0.05120191201510316,-0.0567756832569043,24,0.2916666666666667,0.3069143269403817,-0.4192641548412941,-0.2851593400341949
lb30_atr14_m1.5_r0.005_tfma100_rfnone,30,14,1.5,0.005,ma100,none,-0.13629948540147918,-0.13629948540147918,52,0.28846153846153844,0.18719229348653108,-0.5634298505265092,-0.06435050801460462,-0.06847083543133281,22,0.18181818181818182,0.17457799625695933,-0.6717104227618926,-0.28669515861830963
lb10_atr20_m1.5_r0.0025_tfnone_rfnone,10,20,1.5,0.0025,none,none,-0.1643864374678966,-0.16536154650687407,120,0.21666666666666667,0.18893040324098892,-0.5515922388658113,-0.06938777713769473,-0.07200195079499172,48,0.25,0.1782443854168363,-0.5617455578882532,-0.28809673731188673
lb10_atr20_m2.0_r0.005_tfnone_rfadx20,10,20,2.0,0.005,none,adx20,-0.22143674622220866,-0.22774092347373998,90,0.17777777777777778,0.1930465883635276,-0.5329791357108318,-0.06303867829238274,-0.06903735486229545,31,0.16129032258064516,0.2724708546411063,-0.3986352826851551,-0.2882249873790417
lb10_atr20_m2.0_r0.005_tfma100_rfnone,10,20,2.0,0.005,ma100,none,-0.16863405532654696,-0.1718662211038322,69,0.18840579710144928,0.21281729087917917,-0.516412557551363,-0.06666742279380578,-0.07264286717246948,26,0.15384615384615385,0.1718998965170528,-0.5782756924016985,-0.28907009311762427
lb30_atr14_m1.5_r0.005_tfnone_rfnone,30,14,1.5,0.005,none,none,-0.1466165036793159,-0.1466165036793159,61,0.29508196721311475,0.2193429003687745,-0.5060255615556541,-0.06937186834208053,-0.07347008315274861,24,0.16666666666666666,0.16335199831782204,-0.6606571952499402,-0.28990605282182064
lb10_atr10_m2.0_r0.005_tfma100_rfnone,10,10,2.0,0.005,ma100,none,-0.1761467152108005,-0.18284323445161033,69,0.15942028985507245,0.2106356350571291,-0.5315654788600244,-0.06619630235483798,-0.07171469579981804,25,0.2,0.11113324716394454,-0.5804340865871506,-0.2963716078540666
lb30_atr10_m1.5_r0.005_tfma100_rfnone,30,10,1.5,0.005,ma100,none,-0.1410194603931062,-0.14177729157310448,52,0.23076923076923078,0.17324848801872017,-0.5731517379934913,-0.06873023248657173,-0.07283127287437063,22,0.13636363636363635,0.1370688626431678,-0.6985950438445375,-0.29922585656551276
lb20_atr20_m1.5_r0.005_tfnone_rfnone,20,20,1.5,0.005,none,none,-0.19059377047466697,-0.19059377047466697,78,0.24358974358974358,0.2099615763003042,-0.5497712263328663,-0.07550917966391058,-0.0795803675458826,31,0.25806451612903225,0.18967319974177826,-0.5403773445450109,-0.304684345803706
lb10_atr14_m1.5_r0.0025_tfnone_rfnone,10,14,1.5,0.0025,none,none,-0.17404654850150592,-0.17404863688445393,121,0.2066115702479339,0.16836481462240221,-0.5838883306508567,-0.07431098287977689,-0.07752972563297256,49,0.22448979591836735,0.17547538263011245,-0.5896902040741385,-0.30544181181712643
lb10_atr10_m1.5_r0.0025_tfnone_rfnone,10,10,1.5,0.0025,none,none,-0.18171953716718425,-0.18235491224476563,124,0.1693548387096774,0.16312465341440735,-0.5977111674447452,-0.07047507985191193,-0.07381443273985466,47,0.2127659574468085,0.1971040574040162,-0.5778508967390005,-0.305900685761687
lb30_atr10_m1.5_r0.005_tfnone_rfnone,30,10,1.5,0.005,none,none,-0.15741836454533487,-0.15816172787616622,61,0.21311475409836064,0.19728395526995943,-0.5392956868668437,-0.07381550090599298,-0.0778941472551381,24,0.125,0.12826947365787708,-0.6856459447078996,-0.3078650120819154
lb10_atr14_m2.0_r0.005_tfma100_rfnone,10,14,2.0,0.005,ma100,none,-0.1682942168764282,-0.17523877037733115,68,0.19117647058823528,0.22509195983461786,-0.5137837626128174,-0.07799157622897701,-0.08293411983510712,28,0.17857142857142858,0.11401339085492593,-0.6469133461901386,-0.3102168348148688
lb20_atr10_m1.5_r0.005_tfma100_rfnone,20,10,1.5,0.005,ma100,none,-0.17978519244294444,-0.18050882275446178,64,0.203125,0.15598292688653925,-0.6063765552259768,-0.06668290940292532,-0.07079296560434323,24,0.16666666666666666,0.14855058347099864,-0.6253595013983669,-0.3114006534632023
lb10_atr20_m1.5_r0.005_tfma100_rfnone,10,20,1.5,0.005,ma100,none,-0.1967950834879022,-0.1967950834879022,80,0.2,0.19612368668751606,-0.5476635162600484,-0.07658757823983564,-0.08142033543161875,31,0.2903225806451613,0.22689207958756333,-0.5960694042029769,-0.3176996960955544
lb20_atr10_m1.5_r0.005_tfnone_rfnone,20,10,1.5,0.005,none,none,-0.21057002703381567,-0.2112664975827443,78,0.1794871794871795,0.1667342025647429,-0.5966720076485128,-0.07296507629226878,-0.07704746766332837,30,0.16666666666666666,0.2216919134619031,-0.5391073138288204,-0.3182369931070057
lb20_atr14_m1.5_r0.005_tfma100_rfnone,20,14,1.5,0.005,ma100,none,-0.1827152663373346,-0.1827152663373346,64,0.234375,0.14397687215864,-0.6312057866473613,-0.0693378980261613,-0.07343626243219092,25,0.2,0.17381496697283103,-0.6336314929870334,-0.3183257542141869
lb10_atr20_m1.5_r0.005_tfnone_rfadx20,10,20,1.5,0.005,none,adx20,-0.2665663040927245,-0.2719251242744266,106,0.19811320754716982,0.1551210427849752,-0.5869193899385878,-0.07176321880399328,-0.07803319095163752,37,0.32432432432432434,0.28510614210790153,-0.3722108315838861,-0.3224341202614294
lb10_atr10_m1.5_r0.005_tfnone_rfadx20,10,10,1.5,0.005,none,adx20,-0.2811205035849782,-0.2866486412934576,108,0.1574074074074074,0.15127033864113681,-0.6110852353875665,-0.06797673495081547,-0.07568441967858441,36,0.2777777777777778,0.3232218652253186,-0.373280687813441,-0.32993709467217525
lb20_atr14_m1.5_r0.005_tfnone_rfnone,20,14,1.5,0.005,none,none,-0.20818154932606725,-0.20818154932606725,78,0.23076923076923078,0.16215662145795395,-0.5973549068435418,-0.0829312040798793,-0.08696970753146294,32,0.1875,0.1736645182207258,-0.5767982437434579,-0.33196056663100276
lb10_atr14_m1.5_r0.005_tfnone_rfadx20,10,14,1.5,0.005,none,adx20,-0.27886258055398805,-0.28401685991539694,107,0.17757009345794392,0.14709485008583395,-0.6133249880731247,-0.07648878830822392,-0.08417785269846012,38,0.2894736842105263,0.28326373049877446,-0.3983855841324908,-0.34054105211587377
lb10_atr10_m1.5_r0.005_tfma100_rfnone,10,10,1.5,0.005,ma100,none,-0.22342662999027274,-0.22411175786711512,84,0.16666666666666666,0.13830095355036545,-0.5985464033306563,-0.08193314512466399,-0.0872812708043178,31,0.1935483870967742,0.19340203135239997,-0.6375751758341647,-0.35042926656554024
lb10_atr14_m1.5_r0.005_tfma100_rfnone,10,14,1.5,0.005,ma100,none,-0.21887604969242402,-0.21887604969242402,82,0.1951219512195122,0.13200958120111853,-0.6048353941196428,-0.08469448552423675,-0.09007150263530861,32,0.21875,0.20905250270410894,-0.6472043201055087,-0.3517686016393126
lb10_atr10_m2.0_r0.005_tfnone_rfnone,10,10,2.0,0.005,none,none,-0.2533011875297637,-0.25692712277420404,103,0.1553398058252427,0.20213000353417698,-0.5393931890787417,-0.09531086293292435,-0.10065720137249734,39,0.1794871794871795,0.1790347008042169,-0.5161850762530628,-0.35401061577946147
lb10_atr20_m2.0_r0.005_tfnone_rfnone,10,20,2.0,0.005,none,none,-0.23237885414420156,-0.23354044945636154,101,0.18811881188118812,0.21081054275842936,-0.5023503342470347,-0.10752372184304892,-0.11323759328570993,41,0.12195121951219512,0.17623465225930246,-0.5707360268077838,-0.35689614074160325
lb10_atr14_m2.0_r0.005_tfnone_rfnone,10,14,2.0,0.005,none,none,-0.23753455465961748,-0.24052283024065035,100,0.19,0.21811239295016874,-0.5144184461420105,-0.1144964577170916,-0.11924331225581208,43,0.16279069767441862,0.15876406923828643,-0.5984813475462957,-0.3714188122990061
lb10_atr20_m1.5_r0.005_tfnone_rfnone,10,20,1.5,0.005,none,none,-0.2797796560470064,-0.28023442703699275,120,0.21666666666666667,0.1886482700352761,-0.5515922388658113,-0.11851722270810938,-0.12313053755097259,48,0.25,0.19155670030378164,-0.5617455578882533,-0.39616388882535036
lb10_atr14_m1.5_r0.005_tfnone_rfnone,10,14,1.5,0.005,none,none,-0.29686287597659045,-0.29686287597659045,121,0.2066115702479339,0.15869158850427895,-0.5838883306508567,-0.12448301294644293,-0.12962628996812386,49,0.22448979591836735,0.1917653175182764,-0.5896902040741385,-0.41882679106154036
lb10_atr10_m1.5_r0.005_tfnone_rfnone,10,10,1.5,0.005,none,none,-0.3098078857279537,-0.31041680418450424,124,0.1693548387096774,0.1517416991930607,-0.5977111674447452,-0.11779490907320822,-0.12293412489006461,47,0.2127659574468085,0.21135396063824288,-0.5778508967390005,-0.420107781422621
