key,breakout_lookback,atr_period,atr_mult,risk_per_trade,trend_filter,regime_filter,is_return,is_mdd,is_trades,is_win_rate,is_pf,is_avg_r,oos_return,oos_mdd,oos_trades,oos_win_rate,oos_pf,oos_avg_r,rank_score
lb55_atr14_m3.0_r0.0025_tfnone_rfadx20,55,14,3.0,0.0025,none,adx20,0.0022245026941645207,-0.01644834600523537,19,0.2631578947368421,1.1137721716342706,0.04485158539571882,0.0028923162148219994,-0.00615084832515056,6,0.6666666666666666,1.6721159566191965,0.18413306250376268,0.07683681646047505
lb55_atr14_m3.0_r0.0025_tfma100_rfadx20,55,14,3.0,0.0025,ma100,adx20,0.002119112406818724,-0.01644834600523537,18,0.2222222222222222,1.1083933845264686,0.045131642475895406,0.0028923162148219994,-0.00615084832515056,6,0.6666666666666666,1.6721159566191965,0.18413306250376268,0.07675741856105298
lb55_atr14_m3.0_r0.005_tfnone_rfadx20,55,14,3.0,0.005,none,adx20,0.004142319438293907,-0.032661513950207444,19,0.2631578947368421,1.1049057523089356,0.04485158539571886,0.005763145774176914,-0.012239494630413073,6,0.6666666666666666,1.6666452161442629,0.1841330625037627,0.07522612185913691
lb55_atr14_m3.0_r0.005_tfma100_rfadx20,55,14,3.0,0.005,ma100,adx20,0.003931157727319112,-0.032661513950207444,18,0.2222222222222222,1.0995789453926972,0.045131642475895434,0.005763145774176914,-0.012239494630413073,6,0.6666666666666666,1.6666452161442629,0.1841330625037627,0.07509967261109318
lb55_atr10_m2.5_r0.0025_tfnone_rfadx20,55,10,2.5,0.0025,none,adx20,-0.008299935395832181,-0.023940224826245582,24,0.16666666666666666,0.7404520530409321,-0.12999577464795994,0.0028708412139291095,-0.006676654394211168,6,0.5,1.518528109348595,0.18409471820358136,0.04868323623698012
lb55_atr20_m3.0_r0.0025_tfnone_rfadx20,55,20,3.0,0.0025,none,adx20,-0.010233570144167703,-0.021813986256902562,22,0.18181818181818182,0.6514412979915978,-0.17618033172056188,0.0028965478689830793,-0.006094155842493398,6,0.6666666666666666,1.7467756578628968,0.18451875750634586,0.04782033419452089
lb55_atr20_m3.0_r0.0025_tfma100_rfadx20,55,20,3.0,0.0025,ma100,adx20,-0.010281140686604573,-0.021813986256902673,21,0.14285714285714285,0.649804198714763,-0.18543454213818947,0.0028965478689830793,-0.006094155842493398,6,0.6666666666666666,1.7467756578628968,0.18451875750634586,0.04697199449647511
lb55_atr10_m2.5_r0.0025_tfma100_rfadx20,55,10,2.5,0.0025,ma100,adx20,-0.00909580723940695,-0.023940224826245915,23,0.13043478260869565,0.7153358283050247,-0.14878550390706116,0.0028708412139291095,-0.006676654394211168,6,0.5,1.518528109348595,0.18409471820358136,0.04641727223747304
lb55_atr10_m3.0_r0.0025_tfnone_rfadx20,55,10,3.0,0.0025,none,adx20,-0.0038031490459959905,-0.02004864608171497,21,0.2857142857142857,0.8354896156607348,-0.06988579822651142,0.0019132701753885595,-0.006583684766834463,6,0.6666666666666666,1.434119661405133,0.12132584873036197,0.045160730470650334
lb55_atr10_m3.0_r0.0025_tfma100_rfadx20,55,10,3.0,0.0025,ma100,adx20,-0.004142477474752271,-0.02004864608171486,20,0.25,0.8207504463047348,-0.07985383038234442,0.0019132701753885595,-0.006583684766834463,6,0.6666666666666666,1.434119661405133,0.12132584873036197,0.043981068585836634
lb55_atr10_m2.5_r0.005_tfnone_rfadx20,55,10,2.5,0.005,none,adx20,-0.016996932859504987,-0.04735296586049964,24,0.16666666666666666,0.734748889356439,-0.12999577464795994,0.005707664139831259,-0.01328905342302189,6,0.5,1.513906446777659,0.1840947182035814,0.04118282685646675
lb55_atr20_m3.0_r0.005_tfnone_rfadx20,55,20,3.0,0.005,none,adx20,-0.020668346428575957,-0.043201825620066914,22,0.18181818181818182,0.6479857685727443,-0.17618033172056188,0.00577338020360485,-0.012122442503636588,6,0.6666666666666666,1.7407843505166012,0.18451875750634594,0.039992177055688194
lb55_atr10_m3.0_r0.005_tfnone_rfadx20,55,10,3.0,0.005,none,adx20,-0.007907031344646764,-0.03973655627849171,21,0.2857142857142857,0.8299217694038541,-0.06988579822651142,0.003803572334982297,-0.01311111160725742,6,0.6666666666666666,1.4299672084980941,0.1213258487303619,0.03976077600059082
lb55_atr20_m3.0_r0.005_tfma100_rfadx20,55,20,3.0,0.005,ma100,adx20,-0.020762479948544854,-0.043201825620067136,21,0.14285714285714285,0.6463485346184855,-0.1854345421381895,0.00577338020360485,-0.012122442503636588,6,0.6666666666666666,1.7407843505166012,0.18451875750634594,0.039122882603640025
lb55_atr10_m2.5_r0.005_tfma100_rfadx20,55,10,2.5,0.005,ma100,adx20,-0.018573452086545705,-0.04735296586049986,23,0.13043478260869565,0.7096804024028486,-0.14878550390706116,0.005707664139831259,-0.01328905342302189,6,0.5,1.513906446777659,0.1840947182035814,0.03856607278111435
lb55_atr10_m3.0_r0.005_tfma100_rfadx20,55,10,3.0,0.005,ma100,adx20,-0.008582662305567035,-0.03973655627849193,20,0.25,0.8152633108932545,-0.07985383038234445,0.003803572334982297,-0.01311111160725742,6,0.6666666666666666,1.4299672084980941,0.1213258487303619,0.03843062544017998
lb55_atr14_m3.0_r0.0025_tfnone_rfnone,55,14,3.0,0.0025,none,none,0.0016408797745739445,-0.013988912164040634,20,0.25,1.0797727312664511,0.03253590313516897,-0.0014858134666677625,-0.009429340640103256,8,0.5,0.8287994464545263,-0.07096707514089359,0.013699728272343201
lb55_atr14_m3.0_r0.0025_tfma100_rfnone,55,14,3.0,0.0025,ma100,none,0.0015355508588941191,-0.013988912164040634,19,0.21052631578947367,1.0746599296326862,0.03215302656583361,-0.0014858134666677625,-0.009429340640103256,8,0.5,0.8287994464545263,-0.07096707514089359,0.013586209926451868
lb55_atr14_m3.0_r0.005_tfnone_rfnone,55,14,3.0,0.005,none,none,0.002969366284722108,-0.027812128277779236,20,0.25,1.0717255593629111,0.03253590313516897,-0.003009265700189445,-0.01875544252174577,8,0.5,0.8271212334324198,-0.07096707514089365,0.008412003520670267
lb55_atr14_m3.0_r0.005_tfma100_rfnone,55,14,3.0,0.005,ma100,none,0.0027584512347935686,-0.027812128277779014,19,0.21052631578947367,1.0666448844206446,0.0321530265658336,-0.003009265700189445,-0.01875544252174577,8,0.5,0.8271212334324198,-0.07096707514089365,0.008272425971477522
lb10_atr20_m3.0_r0.0025_tfma100_rfadx20,10,20,3.0,0.0025,ma100,adx20,-0.03512432266188559,-0.0451773446115904,42,0.19047619047619047,0.4557737165517489,-0.32374621619221966,0.0019247753296587344,-0.010062116149314848,10,0.5,1.1830753746680873,0.07153727648837896,-0.012535689868617295
lb55_atr10_m3.0_r0.0025_tfnone_rfnone,55,10,3.0,0.0025,none,none,-0.004879530104795471,-0.01811788185817531,22,0.2727272727272727,0.8016082752848096,-0.08443667834917504,-0.0024852212909467486,-0.009329968107024023,8,0.5,0.7176999316434901,-0.11934314484891176,-0.012894390261111882
lb55_atr20_m3.0_r0.0025_tfnone_rfnone,55,20,3.0,0.0025,none,none,-0.013368239564276352,-0.021863091783924316,24,0.16666666666666666,0.5930569308522118,-0.21091623177945854,-0.0008183612814327557,-0.009383393079339886,8,0.5,0.8922153049700087,-0.04024551557372513,-0.013336091899659711
lb55_atr10_m3.0_r0.0025_tfma100_rfnone,55,10,3.0,0.0025,ma100,none,-0.005218491892468036,-0.01811788185817531,21,0.23809523809523808,0.7877544856404048,-0.09462294136057145,-0.0024852212909467486,-0.009329968107024023,8,0.5,0.7176999316434901,-0.11934314484891176,-0.014083685870327971
lb55_atr20_m3.0_r0.0025_tfma100_rfnone,55,20,3.0,0.0025,ma100,none,-0.013415659447002182,-0.02186309178392498,23,0.13043478260869565,0.5915937914896932,-0.22087598477202708,-0.0008183612814327557,-0.009383393079339886,8,0.5,0.8922153049700087,-0.04024551557372513,-0.01424427219704262
lb10_atr14_m3.0_r0.0025_tfma100_rfadx20,10,14,3.0,0.0025,ma100,adx20,-0.02914175551538356,-0.04253891707623303,40,0.225,0.49610909002723386,-0.28294118991232564,0.0008270824198264304,-0.010327199353355021,10,0.5,1.067826092436594,0.03330394228943316,-0.014613124121059052
lb10_atr10_m3.0_r0.0025_tfma100_rfadx20,10,10,3.0,0.0025,ma100,adx20,-0.03084097858353252,-0.043035487928544836,41,0.21951219512195122,0.49751265123374794,-0.29297720540360617,0.00047877516770533646,-0.010875864334978225,10,0.5,1.0365967020972606,0.02084227921605372,-0.01927892362879819
lb55_atr10_m3.0_r0.005_tfnone_rfnone,55,10,3.0,0.005,none,none,-0.01005438217996113,-0.03594438357251939,22,0.2727272727272727,0.7961614429509901,-0.08443667834917502,-0.005001001648722636,-0.018563271924875946,8,0.5,0.7165237387593432,-0.11934314484891184,-0.02158324962510882
lb10_atr10_m2.5_r0.0025_tfma100_rfadx20,10,10,2.5,0.0025,ma100,adx20,-0.05188200913336016,-0.06021335890073731,50,0.18,0.3596392560197132,-0.401537820944062,0.003077900091805974,-0.01048550718801633,11,0.5454545454545454,1.233448608396506,0.11199052326314543,-0.021917800424911687
lb55_atr10_m3.0_r0.005_tfma100_rfnone,55,10,3.0,0.005,ma100,none,-0.010728550761090028,-0.03594438357251939,21,0.23809523809523808,0.7823453902697838,-0.09462294136057138,-0.005001001648722636,-0.018563271924875946,8,0.5,0.7165237387593432,-0.11934314484891184,-0.022922992053266672
lb30_atr14_m3.0_r0.0025_tfma100_rfadx20,30,14,3.0,0.0025,ma100,adx20,-0.01468654650731871,-0.03066593156606734,26,0.23076923076923078,0.6035187146173686,-0.21439507832777785,-0.0016154052608756686,-0.009391347034856223,8,0.5,0.8278035414028735,-0.07924480968921979,-0.023390134837427454
lb55_atr10_m2.5_r0.0025_tfnone_rfnone,55,10,2.5,0.0025,none,none,-0.008965330874069921,-0.02150876139037705,25,0.16,0.7294229971506255,-0.133794144399393,-0.0030873173597238956,-0.009981554837967255,8,0.375,0.7313007780741182,-0.14370380448404277,-0.024478403514780846
lb55_atr20_m3.0_r0.005_tfnone_rfnone,55,20,3.0,0.005,none,none,-0.026873504827911177,-0.043300073395088456,24,0.16666666666666666,0.5897727897998178,-0.21091623177945854,-0.0016710888518354228,-0.01865734439143063,8,0.5,0.8903030128620743,-0.04024551557372502,-0.025366639375878262
lb55_atr20_m3.0_r0.005_tfma100_rfnone,55,20,3.0,0.005,ma100,none,-0.026967041907032918,-0.04330007339508901,23,0.13043478260869565,0.5883053631353263,-0.22087598477202708,-0.0016710888518354228,-0.01865734439143063,8,0.5,0.8903030128620743,-0.04024551557372502,-0.02629561742831003
lb55_atr10_m2.5_r0.0025_tfma100_rfnone,55,10,2.5,0.0025,ma100,none,-0.009760668715940057,-0.02150876139037783,24,0.125,0.7051828063450434,-0.15195923367900802,-0.0030873173597238956,-0.009981554837967255,8,0.375,0.7313007780741182,-0.14370380448404277,-0.026680272859047442
lb30_atr20_m3.0_r0.0025_tfma100_rfadx20,30,20,3.0,0.0025,ma100,adx20,-0.020012947805545855,-0.029666300509245236,27,0.14814814814814814,0.5147414743574953,-0.27982329680274903,-0.0012004606285807018,-0.009605964966573621,8,0.5,0.8640868848158791,-0.06070801238310276,-0.028412023568649886
lb55_atr14_m2.5_r0.0025_tfnone_rfadx20,55,14,2.5,0.0025,none,adx20,-0.00851796130416771,-0.019176777146289403,22,0.22727272727272727,0.6881353523529502,-0.14893455804130706,-0.004155330342798358,-0.008021205356952388,9,0.4444444444444444,0.5262664964917054,-0.1791942544191998,-0.03555199875914281
lb10_atr14_m3.0_r0.005_tfma100_rfadx20,10,14,3.0,0.005,ma100,adx20,-0.057880195358693265,-0.08339443396177382,40,0.225,0.49589039290159603,-0.28294118991232564,0.001568103121531328,-0.020558280655398775,10,0.5,1.0639393322128696,0.033303942289433106,-0.035595802311299655
lb10_atr20_m3.0_r0.005_tfma100_rfadx20,10,20,3.0,0.005,ma100,adx20,-0.0694047964636384,-0.0884427158169434,42,0.19047619047619047,0.45561819110362345,-0.32374621619221955,0.00377668474220183,-0.020037097355550815,10,0.5,1.1784166836839205,0.071537276488379,-0.035686477476274674
lb55_atr10_m2.5_r0.005_tfnone_rfnone,55,10,2.5,0.005,none,none,-0.01832087044106423,-0.042596318447453596,25,0.16,0.7233989634125109,-0.133794144399393,-0.006224602870891216,-0.019854928522125004,8,0.375,0.7295926638637851,-0.14370380448404277,-0.03602979907829374
lb20_atr10_m2.5_r0.0025_tfma100_rfadx20,20,10,2.5,0.0025,ma100,adx20,-0.0397801469663871,-0.0498251722366686,39,0.1794871794871795,0.4039287222804753,-0.39425174406274544,0.00028935448162537014,-0.011674138107502063,9,0.3333333333333333,1.0230581583240856,0.01037468430738062,-0.036372976925340604
lb30_atr14_m3.0_r0.005_tfma100_rfadx20,30,14,3.0,0.005,ma100,adx20,-0.029512474007525658,-0.06046828066541343,26,0.23076923076923078,0.601869938746958,-0.2143950783277779,-0.003272274140833531,-0.01868378349783484,8,0.5,0.8261219059765026,-0.07924480968921983,-0.03761154648823385
lb55_atr14_m2.5_r0.0025_tfma100_rfadx20,55,14,2.5,0.0025,ma100,adx20,-0.00911514579052386,-0.019176777146289736,21,0.19047619047619047,0.6660697488091935,-0.1667752050370325,-0.004155330342798358,-0.008021205356952388,9,0.4444444444444444,0.5262664964917054,-0.1791942544191998,-0.03761347722733854
lb55_atr10_m2.5_r0.005_tfma100_rfnone,55,10,2.5,0.005,ma100,none,-0.019895266365418163,-0.04259631844745282,24,0.125,0.69914687348762,-0.151959233679008,-0.006224602870891216,-0.019854928522125004,8,0.375,0.7295926638637851,-0.14370380448404277,-0.03858236950043057
lb30_atr10_m3.0_r0.0025_tfma100_rfadx20,30,10,3.0,0.0025,ma100,adx20,-0.01675713712289728,-0.034027700958616514,27,0.25925925925925924,0.5826590960718875,-0.23971220288055048,-0.0027807058985122035,-0.009455507942905506,8,0.5,0.7100014483875867,-0.1359197412449235,-0.03939123710088271
lb10_atr10_m3.0_r0.005_tfma100_rfadx20,10,10,3.0,0.005,ma100,adx20,-0.06114319268761781,-0.0843564744274653,41,0.21951219512195122,0.49748792171070694,-0.29297720540360617,0.0014219593381401552,-0.021642484013922103,10,0.5,1.0552475748709464,0.020842279216053715,-0.04061699554917675
lb20_atr10_m3.0_r0.0025_tfma100_rfadx20,20,10,3.0,0.0025,ma100,adx20,-0.030364240001715004,-0.04442585373534258,35,0.2,0.4651620928631969,-0.3390435196878366,-0.0013582901495465816,-0.012250598939324564,9,0.4444444444444444,0.8826881678531865,-0.06182747373056474,-0.04143239403589649
lb30_atr10_m2.5_r0.0025_tfma100_rfadx20,30,10,2.5,0.0025,ma100,adx20,-0.025246671587318192,-0.03789094009767224,31,0.16129032258064516,0.488182291471302,-0.3095121279378639,-0.002136688351590421,-0.009037499988483688,8,0.375,0.8010061983543234,-0.10135448361949834,-0.04299754227272139
lb20_atr14_m3.0_r0.0025_tfma100_rfadx20,20,14,3.0,0.0025,ma100,adx20,-0.029332582321945244,-0.04236684624827891,33,0.21212121212121213,0.436509351093469,-0.3443485452037889,-0.0016440789160926395,-0.011402196436170353,9,0.4444444444444444,0.8555224527278996,-0.07187175441285738,-0.04354345677963504
lb30_atr20_m3.0_r0.005_tfma100_rfadx20,30,20,3.0,0.005,ma100,adx20,-0.03997203196313215,-0.05853948083583749,27,0.14814814814814814,0.5131409498472588,-0.27982329680274903,-0.002441337310040037,-0.019104514357415003,8,0.5,0.8622645744066952,-0.06070801238310267,-0.04464030226204459
lb30_atr14_m3.0_r0.0025_tfnone_rfadx20,30,14,3.0,0.0025,none,adx20,-0.017034369719671427,-0.03244169397641594,30,0.3,0.615694472320462,-0.2164804226381025,-0.004313179002649492,-0.012068109102726154,10,0.4,0.6427173203092644,-0.17129484481393586,-0.04549692990641944
lb55_atr14_m2.5_r0.005_tfnone_rfadx20,55,14,2.5,0.005,none,adx20,-0.01719361273408193,-0.038038328561371126,22,0.22727272727272727,0.6854088102640135,-0.1489345580413071,-0.0083198811573435,-0.01599688110302422,9,0.4444444444444444,0.5259093213623566,-0.17919425441919984,-0.0464964313496503
lb10_atr14_m3.0_r0.0025_tfnone_rfadx20,10,14,3.0,0.0025,none,adx20,-0.042857080989990415,-0.05594500124255808,59,0.2711864406779661,0.502867378234131,-0.28874540781083285,-0.002940216923454253,-0.01514704577603998,17,0.35294117647058826,0.8502184379226155,-0.0696480108195188,-0.04739699575979435
lb20_atr20_m3.0_r0.0025_tfma100_rfadx20,20,20,3.0,0.0025,ma100,adx20,-0.0353745570203684,-0.04243347727007485,35,0.17142857142857143,0.4020571164215245,-0.3914877648824719,-0.0012644297956123651,-0.010976995432384729,9,0.4444444444444444,0.8789132744104645,-0.056557858479622324,-0.04749411553370795
lb55_atr14_m2.5_r0.005_tfma100_rfadx20,55,14,2.5,0.005,ma100,adx20,-0.018376818094807068,-0.03803832856137146,21,0.19047619047619047,0.6633544361239498,-0.16677520503703253,-0.0083198811573435,-0.01599688110302422,9,0.4444444444444444,0.5259093213623566,-0.17919425441919984,-0.0488215013025733
lb10_atr10_m2.5_r0.005_tfma100_rfadx20,10,10,2.5,0.005,ma100,adx20,-0.10175764959557954,-0.1165754982590278,50,0.18,0.35724319003944893,-0.401537820944062,0.007601120471336653,-0.02086691167980781,11,0.5454545454545454,1.3039150742941121,0.11199052326314551,-0.05111499470998443
lb10_atr10_m3.0_r0.0025_tfnone_rfadx20,10,10,3.0,0.0025,none,adx20,-0.04289266921421253,-0.05915373924356904,61,0.26229508196721313,0.5372250110365361,-0.2830735473644593,-0.00429328594354228,-0.01542073014997869,18,0.3333333333333333,0.8041152714473904,-0.09626988572028533,-0.053045603163266834
lb30_atr20_m3.0_r0.0025_tfnone_rfadx20,30,20,3.0,0.0025,none,adx20,-0.02216387513401563,-0.031295272681040376,31,0.22580645161290322,0.5441688623977847,-0.27106681745689426,-0.00447645884621739,-0.012854393670865494,10,0.4,0.6301254715714859,-0.17747836203358186,-0.054716637312611865
lb30_atr10_m3.0_r0.005_tfma100_rfadx20,30,10,3.0,0.005,ma100,adx20,-0.03360418813256738,-0.06697871420914003,27,0.25925925925925924,0.581620452863712,-0.23971220288055045,-0.005594611283505357,-0.018815591289428002,8,0.5,0.7088716570183287,-0.13591974124492356,-0.05559975822753601
lb30_atr10_m3.0_r0.0025_tfnone_rfadx20,30,10,3.0,0.0025,none,adx20,-0.01661426821373735,-0.03411257426326775,31,0.2903225806451613,0.6410233683123577,-0.20778096202005605,-0.005958860730378102,-0.012612390067259116,10,0.4,0.5330425247333711,-0.23466681326853397,-0.05799789264554581
lb30_atr10_m2.5_r0.0025_tfnone_rfadx20,30,10,2.5,0.0025,none,adx20,-0.025689052797375767,-0.03869546981302918,35,0.22857142857142856,0.5491931033276326,-0.279530195277166,-0.005118370886306622,-0.011998562434964555,10,0.3,0.6266844334417168,-0.19906368478181594,-0.06173203657994611
lb55_atr14_m2.5_r0.0025_tfnone_rfnone,55,14,2.5,0.0025,none,none,-0.008269204564323451,-0.019104298843012346,25,0.24,0.7334972552198296,-0.12607515560686647,-0.008866005264923538,-0.012912852291049659,11,0.36363636363636365,0.3421475430721465,-0.30990529471264283,-0.06176633676015837
lb10_atr10_m2.5_r0.0025_tfnone_rfadx20,10,10,2.5,0.0025,none,adx20,-0.07589649814984689,-0.08312239513676789,74,0.1891891891891892,0.37119659672746647,-0.40762099499866244,-9.89306905353482e-05,-0.012890863757842874,19,0.42105263157894735,0.9954714265132936,-0.004620871606722188,-0.062305067559239896
lb30_atr10_m2.5_r0.005_tfma100_rfadx20,30,10,2.5,0.005,ma100,adx20,-0.050319695345526716,-0.07443415998187897,31,0.16129032258064516,0.48656069099966937,-0.3095121279378639,-0.004325065292876795,-0.017981444432504268,8,0.375,0.7990101321533413,-0.10135448361949828,-0.06298143671672829
lb30_atr14_m3.0_r0.005_tfnone_rfadx20,30,14,3.0,0.005,none,adx20,-0.03438053029845656,-0.0639274049143902,30,0.3,0.6118750354610675,-0.2164804226381024,-0.008654560742731965,-0.0239828486158965,10,0.4,0.641996410282938,-0.17129484481393586,-0.0632504557611958
lb55_atr14_m2.5_r0.0025_tfma100_rfnone,55,14,2.5,0.0025,ma100,none,-0.008866538880590857,-0.019104298843012568,24,0.20833333333333334,0.7140739436162516,-0.1407332466266912,-0.008866005264923538,-0.012912852291049659,11,0.36363636363636365,0.3421475430721465,-0.30990529471264283,-0.06340230479843095
lb20_atr10_m2.5_r0.005_tfma100_rfadx20,20,10,2.5,0.005,ma100,adx20,-0.07847839403936452,-0.09729361156547756,39,0.1794871794871795,0.40372684863079067,-0.3942517440627454,0.00045931996158632415,-0.02315933188707897,9,0.3333333333333333,1.0182117609284664,0.01037468430738047,-0.06342206340546144
lb20_atr10_m3.0_r0.005_tfma100_rfadx20,20,10,3.0,0.005,ma100,adx20,-0.06021566874215434,-0.08699602230266634,35,0.2,0.4658197684553775,-0.3390435196878365,-0.0027967503796603177,-0.024313885932379264,9,0.4444444444444444,0.8797366067096118,-0.06182747373056485,-0.0648036181618581
lb20_atr14_m3.0_r0.005_tfma100_rfadx20,20,14,3.0,0.005,ma100,adx20,-0.0581858525911918,-0.08304110196490178,33,0.21212121212121213,0.4370869383732829,-0.3443485452037888,-0.003353676927890681,-0.022655936327259374,9,0.4444444444444444,0.8532370106027578,-0.07187175441285736,-0.06612657693429747
lb10_atr20_m3.0_r0.0025_tfnone_rfadx20,10,20,3.0,0.0025,none,adx20,-0.05084245763813411,-0.059132192197739686,61,0.21311475409836064,0.4561458447306371,-0.32873363073101186,-0.005103822368833444,-0.017278196797693823,17,0.35294117647058826,0.7491223590229472,-0.1187436660279601,-0.06711966736299059
lb20_atr20_m3.0_r0.005_tfma100_rfadx20,20,20,3.0,0.005,ma100,adx20,-0.06988433683189454,-0.08319302704662357,35,0.17142857142857143,0.40222595833660196,-0.3914877648824719,-0.002587584308953228,-0.02181603917962094,9,0.4444444444444444,0.8766251912581564,-0.056557858479622344,-0.07231858455559212
lb55_atr20_m2.5_r0.0025_tfnone_rfadx20,55,20,2.5,0.0025,none,adx20,-0.01538175842235201,-0.023412662962966957,24,0.16666666666666666,0.5135794193320117,-0.24152778116668747,-0.006777500778692991,-0.008929632589448233,9,0.3333333333333333,0.29961154256981365,-0.2846000469721812,-0.07239507350837858
lb55_atr20_m2.5_r0.0025_tfma100_rfadx20,55,20,2.5,0.0025,ma100,adx20,-0.016000071663725524,-0.02341266296296718,23,0.13043478260869565,0.49370843248355584,-0.26223678511562015,-0.006777500778692991,-0.008929632589448233,9,0.3333333333333333,0.29961154256981365,-0.2846000469721812,-0.07469399767443709
lb30_atr20_m3.0_r0.005_tfnone_rfadx20,30,20,3.0,0.005,none,adx20,-0.0443487374808218,-0.06171661426819108,31,0.22580645161290322,0.5414140895309874,-0.27106681745689426,-0.008979611636701468,-0.025533573630602047,10,0.4,0.6295447801721696,-0.17747836203358183,-0.07477238261256151
lb55_atr14_m2.5_r0.005_tfnone_rfnone,55,14,2.5,0.005,none,none,-0.016725441007589215,-0.0378998990123095,25,0.24,0.730526700440181,-0.1260751556068665,-0.017691110712531044,-0.025689761165324287,11,0.36363636363636365,0.34235352844432315,-0.30990529471264283,-0.0764797793981223
lb30_atr10_m3.0_r0.005_tfnone_rfadx20,30,10,3.0,0.005,none,adx20,-0.03337492249006513,-0.06715769463362542,31,0.2903225806451613,0.6394914929447095,-0.207780962020056,-0.011927278620405546,-0.02506406351918633,10,0.4,0.5327476214374157,-0.23466681326853395,-0.07670840416439098
lb55_atr14_m2.5_r0.005_tfma100_rfnone,55,14,2.5,0.005,ma100,none,-0.017909210002519216,-0.037899899012308946,24,0.20833333333333334,0.7111065099819475,-0.1407332466266912,-0.017691110712531044,-0.025689761165324287,11,0.36363636363636365,0.34235352844432315,-0.30990529471264283,-0.07830583646889848
lb10_atr14_m3.0_r0.005_tfnone_rfadx20,10,14,3.0,0.005,none,adx20,-0.08733805679502538,-0.10894621689365402,59,0.2711864406779661,0.48512207507742605,-0.28874540781083285,-0.005994017178640343,-0.030084546053337324,17,0.35294117647058826,0.847982358703408,-0.06964801081951881,-0.08062687450358313
lb20_atr10_m3.0_r0.0025_tfnone_rfadx20,20,10,3.0,0.0025,none,adx20,-0.03580687907513602,-0.05248701973190051,43,0.20930232558139536,0.49637244571295347,-0.3307828237171276,-0.008048033689009748,-0.018867376617620946,14,0.2857142857142857,0.5592000617166878,-0.22742435986013892,-0.0825768584648739
lb20_atr10_m2.5_r0.0025_tfnone_rfadx20,20,10,2.5,0.0025,none,adx20,-0.048442046206282785,-0.05999966166080717,47,0.2127659574468085,0.422507365384204,-0.4036092544136044,-0.0060453752431769425,-0.017933104262715882,14,0.2857142857142857,0.6818162020528331,-0.1697992169519644,-0.08336287615671392
lb30_atr10_m2.5_r0.005_tfnone_rfadx20,30,10,2.5,0.005,none,adx20,-0.051780245654259205,-0.07600655333501993,35,0.22857142857142856,0.5424220869309277,-0.279530195277166,-0.01027016132113967,-0.02384499930455919,10,0.3,0.6255813468519131,-0.19906368478181596,-0.08470278924454172
lb55_atr20_m2.5_r0.0025_tfnone_rfnone,55,20,2.5,0.0025,none,none,-0.014490696403474779,-0.02188951468015221,27,0.2222222222222222,0.5843480267298854,-0.200735609576155,-0.010741093249980405,-0.012336933259061267,11,0.2727272727272727,0.21242024654723085,-0.37169115240909356,-0.08638687838768658
lb55_atr20_m2.5_r0.0025_tfma100_rfnone,55,20,2.5,0.0025,ma100,none,-0.01510956920734774,-0.021889514680151767,26,0.19230769230769232,0.5663239067616465,-0.21748618339288267,-0.010741093249980405,-0.012336933259061267,11,0.2727272727272727,0.21242024654723085,-0.37169115240909356,-0.08832029961805953
lb55_atr20_m2.5_r0.005_tfnone_rfadx20,55,20,2.5,0.005,none,adx20,-0.030745661365821575,-0.04632615499885817,24,0.16666666666666666,0.5123424588214563,-0.24152778116668747,-0.013532684834584585,-0.017790664185528993,9,0.3333333333333333,0.2986999909963683,-0.28460004697218116,-0.08856670150472903
lb10_atr10_m3.0_r0.005_tfnone_rfadx20,10,10,3.0,0.005,none,adx20,-0.09251638562766429,-0.11501149254724741,61,0.26229508196721313,0.4908423484677301,-0.2830735473644593,-0.008713136108000175,-0.03060754804488819,18,0.3333333333333333,0.8018279354907264,-0.09626988572028534,-0.09010747226309081
lb55_atr20_m2.5_r0.005_tfma100_rfadx20,55,20,2.5,0.005,ma100,adx20,-0.031962227659276476,-0.04632615499885828,23,0.13043478260869565,0.49240937096005305,-0.2622367851156201,-0.013532684834584585,-0.017790664185528993,9,0.3333333333333333,0.2986999909963683,-0.28460004697218116,-0.09113549160486009
lb30_atr14_m2.5_r0.0025_tfma100_rfadx20,30,14,2.5,0.0025,ma100,adx20,-0.024915665555212074,-0.033447745972317366,29,0.20689655172413793,0.4445160619412757,-0.3278782875964517,-0.008810043346352159,-0.01265784873655107,11,0.36363636363636365,0.3630725910094489,-0.30941030494231964,-0.09125248899071564
lb20_atr14_m3.0_r0.0025_tfnone_rfadx20,20,14,3.0,0.0025,none,adx20,-0.0390099627311673,-0.052346482944894634,41,0.24390243902439024,0.4232231916140626,-0.37316244777680185,-0.008995741987630868,-0.01868200297768252,14,0.2857142857142857,0.5193873731260499,-0.25305004897431427,-0.09388841955959557
lb30_atr14_m3.0_r0.0025_tfma100_rfnone,30,14,3.0,0.0025,ma100,none,-0.01679183170271681,-0.026908035509070838,29,0.20689655172413793,0.6057290647651672,-0.2199270812573811,-0.013323936134548076,-0.019729647861785327,12,0.3333333333333333,0.3673084482882996,-0.41255371590692097,-0.09654225107879752
lb10_atr20_m3.0_r0.0025_tfma100_rfnone,10,20,3.0,0.0025,ma100,none,-0.043375029355971706,-0.04754453869815045,47,0.1702127659574468,0.40599851281318255,-0.3580682887800834,-0.01064382108207329,-0.022101835414738202,15,0.3333333333333333,0.5385424976807066,-0.2667940022818452,-0.09769601498064552
lb20_atr14_m2.5_r0.0025_tfma100_rfadx20,20,14,2.5,0.0025,ma100,adx20,-0.03946749664291782,-0.04628610828584845,38,0.23684210526315788,0.3750432002328077,-0.4033832566396856,-0.00829470727854742,-0.01310426244657803,12,0.3333333333333333,0.468528458803603,-0.2673427805661222,-0.09787460413749577
lb10_atr14_m3.0_r0.0025_tfma100_rfnone,10,14,3.0,0.0025,ma100,none,-0.03651649266201573,-0.04408574772032847,44,0.20454545454545456,0.43407322270467924,-0.3215281590648497,-0.012464415999368206,-0.022782352536817707,15,0.3333333333333333,0.5105520128847151,-0.30968965116332314,-0.09932801598054147
lb20_atr20_m3.0_r0.0025_tfnone_rfadx20,20,20,3.0,0.0025,none,adx20,-0.043710485010220124,-0.05144101020040415,43,0.20930232558139536,0.4091514685411527,-0.3988817276815818,-0.00949921478029414,-0.01913169826914418,14,0.2857142857142857,0.49105383427872523,-0.2667856517668377,-0.10145344875792721
lb30_atr14_m2.5_r0.0025_tfnone_rfadx20,30,14,2.5,0.0025,none,adx20,-0.029030715707284216,-0.037991750046018846,34,0.23529411764705882,0.467174884091464,-0.3283747596131259,-0.011366966159251368,-0.015204845559668168,13,0.3076923076923077,0.30601368873099005,-0.3410810481031636,-0.10187361687752042
lb20_atr14_m3.0_r0.0025_tfma100_rfnone,20,14,3.0,0.0025,ma100,none,-0.030427519726020424,-0.03768258397691815,36,0.19444444444444445,0.4622237233840538,-0.32731903755293,-0.012497932695099911,-0.018919784104903026,13,0.3076923076923077,0.4369131664588863,-0.35645120905033834,-0.10395153389813798
lb10_atr20_m3.0_r0.005_tfnone_rfadx20,10,20,3.0,0.005,none,adx20,-0.09985648425721205,-0.11496540181338988,61,0.21311475409836064,0.4552679014028314,-0.32873363073101186,-0.010292259028760853,-0.03427242874671543,17,0.35294117647058826,0.7478935800287861,-0.11874366602796016,-0.10429794875280049
lb10_atr14_m2.5_r0.0025_tfma100_rfadx20,10,14,2.5,0.0025,ma100,adx20,-0.0485843310726749,-0.0562996799272768,49,0.22448979591836735,0.36742029731318987,-0.3858008254445776,-0.01065190748969913,-0.017537848986421856,15,0.26666666666666666,0.5055186835695841,-0.27363168034955154,-0.10467048686013394
lb20_atr10_m3.0_r0.0025_tfma100_rfnone,20,10,3.0,0.0025,ma100,none,-0.033057475167332595,-0.041316980339643705,38,0.18421052631578946,0.4714236725407538,-0.33925096013841516,-0.012097829468278198,-0.019449527118413523,13,0.3076923076923077,0.4569757744713022,-0.347769344801242,-0.10470692570963516
lb55_atr20_m2.5_r0.005_tfnone_rfnone,55,20,2.5,0.005,none,none,-0.0290167241916105,-0.043367468386947494,27,0.2222222222222222,0.5826441617427632,-0.20073560957615502,-0.021398160416700174,-0.02455163542861849,11,0.2727272727272727,0.2119422189823333,-0.3716911524090935,-0.10499492603696
lb55_atr20_m2.5_r0.005_tfma100_rfnone,55,20,2.5,0.005,ma100,none,-0.030235460572529016,-0.043367468386947605,26,0.19230769230769232,0.564568192762086,-0.2174861833928827,-0.021398160416700174,-0.02455163542861849,11,0.2727272727272727,0.2119422189823333,-0.3716911524090935,-0.10719883029163416
lb30_atr20_m3.0_r0.0025_tfma100_rfnone,30,20,3.0,0.0025,ma100,none,-0.027302181280639548,-0.030985388096835265,31,0.12903225806451613,0.44073525832837523,-0.33381160544758137,-0.012269637387750887,-0.019000370994618043,12,0.3333333333333333,0.3826160987217718,-0.38013797724315074,-0.10720453557286128
lb30_atr14_m3.0_r0.0025_tfnone_rfnone,30,14,3.0,0.0025,none,none,-0.02246477946110892,-0.029012436019280052,35,0.2571428571428571,0.576768214734665,-0.245436631422452,-0.01599007180086265,-0.022378474405957638,14,0.2857142857142857,0.32584147851304224,-0.4306881829649037,-0.10783639453176476
lb10_atr20_m2.5_r0.0025_tfma100_rfadx20,10,20,2.5,0.0025,ma100,adx20,-0.052344616261914,-0.057682556449401456,51,0.19607843137254902,0.35081035032181485,-0.39906115475554543,-0.01116245676652905,-0.015363628125523499,16,0.375,0.3790870757065955,-0.2686552254462731,-0.10926314827647654
lb30_atr10_m3.0_r0.0025_tfma100_rfnone,30,10,3.0,0.0025,ma100,none,-0.020135170690036897,-0.03152448143631259,30,0.23333333333333334,0.5681211909845958,-0.2585292374756063,-0.014342411853755621,-0.020562472137756194,12,0.3333333333333333,0.32102415771293474,-0.4479825767445831,-0.10990205690635238
lb55_atr20_m2.0_r0.0025_tfnone_rfadx20,55,20,2.0,0.0025,none,adx20,-0.032331974127417396,-0.036491461647162104,29,0.20689655172413793,0.266185834331055,-0.42158724553450216,-0.009653010291730935,-0.01164388173579567,11,0.18181818181818182,0.30361964770664734,-0.33223833229514815,-0.11015683649117422
lb10_atr10_m2.5_r0.005_tfnone_rfadx20,10,10,2.5,0.005,none,adx20,-0.15195945668015465,-0.15922074642293738,74,0.1891891891891892,0.34558347843841025,-0.40762099499866244,-0.00038878314490098376,-0.025621178332436267,19,0.42105263157894735,0.9911489718160177,-0.004620871606722256,-0.11100969432586948
lb10_atr10_m3.0_r0.0025_tfma100_rfnone,10,10,3.0,0.0025,ma100,none,-0.0371288363935951,-0.04349426553986291,45,0.2,0.4591190255441622,-0.3206495862725641,-0.01570217296969334,-0.02473477997255813,16,0.3125,0.46266866862764655,-0.36455142721337186,-0.11131806839346453
lb20_atr20_m3.0_r0.0025_tfma100_rfnone,20,20,3.0,0.0025,ma100,none,-0.04165465057822204,-0.04400595639098548,39,0.15384615384615385,0.3661221955176467,-0.413782512036248,-0.011474747716115563,-0.018207550195756927,13,0.3076923076923077,0.44347982414652243,-0.3272548972829259,-0.11284325193755292
lb20_atr10_m2.5_r0.0025_tfma100_rfnone,20,10,2.5,0.0025,ma100,none,-0.0416635389393214,-0.045759324217045094,42,0.19047619047619047,0.4130051683502899,-0.382587869176987,-0.012404585562482251,-0.02038309224555479,13,0.23076923076923078,0.507497764222503,-0.3484889511736451,-0.11315015640497728
lb55_atr20_m2.0_r0.0025_tfma100_rfadx20,55,20,2.0,0.0025,ma100,adx20,-0.033307578499284896,-0.03629239937906803,28,0.17857142857142858,0.243280359850551,-0.44989269853375,-0.009653010291730935,-0.01164388173579567,11,0.18181818181818182,0.30361964770664734,-0.33223833229514815,-0.1132852243604609
lb30_atr20_m2.5_r0.0025_tfma100_rfadx20,30,20,2.5,0.0025,ma100,adx20,-0.031469242254909546,-0.03824341617039495,31,0.1935483870967742,0.35780040186895773,-0.38617283888008547,-0.010757026676802672,-0.012165766866681915,11,0.2727272727272727,0.2621358087195282,-0.37395612088677815,-0.11428414189259742
lb30_atr14_m2.5_r0.005_tfma100_rfadx20,30,14,2.5,0.005,ma100,adx20,-0.048738061858357495,-0.06587438231162879,29,0.20689655172413793,0.4481249675677878,-0.32787828759645166,-0.01758337409862576,-0.025188661570237803,11,0.36363636363636365,0.3632686097633909,-0.3094103049423197,-0.11455392379036347
lb10_atr14_m2.5_r0.0025_tfnone_rfadx20,10,14,2.5,0.0025,none,adx20,-0.06633404699864076,-0.0726873334758783,71,0.2535211267605634,0.3825506131133486,-0.3723757585847749,-0.01546478145618102,-0.022467749241251722,23,0.21739130434782608,0.5020802531368671,-0.26258791356416206,-0.11581986089612138
lb20_atr10_m3.0_r0.005_tfnone_rfadx20,20,10,3.0,0.005,none,adx20,-0.07449713274774772,-0.10236776450801455,43,0.20930232558139536,0.4699048277914468,-0.3307828237171276,-0.016123812389316594,-0.03735338349628137,14,0.2857142857142857,0.5587415554891311,-0.227424359860139,-0.11650566781943877
lb30_atr14_m3.0_r0.005_tfma100_rfnone,30,14,3.0,0.005,ma100,none,-0.033688192744561696,-0.0531845604140343,29,0.20689655172413793,0.6032007692255361,-0.2199270812573811,-0.02405274386874323,-0.03665578265901093,12,0.3333333333333333,0.3910166842021068,-0.41255371590692097,-0.11769020283825551
lb30_atr10_m3.0_r0.0025_tfnone_rfnone,30,10,3.0,0.0025,none,none,-0.023404540464195267,-0.0320139312477562,36,0.25,0.5823071787366652,-0.25128157939580187,-0.017483719332322623,-0.0236839561785267,14,0.2857142857142857,0.27929392626695254,-0.4739357945472106,-0.11822911569488193
lb30_atr20_m3.0_r0.0025_tfnone_rfnone,30,20,3.0,0.0025,none,none,-0.03222333511845732,-0.03240891403088486,37,0.1891891891891892,0.4525206018235098,-0.33198055351574157,-0.015509329417904838,-0.022217986651656085,14,0.2857142857142857,0.3288162726263961,-0.41791251772777177,-0.11914025540493664
lb20_atr10_m2.5_r0.005_tfnone_rfadx20,20,10,2.5,0.005,none,adx20,-0.09734215017370973,-0.11656886636252461,47,0.2127659574468085,0.4087120988708093,-0.4036092544136044,-0.012184420711577104,-0.03550458155409553,14,0.2857142857142857,0.679918499802271,-0.16979921695196445,-0.1214145261959519
lb10_atr10_m2.5_r0.0025_tfma100_rfnone,10,10,2.5,0.0025,ma100,none,-0.056268349736164125,-0.06113918772172111,55,0.18181818181818182,0.35875962004315365,-0.39706045218492897,-0.015149295574673483,-0.024392550188022444,17,0.35294117647058826,0.5166875906519136,-0.3221395091711693,-0.12180249505560194
lb55_atr14_m2.0_r0.0025_tfnone_rfadx20,55,14,2.0,0.0025,none,adx20,-0.03207919926267977,-0.03609936144798542,29,0.20689655172413793,0.24776298186187204,-0.4204875803558159,-0.0120477543089893,-0.01406844206931801,12,0.08333333333333333,0.1369534819949841,-0.3814824339477915,-0.12328506466808883
lb30_atr20_m2.5_r0.0025_tfnone_rfadx20,30,20,2.5,0.0025,none,adx20,-0.03541471403370611,-0.042645624939074644,36,0.19444444444444445,0.3956540292883878,-0.37684894123689777,-0.013800929972133558,-0.015205335464651415,13,0.23076923076923078,0.216479354465749,-0.40911829811797146,-0.12453119859490977
lb30_atr10_m2.5_r0.0025_tfma100_rfnone,30,10,2.5,0.0025,ma100,none,-0.028069744491196813,-0.034679003477342873,34,0.17647058823529413,0.4851713263895919,-0.31317433319944854,-0.015687804067538114,-0.020604499357659956,12,0.25,0.35306015739471586,-0.48148448351895046,-0.12513691830849766
lb55_atr20_m2.0_r0.0025_tfnone_rfnone,55,20,2.0,0.0025,none,none,-0.029943488860437628,-0.03411324320144071,33,0.24242424242424243,0.37649554960970333,-0.3413354499469845,-0.015435724606521095,-0.017414971194935958,13,0.15384615384615385,0.21404982542024986,-0.4507851180802506,-0.12626022377147372
lb55_atr10_m2.0_r0.0025_tfnone_rfadx20,55,10,2.0,0.0025,none,adx20,-0.03614904522442142,-0.039862441289054806,30,0.16666666666666666,0.20962523422803214,-0.4591596554143615,-0.010628585235305521,-0.012572209392647693,11,0.09090909090909091,0.10803587545290236,-0.36902756749138366,-0.1267979934883443
lb55_atr14_m2.0_r0.0025_tfma100_rfadx20,55,14,2.0,0.0025,ma100,adx20,-0.03338311114265191,-0.03609936144798653,28,0.17857142857142858,0.21613109885869103,-0.45326564308279294,-0.0120477543089893,-0.01406844206931801,12,0.08333333333333333,0.1369534819949841,-0.3814824339477915,-0.12707204027422037
lb20_atr14_m2.5_r0.0025_tfnone_rfadx20,20,14,2.5,0.0025,none,adx20,-0.05023150574065427,-0.058797571647565494,47,0.23404255319148937,0.3786818472145509,-0.4211343463455004,-0.015123738635702266,-0.01990017448562742,17,0.29411764705882354,0.3275218564783378,-0.347183285490847,-0.12723164283026653
lb20_atr14_m3.0_r0.005_tfnone_rfadx20,20,14,3.0,0.005,none,adx20,-0.0783061575539512,-0.1020918558203473,41,0.24390243902439024,0.4138836325361769,-0.37316244777680185,-0.01799230687259845,-0.03701105684048389,14,0.2857142857142857,0.5193579595248718,-0.2530500489743143,-0.128348363059013
lb55_atr20_m2.0_r0.0025_tfma100_rfnone,55,20,2.0,0.0025,ma100,none,-0.030921501306775956,-0.03377403144783164,32,0.21875,0.3554808793021419,-0.36359485270921643,-0.015435724606521095,-0.017414971194935958,13,0.15384615384615385,0.21404982542024986,-0.4507851180802506,-0.12882119150674537
lb20_atr14_m2.5_r0.005_tfma100_rfadx20,20,14,2.5,0.005,ma100,adx20,-0.0769966957217848,-0.09052116895778695,38,0.23684210526315788,0.37786430393968234,-0.4033832566396856,-0.016574892248896522,-0.02606622057814345,12,0.3333333333333333,0.4686948637533479,-0.2673427805661222,-0.1288469965795141
lb20_atr20_m2.5_r0.0025_tfma100_rfadx20,20,20,2.5,0.0025,ma100,adx20,-0.045180720028567656,-0.04974063792887096,40,0.2,0.3347963831016714,-0.43799417174548,-0.01277225180936703,-0.014178122200104393,13,0.23076923076923078,0.2303165156516925,-0.3771184300332132,-0.12960576442042748
lb10_atr14_m3.0_r0.0025_tfnone_rfnone,10,14,3.0,0.0025,none,none,-0.05389605448679402,-0.05626667542922492,66,0.24242424242424243,0.4401584702398586,-0.32317559916099164,-0.023757856870079586,-0.03588253918469364,25,0.24,0.41122637902554693,-0.3669879249955445,-0.129799664955559
lb30_atr14_m2.5_r0.005_tfnone_rfadx20,30,14,2.5,0.005,none,adx20,-0.058004125413868235,-0.07466015280083838,34,0.23529411764705882,0.4589489290642634,-0.3283747596131259,-0.022648125612824255,-0.03021420477889436,13,0.3076923076923077,0.3061406607828595,-0.3410810481031636,-0.130236195300396
lb20_atr10_m3.0_r0.0025_tfnone_rfnone,20,10,3.0,0.0025,none,none,-0.04008469243331203,-0.04861753204945973,48,0.1875,0.4882284463351462,-0.3301574093626016,-0.021070956623008064,-0.02835587871602263,19,0.21052631578947367,0.32547822947344296,-0.42560995053047695,-0.13038328680991404
lb55_atr10_m2.0_r0.0025_tfma100_rfadx20,55,10,2.0,0.0025,ma100,adx20,-0.0375896134004895,-0.039061294050112494,29,0.13793103448275862,0.17689796643985187,-0.4941266766397614,-0.010628585235305521,-0.012572209392647693,11,0.09090909090909091,0.10803587545290236,-0.36902756749138366,-0.13073733922312136
lb30_atr10_m2.5_r0.0025_tfnone_rfnone,30,10,2.5,0.0025,none,none,-0.031522920741470895,-0.035410635213726116,40,0.225,0.5154621014888071,-0.29988827320477984,-0.018628994959176137,-0.023530998833846684,14,0.21428571428571427,0.3146558835965969,-0.4969724843635413,-0.13095692100665815
lb20_atr14_m3.0_r0.005_tfma100_rfnone,20,14,3.0,0.005,ma100,none,-0.060337861587660524,-0.07405979149699649,36,0.19444444444444445,0.46159773495316375,-0.32731903755293,-0.022439725594082804,-0.03587536632486732,13,0.3076923076923077,0.46328805829242037,-0.35645120905033834,-0.1318726967480887
lb10_atr20_m2.5_r0.0025_tfnone_rfadx20,10,20,2.5,0.0025,none,adx20,-0.06929894448036034,-0.07235564442965836,72,0.20833333333333334,0.3556905400135403,-0.3809968156215354,-0.01955335671838876,-0.023718878532323795,24,0.3333333333333333,0.3486576463995101,-0.31561740491988044,-0.13232704474126464
lb10_atr20_m3.0_r0.0025_tfnone_rfnone,10,20,3.0,0.0025,none,none,-0.062468200269553464,-0.06544820756913461,69,0.18840579710144928,0.4059031785293295,-0.35795718200977283,-0.021275678034541334,-0.03340138574424767,24,0.25,0.41644270699287145,-0.34398017640158374,-0.13249483832367356
lb30_atr20_m3.0_r0.005_tfma100_rfnone,30,20,3.0,0.005,ma100,none,-0.054221745467813665,-0.061100972462249326,31,0.12903225806451613,0.4390912794425787,-0.3338116054475813,-0.021897852480111446,-0.03515127741487245,12,0.3333333333333333,0.4095551810650037,-0.38013797724315074,-0.13252122491091992
lb10_atr14_m3.0_r0.005_tfma100_rfnone,10,14,3.0,0.005,ma100,none,-0.07215015112055634,-0.08634841054914022,44,0.20454545454545456,0.43360634236756873,-0.3215281590648498,-0.02376868774476104,-0.04395933747000591,15,0.3333333333333333,0.5226044172249095,-0.3096896511633232,-0.13277318098441926
lb10_atr20_m3.0_r0.005_tfma100_rfnone,10,20,3.0,0.005,ma100,none,-0.0852751001385963,-0.09296301688002273,47,0.1702127659574468,0.4055912741444368,-0.3580682887800834,-0.020082896634746383,-0.04255540902631172,15,0.3333333333333333,0.5533691694184885,-0.2667940022818452,-0.13313421037840312
lb30_atr14_m3.0_r0.005_tfnone_rfnone,30,14,3.0,0.005,none,none,-0.04506219460093097,-0.05729576448888085,35,0.2571428571428571,0.5724306466816514,-0.245436631422452,-0.02932281683305915,-0.04185779975905801,14,0.2857142857142857,0.34459467277458455,-0.43068818296490363,-0.13404238886639955
lb30_atr10_m3.0_r0.005_tfma100_rfnone,30,10,3.0,0.005,ma100,none,-0.04026166405589782,-0.06214760922609497,30,0.23333333333333334,0.5663682357318651,-0.2585292374756063,-0.026963425810165753,-0.03917875067725829,12,0.3333333333333333,0.3340939126085603,-0.44798257674458314,-0.1347915527175444
lb20_atr10_m3.0_r0.005_tfma100_rfnone,20,10,3.0,0.005,ma100,none,-0.06545396217058785,-0.08105333738334652,38,0.18421052631578946,0.4711480629280206,-0.33925096013841516,-0.02256487361559234,-0.03802031522191973,13,0.3076923076923077,0.4738407766734592,-0.34776934480124194,-0.13510774039314444
lb10_atr10_m3.0_r0.0025_tfnone_rfnone,10,10,3.0,0.0025,none,none,-0.05116202097908151,-0.056687505130074145,67,0.23880597014925373,0.4963563907179325,-0.304682545325474,-0.02826379914690147,-0.03718113186035932,27,0.2222222222222222,0.38225542336397855,-0.40337326288552017,-0.13571349905002641
lb20_atr14_m3.0_r0.0025_tfnone_rfnone,20,14,3.0,0.0025,none,none,-0.040857158341654376,-0.04601911491667865,46,0.21739130434782608,0.4388970125484193,-0.3477361607456845,-0.021961189430414363,-0.02832150007932288,19,0.21052631578947367,0.30593804464956575,-0.44279711857493315,-0.1360778768806804
lb55_atr20_m2.0_r0.005_tfnone_rfadx20,55,20,2.0,0.005,none,adx20,-0.06283874168122705,-0.07093474793542309,29,0.20689655172413793,0.27029675598889275,-0.42158724553450216,-0.019256696427637943,-0.02318472777028846,11,0.18181818181818182,0.30302151235315566,-0.33223833229514815,-0.13695808827644784
lb20_atr20_m3.0_r0.005_tfnone_rfadx20,20,20,3.0,0.005,none,adx20,-0.08774525028179214,-0.1003947486160146,43,0.20930232558139536,0.3970257380947079,-0.3988817276815817,-0.01898487605211474,-0.0378972183706181,14,0.2857142857142857,0.4912938212940781,-0.2667856517668378,-0.13834140585709293
lb55_atr14_m2.0_r0.0025_tfnone_rfnone,55,14,2.0,0.0025,none,none,-0.030533969575145092,-0.034560549717325584,33,0.24242424242424243,0.3440738671700032,-0.3502470160991609,-0.018122656577486018,-0.02013091916168641,14,0.07142857142857142,0.0954260986709491,-0.4913973608286341,-0.13880536388285775
lb20_atr10_m2.5_r0.0025_tfnone_rfnone,20,10,2.5,0.0025,none,none,-0.051027687339522454,-0.05435612848257687,52,0.21153846153846154,0.42484494783783855,-0.38270706955273137,-0.020952619840854725,-0.028862069349683606,19,0.21052631578947367,0.3809243204200838,-0.416522733943685,-0.13888331288495756
lb55_atr20_m2.0_r0.005_tfma100_rfadx20,55,20,2.0,0.005,ma100,adx20,-0.06472653321200983,-0.07093474793542354,28,0.17857142857142858,0.24685801841148927,-0.44989269853374997,-0.019256696427637943,-0.02318472777028846,11,0.18181818181818182,0.30302151235315566,-0.33223833229514815,-0.14053042834729712
lb55_atr14_m2.0_r0.0025_tfma100_rfnone,55,14,2.0,0.0025,ma100,none,-0.031839963075167454,-0.034560549717325695,32,0.21875,0.31509605928764695,-0.3767328033522453,-0.018122656577486018,-0.02013091916168641,14,0.07142857142857142,0.0954260986709491,-0.4913973608286341,-0.14201483432527745
lb30_atr20_m2.5_r0.005_tfma100_rfadx20,30,20,2.5,0.005,ma100,adx20,-0.06205660653970313,-0.07512102997572678,31,0.1935483870967742,0.3580909267311323,-0.38617283888008547,-0.02143672537285035,-0.02421982541598966,11,0.2727272727272727,0.2615068062876745,-0.37395612088677815,-0.14222842629551558
lb30_atr14_m2.5_r0.0025_tfma100_rfnone,30,14,2.5,0.0025,ma100,none,-0.029713819040583678,-0.035457485784391896,35,0.2,0.44489982546321943,-0.3227953412754227,-0.02126739793585597,-0.02526360948855788,15,0.26666666666666666,0.19018984245689466,-0.5304504813223077,-0.1426635193910246
lb20_atr14_m2.5_r0.0025_tfma100_rfnone,20,14,2.5,0.0025,ma100,none,-0.043593746039646164,-0.04711013432570332,43,0.20930232558139536,0.38198845701235834,-0.3924948828094083,-0.019740699309316323,-0.0237559813996977,16,0.25,0.2693136415670627,-0.4605886219489992,-0.14317300281083276
lb10_atr14_m2.5_r0.005_tfma100_rfadx20,10,14,2.5,0.005,ma100,adx20,-0.09529871801446532,-0.10924482902371857,49,0.22448979591836735,0.365331420799544,-0.3858008254445777,-0.021120252100190195,-0.03467179115796626,15,0.26666666666666666,0.507601675441912,-0.27363168034955154,-0.14329801121969601
lb30_atr20_m2.0_r0.0025_tfma100_rfadx20,30,20,2.0,0.0025,ma100,adx20,-0.0514380335503275,-0.05585706546993097,38,0.23684210526315788,0.2186345911088525,-0.5171414364316843,-0.01350457129649052,-0.015487700037342012,13,0.15384615384615385,0.2796111203035622,-0.39580561628279054,-0.14424162876737984
lb55_atr20_m1.5_r0.0025_tfnone_rfadx20,55,20,1.5,0.0025,none,adx20,-0.045034969484599174,-0.04867534345716884,35,0.2571428571428571,0.20499935352266732,-0.4788292400599721,-0.016989815692538213,-0.01932071002485969,15,0.26666666666666666,0.25041690896694296,-0.42370350393679046,-0.1451618225475654
lb20_atr20_m3.0_r0.005_tfma100_rfnone,20,20,3.0,0.005,ma100,none,-0.08197389685334866,-0.08647012735807158,39,0.15384615384615385,0.3658317436832918,-0.413782512036248,-0.02033925956406113,-0.033664394449642754,13,0.3076923076923077,0.4732368417836394,-0.327254897282926,-0.1452489456194693
lb20_atr20_m3.0_r0.0025_tfnone_rfnone,20,20,3.0,0.0025,none,none,-0.05052605784130171,-0.05139934059879214,49,0.1836734693877551,0.37596345014635046,-0.4041622054759333,-0.021506361623816805,-0.028170839217638077,19,0.21052631578947367,0.297986958612812,-0.4348903023657144,-0.14536105599618807
lb55_atr20_m1.5_r0.0025_tfma100_rfadx20,55,20,1.5,0.0025,ma100,adx20,-0.043836866269978514,-0.045934047284419854,33,0.24242424242424243,0.17547641381145046,-0.4938825175934924,-0.016989815692538213,-0.01932071002485969,15,0.26666666666666666,0.25041690896694296,-0.42370350393679046,-0.14586604728795208
lb55_atr10_m2.0_r0.0025_tfnone_rfnone,55,10,2.0,0.0025,none,none,-0.03587048112330804,-0.03958495040245835,34,0.17647058823529413,0.28683762505304705,-0.40073565306912967,-0.016727168813327475,-0.018658812278493864,13,0.07692307692307693,0.0714617163308429,-0.4898099243382153,-0.14598802741857167
lb20_atr10_m2.5_r0.005_tfma100_rfnone,20,10,2.5,0.005,ma100,none,-0.08210843545509394,-0.08955233930699402,42,0.19047619047619047,0.4117935180977771,-0.382587869176987,-0.02087216420005711,-0.03867740257926311,13,0.23076923076923078,0.550033094923287,-0.3484889511736452,-0.1460783542660842
lb10_atr10_m3.0_r0.005_tfma100_rfnone,10,10,3.0,0.005,ma100,none,-0.07331207518833127,-0.08524307082206406,45,0.2,0.45865706046356153,-0.3206495862725641,-0.02914441589251493,-0.0468416885301276,16,0.3125,0.48106896493391854,-0.3645514272133718,-0.1462324332784979
lb30_atr10_m3.0_r0.005_tfnone_rfnone,30,10,3.0,0.005,none,none,-0.046714191796498716,-0.06310931497317829,36,0.25,0.5801478961881799,-0.25128157939580187,-0.03316001022221782,-0.04529754429123811,14,0.2857142857142857,0.28940450003119356,-0.47393579454721063,-0.14713882169308132
lb30_atr20_m2.0_r0.0025_tfnone_rfadx20,30,20,2.0,0.0025,none,adx20,-0.05358741878482909,-0.05945413702274649,43,0.23255813953488372,0.28813305573754366,-0.4784322667778503,-0.016239686907321582,-0.01821731730908338,15,0.13333333333333333,0.24357222417443125,-0.41503628730029923,-0.14763741250846105
lb10_atr20_m2.5_r0.005_tfma100_rfadx20,10,20,2.5,0.005,ma100,adx20,-0.10187527916801531,-0.11155676412929982,51,0.19607843137254902,0.34960473443209794,-0.39906115475554543,-0.022252302451057915,-0.03053248522514318,16,0.375,0.3790830634743379,-0.2686552254462731,-0.14915039083717094
lb55_atr10_m2.0_r0.0025_tfma100_rfnone,55,10,2.0,0.0025,ma100,none,-0.03731146564028154,-0.03878357162267543,33,0.15151515151515152,0.2570781863388888,-0.42969382316583765,-0.016727168813327475,-0.018658812278493864,13,0.07692307692307693,0.0714617163308429,-0.4898099243382153,-0.14937059141200076
lb30_atr20_m3.0_r0.005_tfnone_rfnone,30,20,3.0,0.005,none,none,-0.06393669687014147,-0.06393669687014147,37,0.1891891891891892,0.4496413938135111,-0.3319805535157416,-0.028308603445610814,-0.041475161781711956,14,0.2857142857142857,0.34884547121419734,-0.41791251772777177,-0.14951128635138614
lb55_atr20_m1.5_r0.0025_tfma100_rfnone,55,20,1.5,0.0025,ma100,none,-0.037502507146959796,-0.039613581499496675,37,0.2972972972972973,0.34218561181869905,-0.3738500943908881,-0.023050586253672067,-0.02536710940655318,17,0.23529411764705882,0.19754886801900842,-0.5082669350787645,-0.14955540887031984
lb55_atr20_m1.5_r0.0025_tfnone_rfnone,55,20,1.5,0.0025,none,none,-0.03870854751765862,-0.04237303812396043,39,0.3076923076923077,0.3600557354554526,-0.36649625164042654,-0.023050586253672067,-0.02536710940655318,17,0.23529411764705882,0.19754886801900842,-0.5082669350787645,-0.14965335342570793
lb30_atr14_m2.5_r0.0025_tfnone_rfnone,30,14,2.5,0.0025,none,none,-0.03683373692024905,-0.039946426528393975,42,0.21428571428571427,0.44229968386200647,-0.3363832143482227,-0.023792185138497346,-0.027778087865513945,17,0.23529411764705882,0.17323103705856127,-0.5286645582829544,-0.14979505607255097
lb30_atr14_m2.0_r0.0025_tfnone_rfadx20,30,14,2.0,0.0025,none,adx20,-0.05146305538629792,-0.055586485829758114,42,0.23809523809523808,0.28079872522329935,-0.47051096000879417,-0.017856274880961864,-0.01986508230347417,16,0.125,0.15367446847552316,-0.42910001458415503,-0.15087977814400985
lb30_atr14_m2.0_r0.0025_tfma100_rfadx20,30,14,2.0,0.0025,ma100,adx20,-0.04966505476215799,-0.05325780868974084,37,0.24324324324324326,0.19784231982015366,-0.5125156614036801,-0.01551512299978508,-0.017528718849037617,14,0.14285714285714285,0.17312898050006578,-0.4224226964083373,-0.1509316014714803
lb10_atr20_m2.5_r0.0025_tfma100_rfnone,10,20,2.5,0.0025,ma100,none,-0.056446979977449185,-0.061761812427127305,57,0.19298245614035087,0.3573924204137298,-0.3848148793000702,-0.02412307809340508,-0.028449201432640514,21,0.2857142857142857,0.2195752483538925,-0.4363347934818203,-0.15125364817581613
lb10_atr14_m2.5_r0.0025_tfma100_rfnone,10,14,2.5,0.0025,ma100,none,-0.05298563499221132,-0.058062611333628555,55,0.2,0.37227680924029216,-0.37505233880068595,-0.024460005231312865,-0.0314580947515507,20,0.2,0.30761664446793757,-0.46330505089737783,-0.15180112819756442
lb55_atr14_m1.5_r0.0025_tfnone_rfadx20,55,14,1.5,0.0025,none,adx20,-0.049176068795770744,-0.05267005647329692,36,0.25,0.18375148989218512,-0.5116026780092845,-0.017131279645952735,-0.019809840501637588,15,0.26666666666666666,0.2355965113669272,-0.4283257362740649,-0.15192044505488309
lb55_atr14_m2.0_r0.005_tfnone_rfadx20,55,14,2.0,0.005,none,adx20,-0.06290749612042457,-0.07066654555662699,29,0.20689655172413793,0.2500176067876523,-0.42048758035581596,-0.023984545481618103,-0.027968942258934537,12,0.08333333333333333,0.1367764141122845,-0.3814824339477915,-0.15215634848552187
lb20_atr20_m2.0_r0.0025_tfma100_rfadx20,20,20,2.0,0.0025,ma100,adx20,-0.06584955460092834,-0.06990156538996861,48,0.20833333333333334,0.24005204169724978,-0.5306977956498299,-0.014851354295311703,-0.016831775629727264,15,0.13333333333333333,0.26101283006255716,-0.3780223894150526,-0.15221742402642904
lb30_atr10_m2.5_r0.005_tfma100_rfnone,30,10,2.5,0.005,ma100,none,-0.05583565275129154,-0.06824851165551504,34,0.17647058823529413,0.48263961239003805,-0.3131743331994485,-0.02731500072600279,-0.03696806531745078,12,0.25,0.38465230288489966,-0.4814844835189504,-0.1523913296421223
lb20_atr20_m2.5_r0.0025_tfnone_rfadx20,20,20,2.5,0.0025,none,adx20,-0.05454841896707896,-0.061209281072779564,49,0.1836734693877551,0.35587288959642677,-0.4383329893002028,-0.020372973177029352,-0.02176801969339881,18,0.2222222222222222,0.15907677629009187,-0.4386229104227357,-0.15277260528206751
lb55_atr14_m1.5_r0.0025_tfma100_rfadx20,55,14,1.5,0.0025,ma100,adx20,-0.04811899241043138,-0.05011203183713653,34,0.23529411764705882,0.1503122134546312,-0.5302829769657871,-0.017131279645952735,-0.019809840501637588,15,0.26666666666666666,0.2355965113669272,-0.4283257362740649,-0.15307227579370622
lb30_atr10_m2.0_r0.0025_tfma100_rfadx20,30,10,2.0,0.0025,ma100,adx20,-0.05380874028291127,-0.05601461877302072,38,0.21052631578947367,0.169765555742242,-0.543284285060208,-0.014286618945302032,-0.016223056880583453,13,0.15384615384615385,0.15094355206834467,-0.42093253779646467,-0.15534458969846823
lb30_atr20_m2.5_r0.0025_tfma100_rfnone,30,20,2.5,0.0025,ma100,none,-0.03514925626102261,-0.03830268363788769,37,0.21621621621621623,0.38043365341799135,-0.3602969115744036,-0.022477510383813404,-0.02405441758986615,15,0.2,0.1444308583271563,-0.5600622497359351,-0.1555214605578083
lb10_atr10_m2.5_r0.0025_tfnone_rfnone,10,10,2.5,0.0025,none,none,-0.08595666339917385,-0.08867919341432606,83,0.18072289156626506,0.3525162744129869,-0.412329240302691,-0.026274905254585645,-0.0356751064566142,28,0.2857142857142857,0.4505536379006095,-0.35514126459455614,-0.15612435837907826
lb55_atr20_m2.0_r0.005_tfnone_rfnone,55,20,2.0,0.005,none,none,-0.05824357196078278,-0.0663051344398995,33,0.24242424242424243,0.3808877367300119,-0.3413354499469845,-0.03069338223118856,-0.034575607846561884,13,0.15384615384615385,0.21392301055694435,-0.4507851180802506,-0.1563119580880743
lb55_atr14_m2.0_r0.005_tfma100_rfadx20,55,14,2.0,0.005,ma100,adx20,-0.06542886403961556,-0.07066654555662644,28,0.17857142857142858,0.2178534235681281,-0.4532656430827929,-0.023984545481618103,-0.027968942258934537,12,0.08333333333333333,0.1367764141122845,-0.3814824339477915,-0.15649676846157326
lb55_atr10_m2.0_r0.005_tfnone_rfadx20,55,10,2.0,0.005,none,adx20,-0.07069392652927653,-0.07782705728811312,30,0.16666666666666666,0.21162522529753072,-0.4591596554143615,-0.021167971950846187,-0.02500627057640803,11,0.09090909090909091,0.10809249382093251,-0.36902756749138366,-0.156665650952316
lb30_atr10_m2.0_r0.0025_tfnone_rfadx20,30,10,2.0,0.0025,none,adx20,-0.05586675511518846,-0.05718063707770338,43,0.20930232558139536,0.25163685690008036,-0.5008153328238655,-0.016937813422847503,-0.018869043075824155,15,0.13333333333333333,0.13014113219196585,-0.4356493962407611,-0.15680150701101142
lb20_atr14_m2.0_r0.0025_tfma100_rfadx20,20,14,2.0,0.0025,ma100,adx20,-0.061087476632182836,-0.06597168659235353,46,0.21739130434782608,0.24051226087883137,-0.5146419557018609,-0.01716858233177887,-0.019178796312070645,16,0.125,0.15915301988481306,-0.4098204761134125,-0.1571527437963893
lb30_atr20_m2.5_r0.005_tfnone_rfadx20,30,20,2.5,0.005,none,adx20,-0.07085520308344995,-0.083591569936042,36,0.19444444444444445,0.3860461163184703,-0.3768489412368977,-0.02745389269056764,-0.030219879503468605,13,0.23076923076923078,0.21585117831185377,-0.40911829811797146,-0.1577378944332862
lb10_atr20_m2.0_r0.0025_tfma100_rfadx20,10,20,2.0,0.0025,ma100,adx20,-0.08434181625044668,-0.08831361421714456,63,0.19047619047619047,0.2082140596181048,-0.5210707866066725,-0.0178798594732823,-0.021086792090126427,20,0.2,0.2892356610789937,-0.34318229346156726,-0.15916868545539742
lb55_atr20_m2.0_r0.005_tfma100_rfnone,55,20,2.0,0.005,ma100,none,-0.06014061987343433,-0.06565742534754415,32,0.21875,0.35943232640837747,-0.36359485270921643,-0.03069338223118856,-0.034575607846561884,13,0.15384615384615385,0.21392301055694435,-0.4507851180802506,-0.15924792992591022
lb55_atr10_m2.0_r0.005_tfma100_rfadx20,55,10,2.0,0.005,ma100,adx20,-0.07346765596424487,-0.07629696417174958,29,0.13793103448275862,0.17824001421909996,-0.4941266766397614,-0.021167971950846187,-0.02500627057640803,11,0.09090909090909091,0.10809249382093251,-0.36902756749138366,-0.16110977523530687
lb20_atr10_m2.0_r0.0025_tfma100_rfadx20,20,10,2.0,0.0025,ma100,adx20,-0.0643826593442075,-0.06759713285825497,47,0.19148936170212766,0.21727483213123827,-0.5316438039748388,-0.0162953274605796,-0.018227819279835078,15,0.13333333333333333,0.134861471652827,-0.41650387928960353,-0.1614269872188758
lb30_atr20_m2.5_r0.0025_tfnone_rfnone,30,20,2.5,0.0025,none,none,-0.04137010073672287,-0.04192366179256457,44,0.20454545454545456,0.39604286300729497,-0.35939246951554793,-0.025485349719186923,-0.02705740477751617,17,0.17647058823529413,0.1293434642705171,-0.5650561348128291,-0.1621255409450348
lb30_atr10_m2.5_r0.005_tfnone_rfnone,30,10,2.5,0.005,none,none,-0.06313172978908288,-0.0696834754861736,40,0.225,0.5083223329647774,-0.29988827320477984,-0.03312282567404734,-0.04271825258279105,14,0.21428571428571427,0.33970459142969267,-0.49697248436354124,-0.16252589335088785
lb20_atr20_m2.5_r0.0025_tfma100_rfnone,20,20,2.5,0.0025,ma100,none,-0.0485883110926576,-0.05214589416648663,45,0.2,0.3476451308141093,-0.4174366885621892,-0.023451426953557508,-0.025022740877536642,17,0.17647058823529413,0.13927842022300793,-0.5174598118791341,-0.16281608923927424
lb10_atr10_m2.5_r0.005_tfma100_rfnone,10,10,2.5,0.005,ma100,none,-0.11006952154083138,-0.1182987475586007,55,0.18181818181818182,0.3560431630681289,-0.397060452184929,-0.024467000317659027,-0.04592983611614565,17,0.35294117647058826,0.5697961504451059,-0.32213950917116924,-0.1637326985770899
lb20_atr14_m2.5_r0.0025_tfnone_rfnone,20,14,2.5,0.0025,none,none,-0.054343108858842415,-0.05724038356325234,54,0.2037037037037037,0.3833341277302912,-0.3947616375292943,-0.028595139780017376,-0.0325741528176926,22,0.22727272727272727,0.2039049238531026,-0.4963798472814785,-0.16386687340769399
lb55_atr10_m1.5_r0.0025_tfnone_rfadx20,55,10,1.5,0.0025,none,adx20,-0.052999402311385446,-0.056234852654976075,37,0.1891891891891892,0.14063973792736995,-0.5387097110057284,-0.01857750030948524,-0.021146496017238503,15,0.2,0.18248137596062816,-0.46741683174089466,-0.16549555533794594
lb20_atr20_m2.5_r0.005_tfma100_rfadx20,20,20,2.5,0.005,ma100,adx20,-0.08858119735633008,-0.09703909873753824,40,0.2,0.334643962760044,-0.43799417174548,-0.025423717434472914,-0.028195478202915902,13,0.23076923076923078,0.2299575710720732,-0.37711843003321316,-0.16636918221856287
lb55_atr10_m1.5_r0.0025_tfma100_rfadx20,55,10,1.5,0.0025,ma100,adx20,-0.051975031635915436,-0.05390695759488251,35,0.17142857142857143,0.10642041349299035,-0.5590759570482187,-0.01857750030948524,-0.021146496017238503,15,0.2,0.18248137596062816,-0.46741683174089466,-0.16685003266085024
lb10_atr14_m2.0_r0.0025_tfma100_rfadx20,10,14,2.0,0.0025,ma100,adx20,-0.08019265433219191,-0.08743041428791976,61,0.21311475409836064,0.23511123499934788,-0.5122537861010739,-0.021194316419858694,-0.023868866266937072,21,0.23809523809523808,0.19716729426373192,-0.3834320605214165,-0.16700621762305928
lb55_atr14_m1.5_r0.0025_tfnone_rfnone,55,14,1.5,0.0025,none,none,-0.048917205465762725,-0.05241214438700026,40,0.3,0.23298100808807884,-0.45692434131063314,-0.023540730473895044,-0.026201823987564987,17,0.23529411764705882,0.1830839729490592,-0.5184464689290303,-0.16732231167939882
lb55_atr14_m1.5_r0.0025_tfma100_rfnone,55,14,1.5,0.0025,ma100,none,-0.047859841289693894,-0.04985342332455789,38,0.2894736842105263,0.2045183042996603,-0.47076048581389074,-0.023540730473895044,-0.026201823987564987,17,0.23529411764705882,0.1830839729490592,-0.5184464689290303,-0.16799779788523933
lb30_atr20_m1.5_r0.0025_tfma100_rfadx20,30,20,1.5,0.0025,ma100,adx20,-0.06503457216211461,-0.06983780678349993,44,0.25,0.19541391427196192,-0.5590344344723566,-0.0198685134376142,-0.02219258185870343,17,0.29411764705882354,0.2684400080981065,-0.43909400178688274,-0.16872246614552325
lb10_atr10_m2.0_r0.0025_tfma100_rfadx20,10,10,2.0,0.0025,ma100,adx20,-0.08171745779097916,-0.08792694930691236,62,0.1935483870967742,0.22828587851304274,-0.5132203537106912,-0.020814855275209432,-0.02374870080782221,20,0.25,0.1706165848549644,-0.394753767464605,-0.17003570455393235
lb10_atr14_m2.5_r0.005_tfnone_rfadx20,10,14,2.5,0.005,none,adx20,-0.13420352242825928,-0.13996972785001727,71,0.2535211267605634,0.35284177345700585,-0.37237575858477484,-0.030833738641783626,-0.04454512670523436,23,0.21739130434782608,0.5016792188286789,-0.26258791356416206,-0.17029346762994735
lb20_atr14_m2.5_r0.005_tfnone_rfadx20,20,14,2.5,0.005,none,adx20,-0.10073695639706981,-0.11426924751414247,47,0.23404255319148937,0.36094516454038983,-0.42113434634550034,-0.030086913106477264,-0.039447832901978064,17,0.29411764705882354,0.3280640126314742,-0.347183285490847,-0.17121293051724423
lb55_atr14_m2.0_r0.005_tfnone_rfnone,55,14,2.0,0.005,none,none,-0.059947062482302305,-0.06773062406736474,33,0.24242424242424243,0.3461088643776273,-0.3502470160991609,-0.035969116662680545,-0.03990458871593627,14,0.07142857142857142,0.09555865791277832,-0.49139736082863406,-0.17161782085515018
lb20_atr10_m3.0_r0.005_tfnone_rfnone,20,10,3.0,0.005,none,none,-0.08271647771479695,-0.09502399868218248,48,0.1875,0.4632486245720558,-0.3301574093626016,-0.0398439121566474,-0.05502613340903417,19,0.21052631578947367,0.33718291885673407,-0.42560995053047695,-0.17335793396438637
lb20_atr20_m1.5_r0.0025_tfma100_rfadx20,20,20,1.5,0.0025,ma100,adx20,-0.08257121483388019,-0.0872843577719623,55,0.21818181818181817,0.1857705168294765,-0.575891580535812,-0.020108753524453404,-0.02243225229299406,19,0.3684210526315789,0.28769770385899407,-0.3978337034513776,-0.17374685125372116
lb30_atr14_m2.5_r0.005_tfma100_rfnone,30,14,2.5,0.005,ma100,none,-0.05811344085898307,-0.06976244065564963,35,0.2,0.4477394329471089,-0.32279534127542264,-0.03743731792725935,-0.04527518086097215,15,0.26666666666666666,0.20996316237991566,-0.5304504813223077,-0.1739271118263002
lb10_atr20_m1.5_r0.0025_tfma100_rfadx20,10,20,1.5,0.0025,ma100,adx20,-0.10606541239073497,-0.1106578576647681,73,0.1917808219178082,0.17275112677172874,-0.5616047650473668,-0.020826920420310646,-0.02371366301504707,24,0.4166666666666667,0.37847246227062586,-0.32880205926872025,-0.17421854599141265
lb10_atr14_m2.5_r0.0025_tfnone_rfnone,10,14,2.5,0.0025,none,none,-0.07653549375344737,-0.07941553756712894,81,0.2222222222222222,0.3649010397293867,-0.3766467420461335,-0.036755997201534774,-0.043665880750711206,31,0.16129032258064516,0.296239405467314,-0.4591157783108278,-0.17508284948525343
lb30_atr20_m1.5_r0.0025_tfnone_rfadx20,30,20,1.5,0.0025,none,adx20,-0.07468700531868078,-0.07764729387974356,52,0.2692307692307692,0.19708463706566476,-0.5458172762957166,-0.022088539159966225,-0.024407343499913248,19,0.2631578947368421,0.24792958050670963,-0.4389236790834616,-0.17515447340239673
lb55_atr14_m2.0_r0.005_tfma100_rfnone,55,14,2.0,0.005,ma100,none,-0.06247639582899478,-0.06773062406736408,32,0.21875,0.31668082000648845,-0.37673280335224524,-0.035969116662680545,-0.03990458871593627,14,0.07142857142857142,0.09555865791277832,-0.49139736082863406,-0.17538252171170354
lb20_atr20_m2.0_r0.0025_tfnone_rfadx20,20,20,2.0,0.0025,none,adx20,-0.08166283688440623,-0.08386833092468793,58,0.1896551724137931,0.25488408258451806,-0.5502363624989868,-0.021628710089467318,-0.023595507063676635,20,0.15,0.2101362838192195,-0.4157517944886492,-0.17545187323465666
lb20_atr14_m2.0_r0.0025_tfnone_rfadx20,20,14,2.0,0.0025,none,adx20,-0.07741064063043557,-0.08037830311868965,56,0.19642857142857142,0.2586534386242401,-0.5408760511643989,-0.02318466445778311,-0.0251825735685125,21,0.14285714285714285,0.14380860766120543,-0.42528923752552616,-0.17630281191974137
lb30_atr14_m1.5_r0.0025_tfnone_rfadx20,30,14,1.5,0.0025,none,adx20,-0.07512438998199256,-0.07729375873103705,52,0.25,0.223784028483366,-0.5500541381362478,-0.02221820562016652,-0.024882903341835405,19,0.21052631578947367,0.23909501879779194,-0.4425615985165063,-0.17635058135443232
lb20_atr10_m2.0_r0.0025_tfnone_rfadx20,20,10,2.0,0.0025,none,adx20,-0.08010436976721025,-0.08240136287914279,57,0.17543859649122806,0.2413770586552346,-0.5495158517664235,-0.021783838776225917,-0.02370554839273964,20,0.15,0.12711141361873318,-0.4202829165815484,-0.17709319039997956
lb20_atr14_m3.0_r0.005_tfnone_rfnone,20,14,3.0,0.005,none,none,-0.08187248297045102,-0.09006503873813476,46,0.21739130434782608,0.4288809443199728,-0.3477361607456844,-0.04105388916378505,-0.05423369583423143,19,0.21052631578947367,0.3198042500552938,-0.44279711857493315,-0.17777413575925985
lb30_atr14_m1.5_r0.0025_tfma100_rfadx20,30,14,1.5,0.0025,ma100,adx20,-0.07009198146883344,-0.07416082616810382,45,0.24444444444444444,0.1648205668520676,-0.5914088480241021,-0.02050234074078594,-0.02317171461950862,17,0.23529411764705882,0.25440580753872594,-0.4527334713388951,-0.1778507746287416
lb20_atr20_m2.5_r0.0025_tfnone_rfnone,20,20,2.5,0.0025,none,none,-0.05757884520598655,-0.059370667091118046,56,0.17857142857142858,0.3657479583837319,-0.4031781688294012,-0.03274293143047413,-0.0342992948739933,23,0.17391304347826086,0.1045489126407894,-0.545443214338146,-0.17918235743244626
lb10_atr20_m2.5_r0.0025_tfnone_rfnone,10,20,2.5,0.0025,none,none,-0.07599853745207019,-0.08030962819481213,81,0.19753086419753085,0.3515762434534712,-0.37146066944444484,-0.038986798803726574,-0.04324703034079991,32,0.25,0.2100121315517472,-0.47315562067362077,-0.17973346684569463
lb55_atr20_m1.5_r0.005_tfma100_rfadx20,55,20,1.5,0.005,ma100,adx20,-0.07827013111920911,-0.08230459722767125,33,0.24242424242424243,0.18925682663527021,-0.4938825175934924,-0.03345932808443086,-0.03771569124605245,15,0.26666666666666666,0.2479485617176473,-0.42370350393679046,-0.18019725883192328
lb20_atr14_m2.5_r0.005_tfma100_rfnone,20,14,2.5,0.005,ma100,none,-0.08494093307588069,-0.09209543165791123,43,0.20930232558139536,0.3843084802077223,-0.3924948828094083,-0.03444229748273475,-0.04232935765278567,16,0.25,0.296474978131398,-0.46058862194899913,-0.1804381291182745
lb55_atr20_m1.5_r0.005_tfnone_rfadx20,55,20,1.5,0.005,none,adx20,-0.08095479393252913,-0.08689071984363061,35,0.2571428571428571,0.21457611170073596,-0.4788292400599721,-0.03345932808443086,-0.03771569124605245,15,0.26666666666666666,0.2479485617176473,-0.42370350393679046,-0.18046439998678118
lb55_atr10_m2.0_r0.005_tfnone_rfnone,55,10,2.0,0.005,none,none,-0.07018636773403952,-0.07732339439257763,34,0.17647058823529413,0.2886918997265255,-0.40073565306912967,-0.033216626749951406,-0.03700767892890133,13,0.07692307692307693,0.07169519358965605,-0.48980992433821524,-0.18052944305564828
lb55_atr10_m1.5_r0.0025_tfnone_rfnone,55,10,1.5,0.0025,none,none,-0.053651081110893784,-0.05688430497817498,41,0.21951219512195122,0.17698291422125004,-0.4912064948255041,-0.02499179658452566,-0.027544002072364515,17,0.17647058823529413,0.1421983954717575,-0.5533114662266231,-0.18127621010518605
lb55_atr10_m1.5_r0.0025_tfma100_rfnone,55,10,1.5,0.0025,ma100,none,-0.05262741535647031,-0.054558011859898725,39,0.20512820512820512,0.146821997551377,-0.50704783275183,-0.02499179658452566,-0.027544002072364515,17,0.17647058823529413,0.1421983954717575,-0.5533114662266231,-0.182192686172724
lb10_atr14_m3.0_r0.005_tfnone_rfnone,10,14,3.0,0.005,none,none,-0.10828803118217623,-0.11151707054010329,66,0.24242424242424243,0.423395396795694,-0.32317559916099164,-0.0459724763840772,-0.06942782179570228,25,0.24,0.4183555882261221,-0.3669879249955445,-0.18298791668731743
lb30_atr20_m2.0_r0.005_tfma100_rfadx20,30,20,2.0,0.005,ma100,adx20,-0.09833242319037783,-0.10764575855494596,38,0.23684210526315788,0.2185716793995793,-0.5171414364316843,-0.02688734605508558,-0.03078481544458056,13,0.15384615384615385,0.27919619552896024,-0.39580561628279043,-0.18394104886646598
lb55_atr10_m2.0_r0.005_tfma100_rfnone,55,10,2.0,0.005,ma100,none,-0.07296161209590957,-0.0757924655857557,33,0.15151515151515152,0.2583523942519221,-0.42969382316583765,-0.033216626749951406,-0.03700767892890133,13,0.07692307692307693,0.07169519358965605,-0.48980992433821524,-0.18441637767648
lb20_atr10_m2.5_r0.005_tfnone_rfnone,20,10,2.5,0.005,none,none,-0.10225758519030959,-0.10592280122445352,52,0.21153846153846154,0.41062806311030003,-0.38270706955273137,-0.03756527963195222,-0.05506695713923826,19,0.21052631578947367,0.40617418170051217,-0.4165227339436851,-0.18476323980673318
lb55_atr20_m1.5_r0.005_tfma100_rfnone,55,20,1.5,0.005,ma100,none,-0.06559775280252467,-0.06968768665979086,37,0.2972972972972973,0.3638385235275157,-0.3738500943908881,-0.045359635554334865,-0.04956359323339521,17,0.23529411764705882,0.19555376050957896,-0.5082669350787645,-0.18478125607159998
lb55_atr20_m1.5_r0.005_tfnone_rfnone,55,20,1.5,0.005,none,none,-0.06831932563034226,-0.07433686145921337,39,0.3076923076923077,0.37679659900474066,-0.36649625164042654,-0.045359635554334865,-0.04956359323339521,17,0.23529411764705882,0.19555376050957896,-0.5082669350787645,-0.1858773272828608
lb10_atr20_m3.0_r0.005_tfnone_rfnone,10,20,3.0,0.005,none,none,-0.1218000344372393,-0.12737220404181393,69,0.18840579710144928,0.40471098907900094,-0.3579571820097728,-0.041602597629587956,-0.06511301933319003,24,0.25,0.42149417810076534,-0.34398017640158374,-0.18720236801833245
lb30_atr14_m2.5_r0.005_tfnone_rfnone,30,14,2.5,0.005,none,none,-0.07312607234379309,-0.07842111337283464,42,0.21428571428571427,0.43494153994476364,-0.3363832143482227,-0.04239971440244694,-0.05019717001088164,17,0.23529411764705882,0.18946586198826007,-0.5286645582829544,-0.18733684704933726
lb30_atr10_m1.5_r0.0025_tfma100_rfadx20,30,10,1.5,0.0025,ma100,adx20,-0.07030310100395343,-0.07409085841904384,45,0.2222222222222222,0.16331430004692507,-0.594184575053498,-0.02227508105980769,-0.02483439788911712,17,0.17647058823529413,0.20157732900671352,-0.49491532310140895,-0.18748668591954626
lb10_atr10_m2.0_r0.0025_tfnone_rfadx20,10,10,2.0,0.0025,none,adx20,-0.12344945984757472,-0.1278098380927829,92,0.18478260869565216,0.2216873589752528,-0.5380541305202052,-0.024987953144162134,-0.028407769439708574,29,0.2413793103448276,0.30175763992865207,-0.3328973746302887,-0.1875385970981026
lb30_atr10_m1.5_r0.0025_tfnone_rfadx20,30,10,1.5,0.0025,none,adx20,-0.07597506049573888,-0.0778605339253029,52,0.21153846153846154,0.21677448349036957,-0.5600444027733724,-0.024369459719534192,-0.026923294251679053,19,0.15789473684210525,0.18715335307625153,-0.4877141194579865,-0.18782431851676237
lb10_atr20_m2.5_r0.005_tfnone_rfadx20,10,20,2.5,0.005,none,adx20,-0.1356144682850462,-0.1404811290290503,72,0.20833333333333334,0.34549100027898394,-0.3809968156215354,-0.03882294810311904,-0.04696280022234556,24,0.3333333333333333,0.34790879779997663,-0.31561740491988044,-0.18846999091319921
lb55_atr14_m1.5_r0.005_tfnone_rfadx20,55,14,1.5,0.005,none,adx20,-0.08854773812809624,-0.09443462275820902,36,0.25,0.1926774778094295,-0.5116026780092845,-0.03370743986710201,-0.03796271041681143,15,0.26666666666666666,0.23623999159949152,-0.4283257362740649,-0.18921509909622847
lb30_atr20_m2.0_r0.0025_tfnone_rfnone,30,20,2.0,0.0025,none,none,-0.06005004315789586,-0.061364289856700394,53,0.24528301886792453,0.31790473121206925,-0.43436917015593257,-0.030342805908036397,-0.032292085138761584,19,0.10526315789473684,0.14599489721206324,-0.5963191193391421,-0.18942226449438196
lb30_atr20_m2.0_r0.0025_tfma100_rfnone,30,20,2.0,0.0025,ma100,none,-0.05635586093804201,-0.06044905197737205,46,0.2608695652173913,0.2696362343596465,-0.4675901023403044,-0.027646900723186874,-0.02960159946919738,17,0.11764705882352941,0.1582969257521395,-0.6029407040950286,-0.1896992438159709
lb55_atr14_m1.5_r0.005_tfma100_rfadx20,55,14,1.5,0.005,ma100,adx20,-0.08706557639199686,-0.09088057546014106,34,0.23529411764705882,0.16041161648711927,-0.5302829769657871,-0.03370743986710201,-0.03796271041681143,15,0.26666666666666666,0.23623999159949152,-0.4283257362740649,-0.19002387739583249
lb30_atr20_m2.5_r0.005_tfma100_rfnone,30,20,2.5,0.005,ma100,none,-0.0692058175664868,-0.07525399918746145,37,0.21621621621621623,0.380487845618325,-0.36029691157440363,-0.0397507946238711,-0.042845129573882645,15,0.2,0.1589426276841215,-0.5600622497359351,-0.19012244024951927
lb20_atr20_m2.0_r0.0025_tfma100_rfnone,20,20,2.0,0.0025,ma100,none,-0.07073153897871631,-0.07476237346423042,55,0.21818181818181817,0.2644895851810229,-0.49702004999183785,-0.02768695471848459,-0.0296415729448829,19,0.10526315789473684,0.158202702468117,-0.5412238647884502,-0.1908065979461306
lb30_atr14_m2.0_r0.005_tfma100_rfadx20,30,14,2.0,0.005,ma100,adx20,-0.09504389706751737,-0.10186749627265435,37,0.24324324324324326,0.20010624266203367,-0.5125156614036801,-0.03083839373597763,-0.034794810986156,14,0.14285714285714285,0.17303244758605385,-0.4224226964083373,-0.19105253083304008
lb30_atr20_m2.0_r0.005_tfnone_rfadx20,30,20,2.0,0.005,none,adx20,-0.10502344320058898,-0.11445748426387337,43,0.23255813953488372,0.2706753911959112,-0.4784322667778502,-0.03227922521371096,-0.03615509927825833,15,0.13333333333333333,0.24306286568268443,-0.4150362873002992,-0.19216289945808662
lb20_atr20_m3.0_r0.005_tfnone_rfnone,20,20,3.0,0.005,none,none,-0.10071668379067611,-0.10237050458824681,49,0.1836734693877551,0.36412390439327963,-0.4041622054759333,-0.04067400540483179,-0.05372255144694138,19,0.21052631578947367,0.30926467830830984,-0.4348903023657144,-0.19217284958745234
lb10_atr10_m3.0_r0.005_tfnone_rfnone,10,10,3.0,0.005,none,none,-0.10815880064272432,-0.11117840332985107,67,0.23880597014925373,0.45300457380033754,-0.304682545325474,-0.053956826252804846,-0.07120180505997498,27,0.2222222222222222,0.39180131549326536,-0.40337326288552017,-0.19223636476789505
lb10_atr14_m2.0_r0.0025_tfnone_rfadx20,10,14,2.0,0.0025,none,adx20,-0.11832903598709532,-0.12318897666772721,90,0.2,0.22922483213121417,-0.5266424705517858,-0.029863395729903153,-0.033055257538619154,31,0.22580645161290322,0.27739784919202337,-0.36932754887351776,-0.19379458160776808
lb30_atr14_m2.0_r0.0025_tfnone_rfnone,30,14,2.0,0.0025,none,none,-0.06012715373602029,-0.06104182787429835,52,0.25,0.29780721307805935,-0.44379151052000443,-0.032257314586127905,-0.03423666713893858,20,0.1,0.09073319382400143,-0.6037563403319588,-0.19429202101966134
lb20_atr10_m1.5_r0.0025_tfma100_rfadx20,20,10,1.5,0.0025,ma100,adx20,-0.0894236452110373,-0.09313350198649006,56,0.19642857142857142,0.15595382255690077,-0.6160484762532589,-0.02292180971958324,-0.025479433656023787,19,0.21052631578947367,0.20699724022599897,-0.4559140084513766,-0.19482728544366676
lb20_atr20_m1.5_r0.0025_tfnone_rfadx20,20,20,1.5,0.0025,none,adx20,-0.10521186069447419,-0.10807449323998708,68,0.22058823529411764,0.16808015161387793,-0.6062103947048166,-0.02551074746976867,-0.02782143713696794,24,0.3333333333333333,0.2700202808812142,-0.40120013212405586,-0.19494844506779718
lb10_atr20_m2.0_r0.0025_tfnone_rfadx20,10,20,2.0,0.0025,none,adx20,-0.12261397578149569,-0.12451681765843181,93,0.1827956989247312,0.2069239348320566,-0.5277160154703049,-0.02893885501750837,-0.032109676519167185,30,0.16666666666666666,0.2965537811308758,-0.37222625925541863,-0.19557994816333513
lb30_atr14_m2.0_r0.005_tfnone_rfadx20,30,14,2.0,0.005,none,adx20,-0.10142071471821146,-0.10785483751693459,42,0.23809523809523808,0.26185139190836154,-0.47051096000879417,-0.035444739229513744,-0.039382351953539674,16,0.125,0.15351064020840977,-0.42910001458415503,-0.19562858123131177
lb20_atr14_m2.0_r0.0025_tfma100_rfnone,20,14,2.0,0.0025,ma100,none,-0.06735930687320346,-0.07221089085920773,53,0.22641509433962265,0.25665617618808,-0.4919791992439074,-0.030376010407830556,-0.0323592108473616,20,0.1,0.09600842478839948,-0.5651690548619971,-0.19586251057341925
lb30_atr14_m2.0_r0.0025_tfma100_rfnone,30,14,2.0,0.0025,ma100,none,-0.055997465535903124,-0.05956627970015016,45,0.26666666666666666,0.24088726229661764,-0.4749358204311657,-0.029950490696195153,-0.031934561463696776,18,0.1111111111111111,0.0972107064906994,-0.6179691290560787,-0.1958658372413026
lb10_atr10_m1.5_r0.0025_tfma100_rfadx20,10,10,1.5,0.0025,ma100,adx20,-0.11790451059783813,-0.12149833105094376,76,0.17105263157894737,0.15508729165664253,-0.6026949779812302,-0.02394056666672939,-0.027474362014809794,24,0.2916666666666667,0.3260201167649644,-0.37885603354471015,-0.19669154909177247
lb30_atr10_m2.0_r0.005_tfma100_rfadx20,30,10,2.0,0.005,ma100,adx20,-0.10337128090894432,-0.10754609136858528,38,0.21052631578947367,0.17110627647564927,-0.543284285060208,-0.028407848403359193,-0.03221775726740883,13,0.15384615384615385,0.1510409988534942,-0.42093253779646467,-0.196771459666057
lb20_atr20_m2.0_r0.005_tfma100_rfadx20,20,20,2.0,0.005,ma100,adx20,-0.12420123616829959,-0.13148681407610696,48,0.20833333333333334,0.2430991394438479,-0.5306977956498299,-0.029546623084407142,-0.03343344165071327,15,0.13333333333333333,0.2609033151055471,-0.37802238941505256,-0.19946658756258676
lb10_atr14_m2.5_r0.005_tfma100_rfnone,10,14,2.5,0.005,ma100,none,-0.10367945754293328,-0.11234087929805503,55,0.2,0.3703088489739449,-0.37505233880068595,-0.04494525047419895,-0.0585722498174559,20,0.2,0.32558426845973676,-0.46330505089737783,-0.20019916597608828
lb10_atr14_m1.5_r0.0025_tfma100_rfadx20,10,14,1.5,0.0025,ma100,adx20,-0.11798279645989151,-0.1218420932416936,75,0.17333333333333334,0.13277974185937882,-0.6111758923987312,-0.025864265151809174,-0.02952702347834124,25,0.32,0.33578414102949466,-0.38913306958824445,-0.20082255975203211
lb10_atr20_m2.5_r0.005_tfma100_rfnone,10,20,2.5,0.005,ma100,none,-0.10966780957488731,-0.11884277410482247,57,0.19298245614035087,0.35611648633772874,-0.3848148793000702,-0.04526252327840552,-0.05369884899373156,21,0.2857142857142857,0.22960131122502075,-0.4363347934818203,-0.20120384842898553
lb20_atr20_m2.5_r0.005_tfnone_rfadx20,20,20,2.5,0.005,none,adx20,-0.11002836179768616,-0.11874201246987293,49,0.1836734693877551,0.33325086677958476,-0.4383329893002028,-0.040389011189927215,-0.04311820965220525,18,0.2222222222222222,0.1587286212081526,-0.4386229104227357,-0.202597352511492
lb30_atr10_m2.0_r0.005_tfnone_rfadx20,30,10,2.0,0.005,none,adx20,-0.10930018014005771,-0.11175588099721545,43,0.20930232558139536,0.23926848453458258,-0.5008153328238655,-0.03362993203679099,-0.037419363519779925,15,0.13333333333333333,0.13013825033828763,-0.43564939624076104,-0.2026207550800161
lb30_atr20_m2.5_r0.005_tfnone_rfnone,30,20,2.5,0.005,none,none,-0.08233266204793899,-0.08318705940459481,44,0.20454545454545456,0.3872392817131742,-0.359392469515548,-0.04565534907146673,-0.04873065701360457,17,0.17647058823529413,0.14075399302904298,-0.5650561348128291,-0.20293404671870022
lb30_atr10_m2.0_r0.0025_tfnone_rfnone,30,10,2.0,0.0025,none,none,-0.0665193426838897,-0.0672692930059744,53,0.18867924528301888,0.26043390458650845,-0.4838894110953831,-0.03116338622111514,-0.03306666967862848,19,0.10526315789473684,0.07466611572893334,-0.6162403908933495,-0.2033774435027863
lb30_atr10_m2.0_r0.0025_tfma100_rfnone,30,10,2.0,0.0025,ma100,none,-0.06217101111554557,-0.06435739444210442,46,0.1956521739130435,0.2021676537969046,-0.5187279515367004,-0.02855055631557535,-0.030458972688036212,17,0.11764705882352941,0.08111430984255596,-0.6262323220421331,-0.20405608778085654
lb20_atr14_m1.5_r0.0025_tfma100_rfadx20,20,14,1.5,0.0025,ma100,adx20,-0.09473904194400251,-0.09870004257765741,56,0.19642857142857142,0.12639733536802447,-0.6517651621058054,-0.02482880544855115,-0.02748638863868058,20,0.25,0.23192721512973055,-0.46911484763220435,-0.20466374058653042
lb20_atr14_m2.0_r0.005_tfma100_rfadx20,20,14,2.0,0.005,ma100,adx20,-0.11726539887736331,-0.12531456616226366,46,0.21739130434782608,0.23730624514761817,-0.5146419557018609,-0.03409530877349487,-0.03803843028975895,16,0.125,0.15922355508099417,-0.40982047611341244,-0.20498630405250287
lb20_atr10_m1.5_r0.0025_tfnone_rfadx20,20,10,1.5,0.0025,none,adx20,-0.10840679074758741,-0.11022608721260163,68,0.17647058823529413,0.179396183987432,-0.6273071260181696,-0.02709681914113038,-0.02964351447007796,24,0.20833333333333334,0.21668514034533434,-0.4286017423809861,-0.20525340883091855
lb20_atr20_m2.5_r0.005_tfma100_rfnone,20,20,2.5,0.005,ma100,none,-0.0951058007333031,-0.10164986133605758,45,0.2,0.34721939290419285,-0.4174366885621892,-0.041664736345337294,-0.04474463588306399,17,0.17647058823529413,0.15277878119356858,-0.5174598118791341,-0.20556574105734884
lb20_atr20_m2.0_r0.0025_tfnone_rfnone,20,20,2.0,0.0025,none,none,-0.08477692684162907,-0.08664567892249342,67,0.19402985074626866,0.2769470306688408,-0.4932701186031425,-0.03601376846174431,-0.03795164748877744,25,0.12,0.13665704171717044,-0.5458479926425348,-0.20624369117560287
lb55_atr10_m1.5_r0.005_tfnone_rfadx20,55,10,1.5,0.005,none,adx20,-0.09654780773786953,-0.10238302154681522,37,0.1891891891891892,0.14789481209473926,-0.5387097110057285,-0.03672394545270019,-0.04096593219178013,15,0.2,0.18214140159895206,-0.4674168317408946,-0.20661713088016564
lb20_atr10_m2.0_r0.0025_tfma100_rfnone,20,10,2.0,0.0025,ma100,none,-0.07606837417444978,-0.07924269941507156,55,0.16363636363636364,0.21727098710245754,-0.5376533657463864,-0.029376161760025887,-0.0312829562272422,19,0.10526315789473684,0.07902427377877505,-0.5776757529790977,-0.2067098645423599
lb55_atr10_m1.5_r0.005_tfma100_rfadx20,55,10,1.5,0.005,ma100,adx20,-0.09567105077154747,-0.09934931571788463,35,0.17142857142857143,0.11183352999067053,-0.5590759570482187,-0.03672394545270019,-0.04096593219178013,15,0.2,0.18214140159895206,-0.4674168317408946,-0.20795856142008107
lb55_atr14_m1.5_r0.005_tfnone_rfnone,55,14,1.5,0.005,none,none,-0.08730433906803714,-0.09319925455958056,40,0.3,0.24516397180846705,-0.45692434131063314,-0.04606114782037907,-0.05026201624406357,17,0.23529411764705882,0.18433649737384955,-0.5184464689290303,-0.20879625140649188
lb55_atr14_m1.5_r0.005_tfma100_rfnone,55,14,1.5,0.005,ma100,none,-0.08582015537358989,-0.08964035884623656,38,0.2894736842105263,0.21760680320363512,-0.47076048581389074,-0.04606114782037907,-0.05026201624406357,17,0.23529411764705882,0.18433649737384955,-0.5184464689290303,-0.20913013625850824
lb20_atr14_m2.0_r0.0025_tfnone_rfnone,20,14,2.0,0.0025,none,none,-0.08232861357047894,-0.08507911364883491,65,0.2,0.27246423649719637,-0.49430826382496557,-0.038286861327289645,-0.04025388147096476,26,0.11538461538461539,0.09156838010132083,-0.557589571074841,-0.2096965554191624
lb20_atr10_m2.0_r0.005_tfma100_rfadx20,20,10,2.0,0.005,ma100,adx20,-0.12363057685116041,-0.12922604838336782,47,0.19148936170212766,0.21654604217835913,-0.5316438039748388,-0.032367931889614066,-0.036162312059703106,15,0.13333333333333333,0.13508867739517658,-0.4165038792896036,-0.21022272061178446
lb30_atr20_m1.5_r0.0025_tfma100_rfnone,30,20,1.5,0.0025,ma100,none,-0.06521847688963822,-0.0700207667300422,52,0.28846153846153844,0.2923735283915269,-0.4727053672761088,-0.03807576011101832,-0.04035665586843051,22,0.22727272727272727,0.1593065976750881,-0.6558727525086748,-0.21235026174593907
lb10_atr20_m1.5_r0.0025_tfnone_rfadx20,10,20,1.5,0.0025,none,adx20,-0.15734934234576636,-0.160436220126693,109,0.21100917431192662,0.16778835546546725,-0.5791495293297986,-0.030335528556739155,-0.03393364359738282,35,0.37142857142857144,0.36855373404553743,-0.3292232705036365,-0.21400135264178088
lb10_atr20_m2.0_r0.0025_tfma100_rfnone,10,20,2.0,0.0025,ma100,none,-0.08602628581948546,-0.08999077715918213,70,0.21428571428571427,0.24147169976479682,-0.4779975730880238,-0.04127613036074673,-0.04440666675972971,27,0.14814814814814814,0.14845462325424116,-0.5715963447984403,-0.21483701815095493
lb20_atr14_m1.5_r0.0025_tfnone_rfadx20,20,14,1.5,0.0025,none,adx20,-0.11354946402753197,-0.11562870373229084,68,0.19117647058823528,0.15864638382892074,-0.6556339296598336,-0.029229219676220053,-0.03187481064698694,25,0.24,0.23729944952064216,-0.44401728939922014,-0.21487645100180025
lb20_atr14_m2.5_r0.005_tfnone_rfnone,20,14,2.5,0.005,none,none,-0.10853041557740006,-0.11132746486795109,54,0.2037037037037037,0.366605577734164,-0.3947616375292943,-0.052016345756617954,-0.05975985409563267,22,0.22727272727272727,0.21871548940490032,-0.4963798472814785,-0.2156601421797968
lb30_atr20_m1.5_r0.0025_tfnone_rfnone,30,20,1.5,0.0025,none,none,-0.07527074660380573,-0.07799914264561203,62,0.3064516129032258,0.2854763195205817,-0.4592777665096202,-0.040254545901277305,-0.04253027536485965,24,0.20833333333333334,0.15183943218201795,-0.6376730178083171,-0.21583988746359214
lb30_atr20_m1.5_r0.005_tfma100_rfadx20,30,20,1.5,0.005,ma100,adx20,-0.11689779147601054,-0.12392549125749885,44,0.25,0.18238056523573595,-0.5590344344723566,-0.03912674273271266,-0.04335814825351114,17,0.29411764705882354,0.26655717898574705,-0.4390940017868828,-0.21590182937066177
lb20_atr20_m1.5_r0.0025_tfma100_rfnone,20,20,1.5,0.0025,ma100,none,-0.08737035395059134,-0.09205884208276116,63,0.23809523809523808,0.23427931495088278,-0.5317349284326284,-0.03662774579193484,-0.03891207505229888,24,0.2916666666666667,0.17995095621106316,-0.578691413995565,-0.2170624814275488
lb10_atr20_m2.0_r0.005_tfma100_rfadx20,10,20,2.0,0.005,ma100,adx20,-0.1565789145224843,-0.16359514962248567,63,0.19047619047619047,0.21210118279546836,-0.5210707866066725,-0.03551746821768653,-0.041792698627709624,20,0.2,0.2894099797829818,-0.34318229346156726,-0.21725480113566598
lb20_atr10_m2.0_r0.0025_tfnone_rfnone,20,10,2.0,0.0025,none,none,-0.09098880292649347,-0.0932526098850025,67,0.14925373134328357,0.2393319612625581,-0.5311707143206886,-0.03695647981382166,-0.03884838271547442,25,0.12,0.07834224196994874,-0.5604687323804665,-0.21793991730766285
lb10_atr10_m2.0_r0.0025_tfma100_rfnone,10,10,2.0,0.0025,ma100,none,-0.09167573199508061,-0.09781788495633015,71,0.16901408450704225,0.22910031064649977,-0.5052985199618494,-0.039305655835160436,-0.04218409902337539,26,0.19230769230769232,0.09776975053415594,-0.5661743475582219,-0.21943944832475695
lb10_atr14_m2.0_r0.0025_tfma100_rfnone,10,14,2.0,0.0025,ma100,none,-0.08474327054348718,-0.09194522270974337,69,0.21739130434782608,0.25491186836118085,-0.479932426463861,-0.045046840405781774,-0.047656214125004426,28,0.17857142857142858,0.10274636991749629,-0.599778467456175,-0.2229511402656471
lb10_atr10_m2.5_r0.005_tfnone_rfnone,10,10,2.5,0.005,none,none,-0.1700302327991513,-0.1740967357223826,83,0.18072289156626506,0.32896880467608836,-0.412329240302691,-0.047747461116198875,-0.06775202932921565,28,0.2857142857142857,0.4729616459673331,-0.35514126459455614,-0.22587611847789604
lb10_atr14_m2.0_r0.005_tfma100_rfadx20,10,14,2.0,0.005,ma100,adx20,-0.15231268474531934,-0.16264248040677964,61,0.21311475409836064,0.22816513317595985,-0.512253786101074,-0.04063776629576055,-0.0458632844188549,21,0.23809523809523808,0.203043102233751,-0.3834320605214166,-0.22636072253058184
lb30_atr14_m1.5_r0.0025_tfnone_rfnone,30,14,1.5,0.0025,none,none,-0.08298859371641576,-0.0850853692653114,62,0.2903225806451613,0.2424060225602829,-0.5095931478902781,-0.040772101474836786,-0.04338623523193186,24,0.16666666666666666,0.1447506024077841,-0.6444827298440123,-0.2269118398972098
lb55_atr10_m1.5_r0.005_tfnone_rfnone,55,10,1.5,0.005,none,none,-0.09723967614175077,-0.10307042131350808,41,0.21951219512195122,0.18662730622818138,-0.4912064948255041,-0.04901298093777451,-0.053200850349513384,17,0.17647058823529413,0.14277637311899719,-0.5533114662266231,-0.22712702942216995
lb10_atr14_m1.5_r0.0025_tfnone_rfadx20,10,14,1.5,0.0025,none,adx20,-0.16410771956645642,-0.1664405966714534,110,0.19090909090909092,0.17154865964544833,-0.60242839312662,-0.033819196290843956,-0.038639761529432715,36,0.3055555555555556,0.3588468971169125,-0.3554529558804165,-0.22747186760561544
lb30_atr14_m1.5_r0.005_tfma100_rfadx20,30,14,1.5,0.005,ma100,adx20,-0.125721657941686,-0.13240527489191756,45,0.24444444444444444,0.1582112394788693,-0.5914088480241021,-0.040342937655227784,-0.04456898740837367,17,0.23529411764705882,0.25497491918382004,-0.4527334713388951,-0.22757227135124633
lb55_atr10_m1.5_r0.005_tfma100_rfnone,55,10,1.5,0.005,ma100,none,-0.09636359060048982,-0.10003903871233455,39,0.20512820512820512,0.15448059150733173,-0.50704783275183,-0.04901298093777451,-0.053200850349513384,17,0.17647058823529413,0.14277637311899719,-0.5533114662266231,-0.22803205493756068
lb10_atr10_m1.5_r0.0025_tfnone_rfadx20,10,10,1.5,0.0025,none,adx20,-0.16520189430140197,-0.16701684666855576,111,0.18018018018018017,0.17791680451991385,-0.6018865325184499,-0.032969848340453245,-0.03765643080091974,35,0.2857142857142857,0.3397160780325939,-0.35922297030263767,-0.22819351386516543
lb10_atr10_m2.0_r0.005_tfma100_rfadx20,10,10,2.0,0.005,ma100,adx20,-0.15454648989959363,-0.16254507612577918,62,0.1935483870967742,0.22239405438643822,-0.5132203537106912,-0.038730004484548775,-0.04441071238438432,20,0.25,0.1794249789828228,-0.394753767464605,-0.22837086230032913
lb30_atr20_m1.5_r0.005_tfnone_rfadx20,30,20,1.5,0.005,none,adx20,-0.13455926720417855,-0.1376719567063439,52,0.2692307692307692,0.1830891362135233,-0.5458172762957166,-0.043476456549761955,-0.047688707199800784,19,0.2631578947368421,0.246006485931962,-0.4389236790834616,-0.2285014062761082
lb20_atr20_m1.5_r0.005_tfma100_rfadx20,20,20,1.5,0.005,ma100,adx20,-0.14883890716813297,-0.15561242054899482,55,0.21818181818181817,0.17057108470807295,-0.575891580535812,-0.039603158106020664,-0.0438324656324941,19,0.3684210526315789,0.28620338997672784,-0.3978337034513776,-0.2296079527390304
lb30_atr14_m1.5_r0.0025_tfma100_rfnone,30,14,1.5,0.0025,ma100,none,-0.07669279121360628,-0.08073275384152578,53,0.2830188679245283,0.19540489002548606,-0.5497231402669844,-0.03908879598493986,-0.04170751716668286,22,0.18181818181818182,0.15030600810362452,-0.6706992798729042,-0.23026382308841067
lb30_atr14_m1.5_r0.005_tfnone_rfadx20,30,14,1.5,0.005,none,adx20,-0.13817740767091247,-0.14117692699238138,52,0.25,0.19327841044815172,-0.5500541381362479,-0.04370285611931535,-0.047914109771694746,19,0.21052631578947367,0.23934097572864418,-0.4425615985165063,-0.23178826714654788
lb20_atr20_m2.0_r0.005_tfnone_rfadx20,20,20,2.0,0.005,none,adx20,-0.1523493021471638,-0.15611100635943043,58,0.1896551724137931,0.2506177460223201,-0.5502363624989868,-0.04286930138403178,-0.04670276052617639,20,0.15,0.20982735974954572,-0.4157517944886492,-0.23511578882928363
lb20_atr20_m1.5_r0.0025_tfnone_rfnone,20,20,1.5,0.0025,none,none,-0.1128285520205401,-0.1154461344731128,80,0.2375,0.20789865854861278,-0.5512350140417193,-0.043748441168578345,-0.046015885976715354,30,0.26666666666666666,0.1757058692586996,-0.5540449600594529,-0.23561724960514938
lb30_atr20_m2.0_r0.005_tfma100_rfnone,30,20,2.0,0.005,ma100,none,-0.10693084830008748,-0.11436009477824238,46,0.2608695652173913,0.2719421949483796,-0.4675901023403044,-0.047266898896198395,-0.05108274496793275,17,0.11764705882352941,0.17905720285441262,-0.6029407040950286,-0.2359525929561647
lb10_atr20_m1.5_r0.0025_tfma100_rfnone,10,20,1.5,0.0025,ma100,none,-0.1085912527463555,-0.11317072192150524,82,0.2073170731707317,0.22074747662502675,-0.5129293858451016,-0.04780926278754827,-0.05061645756929667,32,0.3125,0.2078559421653773,-0.5762873600864297,-0.23632231620474295
lb20_atr14_m2.0_r0.005_tfnone_rfadx20,20,14,2.0,0.005,none,adx20,-0.14675035169416772,-0.15114163496449073,56,0.19642857142857142,0.24728252345027055,-0.5408760511643989,-0.04589937049810866,-0.04979430418570974,21,0.14285714285714285,0.14372365953651603,-0.42528923752552616,-0.23642573773724146
lb20_atr20_m2.5_r0.005_tfnone_rfnone,20,20,2.5,0.005,none,none,-0.1157486469106801,-0.1189060286726299,56,0.17857142857142858,0.34412168828182205,-0.4031781688294013,-0.060615864685743315,-0.06363485905423683,23,0.17391304347826086,0.11041786839964808,-0.5454432143381459,-0.23676370999700366
lb20_atr10_m2.0_r0.005_tfnone_rfadx20,20,10,2.0,0.005,none,adx20,-0.15116249062076792,-0.15497297087950568,57,0.17543859649122806,0.23624867536355443,-0.5495158517664235,-0.0431478114971755,-0.04689992047476599,20,0.15,0.12713268529617985,-0.4202829165815484,-0.23706352486883292
lb30_atr10_m1.5_r0.0025_tfma100_rfnone,30,10,1.5,0.0025,ma100,none,-0.0786892445885824,-0.0824428353009754,53,0.24528301886792453,0.1788941105728186,-0.565099804954883,-0.04092910505130509,-0.043439592647963376,22,0.13636363636363635,0.11953881835526808,-0.6979845628804398,-0.23941678815636833
lb10_atr20_m1.5_r0.005_tfma100_rfadx20,10,20,1.5,0.005,ma100,adx20,-0.1865275816998777,-0.1930011697864592,73,0.1917808219178082,0.16864746251010818,-0.5616047650473669,-0.04224573232056683,-0.047404617319505404,24,0.4166666666666667,0.3594359433027339,-0.32880205926872025,-0.2403088811364846
lb30_atr10_m1.5_r0.005_tfma100_rfadx20,30,10,1.5,0.005,ma100,adx20,-0.12875807070122325,-0.13526175609017543,45,0.2222222222222222,0.1546763098620216,-0.5941845750534979,-0.043986623230886424,-0.04819662725568652,17,0.17647058823529413,0.20125146294731208,-0.49491532310140895,-0.24046792907177725
lb30_atr20_m2.0_r0.005_tfnone_rfnone,30,20,2.0,0.005,none,none,-0.11649047412787039,-0.11866692960934899,53,0.24528301886792453,0.3044818793514975,-0.4343691701559326,-0.05254585784380694,-0.056340560853817445,19,0.10526315789473684,0.16337300881941563,-0.5963191193391421,-0.24110917701502227
lb20_atr10_m1.5_r0.0025_tfma100_rfnone,20,10,1.5,0.0025,ma100,none,-0.09946808267315643,-0.1031370165494162,65,0.2153846153846154,0.16658990147985187,-0.5917631179608475,-0.039961930274016066,-0.04247494957119291,24,0.16666666666666666,0.128900177803258,-0.624799893847944,-0.2412688761982207
lb30_atr10_m1.5_r0.0025_tfnone_rfnone,30,10,1.5,0.0025,none,none,-0.08888546560300103,-0.09074459534339174,62,0.22580645161290322,0.2147770652023685,-0.5509029241274037,-0.04298352503859815,-0.045488634934896965,24,0.125,0.11424869861919668,-0.675361173347811,-0.2416378744461954
lb20_atr20_m2.0_r0.005_tfma100_rfnone,20,20,2.0,0.005,ma100,none,-0.13261660327668678,-0.139832175590489,55,0.21818181818181817,0.2685397815072892,-0.49702004999183785,-0.04734287178055907,-0.05115841356893014,19,0.10526315789473684,0.17903850652473594,-0.5412238647884502,-0.2437209568837569
lb30_atr14_m2.0_r0.005_tfma100_rfnone,30,14,2.0,0.005,ma100,none,-0.1067237092807014,-0.11345923973081729,45,0.26666666666666666,0.24409894858141534,-0.4749358204311657,-0.05179275679939499,-0.055663631862434726,18,0.1111111111111111,0.10989576698974068,-0.6179691290560788,-0.24413938460546536
lb30_atr10_m1.5_r0.005_tfnone_rfadx20,30,10,1.5,0.005,none,adx20,-0.14231683010715623,-0.14524266395705288,52,0.21153846153846154,0.18755595097817307,-0.5600444027733725,-0.04807916582520788,-0.05227114748629169,19,0.15789473684210525,0.1866349535845825,-0.4877141194579865,-0.2470592966269306
lb20_atr14_m1.5_r0.0025_tfma100_rfnone,20,14,1.5,0.0025,ma100,none,-0.10282605271587486,-0.10675166835417915,65,0.23076923076923078,0.15193931027893864,-0.6111647044547664,-0.041694357902955614,-0.04430597828271343,25,0.2,0.15093813846396062,-0.6327416872447236,-0.24742718785094342
lb30_atr14_m2.0_r0.005_tfnone_rfnone,30,14,2.0,0.005,none,none,-0.117430994366581,-0.11914917609898146,52,0.25,0.28259794419528866,-0.4437915105200045,-0.056299507926786174,-0.06015198503866126,20,0.1,0.10164811687605366,-0.6037563403319588,-0.24812182336991334
lb10_atr14_m2.5_r0.005_tfnone_rfnone,10,14,2.5,0.005,none,none,-0.1530602974696379,-0.15746278651565337,81,0.2222222222222222,0.3379276243273362,-0.3766467420461336,-0.0692800185352972,-0.082559802319916,31,0.16129032258064516,0.3064059479281382,-0.45911577831082784,-0.2485312306356306
lb10_atr10_m2.0_r0.0025_tfnone_rfnone,10,10,2.0,0.0025,none,none,-0.13732328827774154,-0.14161465151823127,105,0.1619047619047619,0.21639126105081333,-0.5268762472996119,-0.05137021609614978,-0.05421251131335503,38,0.18421052631578946,0.17137222683887168,-0.5176384211302151,-0.24857445113987522
lb10_atr20_m2.0_r0.0025_tfnone_rfnone,10,20,2.0,0.0025,none,none,-0.12442320788044636,-0.12716166062901602,103,0.1941747572815534,0.22946811397726136,-0.4832842250823771,-0.05863618773057011,-0.06171003805632003,40,0.125,0.1696055737849983,-0.5621863038425264,-0.2500135093642697
lb20_atr14_m2.0_r0.005_tfma100_rfnone,20,14,2.0,0.005,ma100,none,-0.1284661068600942,-0.13641314110053493,53,0.22641509433962265,0.2556848807317576,-0.4919791992439074,-0.05262229277029262,-0.05648978141108485,20,0.1,0.1084150304140279,-0.5651690548619972,-0.25062655903981973
lb20_atr10_m1.5_r0.0025_tfnone_rfnone,20,10,1.5,0.0025,none,none,-0.1219371283840801,-0.12372881618723275,80,0.2,0.18083010354705953,-0.6008375811301278,-0.04585331929719072,-0.04835091714935491,30,0.16666666666666666,0.13886592266497377,-0.5814698302153434,-0.2524398402910042
lb10_atr20_m2.5_r0.005_tfnone_rfnone,10,20,2.5,0.005,none,none,-0.14805009468683084,-0.1551916784885592,81,0.19753086419753085,0.3418480432336043,-0.37146066944444484,-0.07495530207052459,-0.08312925413928185,32,0.25,0.21339717974646988,-0.47315562067362077,-0.25282834728931725
lb20_atr14_m1.5_r0.0025_tfnone_rfnone,20,14,1.5,0.0025,none,none,-0.12143696824939476,-0.12344583037533496,80,0.225,0.17723494380008709,-0.5960779459700887,-0.04784858841508666,-0.05044343699144349,31,0.1935483870967742,0.15794800444846446,-0.5903814250419008,-0.2545139180558932
lb30_atr10_m2.0_r0.005_tfma100_rfnone,30,10,2.0,0.005,ma100,none,-0.11903257503085773,-0.12313446463360511,46,0.1956521739130435,0.20408125133365818,-0.5187279515367004,-0.04985682134253666,-0.05358262224833288,17,0.11764705882352941,0.09119433921112934,-0.6262323220421331,-0.25538652267323986
lb10_atr14_m2.0_r0.0025_tfnone_rfnone,10,14,2.0,0.0025,none,none,-0.12654453339606409,-0.13097555088785362,102,0.19607843137254902,0.2367840084356595,-0.4982707662524682,-0.06097473358245664,-0.06354058493051351,41,0.17073170731707318,0.15563174155632126,-0.5671399341513313,-0.2555761530025726
lb20_atr10_m1.5_r0.005_tfma100_rfadx20,20,10,1.5,0.005,ma100,adx20,-0.16240550363995676,-0.16865801617941623,56,0.19642857142857142,0.14456205257328708,-0.6160484762532589,-0.04525557248542533,-0.049459988427884016,19,0.21052631578947367,0.2069054387791215,-0.4559140084513766,-0.25688247119862906
lb30_atr10_m2.0_r0.005_tfnone_rfnone,30,10,2.0,0.005,none,none,-0.12917706362200365,-0.13057680257905502,53,0.18867924528301888,0.2503911011251391,-0.4838894110953831,-0.05496362169547342,-0.058669397281077895,19,0.10526315789473684,0.08308459890660509,-0.6162403908933495,-0.2601245969670825
lb10_atr10_m1.5_r0.0025_tfma100_rfnone,10,10,1.5,0.0025,ma100,none,-0.12460983056924957,-0.12817633230647085,86,0.18604651162790697,0.166942982907997,-0.5652770024223536,-0.05178604417282695,-0.05521902576355231,32,0.21875,0.18108759270766608,-0.6131255674854647,-0.26066891432265715
lb10_atr14_m1.5_r0.0025_tfma100_rfnone,10,14,1.5,0.0025,ma100,none,-0.12227754894196019,-0.12611805388572772,84,0.20238095238095238,0.1568321518642317,-0.5673685215396344,-0.05332250345800371,-0.056882018584034966,33,0.24242424242424243,0.19504527922252649,-0.6191461954195336,-0.26160400815261364
lb30_atr20_m1.5_r0.005_tfma100_rfnone,30,20,1.5,0.005,ma100,none,-0.11537897288726529,-0.1224187593796251,52,0.28846153846153844,0.286124759747454,-0.47270536727610885,-0.06280873004460674,-0.06693584700175004,22,0.22727272727272727,0.1829251010564183,-0.6558727525086748,-0.2623769783287763
lb20_atr20_m1.5_r0.005_tfnone_rfadx20,20,20,1.5,0.005,none,adx20,-0.18681343871842948,-0.18973818812839327,68,0.22058823529411764,0.15553772352908202,-0.6062103947048166,-0.050179852172338224,-0.054362583023557676,24,0.3333333333333333,0.2685482578324097,-0.40120013212405586,-0.2637311779242225
lb20_atr10_m2.0_r0.005_tfma100_rfnone,20,10,2.0,0.005,ma100,none,-0.14497818131829576,-0.15043735198248886,55,0.16363636363636364,0.2173473928171356,-0.5376533657463864,-0.05146920562522006,-0.05518868388096121,19,0.10526315789473684,0.08861149912869876,-0.5776757529790977,-0.26586543927802514
lb10_atr10_m1.5_r0.005_tfma100_rfadx20,10,10,1.5,0.005,ma100,adx20,-0.2053402759442089,-0.21127228709143409,76,0.17105263157894737,0.14863473237741268,-0.6026949779812301,-0.0461196220876221,-0.051676376606467844,24,0.2916666666666667,0.31044459239361194,-0.37885603354471015,-0.2674684762163033
lb20_atr14_m1.5_r0.005_tfma100_rfadx20,20,14,1.5,0.005,ma100,adx20,-0.1672651925133306,-0.17363122059228597,56,0.19642857142857142,0.12194065525763989,-0.6517651621058054,-0.048816395654302513,-0.05300513077028224,20,0.25,0.23254828777332312,-0.46911484763220435,-0.2676536050567648
lb10_atr10_m2.0_r0.005_tfnone_rfadx20,10,10,2.0,0.005,none,adx20,-0.22894252432738116,-0.2338978615808014,92,0.18478260869565216,0.21301366178754716,-0.5380541305202052,-0.049536098619670454,-0.05612177487547332,29,0.2413793103448276,0.29980945472451204,-0.33289737463028873,-0.27069898425911815
lb30_atr20_m1.5_r0.005_tfnone_rfnone,30,20,1.5,0.005,none,none,-0.13291793389638085,-0.1360365267039526,62,0.3064516129032258,0.27858666195192194,-0.4592777665096202,-0.06705123943417646,-0.07115967361758535,24,0.20833333333333334,0.1730087397783468,-0.6376730178083171,-0.2717477204085643
lb10_atr14_m1.5_r0.005_tfma100_rfadx20,10,14,1.5,0.005,ma100,adx20,-0.2037850846893806,-0.20987192825852186,75,0.17333333333333334,0.13308869529624642,-0.6111758923987312,-0.049725198721025876,-0.05541935705905465,25,0.32,0.3277227459809986,-0.38913306958824445,-0.2717672397440714
lb20_atr20_m2.0_r0.005_tfnone_rfnone,20,20,2.0,0.005,none,none,-0.15736081067856478,-0.16051945127549572,67,0.19402985074626866,0.27418481551757906,-0.4932701186031425,-0.06477789171958637,-0.06852360350806785,25,0.12,0.1477929146181524,-0.5458479926425348,-0.27282959712599203
lb20_atr20_m1.5_r0.005_tfma100_rfnone,20,20,1.5,0.005,ma100,none,-0.15471351659649568,-0.1614402800190886,63,0.23809523809523808,0.22743912683670184,-0.5317349284326284,-0.05998177620324907,-0.06412134224043586,24,0.2916666666666667,0.20746381179147327,-0.578691413995565,-0.276014753415811
lb20_atr14_m2.0_r0.005_tfnone_rfnone,20,14,2.0,0.005,none,none,-0.154651541406028,-0.15864918360093627,65,0.2,0.26443002111445196,-0.49430826382496557,-0.06858006783418169,-0.07238241190452332,26,0.11538461538461539,0.09987073459169045,-0.557589571074841,-0.2774788275789261
lb10_atr20_m1.5_r0.0025_tfnone_rfnone,10,20,1.5,0.0025,none,none,-0.16408311851955482,-0.16717659503225668,123,0.21951219512195122,0.19816260749856288,-0.5363330636792184,-0.06400836793460452,-0.06676780543237548,46,0.2826086956521739,0.2137981157130868,-0.5401394508545017,-0.2782583916154137
lb10_atr14_m2.0_r0.005_tfnone_rfadx20,10,14,2.0,0.005,none,adx20,-0.22172256505302057,-0.22753984408565753,90,0.2,0.21625713068342925,-0.5266424705517858,-0.057623957850148955,-0.06380486790728945,31,0.22580645161290322,0.28102609760350133,-0.36932754887351776,-0.2782594090091121
lb20_atr10_m1.5_r0.005_tfnone_rfadx20,20,10,1.5,0.005,none,adx20,-0.1964091195835691,-0.1991504271921637,68,0.17647058823529413,0.1565430501976647,-0.6273071260181696,-0.053412147681831224,-0.0575806444465462,24,0.20833333333333334,0.2161506124842967,-0.4286017423809861,-0.27929133009359897
lb10_atr20_m2.0_r0.005_tfma100_rfnone,10,20,2.0,0.005,ma100,none,-0.15898101199152437,-0.16597726456931228,70,0.21428571428571427,0.24672574289130667,-0.4779975730880238,-0.06817699258253906,-0.0742397297293691,27,0.14814814814814814,0.17311653987936487,-0.5715963447984403,-0.2803207489328644
lb10_atr20_m2.0_r0.005_tfnone_rfadx20,10,20,2.0,0.005,none,adx20,-0.22607643605651018,-0.22915118262657863,93,0.1827956989247312,0.20245973368492087,-0.5277160154703049,-0.05718407843013773,-0.06331833897621109,30,0.16666666666666666,0.2954321302430405,-0.37222625925541863,-0.28050473780276747
lb30_atr14_m1.5_r0.005_tfma100_rfnone,30,14,1.5,0.005,ma100,none,-0.13571378260153977,-0.14232101251284723,53,0.2830188679245283,0.18977448493784588,-0.5497231402669844,-0.06448834766646028,-0.06860806807757203,22,0.18181818181818182,0.17446509474849756,-0.6706992798729042,-0.2859975391524784
lb30_atr14_m1.5_r0.005_tfnone_rfnone,30,14,1.5,0.005,none,none,-0.1496986281318642,-0.1526580485702368,62,0.2903225806451613,0.21661699386719946,-0.5095931478902781,-0.06776372904735117,-0.07186902563434971,24,0.16666666666666666,0.16688416674671838,-0.6444827298440123,-0.28848163145303085
lb20_atr10_m2.0_r0.005_tfnone_rfnone,20,10,2.0,0.005,none,none,-0.17036198263917213,-0.1740961775281199,67,0.14925373134328357,0.2356310421404186,-0.5311707143206886,-0.06636107736102348,-0.07002216005023465,25,0.12,0.08540846406816031,-0.5604687323804665,-0.28915472672627074
lb20_atr14_m1.5_r0.005_tfnone_rfadx20,20,14,1.5,0.005,none,adx20,-0.20124536894096523,-0.20402538419039074,68,0.19117647058823528,0.1388189411617749,-0.6556339296598336,-0.057398110904213206,-0.06154905464967486,25,0.24,0.23747409136029665,-0.4440172893992201,-0.2901281197252061
lb10_atr10_m2.0_r0.005_tfma100_rfnone,10,10,2.0,0.005,ma100,none,-0.17275922734121085,-0.18058550823173758,71,0.16901408450704225,0.22416627430261393,-0.5052985199618494,-0.06710321417592724,-0.07261624814732504,26,0.19230769230769232,0.11135369965492768,-0.566174347558222,-0.29050242472247695
lb10_atr14_m2.0_r0.005_tfma100_rfnone,10,14,2.0,0.005,ma100,none,-0.1604096009494469,-0.17064072875499903,69,0.21739130434782608,0.2493913377722528,-0.479932426463861,-0.07335492761759477,-0.07840223972692595,28,0.17857142857142858,0.12255498163292909,-0.599778467456175,-0.2912534720603943
lb10_atr14_m1.5_r0.0025_tfnone_rfnone,10,14,1.5,0.0025,none,none,-0.17311620108177372,-0.17500689700929373,124,0.20967741935483872,0.18146335259694166,-0.5654032896854078,-0.06867257264651616,-0.07217437138691274,47,0.23404255319148937,0.21280771111268285,-0.5661228382180087,-0.29435114107321486
lb30_atr10_m1.5_r0.005_tfma100_rfnone,30,10,1.5,0.005,ma100,none,-0.14164793092654315,-0.14805539551528601,53,0.24528301886792453,0.17280136004527027,-0.565099804954883,-0.06866785962493605,-0.0727691746846223,22,0.13636363636363635,0.13729584846571027,-0.6979845628804398,-0.2995336735768681
lb10_atr10_m1.5_r0.0025_tfnone_rfnone,10,10,1.5,0.0025,none,none,-0.17994777440742427,-0.18162109145343297,126,0.19047619047619047,0.1766393884206479,-0.5807894231855177,-0.0683865660253733,-0.07175944590006089,46,0.21739130434782608,0.19570680894551795,-0.5724974489523654,-0.30085243216543045
lb10_atr20_m1.5_r0.005_tfnone_rfadx20,10,20,1.5,0.005,none,adx20,-0.2703781993832385,-0.27346144577182785,109,0.21100917431192662,0.16556609746448325,-0.5791495293297986,-0.06080192466443257,-0.06728927812646024,35,0.37142857142857144,0.354553490179461,-0.3292232705036365,-0.3064131912001525
lb10_atr20_m1.5_r0.005_tfma100_rfnone,10,20,1.5,0.005,ma100,none,-0.18956823753179142,-0.1960176281742726,82,0.2073170731707317,0.21788378131341257,-0.5129293858451016,-0.07614662254713722,-0.08112290246673293,32,0.3125,0.23521820751612804,-0.5762873600864297,-0.30737425440111615
lb20_atr20_m1.5_r0.005_tfnone_rfnone,20,20,1.5,0.005,none,none,-0.19482714544846103,-0.19772307234075626,80,0.2375,0.20443545908058153,-0.5512350140417193,-0.0748748842405278,-0.07894886537450896,30,0.26666666666666666,0.1952444970576239,-0.5540449600594529,-0.30937286663451774
lb30_atr10_m1.5_r0.005_tfnone_rfnone,30,10,1.5,0.005,none,none,-0.162710238235675,-0.1655665035946513,62,0.22580645161290322,0.19137646047402967,-0.5509029241274037,-0.07265474573611841,-0.0767385037124182,24,0.125,0.13023097831049132,-0.675361173347811,-0.309712278447534
lb20_atr10_m1.5_r0.005_tfma100_rfnone,20,10,1.5,0.005,ma100,none,-0.17838824383244978,-0.18452144770416767,65,0.2153846153846154,0.15721218748004065,-0.5917631179608475,-0.06662039941947573,-0.0707307308966254,24,0.16666666666666666,0.14878985593697666,-0.6247998938479439,-0.3098960475295737
lb20_atr14_m1.5_r0.005_tfma100_rfnone,20,14,1.5,0.005,ma100,none,-0.18016830997296596,-0.18643569727539122,65,0.23076923076923078,0.14733657766195898,-0.6111647044547664,-0.06947500293695363,-0.07357276357295217,25,0.2,0.1737108154645697,-0.6327416872447236,-0.31587994810073144
lb10_atr14_m1.5_r0.005_tfnone_rfadx20,10,14,1.5,0.005,none,adx20,-0.2813101279350433,-0.2843066979888117,110,0.19090909090909092,0.16153409367540905,-0.60242839312662,-0.06522669164282102,-0.07311914192030178,36,0.3055555555555556,0.3525676740932671,-0.3554529558804165,-0.3231805646927695
lb10_atr10_m1.5_r0.005_tfnone_rfadx20,10,10,1.5,0.005,none,adx20,-0.28436572674524385,-0.28680698600546295,111,0.18018018018018017,0.1648575012271736,-0.6018865325184498,-0.0637317017802298,-0.07147449225971625,35,0.2857142857142857,0.32823490658244386,-0.3592229703026376,-0.32466057887107713
lb20_atr10_m1.5_r0.005_tfnone_rfnone,20,10,1.5,0.005,none,none,-0.21642122468857705,-0.21909426455381442,80,0.2,0.16219647044372015,-0.6008375811301278,-0.07908241547752415,-0.08313786787135102,30,0.16666666666666666,0.15468639994220984,-0.5814698302153435,-0.33551661032693053
lb20_atr14_m1.5_r0.005_tfnone_rfnone,20,14,1.5,0.005,none,none,-0.21231880603297926,-0.21506028088115725,80,0.225,0.15963260466428697,-0.5960779459700887,-0.08242822354473456,-0.08646894197586641,31,0.1935483870967742,0.17584912783571538,-0.5903814250419008,-0.33645795140145207
lb10_atr14_m1.5_r0.005_tfma100_rfnone,10,14,1.5,0.005,ma100,none,-0.21103604470159631,-0.2170674566800055,84,0.20238095238095238,0.15637831548378406,-0.5673685215396344,-0.08337246609337745,-0.08886500604922631,33,0.24242424242424243,0.2228821869429899,-0.6191461954195336,-0.3385832494074998
lb10_atr10_m1.5_r0.005_tfma100_rfnone,10,10,1.5,0.005,ma100,none,-0.21646205621452963,-0.22231104500319887,86,0.18604651162790697,0.161282212850235,-0.5652770024223536,-0.08111604914636428,-0.08646893475386108,32,0.21875,0.20157209152236166,-0.6131255674854647,-0.3390977450722208
lb10_atr20_m2.0_r0.005_tfnone_rfnone,10,20,2.0,0.005,none,none,-0.22858517195021077,-0.2331327922452261,103,0.1941747572815534,0.22617804101546193,-0.4832842250823771,-0.10281925442906781,-0.10865659799141314,40,0.125,0.18502103955356258,-0.5621863038425263,-0.34796308807284293
lb10_atr10_m2.0_r0.005_tfnone_rfnone,10,10,2.0,0.005,none,none,-0.25141137991737705,-0.25622231709601717,105,0.1619047619047619,0.20976069476945383,-0.526876247299612,-0.09303289574111173,-0.09839269602416523,38,0.18421052631578946,0.18170733637986033,-0.5176384211302151,-0.35022857369804594
lb10_atr14_m2.0_r0.005_tfnone_rfnone,10,14,2.0,0.005,none,none,-0.23458543474631643,-0.2396513923357214,102,0.19607843137254902,0.22625294957879669,-0.4982707662524682,-0.10461448522016592,-0.10949153068877115,41,0.17073170731707318,0.17303815483655052,-0.5671399341513313,-0.35512943676980735
lb10_atr20_m1.5_r0.005_tfnone_rfnone,10,20,1.5,0.005,none,none,-0.2784092139243226,-0.2818116247416138,123,0.21951219512195122,0.19777531539383963,-0.5363330636792184,-0.10836447865948962,-0.11316721906043747,46,0.2826086956521739,0.2316012995455877,-0.5401394508545017,-0.38187065163121797
lb10_atr14_m1.5_r0.005_tfnone_rfnone,10,14,1.5,0.005,none,none,-0.29343859568644115,-0.29589773820939946,124,0.20967741935483872,0.1725475678786215,-0.5654032896854078,-0.1139053488917191,-0.11921493222392998,47,0.23404255319148937,0.23298028821582795,-0.5661228382180088,-0.40222975965184715
lb10_atr10_m1.5_r0.005_tfnone_rfnone,10,10,1.5,0.005,none,none,-0.30461260147656566,-0.3069847921185316,126,0.19047619047619047,0.16615068011253997,-0.5807894231855177,-0.11381489876588624,-0.11897729981725658,46,0.21739130434782608,0.21025176695394832,-0.5724974489523654,-0.41159125222148163
