key,breakout_lookback,atr_period,atr_mult,risk_per_trade,trend_filter,regime_filter,is_return,is_mdd,is_trades,is_win_rate,is_pf,is_avg_r,oos_return,oos_mdd,oos_trades,oos_win_rate,oos_pf,oos_avg_r,rank_score
lb55_atr14_m3.0_r0.0025_tfnone_rfadx20,55,14,3.0,0.0025,none,adx20,0.0025241786786331932,-0.016154253404830565,18,0.2777777777777778,1.1311085889493302,0.053793237823440046,0.003826057299830543,-0.006150848325150338,6,0.6666666666666666,1.888271529647194,0.2463553337664884,0.09281698093776998
lb55_atr14_m3.0_r0.0025_tfma100_rfadx20,55,14,3.0,0.0025,ma100,adx20,0.002418756878449946,-0.016154253404830454,17,0.23529411764705882,1.1256460783473303,0.05461574840408121,0.003826057299830543,-0.006150848325150338,6,0.6666666666666666,1.888271529647194,0.2463553337664884,0.09278415444217264
lb55_atr14_m3.0_r0.005_tfnone_rfadx20,55,14,3.0,0.005,none,adx20,0.004742997912571489,-0.03208285154881052,18,0.2777777777777778,1.121973666412411,0.053793237823440095,0.0076341371951618164,-0.01223949463041285,6,0.6666666666666666,1.8814302842729023,0.24635533376648835,0.09186752078451263
lb55_atr14_m3.0_r0.005_tfma100_rfadx20,55,14,3.0,0.005,ma100,adx20,0.004531709884548096,-0.0320828515488103,17,0.23529411764705882,1.116564574212833,0.054615748404081246,0.0076341371951618164,-0.01223949463041285,6,0.6666666666666666,1.8814302842729023,0.24635533376648835,0.09178761537961266
lb55_atr20_m3.0_r0.0025_tfnone_rfadx20,55,20,3.0,0.0025,none,adx20,-0.009877845817139796,-0.02146242395800979,21,0.19047619047619047,0.6594311978036805,-0.17798494241115229,0.004264767191039853,-0.006094155842493509,6,0.6666666666666666,2.0980259339642937,0.2735463843503182,0.07002450974938257
lb55_atr20_m3.0_r0.0025_tfma100_rfadx20,55,20,3.0,0.0025,ma100,adx20,-0.009925433456538624,-0.021462423958009902,20,0.15,0.6577740208818316,-0.18779209388419082,0.004264767191039853,-0.006094155842493509,6,0.6666666666666666,2.0980259339642937,0.2735463843503182,0.0691275692000828
lb55_atr20_m3.0_r0.005_tfnone_rfadx20,55,20,3.0,0.005,none,adx20,-0.01996412221745547,-0.0425138049305519,21,0.19047619047619047,0.655852442180018,-0.1779849424111523,0.008514916990505439,-0.012122442503636366,6,0.6666666666666666,2.089581454932677,0.27354638435031814,0.0631064756157286
lb55_atr20_m3.0_r0.005_tfma100_rfadx20,55,20,3.0,0.005,ma100,adx20,-0.02005832342757141,-0.04251380493055168,20,0.15,0.6541953345176221,-0.18779209388419082,0.008514916990505439,-0.012122442503636366,6,0.6666666666666666,2.089581454932677,0.27354638435031814,0.06218855968683042
lb55_atr10_m3.0_r0.0025_tfnone_rfadx20,55,10,3.0,0.0025,none,adx20,-0.00354799978250242,-0.019797657669161417,20,0.3,0.844813679269008,-0.06838679027543397,0.0026410338913818165,-0.006583684766834241,6,0.6666666666666666,1.5988137755927847,0.17041450141758221,0.05712846321271493
lb55_atr10_m3.0_r0.0025_tfma100_rfadx20,55,10,3.0,0.0025,ma100,adx20,-0.003887415121188731,-0.019797657669161306,19,0.2631578947368421,0.8299100207918599,-0.07880056054730673,0.0026410338913818165,-0.006583684766834241,6,0.6666666666666666,1.5988137755927847,0.17041450141758221,0.05590803299750719
lb55_atr10_m3.0_r0.005_tfnone_rfadx20,55,10,3.0,0.005,none,adx20,-0.007398704823445956,-0.03924453850273335,20,0.3,0.8390964279465809,-0.06838679027543397,0.0052605487297763265,-0.013111111607257309,6,0.6666666666666666,1.5938063003038059,0.1704145014175821,0.05225900790317666
lb55_atr10_m3.0_r0.005_tfma100_rfadx20,55,10,3.0,0.005,ma100,adx20,-0.0080746819627453,-0.03924453850273335,19,0.2631578947368421,0.8242759224135325,-0.07880056054730676,0.0052605487297763265,-0.013111111607257309,6,0.6666666666666666,1.5938063003038059,0.1704145014175821,0.05088799798360608
lb55_atr10_m2.5_r0.0025_tfnone_rfadx20,55,10,2.5,0.0025,none,adx20,-0.007995122744033134,-0.023640219432473852,23,0.17391304347826086,0.7475778310630825,-0.13046325488311664,0.001188928443878634,-0.006676654394211168,7,0.42857142857142855,1.1650296408557987,0.06482929892486694,0.021697416042145704
lb55_atr10_m2.5_r0.0025_tfma100_rfadx20,55,10,2.5,0.0025,ma100,adx20,-0.008791239209763102,-0.023640219432474185,22,0.13636363636363635,0.7222198990599894,-0.15012831184650224,0.001188928443878634,-0.006676654394211168,7,0.42857142857142855,1.1650296408557987,0.06482929892486694,0.019352212862238455
lb55_atr14_m3.0_r0.0025_tfnone_rfnone,55,14,3.0,0.0025,none,none,0.0019403812494669381,-0.013694084166271492,19,0.2631578947368421,1.0957270792350329,0.040358748474033826,-0.001147832173726382,-0.009849293683692917,8,0.5,0.8762918965097577,-0.05240110584568299,0.01875527014649637
lb55_atr14_m3.0_r0.0025_tfma100_rfnone,55,14,3.0,0.0025,ma100,none,0.0018350208393000944,-0.013694084166271603,18,0.2222222222222222,1.0905387326148115,0.04038920350300567,-0.001147832173726382,-0.009849293683692917,8,0.5,0.8762918965097577,-0.05240110584568299,0.018677117219477356
lb55_atr14_m3.0_r0.005_tfnone_rfnone,55,14,3.0,0.005,none,none,0.0035693430977941087,-0.027230564971270854,19,0.2631578947368421,1.0874859984063718,0.04035874847403383,-0.002339149289807829,-0.01958891645155636,8,0.5,0.874399560505391,-0.052401105845682944,0.013718181638386593
lb55_atr14_m3.0_r0.005_tfma100_rfnone,55,14,3.0,0.005,ma100,none,0.003358301878369385,-0.027230564971270632,18,0.2222222222222222,1.0823306087509703,0.04038920350300565,-0.002339149289807829,-0.01958891645155636,8,0.5,0.874399560505391,-0.052401105845682944,0.013613954557183758
lb55_atr10_m2.5_r0.005_tfnone_rfadx20,55,10,2.5,0.005,none,adx20,-0.016392468048862407,-0.04676716747558163,23,0.17391304347826086,0.7417459048012787,-0.1304632548831166,0.0023343233391215357,-0.013289053423022001,7,0.42857142857142855,1.1618431355163539,0.06482929892486688,0.013468209293962103
lb55_atr10_m2.5_r0.005_tfma100_rfadx20,55,10,2.5,0.005,ma100,adx20,-0.01796995670359658,-0.04676716747558174,22,0.13636363636363635,0.7164386905859882,-0.1501283118465023,0.0023343233391215357,-0.013289053423022001,7,0.42857142857142855,1.1618431355163539,0.06482929892486688,0.010771921165774913
lb55_atr20_m3.0_r0.0025_tfnone_rfnone,55,20,3.0,0.0025,none,none,-0.01301364184463416,-0.021511547133670983,23,0.17391304347826086,0.5995286428765741,-0.21407417632560186,2.3516979357207646e-05,-0.009743927963709709,8,0.5,1.00289468032351,0.0016978623648795273,-0.003992333138402138
lb55_atr20_m3.0_r0.0025_tfma100_rfnone,55,20,3.0,0.0025,ma100,none,-0.013061078770174595,-0.021511547133671427,22,0.13636363636363635,0.5980495383467755,-0.22463018829720277,2.3516979357207646e-05,-0.009743927963709709,8,0.5,1.00289468032351,0.0016978623648795273,-0.004952861399973359
lb55_atr10_m3.0_r0.0025_tfnone_rfnone,55,10,3.0,0.0025,none,none,-0.0046246565276123475,-0.017866398931842498,21,0.2857142857142857,0.8100020338841627,-0.08370195078256144,-0.0023564969517968493,-0.009753427732848485,8,0.5,0.7494611030465528,-0.11084731192943718,-0.010631451838728562
lb55_atr10_m3.0_r0.0025_tfma100_rfnone,55,10,3.0,0.0025,ma100,none,-0.004963705131309615,-0.01786639893184261,20,0.25,0.7960031791630283,-0.09436079056619699,-0.0023564969517968493,-0.009753427732848485,8,0.5,0.7494611030465528,-0.11084731192943718,-0.01186366016603237
lb30_atr14_m3.0_r0.0025_tfma100_rfadx20,30,14,3.0,0.0025,ma100,adx20,-0.014065728898903673,-0.03005518210762126,25,0.24,0.6138184211399696,-0.21320497206124445,-0.0006882663739654626,-0.009393731373383951,8,0.5,0.9267013888709773,-0.032693788772783505,-0.012810625388316935
lb30_atr20_m3.0_r0.0025_tfma100_rfadx20,30,20,3.0,0.0025,ma100,adx20,-0.019289830856112355,-0.02914155383634154,26,0.15384615384615385,0.5239524401627355,-0.2796679369207618,0.00016139646187318668,-0.009607395179777711,8,0.5,1.0182480081641578,0.006025141197943139,-0.013303918370041428
lb55_atr20_m3.0_r0.005_tfnone_rfnone,55,20,3.0,0.005,none,none,-0.02617374266267991,-0.04261212335422637,23,0.17391304347826086,0.5961411578838778,-0.21407417632560183,5.523734697865379e-06,-0.019372838524136515,8,0.5,1.0003384659148291,0.0016978623648794787,-0.015467286981066678
lb55_atr20_m3.0_r0.005_tfma100_rfnone,55,20,3.0,0.005,ma100,none,-0.026267347003056107,-0.042612123354226594,22,0.13636363636363635,0.5946578885394956,-0.22463018829720277,5.523734697865379e-06,-0.019372838524136515,8,0.5,1.0003384659148291,0.0016978623648794787,-0.016448634309867094
lb55_atr10_m3.0_r0.005_tfnone_rfnone,55,10,3.0,0.005,none,none,-0.009547155913891991,-0.03545042277123789,21,0.2857142857142857,0.8044336791563416,-0.08370195078256143,-0.004748273583202844,-0.01940379788107527,8,0.5,0.7482193345505522,-0.11084731192943725,-0.019215595496196163
lb10_atr20_m3.0_r0.0025_tfma100_rfadx20,10,20,3.0,0.0025,ma100,adx20,-0.03440693744685874,-0.04481170496832543,41,0.1951219512195122,0.46092839701966487,-0.32468212370629385,0.0009218700064492769,-0.010060151786647653,10,0.5,1.0876033391841404,0.03555823859611336,-0.020448830277268355
lb55_atr10_m3.0_r0.005_tfma100_rfnone,55,10,3.0,0.005,ma100,none,-0.010221669924109111,-0.03545042277123789,20,0.25,0.7904740756259747,-0.09436079056619692,-0.004748273583202844,-0.01940379788107527,8,0.5,0.7482193345505522,-0.11084731192943725,-0.020598351118930824
lb30_atr14_m3.0_r0.005_tfma100_rfadx20,30,14,3.0,0.005,ma100,adx20,-0.02828818002553135,-0.05928303819802794,25,0.24,0.6120024037460146,-0.21320497206124447,-0.0014228908227449377,-0.018688500287221355,8,0.5,0.9245323414696549,-0.032693788772783554,-0.026184676219345077
lb55_atr14_m2.5_r0.0025_tfnone_rfadx20,55,14,2.5,0.0025,none,adx20,-0.008162183382258381,-0.01882482397480656,21,0.23809523809523808,0.697217271156443,-0.1494307879235931,-0.0033571386720012697,-0.008021205356952943,9,0.4444444444444444,0.6175718360698491,-0.14201214446931024,-0.027029132809970255
lb10_atr14_m3.0_r0.0025_tfma100_rfadx20,10,14,3.0,0.0025,ma100,adx20,-0.02853004571753781,-0.04222203443208594,39,0.23076923076923078,0.5014364726623325,-0.28393589388466434,-0.0008550669192187721,-0.010329581439339486,10,0.5,0.9301036806064485,-0.027559800888951075,-0.02782633699776508
lb30_atr20_m3.0_r0.005_tfma100_rfadx20,30,20,3.0,0.005,ma100,adx20,-0.038552603243193984,-0.05751918904194375,26,0.15384615384615385,0.5222179792438092,-0.2796679369207618,0.0002762652143739608,-0.019107343541951982,8,0.5,1.0155439747954196,0.006025141197943153,-0.02842278412364147
lb55_atr14_m2.5_r0.0025_tfma100_rfadx20,55,14,2.5,0.0025,ma100,adx20,-0.0087595821589872,-0.018824823974806892,20,0.2,0.6748604487136003,-0.16818827876321912,-0.0033571386720012697,-0.008021205356952943,9,0.4444444444444444,0.6175718360698491,-0.14201214446931024,-0.029173989343615397
lb30_atr10_m3.0_r0.0025_tfma100_rfadx20,30,10,3.0,0.0025,ma100,adx20,-0.016135133856754136,-0.03341662311844862,26,0.2692307692307692,0.5918381217400519,-0.23951229409759758,-0.002059013656655284,-0.009458150098683005,8,0.5,0.7854219315577666,-0.09923180441786483,-0.031083180016735983
lb20_atr10_m3.0_r0.0025_tfma100_rfadx20,20,10,3.0,0.0025,ma100,adx20,-0.029750844641872165,-0.04406619076595786,34,0.20588235294117646,0.470263694413493,-0.3418121575834399,-0.0006355684987950916,-0.012253233639539785,9,0.4444444444444444,0.9451474117742169,-0.029215974328734826,-0.03438056651272571
lb20_atr20_m3.0_r0.0025_tfma100_rfadx20,20,20,3.0,0.0025,ma100,adx20,-0.034657357854626314,-0.042066786890665786,34,0.17647058823529413,0.40702381449201025,-0.3946087577285689,9.734007327200089e-05,-0.010978423665704007,9,0.4444444444444444,1.0093089693116706,0.0027605002590851474,-0.034410424367463235
lb20_atr14_m3.0_r0.0025_tfma100_rfadx20,20,14,3.0,0.0025,ma100,adx20,-0.028720992758571318,-0.04204990665533381,32,0.21875,0.4417131155527435,-0.34747982052293497,-0.0007169666566575472,-0.011404575934698125,9,0.4444444444444444,0.9370532558373298,-0.030493069153802985,-0.034620036908405045
lb30_atr14_m3.0_r0.0025_tfnone_rfadx20,30,14,3.0,0.0025,none,adx20,-0.01562355981177821,-0.031052997563690732,29,0.3103448275862069,0.6359988342603982,-0.20487542308503695,-0.003388545373690488,-0.012070486998440377,10,0.4,0.7195703286260141,-0.13405402808078684,-0.0353808180644683
lb10_atr10_m2.5_r0.0025_tfma100_rfadx20,10,10,2.5,0.0025,ma100,adx20,-0.0511743356928237,-0.0598008870897081,49,0.1836734693877551,0.36283650624657693,-0.40386807920023865,0.001391744347001067,-0.010489356683646811,12,0.5,1.0937868525028671,0.048303581890340896,-0.03571284653467291
lb10_atr10_m3.0_r0.0025_tfma100_rfadx20,10,10,3.0,0.0025,ma100,adx20,-0.03022788481037353,-0.042675301647498,40,0.225,0.5025640646666074,-0.2941788897577632,-0.001668231436827261,-0.010878502702129866,10,0.5,0.8722093116279853,-0.057033504698821125,-0.03604662149974418
lb55_atr10_m2.5_r0.0025_tfnone_rfnone,55,10,2.5,0.0025,none,none,-0.00866072274072116,-0.02120800865288308,24,0.16666666666666666,0.7361909374927157,-0.13440041169772785,-0.004759237713424125,-0.009981554837967477,9,0.3333333333333333,0.6380172460195882,-0.2000437391799736,-0.03617503394422438
lb55_atr14_m2.5_r0.005_tfnone_rfadx20,55,14,2.5,0.005,none,adx20,-0.01648802994823695,-0.037347710750168295,21,0.23809523809523808,0.6943731919044308,-0.14943078792359316,-0.00673302203969961,-0.015996881103024108,9,0.4444444444444444,0.6169460552108047,-0.14201214446931026,-0.037341445018321345
lb55_atr10_m2.5_r0.0025_tfma100_rfnone,55,10,2.5,0.0025,ma100,none,-0.009456305040613788,-0.02120800865288386,23,0.13043478260869565,0.7117258344402015,-0.15338164691551462,-0.004759237713424125,-0.009981554837967477,9,0.3333333333333333,0.6380172460195882,-0.2000437391799736,-0.03845078764278392
lb55_atr14_m2.5_r0.005_tfma100_rfadx20,55,14,2.5,0.005,ma100,adx20,-0.017672084763488916,-0.03734771075016863,20,0.2,0.6720303711852287,-0.16818827876321918,-0.00673302203969961,-0.015996881103024108,9,0.4444444444444444,0.6169460552108047,-0.14201214446931026,-0.039750149751203674
lb30_atr20_m3.0_r0.0025_tfnone_rfadx20,30,20,3.0,0.0025,none,adx20,-0.020569812386083464,-0.029907192282956574,30,0.23333333333333334,0.5627119000935767,-0.2592558944667091,-0.00311906855938604,-0.01285581919306178,10,0.4,0.7426331565032963,-0.12409183916874511,-0.04096141631917115
lb10_atr20_m3.0_r0.005_tfma100_rfadx20,10,20,3.0,0.005,ma100,adx20,-0.06801839280858246,-0.0877425354998409,41,0.1951219512195122,0.4606905472127649,-0.32468212370629373,0.0017737173686136476,-0.02003322580540101,10,0.5,1.083799897461908,0.03555823859611336,-0.04378544919669763
lb30_atr10_m3.0_r0.005_tfma100_rfadx20,30,10,3.0,0.005,ma100,adx20,-0.032379399632676664,-0.06579622383929706,26,0.2692307692307692,0.5906487274209784,-0.2395122940975975,-0.004156581669100379,-0.018820818893555913,8,0.5,0.7840156202127084,-0.0992318044178649,-0.04655411172191057
lb55_atr10_m2.5_r0.005_tfnone_rfnone,55,10,2.5,0.005,none,none,-0.017717219741492318,-0.04200759512153185,24,0.16666666666666666,0.7300524219394295,-0.13440041169772785,-0.009557920507228701,-0.019854928522125004,9,0.3333333333333333,0.6365304047231135,-0.2000437391799736,-0.048462200213246466
lb10_atr14_m3.0_r0.005_tfma100_rfadx20,10,14,3.0,0.005,ma100,adx20,-0.05669168795777635,-0.08278679083684315,39,0.23076923076923078,0.5011250113157065,-0.28393589388466434,-0.001787350531054277,-0.020562988434837393,10,0.5,0.9272332682159906,-0.027559800888951148,-0.04941082709363093
lb20_atr10_m2.5_r0.0025_tfma100_rfadx20,20,10,2.5,0.0025,ma100,adx20,-0.039063440719261044,-0.04940814105654623,38,0.18421052631578946,0.4083370010450736,-0.39706481189620185,-0.001392113768619141,-0.011677982979016788,10,0.3,0.9019977555641946,-0.05588806144440857,-0.050246112500027834
lb30_atr10_m3.0_r0.0025_tfnone_rfadx20,30,10,3.0,0.0025,none,adx20,-0.01570602777219532,-0.03322049499703961,30,0.3,0.6538967006342192,-0.20269842241271177,-0.005239468533956959,-0.012615023802441394,10,0.4,0.5897143005849029,-0.205316463806887,-0.050614888791051034
lb55_atr20_m2.5_r0.0025_tfnone_rfadx20,55,20,2.5,0.0025,none,adx20,-0.014957078979122684,-0.02299144735975689,23,0.17391304347826086,0.5205708254622635,-0.24486384776269876,-0.004365225303087028,-0.008548729362417018,9,0.4444444444444444,0.48784934124741186,-0.18221698231077152,-0.05062982220495567
lb55_atr10_m2.5_r0.005_tfma100_rfnone,55,10,2.5,0.005,ma100,none,-0.01929258378788601,-0.04200759512153118,23,0.13043478260869565,0.70557727353275,-0.15338164691551456,-0.009557920507228701,-0.019854928522125004,9,0.3333333333333333,0.6365304047231135,-0.2000437391799736,-0.05108896117395001
lb30_atr14_m3.0_r0.005_tfnone_rfadx20,30,14,3.0,0.005,none,adx20,-0.03160443764909915,-0.06123625759184781,29,0.3103448275862069,0.63179947808358,-0.20487542308503692,-0.006815164014558284,-0.02398753993482472,10,0.4,0.7186077179273461,-0.13405402808078687,-0.05184380765962255
lb55_atr20_m2.5_r0.0025_tfma100_rfadx20,55,20,2.5,0.0025,ma100,adx20,-0.015575658907535317,-0.022991447359757555,22,0.13636363636363635,0.5004293560138603,-0.26666580946367435,-0.004365225303087028,-0.008548729362417018,9,0.4444444444444444,0.48784934124741186,-0.18221698231077152,-0.05302734025078505
lb30_atr10_m2.5_r0.0025_tfma100_rfadx20,30,10,2.5,0.0025,ma100,adx20,-0.02451911758218761,-0.03746867098999407,30,0.16666666666666666,0.4955041039052171,-0.3102506933227459,-0.0038140784678636352,-0.009041355117278327,9,0.3333333333333333,0.6923269232268869,-0.16256540468516625,-0.05558835817155166
lb20_atr14_m3.0_r0.005_tfma100_rfadx20,20,14,3.0,0.005,ma100,adx20,-0.056997730784421385,-0.0824332246064382,32,0.21875,0.4421979377177353,-0.34747982052293486,-0.001504444649000125,-0.022660634024116888,9,0.4444444444444444,0.9342847854439096,-0.030493069153802906,-0.056406816072168735
lb20_atr10_m3.0_r0.005_tfma100_rfadx20,20,10,3.0,0.005,ma100,adx20,-0.059024607039311894,-0.08630705750238665,34,0.20588235294117646,0.4708358942263781,-0.3418121575834398,-0.0013546747223820432,-0.024319084242414135,9,0.4444444444444444,0.9418316759833298,-0.029215974328734844,-0.05705875926428078
lb20_atr20_m3.0_r0.005_tfma100_rfadx20,20,20,3.0,0.005,ma100,adx20,-0.06849864759758306,-0.08248881436774558,34,0.17647058823529413,0.40711631528560893,-0.39460875772856885,0.00012961980158454622,-0.021818860543341145,9,0.4444444444444444,1.0061634170750937,0.00276050025908516,-0.05815921534647917
lb10_atr10_m3.0_r0.005_tfma100_rfadx20,10,10,3.0,0.005,ma100,adx20,-0.05995330650793873,-0.08366551778967002,40,0.225,0.5024640867524045,-0.2941788897577632,-0.002860023244393939,-0.021647696556787555,10,0.5,0.8884021583178112,-0.05703350469882109,-0.05830245667757279
lb30_atr20_m3.0_r0.005_tfnone_rfadx20,30,20,3.0,0.005,none,adx20,-0.04122468266003165,-0.05902042797987983,30,0.23333333333333334,0.5596858525691986,-0.25925589446670916,-0.006279821027997179,-0.025536384271883872,10,0.4,0.7416293877034399,-0.12409183916874514,-0.05941866870885015
lb10_atr14_m3.0_r0.0025_tfnone_rfadx20,10,14,3.0,0.0025,none,adx20,-0.03990352749771664,-0.05334607994356522,58,0.27586206896551724,0.5209227636676844,-0.27310348157760744,-0.006213082025091188,-0.01676924734701446,18,0.3333333333333333,0.7075847877445085,-0.13429345350293959,-0.059653886442835265
lb55_atr14_m2.5_r0.0025_tfnone_rfnone,55,14,2.5,0.0025,none,none,-0.007913337379923835,-0.01875231966381674,24,0.25,0.7420073441139554,-0.12555688165243176,-0.008776496297770775,-0.013415201595672888,11,0.36363636363636365,0.3816278417596395,-0.3037691149932709,-0.059789872039603134
lb55_atr14_m2.5_r0.0025_tfma100_rfnone,55,14,2.5,0.0025,ma100,none,-0.008510886040328125,-0.018752319663816963,23,0.21739130434782608,0.7223586818261201,-0.14082974732727344,-0.008776496297770775,-0.013415201595672888,11,0.36363636363636365,0.3816278417596395,-0.3037691149932709,-0.06148194590527516
lb20_atr10_m3.0_r0.0025_tfnone_rfadx20,20,10,3.0,0.0025,none,adx20,-0.033821277233394564,-0.05077888565858801,42,0.21428571428571427,0.5107615538278528,-0.31951311393194204,-0.005521366027179342,-0.01708223350949123,14,0.2857142857142857,0.698020287026917,-0.15566765672329705,-0.0640857505490096
lb55_atr20_m2.5_r0.005_tfnone_rfadx20,55,20,2.5,0.005,none,adx20,-0.029909167564132755,-0.045503107602134274,23,0.17391304347826086,0.519232007999172,-0.24486384776269876,-0.008735308335740544,-0.017031344362791523,9,0.4444444444444444,0.4870877676353328,-0.18221698231077152,-0.06514782833899785
lb10_atr10_m2.5_r0.005_tfma100_rfadx20,10,10,2.5,0.005,ma100,adx20,-0.10041433961662105,-0.11579805855148351,49,0.1836734693877551,0.3603545920812751,-0.40386807920023865,0.004213629965036381,-0.02087451552791031,12,0.5,1.148992371974757,0.0483035818903409,-0.06580810898365316
lb10_atr10_m3.0_r0.0025_tfnone_rfadx20,10,10,3.0,0.0025,none,adx20,-0.04091134201521107,-0.05744748411106171,60,0.25,0.5479690231033122,-0.2743560652118257,-0.0078401675399562,-0.016820708458464506,19,0.3157894736842105,0.6631562980767532,-0.1613509601717397,-0.06667869220743128
lb55_atr20_m2.5_r0.005_tfma100_rfadx20,55,20,2.5,0.005,ma100,adx20,-0.03112678378857414,-0.045503107602134496,22,0.13636363636363635,0.49903092299231405,-0.2666658094636744,-0.008735308335740544,-0.017031344362791523,9,0.4444444444444444,0.4870877676353328,-0.18221698231077152,-0.06781553868140389
lb30_atr10_m3.0_r0.005_tfnone_rfadx20,30,10,3.0,0.005,none,adx20,-0.03158550875206201,-0.06543081947235485,30,0.3,0.6521803427904366,-0.20269842241271174,-0.01049840680348646,-0.025069257832386782,10,0.4,0.5893191687178668,-0.20531646380688703,-0.06842634438332915
lb30_atr10_m2.5_r0.0025_tfnone_rfadx20,30,10,2.5,0.0025,none,adx20,-0.024284561837124796,-0.03760553306635728,34,0.23529411764705882,0.5631362952846843,-0.27130209528996374,-0.006790748848354622,-0.012002406044375524,11,0.2727272727272727,0.5580281091112637,-0.2402626928207881,-0.06903550658721992
lb55_atr20_m2.5_r0.0025_tfnone_rfnone,55,20,2.5,0.0025,none,none,-0.014065632632893288,-0.02146764212205665,26,0.23076923076923078,0.5915609169162818,-0.20211781573452917,-0.008965671163321143,-0.012396642409785219,11,0.36363636363636365,0.316720982720729,-0.3096358701752164,-0.07310293973782948
lb10_atr10_m2.5_r0.0025_tfnone_rfadx20,10,10,2.5,0.0025,none,adx20,-0.07330417645546083,-0.08083286239550136,73,0.1917808219178082,0.3795604902504323,-0.3982762495641294,-0.0031666357955779656,-0.01426615074830051,21,0.38095238095238093,0.8726497175462167,-0.06094519728569629,-0.07350504077845978
lb20_atr14_m3.0_r0.0025_tfnone_rfadx20,20,14,3.0,0.0025,none,adx20,-0.036082557395085924,-0.049743840723653676,40,0.25,0.4425192897523317,-0.35301366878325824,-0.00640918256544587,-0.017035912015120114,14,0.2857142857142857,0.6580997073293281,-0.17955160004611886,-0.07374211025473466
lb20_atr10_m2.5_r0.0025_tfnone_rfadx20,20,10,2.5,0.0025,none,adx20,-0.04577060433100877,-0.05765031123279307,46,0.21739130434782608,0.43658117834090543,-0.38867103561400546,-0.005470662470264731,-0.01571452177958732,15,0.26666666666666666,0.7352133095895349,-0.1433885772596276,-0.0741510530542228
lb55_atr14_m2.5_r0.005_tfnone_rfnone,55,14,2.5,0.005,none,none,-0.016019522108837947,-0.03720918181885979,24,0.25,0.7389309086673698,-0.12555688165243176,-0.017520317112292738,-0.02668356678917394,11,0.36363636363636365,0.3818850438233418,-0.3037691149932709,-0.0744353066166864
lb55_atr20_m2.5_r0.0025_tfma100_rfnone,55,20,2.5,0.0025,ma100,none,-0.014684772365151866,-0.021467642122056096,25,0.2,0.5733143357798964,-0.2195937007502609,-0.008965671163321143,-0.012396642409785219,11,0.36363636363636365,0.316720982720729,-0.3096358701752164,-0.07510228165815434
lb30_atr10_m2.5_r0.005_tfma100_rfadx20,30,10,2.5,0.005,ma100,adx20,-0.04889946056202199,-0.07361963464942811,30,0.16666666666666666,0.4937424316499036,-0.3102506933227459,-0.007672460725609009,-0.01798907068885247,9,0.3333333333333333,0.6906359531074703,-0.1625654046851663,-0.07612063519117657
lb55_atr14_m2.5_r0.005_tfma100_rfnone,55,14,2.5,0.005,ma100,none,-0.01720414096294265,-0.03720918181885935,23,0.21739130434782608,0.7192873022486733,-0.14082974732727344,-0.017520317112292738,-0.02668356678917394,11,0.36363636363636365,0.3818850438233418,-0.3037691149932709,-0.07627409494415746
lb20_atr10_m2.5_r0.005_tfma100_rfadx20,20,10,2.5,0.005,ma100,adx20,-0.07710027023062294,-0.0964992032269727,38,0.18421052631578946,0.4080453072702382,-0.39706481189620174,-0.002904160268293099,-0.023166917932479048,10,0.3,0.8980657640139439,-0.05588806144440844,-0.07785391976658686
lb10_atr20_m3.0_r0.0025_tfnone_rfadx20,10,20,3.0,0.0025,none,adx20,-0.048397209295343746,-0.05703837760922281,60,0.21666666666666667,0.4686147877375381,-0.3175813732872557,-0.008089092945915866,-0.01925240143894691,18,0.3333333333333333,0.6376733400899343,-0.17520372076823915,-0.07812263192705167
lb20_atr20_m3.0_r0.0025_tfnone_rfadx20,20,20,3.0,0.0025,none,adx20,-0.0411934528697383,-0.04928698359211314,42,0.21428571428571427,0.42374089663140313,-0.3841578854574924,-0.006640989197769898,-0.017642128057735684,14,0.2857142857142857,0.6448816356045499,-0.18613338526551085,-0.08051274762232043
lb30_atr14_m2.5_r0.0025_tfma100_rfadx20,30,14,2.5,0.0025,ma100,adx20,-0.024189751030302964,-0.033075149225000766,28,0.21428571428571427,0.4518563201842121,-0.3293495649935701,-0.008018978267091526,-0.012661228580713169,11,0.36363636363636365,0.4207261805039524,-0.279107342660784,-0.0844426445705757
lb55_atr20_m2.5_r0.005_tfnone_rfnone,55,20,2.5,0.005,none,none,-0.028178738268429093,-0.042541867560319635,26,0.23076923076923078,0.5897529531202076,-0.2021178157345292,-0.017885255681361678,-0.02466736247358592,11,0.36363636363636365,0.31662245171270353,-0.3096358701752163,-0.09052129251120317
lb20_atr14_m2.5_r0.0025_tfma100_rfadx20,20,14,2.5,0.0025,ma100,adx20,-0.03875241542255259,-0.04591846060571325,37,0.24324324324324326,0.3793730568408514,-0.4065373305900248,-0.007503230911455883,-0.01310764076258819,12,0.3333333333333333,0.5196250043342969,-0.23956506514138118,-0.09178716985527606
lb30_atr10_m2.5_r0.005_tfnone_rfadx20,30,10,2.5,0.005,none,adx20,-0.049040245759231604,-0.07390602886243614,34,0.23529411764705882,0.5560138598264992,-0.27130209528996374,-0.013597569721358838,-0.02385258002513546,11,0.2727272727272727,0.5569633164954261,-0.2402626928207881,-0.09217797950708871
lb55_atr20_m2.5_r0.005_tfma100_rfnone,55,20,2.5,0.005,ma100,none,-0.02939852645318064,-0.04254186756031986,25,0.2,0.5714564793964587,-0.21959370075026094,-0.017885255681361678,-0.02466736247358592,11,0.36363636363636365,0.31662245171270353,-0.3096358701752163,-0.09279145010731729
lb10_atr14_m3.0_r0.005_tfnone_rfadx20,10,14,3.0,0.005,none,adx20,-0.081689136885567,-0.10402619049618378,58,0.27586206896551724,0.5022782322916353,-0.2731034815776074,-0.012503010183512187,-0.03327974055695626,18,0.3333333333333333,0.7062712783049493,-0.13429345350293959,-0.09352619587997087
lb30_atr14_m3.0_r0.0025_tfma100_rfnone,30,14,3.0,0.0025,ma100,none,-0.016463100683225873,-0.026582686794668353,28,0.21428571428571427,0.610440944434101,-0.22324672865465048,-0.012952490718558085,-0.020108034587892565,12,0.3333333333333333,0.4010067758940592,-0.39945294103470014,-0.0936978599756927
lb30_atr14_m2.5_r0.0025_tfnone_rfadx20,30,14,2.5,0.0025,none,adx20,-0.027422911317530607,-0.03674443330585109,33,0.24242424242424243,0.4814780417774454,-0.31910850570919114,-0.010577941750735786,-0.015208216685016263,13,0.3076923076923077,0.3547022430511907,-0.31544008001878726,-0.09446532913116261
lb20_atr10_m3.0_r0.005_tfnone_rfadx20,20,10,3.0,0.005,none,adx20,-0.07067515306148975,-0.09912246982220119,42,0.21428571428571427,0.4833119351132028,-0.319513113931942,-0.011114933080873968,-0.03385489998420088,14,0.2857142857142857,0.6966839594337249,-0.15566765672329705,-0.0951897310020859
lb30_atr20_m2.5_r0.0025_tfma100_rfadx20,30,20,2.5,0.0025,ma100,adx20,-0.030605082819990415,-0.03779500815576664,30,0.2,0.36425058433714474,-0.38768866274709074,-0.00835510509481241,-0.011788190127413056,11,0.36363636363636365,0.378204040706174,-0.29021298054784095,-0.09660658304616143
lb30_atr20_m3.0_r0.0025_tfma100_rfnone,30,20,3.0,0.0025,ma100,none,-0.026964443165755858,-0.030839841535711954,30,0.13333333333333333,0.44380562146002445,-0.3405164585180433,-0.01141001258668728,-0.019330230242288637,12,0.3333333333333333,0.4403578412372467,-0.3516363792243385,-0.1014421088400901
lb20_atr14_m3.0_r0.0025_tfma100_rfnone,20,14,3.0,0.0025,ma100,none,-0.030132071177017883,-0.037677091169865284,35,0.2,0.4646500382565065,-0.33334598582844865,-0.012164401971887062,-0.01932565904504069,13,0.3076923076923077,0.46646986092272635,-0.3454472880273569,-0.10187728760443593
lb20_atr10_m3.0_r0.0025_tfma100_rfnone,20,10,3.0,0.0025,ma100,none,-0.032628452324266366,-0.04113720929673703,37,0.1891891891891892,0.4746807585257672,-0.3439514250788169,-0.012031359702320166,-0.019912748072354103,13,0.3076923076923077,0.4756036584601512,-0.34426996566474705,-0.10401777499297558
lb30_atr14_m3.0_r0.0025_tfnone_rfnone,30,14,3.0,0.0025,none,none,-0.021630047733851354,-0.028668197414569607,34,0.2647058823529412,0.586105162011387,-0.24312147817625368,-0.01561963008193934,-0.02275583867861386,14,0.2857142857142857,0.3567988115831766,-0.41945894736014294,-0.10457791097923301
lb20_atr14_m3.0_r0.005_tfnone_rfadx20,20,14,3.0,0.005,none,adx20,-0.07267481806610676,-0.09714592932191723,40,0.25,0.4323998398368379,-0.35301366878325824,-0.01286988177052284,-0.03378525951780087,14,0.2857142857142857,0.6572391885547789,-0.17955160004611884,-0.10487616921415667
lb10_atr10_m3.0_r0.005_tfnone_rfadx20,10,10,3.0,0.005,none,adx20,-0.08874839992769978,-0.11179200750477813,60,0.25,0.5003193907581085,-0.2743560652118257,-0.015753515929938455,-0.03336431623350611,19,0.3157894736842105,0.661619150632775,-0.16135096017173967,-0.10499757669395478
lb10_atr20_m3.0_r0.0025_tfma100_rfnone,10,20,3.0,0.0025,ma100,none,-0.04331429013806354,-0.04782724849519571,46,0.17391304347826086,0.40633474663372665,-0.3653876846654694,-0.012137208021571255,-0.022450088586683292,15,0.3333333333333333,0.4849671814018876,-0.30374390265102924,-0.10630616450788771
lb30_atr14_m2.5_r0.005_tfma100_rfadx20,30,14,2.5,0.005,ma100,adx20,-0.047319054770646796,-0.06515208976958109,28,0.21428571428571427,0.45549866080667484,-0.3293495649935701,-0.01601806039325815,-0.025195321101242785,11,0.36363636363636365,0.4208761760211711,-0.279107342660784,-0.1069587926655794
lb20_atr20_m3.0_r0.0025_tfma100_rfnone,20,20,3.0,0.0025,ma100,none,-0.041330936021933384,-0.04402222508005449,38,0.15789473684210525,0.3679359039073855,-0.42128628679436136,-0.010602547362014603,-0.018529234130605365,13,0.3076923076923077,0.4980512274050774,-0.30062568288556907,-0.10754993228212811
lb30_atr20_m2.5_r0.0025_tfnone_rfadx20,30,20,2.5,0.0025,none,adx20,-0.03349356969151329,-0.04114716215096115,35,0.2,0.40916815832032105,-0.3659600458674648,-0.011406399109325505,-0.014828920530027379,13,0.3076923076923077,0.3078569419841672,-0.33825871783117845,-0.10765081754016671
lb20_atr14_m2.5_r0.0025_tfnone_rfadx20,20,14,2.5,0.0025,none,adx20,-0.04696855819373469,-0.05590282758038412,46,0.2391304347826087,0.3948389342001234,-0.4015278362132868,-0.012311562177160562,-0.017888820444577735,17,0.29411764705882354,0.45347257869411267,-0.280530879422295,-0.10811612904261195
lb30_atr10_m3.0_r0.0025_tfma100_rfnone,30,10,3.0,0.0025,ma100,none,-0.019689651188001034,-0.031084140362872548,29,0.2413793103448276,0.5736034612663696,-0.2615788689670536,-0.01421784708612761,-0.02098374186817098,12,0.3333333333333333,0.34563440939800005,-0.44240438992383774,-0.1085038685391802
lb10_atr20_m2.5_r0.0025_tfma100_rfadx20,10,20,2.5,0.0025,ma100,adx20,-0.051492694535437256,-0.05723686231553271,50,0.2,0.35459872241539797,-0.400192874965773,-0.011340220221814912,-0.015383870118236498,16,0.375,0.369792714734736,-0.27209647852061564,-0.10972011041427718
lb20_atr10_m2.5_r0.005_tfnone_rfadx20,20,10,2.5,0.005,none,adx20,-0.09225905011389757,-0.1121399966899056,46,0.21739130434782608,0.42209197820975136,-0.38867103561400546,-0.01105796994010233,-0.031155027715835892,15,0.26666666666666666,0.7326145429932042,-0.14338857725962756,-0.10998977282235939
lb10_atr14_m3.0_r0.0025_tfma100_rfnone,10,14,3.0,0.0025,ma100,none,-0.03644723320624865,-0.04430279619411359,43,0.20930232558139536,0.4345377145428633,-0.32840939137521996,-0.014746002349852017,-0.02322606319273479,15,0.3333333333333333,0.43512651684156267,-0.3661964265077501,-0.11194785210424804
lb30_atr20_m3.0_r0.0025_tfnone_rfnone,30,20,3.0,0.0025,none,none,-0.03150072287499828,-0.032263117133060626,36,0.19444444444444445,0.45824310720276556,-0.33320422988457815,-0.014652524130873368,-0.02254676398222044,14,0.2857142857142857,0.37977948721813987,-0.3934825765687899,-0.11349224478068155
lb20_atr20_m3.0_r0.005_tfnone_rfadx20,20,20,3.0,0.005,none,adx20,-0.0829287569955155,-0.09629673360037316,42,0.21428571428571427,0.41098126429342335,-0.38415788545749247,-0.0133258093845815,-0.034979001781647145,14,0.2857142857142857,0.6443110588769152,-0.18613338526551085,-0.11420434013677762
lb20_atr20_m2.5_r0.0025_tfma100_rfadx20,20,20,2.5,0.0025,ma100,adx20,-0.04432235811407137,-0.04929759036247683,39,0.20512820512820512,0.33912345011027234,-0.44044337757884705,-0.010375223274756595,-0.013801314637018947,13,0.3076923076923077,0.32879062637698364,-0.3062588497464202,-0.11447508359025327
lb30_atr14_m3.0_r0.005_tfma100_rfnone,30,14,3.0,0.005,ma100,none,-0.03304164912333485,-0.052551061497486784,28,0.21428571428571427,0.6078299055733646,-0.22324672865465048,-0.02353642439891579,-0.03761169171933354,12,0.3333333333333333,0.4240153399236849,-0.39945294103470014,-0.11474464251996773
lb10_atr20_m3.0_r0.005_tfnone_rfadx20,10,20,3.0,0.005,none,adx20,-0.09520490500529033,-0.11101447015534482,60,0.21666666666666667,0.4675268458461769,-0.3175813732872557,-0.016221261637610618,-0.03815255809184981,18,0.3333333333333333,0.6371461846681962,-0.17520372076823915,-0.11615118438375477
lb30_atr10_m3.0_r0.0025_tfnone_rfnone,30,10,3.0,0.0025,none,none,-0.02266692632462497,-0.031841879287977104,35,0.2571428571428571,0.5902180177124959,-0.2503654251065003,-0.01735955155472546,-0.024103883315154007,14,0.2857142857142857,0.30180981241661464,-0.46915449155800026,-0.1165347420103257
lb10_atr14_m2.5_r0.0025_tfma100_rfadx20,10,14,2.5,0.0025,ma100,adx20,-0.04787603700117471,-0.055935892384249675,48,0.22916666666666666,0.3708758858386266,-0.3878657901313993,-0.012978866790898547,-0.01759790593056554,15,0.26666666666666666,0.3976989158311801,-0.3294610082025312,-0.11691541867065998
lb20_atr10_m2.5_r0.0025_tfma100_rfnone,20,10,2.5,0.0025,ma100,none,-0.041199426608201306,-0.04559054630167525,41,0.1951219512195122,0.41572480129590383,-0.3875421913401016,-0.014064715529900407,-0.02038690323673631,14,0.21428571428571427,0.4756213243186167,-0.3701863670334213,-0.11838410698629162
lb30_atr14_m2.5_r0.005_tfnone_rfadx20,30,14,2.5,0.005,none,adx20,-0.05487615332905982,-0.0722535421786471,33,0.24242424242424243,0.4729421333136895,-0.31910850570919114,-0.021090881727072963,-0.030220829977347097,13,0.3076923076923077,0.35487968038110335,-0.3154400800187872,-0.12156212673246977
lb20_atr10_m3.0_r0.0025_tfnone_rfnone,20,10,3.0,0.0025,none,none,-0.03992461609762232,-0.048702528142352985,47,0.19148936170212766,0.4892311854356786,-0.3359255088212553,-0.019221220897900126,-0.02704525310692063,19,0.21052631578947367,0.3978099618368401,-0.38578983063185845,-0.12157797628214773
lb20_atr14_m2.5_r0.005_tfma100_rfadx20,20,14,2.5,0.005,ma100,adx20,-0.0756198423250114,-0.08981793401339278,37,0.24324324324324326,0.38218429281633676,-0.4065373305900248,-0.015007971699324996,-0.026072874114006828,12,0.3333333333333333,0.5196883908150317,-0.23956506514138118,-0.1219912523290376
lb30_atr20_m2.5_r0.005_tfma100_rfadx20,30,20,2.5,0.005,ma100,adx20,-0.060379531419818444,-0.07425601460046583,30,0.2,0.36446640016942966,-0.3876886627470908,-0.01667914825373873,-0.023469583960098794,11,0.36363636363636365,0.3778575322750628,-0.29021298054784095,-0.12272950280041736
lb10_atr10_m2.5_r0.005_tfnone_rfadx20,10,10,2.5,0.005,none,adx20,-0.14718766275022233,-0.1550094093164427,73,0.1917808219178082,0.35327056773741966,-0.3982762495641294,-0.00651774340793676,-0.02833627936436145,21,0.38095238095238093,0.8692839611532241,-0.06094519728569627,-0.1229803452430574
lb55_atr20_m2.0_r0.0025_tfnone_rfadx20,55,20,2.0,0.0025,none,adx20,-0.03183363396882899,-0.035995263586498516,28,0.21428571428571427,0.26882372113730796,-0.4296886764730145,-0.012413842389234153,-0.012738916931406719,12,0.16666666666666666,0.25255167238646115,-0.3927689554123904,-0.12317951166675187
lb10_atr14_m2.5_r0.0025_tfnone_rfadx20,10,14,2.5,0.0025,none,adx20,-0.06308403935611973,-0.06982272533350342,70,0.2571428571428571,0.39476712043579487,-0.35851674593934124,-0.019326664997608267,-0.024066275981931007,24,0.20833333333333334,0.40684144823177193,-0.311936533992944,-0.12503133579938133
lb10_atr10_m3.0_r0.0025_tfma100_rfnone,10,10,3.0,0.0025,ma100,none,-0.03704484588899759,-0.043655772363264234,44,0.20454545454545456,0.45968121888182933,-0.32731983225392186,-0.01839100817852224,-0.025128260558411886,16,0.3125,0.38154490839317184,-0.427304655046292,-0.12524110427959478
lb30_atr20_m3.0_r0.005_tfma100_rfnone,30,20,3.0,0.005,ma100,none,-0.05356476248974795,-0.06081915114906011,30,0.13333333333333333,0.4420958517867315,-0.34051645851804324,-0.020351495678143428,-0.03594949936178082,12,0.3333333333333333,0.4687060214942646,-0.3516363792243385,-0.12631334461968186
lb55_atr20_m2.0_r0.0025_tfma100_rfadx20,55,20,2.0,0.0025,ma100,adx20,-0.03280974076800014,-0.0357960988031617,27,0.18518518518518517,0.24564330122412978,-0.4593425325810683,-0.012413842389234153,-0.012738916931406719,12,0.16666666666666666,0.25255167238646115,-0.3927689554123904,-0.1264289834752548
lb10_atr10_m2.5_r0.0025_tfma100_rfnone,10,10,2.5,0.0025,ma100,none,-0.05626703990356274,-0.061426368161640266,54,0.18518518518518517,0.35876027520368325,-0.4045368868052235,-0.016731315030356297,-0.024396345581260803,18,0.3333333333333333,0.4913972534766995,-0.33915249224084837,-0.12662516086921724
lb20_atr14_m3.0_r0.0025_tfnone_rfnone,20,14,3.0,0.0025,none,none,-0.04054553401693595,-0.045994425707746034,45,0.2222222222222222,0.4407834927248167,-0.3527567223006014,-0.019987351632145045,-0.02709189668388612,19,0.21052631578947367,0.3804757417214738,-0.40071179799798556,-0.12665602318099176
lb30_atr10_m2.5_r0.0025_tfma100_rfnone,30,10,2.5,0.0025,ma100,none,-0.027576616131203213,-0.034485992464875936,33,0.18181818181818182,0.4896007172104887,-0.31695598052519947,-0.017342415004237388,-0.02060830948750425,13,0.23076923076923078,0.3300373023411812,-0.4946205058029165,-0.12866695048577145
lb20_atr20_m2.5_r0.0025_tfnone_rfadx20,20,20,2.5,0.0025,none,adx20,-0.05157266363917368,-0.05866165519618027,48,0.1875,0.3690582286094807,-0.42228691086468767,-0.01617394178143927,-0.019579957919379054,18,0.2777777777777778,0.30049060423202545,-0.3472817574669919,-0.12905549951004586
lb55_atr14_m2.0_r0.0025_tfnone_rfadx20,55,14,2.0,0.0025,none,adx20,-0.02852226560668014,-0.03315005344887545,27,0.2222222222222222,0.2944509321079997,-0.4003271357675438,-0.014678059634020912,-0.014951577798860693,13,0.07692307692307693,0.11496812331343279,-0.43053046903976183,-0.12909258243913935
lb20_atr14_m3.0_r0.005_tfma100_rfnone,20,14,3.0,0.005,ma100,none,-0.05976499992209339,-0.07404919962259504,35,0.2,0.4639694623564269,-0.33334598582844865,-0.021997339611314004,-0.03675168582501154,13,0.3076923076923077,0.4914694589864762,-0.3454472880273568,-0.12976273727228702
lb30_atr14_m3.0_r0.005_tfnone_rfnone,30,14,3.0,0.005,none,none,-0.04342753633429486,-0.05662684145519503,34,0.2647058823529412,0.5816939083569581,-0.24312147817625374,-0.028809285466033785,-0.04280854695180736,14,0.2857142857142857,0.37519357474574877,-0.419458947360143,-0.13045662590910376
lb20_atr10_m2.5_r0.0025_tfnone_rfnone,20,10,2.5,0.0025,none,none,-0.050580156641806706,-0.054200871829211295,51,0.21568627450980393,0.42700235522162366,-0.38673909014304264,-0.020386526559885376,-0.026668176437709357,20,0.2,0.42550240833964803,-0.3843785783248464,-0.13201587569949758
lb55_atr10_m2.0_r0.0025_tfnone_rfadx20,55,10,2.0,0.0025,none,adx20,-0.0357908432188595,-0.03950561931627816,29,0.1724137931034483,0.2104340751842402,-0.47008325172547766,-0.012323617585114577,-0.012572209392648026,12,0.08333333333333333,0.09443496248009409,-0.39326286989666065,-0.13266989159305748
lb30_atr10_m2.5_r0.0025_tfnone_rfnone,30,10,2.5,0.0025,none,none,-0.030363021450150796,-0.03523749822388611,39,0.23076923076923078,0.5250003152519694,-0.29603781269133445,-0.020278661807367593,-0.02353479757876753,15,0.2,0.2962082627985342,-0.5073245036200057,-0.13292389678246924
lb55_atr14_m2.0_r0.0025_tfma100_rfadx20,55,14,2.0,0.0025,ma100,adx20,-0.02983096912667771,-0.033150053448875894,26,0.19230769230769232,0.2610824027977825,-0.434851186220124,-0.014678059634020912,-0.014951577798860693,13,0.07692307692307693,0.11496812331343279,-0.43053046903976183,-0.13305272299549636
lb30_atr10_m3.0_r0.005_tfma100_rfnone,30,10,3.0,0.005,ma100,none,-0.03938750153658088,-0.06129338117459182,29,0.2413793103448276,0.5717532151363292,-0.2615788689670536,-0.026721461673756552,-0.040006735771061064,12,0.3333333333333333,0.359430950245457,-0.44240438992383774,-0.1331705563854692
lb10_atr14_m3.0_r0.0025_tfnone_rfnone,10,14,3.0,0.0025,none,none,-0.05377163757545822,-0.05645578345031488,65,0.24615384615384617,0.4407362444107402,-0.32741008938803867,-0.02487430780524036,-0.03523225056971002,25,0.24,0.3754574148379515,-0.3833061503678084,-0.1339287831335765
lb20_atr10_m3.0_r0.005_tfma100_rfnone,20,10,3.0,0.005,ma100,none,-0.06462351612514705,-0.08070777811030783,37,0.1891891891891892,0.47433236887487884,-0.3439514250788169,-0.02243651184548323,-0.038930062539772825,13,0.3076923076923077,0.49276869798914114,-0.344269965664747,-0.13429170859805936
lb20_atr20_m3.0_r0.0025_tfnone_rfnone,20,20,3.0,0.0025,none,none,-0.05019338721571187,-0.051403546003114364,48,0.1875,0.3775147964567501,-0.4098314672847115,-0.019154320893595367,-0.027012494012873534,19,0.21052631578947367,0.38530328559252425,-0.38534049765330125,-0.13434241044655454
lb55_atr20_m2.0_r0.0025_tfnone_rfnone,55,20,2.0,0.0025,none,none,-0.029443918653842105,-0.03361582038008881,32,0.25,0.3801359232052858,-0.3459163334060729,-0.018178515589694078,-0.018501692628051902,14,0.14285714285714285,0.18730381133676358,-0.4941965781814338,-0.1356953735178586
lb55_atr10_m2.0_r0.0025_tfma100_rfadx20,55,10,2.0,0.0025,ma100,adx20,-0.037231946762358414,-0.0387041743419374,28,0.14285714285714285,0.17741309336990804,-0.5066892235771816,-0.012323617585114577,-0.012572209392648026,12,0.08333333333333333,0.09443496248009409,-0.39326286989666065,-0.1367559287372989
lb10_atr20_m3.0_r0.0025_tfnone_rfnone,10,20,3.0,0.0025,none,none,-0.06244910327586195,-0.06576064731005693,68,0.19117647058823528,0.40599582395029177,-0.3631424255431222,-0.02258592692225947,-0.03358608303063659,24,0.25,0.38583928809675283,-0.3642277904499487,-0.13763838440652917
lb10_atr20_m2.5_r0.0025_tfnone_rfadx20,10,20,2.5,0.0025,none,adx20,-0.06641758986575563,-0.0698797985759031,71,0.2112676056338028,0.36575459441846886,-0.3695815395396804,-0.022559249328281683,-0.02655701303937219,25,0.32,0.31321629994950817,-0.34962936331315403,-0.1381885129187084
lb55_atr20_m2.0_r0.0025_tfma100_rfnone,55,20,2.0,0.0025,ma100,none,-0.03042243476762041,-0.033276433935537586,31,0.22580645161290322,0.35888947773834917,-0.3690415518528635,-0.018178515589694078,-0.018501692628051902,14,0.14285714285714285,0.18730381133676358,-0.4941965781814338,-0.13833473595831872
lb30_atr20_m2.5_r0.005_tfnone_rfadx20,30,20,2.5,0.005,none,adx20,-0.06714372170266214,-0.08071416214289906,35,0.2,0.39908281248562016,-0.3659600458674648,-0.02272556982439511,-0.029474251268292395,13,0.3076923076923077,0.30760653000613936,-0.33825871783117845,-0.1384768749941281
lb20_atr20_m3.0_r0.005_tfma100_rfnone,20,20,3.0,0.005,ma100,none,-0.08135352621458214,-0.08650125937619857,38,0.15789473684210525,0.36759840605966604,-0.42128628679436136,-0.01876588857199435,-0.03438913835703805,13,0.3076923076923077,0.5286295401482629,-0.30062568288556907,-0.1395278420635505
lb10_atr10_m3.0_r0.0025_tfnone_rfnone,10,10,3.0,0.0025,none,none,-0.05099358295735945,-0.05676163335374562,66,0.22727272727272727,0.4960539109978204,-0.3083736660632324,-0.029593861087003348,-0.03625422292488689,27,0.2222222222222222,0.34105099241413617,-0.4214630653452491,-0.1402078460402416
lb30_atr14_m2.5_r0.0025_tfma100_rfnone,30,14,2.5,0.0025,ma100,none,-0.029271223487485565,-0.03536365496391092,34,0.20588235294117646,0.44861003361023843,-0.3272317200922177,-0.02113250029797853,-0.025713382248267802,15,0.26666666666666666,0.21526880819219746,-0.525243599628743,-0.14150803014783828
lb55_atr14_m2.0_r0.0025_tfnone_rfnone,55,14,2.0,0.0025,none,none,-0.026971357479879443,-0.031012734574884404,31,0.25806451612903225,0.3917010016317988,-0.32815626989281715,-0.020736788197912137,-0.021008624504010975,15,0.06666666666666667,0.08420607830899958,-0.5265779961162856,-0.14187408852668265
lb20_atr14_m2.5_r0.0025_tfma100_rfnone,20,14,2.5,0.0025,ma100,none,-0.043191147146860676,-0.04705096660715202,42,0.21428571428571427,0.3841819270007244,-0.39803863565398556,-0.019651005983167713,-0.024238820996990373,16,0.25,0.2913753636038069,-0.45674847913066785,-0.14246757694572376
lb10_atr20_m3.0_r0.005_tfma100_rfnone,10,20,3.0,0.005,ma100,none,-0.08516010315451472,-0.09350269313802606,46,0.17391304347826086,0.40591329788521613,-0.36538768466546934,-0.023034349035834567,-0.04323780978539837,15,0.3333333333333333,0.49829947093610283,-0.30374390265102924,-0.1426740232507399
lb30_atr20_m3.0_r0.005_tfnone_rfnone,30,20,3.0,0.005,none,none,-0.06253601071368231,-0.0637107321273993,36,0.19444444444444445,0.45532464438964787,-0.33320422988457815,-0.02677238189218134,-0.04226815196205136,14,0.2857142857142857,0.40110627011350786,-0.3934825765687899,-0.1432690446438503
lb30_atr10_m3.0_r0.005_tfnone_rfnone,30,10,3.0,0.005,none,none,-0.045269931636880756,-0.06277562604973486,35,0.2571428571428571,0.5880650921800606,-0.2503654251065003,-0.0329195869849237,-0.04612025653131524,14,0.2857142857142857,0.31260736046351323,-0.4691544915580003,-0.14513114900147392
lb55_atr14_m2.0_r0.0025_tfma100_rfnone,55,14,2.0,0.0025,ma100,none,-0.02828215026950387,-0.031012734574884293,30,0.23333333333333334,0.3612775727747624,-0.35567141808922903,-0.020736788197912137,-0.021008624504010975,15,0.06666666666666667,0.08420607830899958,-0.5265779961162856,-0.14519096675219853
lb30_atr20_m2.5_r0.0025_tfma100_rfnone,30,20,2.5,0.0025,ma100,none,-0.034747046730134845,-0.03831127607218954,36,0.2222222222222222,0.3831499586466603,-0.36590972509093067,-0.02069035022265664,-0.024080730507177184,15,0.26666666666666666,0.1963465594601828,-0.5140541466364651,-0.14633949953161293
lb10_atr14_m3.0_r0.005_tfma100_rfnone,10,14,3.0,0.005,ma100,none,-0.07201778229432088,-0.0867643653203084,43,0.20930232558139536,0.43405360472477783,-0.32840939137521996,-0.028267424130782537,-0.04482830922556846,15,0.3333333333333333,0.4454077982139928,-0.3661964265077501,-0.14675718298592388
lb30_atr14_m2.5_r0.0025_tfnone_rfnone,30,14,2.5,0.0025,none,none,-0.035761375953299535,-0.03982978792710512,41,0.21951219512195122,0.4497586157454766,-0.3343815622458391,-0.023657635489262585,-0.028226700369087032,17,0.23529411764705882,0.19655007402948407,-0.5240702509062798,-0.14788404166371552
lb20_atr14_m2.5_r0.005_tfnone_rfadx20,20,14,2.5,0.005,none,adx20,-0.09453659170719408,-0.1088020018512944,46,0.2391304347826087,0.376199247956612,-0.4015278362132868,-0.024556200551686058,-0.03551384299121185,17,0.29411764705882354,0.45338955293522604,-0.280530879422295,-0.14844202119756517
lb10_atr20_m2.5_r0.005_tfma100_rfadx20,10,20,2.5,0.005,ma100,adx20,-0.10025724356763954,-0.11072582615364834,50,0.2,0.3533358532610039,-0.400192874965773,-0.02260343827324418,-0.0305756020125042,16,0.375,0.3697710444568744,-0.2720964785206157,-0.14931091533343954
lb20_atr20_m2.5_r0.005_tfma100_rfadx20,20,20,2.5,0.005,ma100,adx20,-0.08693921152148487,-0.09619458276499804,39,0.20512820512820512,0.3389055093086539,-0.44044337757884705,-0.02068552426599435,-0.027448293480101804,13,0.3076923076923077,0.3287611528664703,-0.30625884974642015,-0.14943998971619663
lb55_atr10_m2.0_r0.0025_tfnone_rfnone,55,10,2.0,0.0025,none,none,-0.03551217559321351,-0.03922802530399461,33,0.18181818181818182,0.28820414288521756,-0.4085647527866186,-0.018411752815530313,-0.018658812278493753,14,0.07142857142857142,0.06524595554001256,-0.5019557294822504,-0.14946894007682518
lb55_atr20_m2.0_r0.005_tfnone_rfadx20,55,20,2.0,0.005,none,adx20,-0.061872574271574665,-0.06997692711214698,28,0.21428571428571427,0.272951352711489,-0.4296886764730145,-0.024724792534037254,-0.025366625790388286,12,0.16666666666666666,0.25179122605831555,-0.3927689554123904,-0.15148018315142503
lb20_atr10_m2.5_r0.005_tfma100_rfnone,20,10,2.5,0.005,ma100,none,-0.08121829693996718,-0.08922946745734328,41,0.1951219512195122,0.4144388110724652,-0.3875421913401016,-0.024163929344853896,-0.038684868112901616,14,0.21428571428571427,0.5126711418137442,-0.3701863670334213,-0.1521051175195983
lb55_atr10_m2.0_r0.0025_tfma100_rfnone,55,10,2.0,0.0025,ma100,none,-0.0369536956323443,-0.03842634870276318,32,0.15625,0.2582020403085153,-0.4386725250650203,-0.018411752815530313,-0.018658812278493753,14,0.07142857142857142,0.06524595554001256,-0.5019557294822504,-0.15295484152167715
lb30_atr14_m2.0_r0.0025_tfnone_rfadx20,30,14,2.0,0.0025,none,adx20,-0.04639665412115601,-0.05242215732591826,40,0.25,0.3161765897306068,-0.4436987913455745,-0.020473207077973288,-0.02074511655226352,17,0.11764705882352941,0.13632592984676004,-0.46385361686064885,-0.1530932377350326
lb30_atr20_m2.5_r0.0025_tfnone_rfnone,30,20,2.5,0.0025,none,none,-0.04045562475312281,-0.04193220463466729,43,0.20930232558139536,0.4015293873702992,-0.3592889834625217,-0.02370368865466299,-0.027083636729909655,17,0.23529411764705882,0.17553160093437328,-0.5244607497250615,-0.15317804719528455
lb30_atr20_m2.0_r0.0025_tfma100_rfadx20,30,20,2.0,0.0025,ma100,adx20,-0.05039498536010012,-0.05532173547234487,37,0.24324324324324326,0.22188947199007897,-0.5198947354139077,-0.01625523398328832,-0.016579044090348938,14,0.14285714285714285,0.24321080451327637,-0.44316525717480676,-0.15410641002819095
lb30_atr20_m2.0_r0.0025_tfnone_rfadx20,30,20,2.0,0.0025,none,adx20,-0.051212078090977275,-0.0575951696474305,42,0.23809523809523808,0.29740493509043747,-0.46735167789398335,-0.018982723222789377,-0.019305635547606892,16,0.125,0.21540601627582995,-0.45527405614221916,-0.15412085870949788
lb20_atr20_m2.5_r0.0025_tfma100_rfnone,20,20,2.5,0.0025,ma100,none,-0.04820321241292358,-0.05216582362367195,44,0.20454545454545456,0.3494530059641433,-0.42344146395873233,-0.021651829258574118,-0.025038880892582438,17,0.23529411764705882,0.18928772221096804,-0.476576504087219,-0.15454771888224167
lb20_atr14_m2.5_r0.0025_tfnone_rfnone,20,14,2.5,0.0025,none,none,-0.0539221315984143,-0.057159019914009956,53,0.20754716981132076,0.38517569180350447,-0.3990769852386733,-0.02650923150393103,-0.03106495154932476,22,0.22727272727272727,0.2768311601931607,-0.4572343653195788,-0.15470145492234638
lb10_atr20_m2.5_r0.0025_tfma100_rfnone,10,20,2.5,0.0025,ma100,none,-0.05637444045393092,-0.06208904434194662,56,0.19642857142857142,0.3576816932575237,-0.391230899322422,-0.024901472851603823,-0.02888965679410138,21,0.2857142857142857,0.21017619837083137,-0.45009692874843993,-0.15478744621188809
lb10_atr10_m2.5_r0.0025_tfnone_rfnone,10,10,2.5,0.0025,none,none,-0.08596900796841944,-0.08897151834602879,82,0.18292682926829268,0.35247839476967835,-0.4174800062311261,-0.026437450015189157,-0.03428855789453955,29,0.27586206896551724,0.4487616352075166,-0.3459850628610762,-0.1548978869436873
lb55_atr20_m2.0_r0.005_tfma100_rfadx20,55,20,2.0,0.005,ma100,adx20,-0.06376231202307125,-0.06997692711214731,27,0.18518518518518517,0.24923320853748573,-0.4593425325810683,-0.024724792534037254,-0.025366625790388286,12,0.16666666666666666,0.25179122605831555,-0.3927689554123904,-0.1551743180628803
lb30_atr14_m2.0_r0.0025_tfma100_rfadx20,30,14,2.0,0.0025,ma100,adx20,-0.04570636159403829,-0.04980596990852049,35,0.2571428571428571,0.2291908023287627,-0.4969044319648343,-0.01813829322039595,-0.018410850849697402,15,0.13333333333333333,0.15146701984051264,-0.46225526686675156,-0.1555390893480773
lb55_atr20_m1.5_r0.0025_tfnone_rfadx20,55,20,1.5,0.0025,none,adx20,-0.04437553680431083,-0.04801842456690342,34,0.2647058823529412,0.20711230863836622,-0.48537248487340545,-0.020147526480929323,-0.019798842439262776,16,0.25,0.21922682226152812,-0.4721981430793435,-0.15567309800203943
lb55_atr20_m1.5_r0.0025_tfma100_rfadx20,55,20,1.5,0.0025,ma100,adx20,-0.043176606262627426,-0.045275235444963036,32,0.25,0.17734899466223614,-0.5013051301306878,-0.020147526480929323,-0.019798842439262776,16,0.25,0.21922682226152812,-0.4721981430793435,-0.15645615403797183
lb10_atr14_m2.5_r0.005_tfma100_rfadx20,10,14,2.5,0.005,ma100,adx20,-0.09394916593009806,-0.10855607174674908,48,0.22916666666666666,0.36871398958513535,-0.3878657901313993,-0.02569915007854351,-0.0347861185968007,15,0.26666666666666666,0.39961285706995375,-0.3294610082025312,-0.15646562095735686
lb30_atr10_m2.5_r0.005_tfma100_rfnone,30,10,2.5,0.005,ma100,none,-0.05487608073939276,-0.06787473427675217,33,0.18181818181818182,0.48697176485281796,-0.3169559805251994,-0.030585105466577445,-0.03697554412562987,13,0.23076923076923078,0.35738433884365395,-0.49462050580291655,-0.15665943096127646
lb55_atr14_m2.0_r0.005_tfnone_rfadx20,55,14,2.0,0.005,none,adx20,-0.05602192016822438,-0.06486219066942878,27,0.2222222222222222,0.2967635268124175,-0.4003271357675438,-0.029181595558744666,-0.029720430160866895,13,0.07692307692307693,0.11468099864967568,-0.43053046903976183,-0.15770528926197827
lb55_atr20_m1.5_r0.0025_tfma100_rfnone,55,20,1.5,0.0025,ma100,none,-0.036837873070108884,-0.038950405184316694,36,0.3055555555555556,0.34597227142971776,-0.3771137382238784,-0.02618562945365166,-0.02583909409273588,18,0.2222222222222222,0.17762464631151667,-0.546657646998668,-0.1578832905497594
lb55_atr20_m1.5_r0.0025_tfnone_rfnone,55,20,1.5,0.0025,none,none,-0.038044746248719674,-0.0417117672983206,38,0.3157894736842105,0.3638225097071742,-0.369394602567721,-0.02618562945365166,-0.02583909409273588,18,0.2222222222222222,0.17762464631151667,-0.546657646998668,-0.15795012230426772
lb30_atr10_m2.0_r0.0025_tfnone_rfadx20,30,10,2.0,0.0025,none,adx20,-0.054152390386615123,-0.055831439970871366,42,0.21428571428571427,0.2571356153289206,-0.49612734005852066,-0.018624580161519577,-0.018871586057205847,16,0.125,0.1194790042419572,-0.4497233023835322,-0.1587965230823808
lb30_atr10_m2.0_r0.0025_tfma100_rfadx20,30,10,2.0,0.0025,ma100,adx20,-0.05295288411162047,-0.05552365800453474,37,0.21621621621621623,0.17142625765067682,-0.548654405405651,-0.015977934680694528,-0.01622560672006479,14,0.14285714285714285,0.13683436293651433,-0.4380682061342242,-0.15933372997967468
lb55_atr14_m1.5_r0.0025_tfnone_rfadx20,55,14,1.5,0.0025,none,adx20,-0.04864688489251878,-0.052142817159338994,35,0.2571428571428571,0.1849509321000502,-0.5202292013146318,-0.019730918123111896,-0.02009370525846066,16,0.25,0.21066785963915377,-0.4639373704194476,-0.1601273306970287
lb20_atr20_m2.0_r0.0025_tfma100_rfadx20,20,20,2.0,0.0025,ma100,adx20,-0.06481447923748307,-0.06936636273933583,47,0.2127659574468085,0.2427845429078166,-0.5331078642223936,-0.01759826172320489,-0.01792162975832645,16,0.125,0.22902962745419644,-0.4205735268748005,-0.16119129492602757
lb55_atr14_m1.5_r0.0025_tfma100_rfadx20,55,14,1.5,0.0025,ma100,adx20,-0.047589220188153925,-0.049583368846913944,33,0.24242424242424243,0.1512557134084186,-0.5399983895307465,-0.019730918123111896,-0.02009370525846066,16,0.25,0.21066785963915377,-0.4639373704194476,-0.1613766625814972
lb20_atr14_m2.0_r0.0025_tfma100_rfadx20,20,14,2.0,0.0025,ma100,adx20,-0.057176364439220695,-0.06250146615266616,44,0.22727272727272727,0.26587408107609817,-0.5023205820254236,-0.019787346892757518,-0.020059446756819255,17,0.11764705882352941,0.14065930638811505,-0.4457081688881853,-0.16142416025249962
lb10_atr10_m3.0_r0.005_tfma100_rfnone,10,10,3.0,0.005,ma100,none,-0.07315106723224052,-0.08555267843092662,44,0.20454545454545456,0.4592025467168203,-0.32731983225392186,-0.03452878065809517,-0.04770748467439245,16,0.3125,0.39588715777001426,-0.427304655046292,-0.16182619606233106
lb55_atr14_m2.0_r0.005_tfma100_rfadx20,55,14,2.0,0.005,ma100,adx20,-0.058561814615200825,-0.06486219066942844,26,0.19230769230769232,0.2628972654381685,-0.434851186220124,-0.029181595558744666,-0.029720430160866895,13,0.07692307692307693,0.11468099864967568,-0.43053046903976183,-0.162224691922148
lb20_atr10_m3.0_r0.005_tfnone_rfnone,20,10,3.0,0.005,none,none,-0.08241014770897481,-0.0951853858359597,47,0.19148936170212766,0.46417732870489464,-0.3359255088212553,-0.03622279409987961,-0.05248374123644228,19,0.21052631578947367,0.41122783388463213,-0.38578983063185845,-0.1631703547498669
lb55_atr10_m2.0_r0.005_tfnone_rfadx20,55,10,2.0,0.005,none,adx20,-0.07000218072921871,-0.07714062116307463,29,0.1724137931034483,0.21241797339470755,-0.47008325172547766,-0.024521923617151553,-0.025006270576408696,12,0.08333333333333333,0.09441460595482042,-0.39326286989666054,-0.16325538397770167
lb10_atr14_m2.5_r0.0025_tfma100_rfnone,10,14,2.5,0.0025,ma100,none,-0.05285706689438596,-0.058272656716415794,54,0.2037037037037037,0.37284069513238516,-0.38108970972870687,-0.02749116937139895,-0.03204229416620474,20,0.2,0.23717803714495064,-0.5193671444344169,-0.16459770322889256
lb30_atr10_m2.5_r0.005_tfnone_rfnone,30,10,2.5,0.005,none,none,-0.06088139243180901,-0.06934845424666292,39,0.23076923076923078,0.5177542816118477,-0.29603781269133445,-0.036373404878699,-0.042725686735599955,15,0.2,0.3182049884696695,-0.5073245036200058,-0.16492158464004705
lb20_atr10_m2.0_r0.0025_tfma100_rfadx20,20,10,2.0,0.0025,ma100,adx20,-0.06353636757524128,-0.06711219608137942,46,0.1956521739130435,0.2191098303779899,-0.5357101946638827,-0.017983196595383055,-0.018230363923197213,16,0.125,0.12347440561397832,-0.431774380241822,-0.164947300301688
lb20_atr20_m2.5_r0.0025_tfnone_rfnone,20,20,2.5,0.0025,none,none,-0.05718715704674926,-0.05938023989580543,55,0.18181818181818182,0.36733287293369216,-0.40767865818335525,-0.02916403521971589,-0.03252507951785277,23,0.21739130434782608,0.19122256486233427,-0.48379180381911835,-0.1652464098329664
lb20_atr14_m2.0_r0.0025_tfnone_rfadx20,20,14,2.0,0.0025,none,adx20,-0.07060112833992427,-0.07400608018356436,54,0.2037037037037037,0.28695052521513215,-0.5091328217629434,-0.023442328488215036,-0.023713413756115354,22,0.13636363636363635,0.21047655126719833,-0.4100268726434084,-0.16525134266811536
lb20_atr10_m2.0_r0.0025_tfnone_rfadx20,20,10,2.0,0.0025,none,adx20,-0.07687087673656678,-0.07952962014153153,56,0.17857142857142858,0.24889500950105717,-0.5351345537139063,-0.020947821175843484,-0.02119424232667466,21,0.14285714285714285,0.21402604679650736,-0.38443226987399004,-0.16526545779511598
lb10_atr20_m2.0_r0.0025_tfma100_rfadx20,10,20,2.0,0.0025,ma100,adx20,-0.08332723103882145,-0.08778900633473252,62,0.1935483870967742,0.2100794810950275,-0.522742499733565,-0.02061832246651607,-0.021089827946344952,21,0.19047619047619047,0.2602216143439972,-0.37726125990487447,-0.16637591490698905
lb20_atr14_m3.0_r0.005_tfnone_rfnone,20,14,3.0,0.005,none,none,-0.08127557239638272,-0.09001780630122724,45,0.2222222222222222,0.43067440659216766,-0.3527567223006013,-0.03740159161416967,-0.0519235461622628,19,0.21052631578947367,0.3954175845694315,-0.4007117979979856,-0.1669966540581793
lb55_atr20_m2.0_r0.005_tfnone_rfnone,55,20,2.0,0.005,none,none,-0.05727266715595214,-0.06534254071159817,32,0.25,0.38453880312898664,-0.3459163334060729,-0.036093932896415715,-0.03672828406737705,14,0.14285714285714285,0.18698879431319762,-0.4941965781814338,-0.16721235707590154
lb55_atr10_m2.0_r0.005_tfma100_rfadx20,55,10,2.0,0.005,ma100,adx20,-0.07277797483990767,-0.07560938909419879,28,0.14285714285714285,0.1787367593146449,-0.5066892235771817,-0.024521923617151553,-0.025006270576408696,12,0.08333333333333333,0.09441460595482042,-0.39326286989666054,-0.16784679412273387
lb20_atr20_m2.0_r0.0025_tfnone_rfadx20,20,20,2.0,0.0025,none,adx20,-0.0780887629546797,-0.08079214145352875,57,0.19298245614035087,0.2635612824344772,-0.5339240643129024,-0.022060386570844748,-0.022382285849867678,21,0.14285714285714285,0.26745980408918657,-0.40293365138534026,-0.16861566440022568
lb55_atr10_m1.5_r0.0025_tfnone_rfadx20,55,10,1.5,0.0025,none,adx20,-0.052503833053163085,-0.055740976521056584,36,0.19444444444444445,0.14177965267692663,-0.5482435517987885,-0.020299708833932506,-0.021146496017238614,16,0.1875,0.1693786532347816,-0.4799281413196462,-0.16926145406566673
lb10_atr10_m2.5_r0.005_tfma100_rfnone,10,10,2.5,0.005,ma100,none,-0.11006836660281305,-0.11883944347028197,54,0.18518518518518517,0.3560376817597164,-0.4045368868052235,-0.02771032333374357,-0.04593724532812293,18,0.3333333333333333,0.5381676341372387,-0.33915249224084837,-0.16962924173641802
lb55_atr20_m2.0_r0.005_tfma100_rfnone,55,20,2.0,0.005,ma100,none,-0.05917167083219499,-0.0646941638628562,31,0.22580645161290322,0.36284834683548717,-0.3690415518528635,-0.036093932896415715,-0.03672828406737705,14,0.14285714285714285,0.18698879431319762,-0.4941965781814338,-0.17022734237656287
lb10_atr14_m2.0_r0.0025_tfma100_rfadx20,10,14,2.0,0.0025,ma100,adx20,-0.0763611262235735,-0.0840399200346762,59,0.22033898305084745,0.2541268394531371,-0.5029840101525178,-0.023802354370380807,-0.024073339697729068,22,0.22727272727272727,0.17898820937812276,-0.4123629329197408,-0.1703399344212536
lb55_atr10_m1.5_r0.0025_tfma100_rfadx20,55,10,1.5,0.0025,ma100,adx20,-0.05147892632035944,-0.053411863264025694,34,0.17647058823529413,0.10733664144747916,-0.5697696192421201,-0.020299708833932506,-0.021146496017238614,16,0.1875,0.1693786532347816,-0.4799281413196462,-0.1707193526991215
lb30_atr14_m2.5_r0.005_tfma100_rfnone,30,14,2.5,0.005,ma100,none,-0.05725334686849792,-0.06958095659795527,34,0.20588235294117646,0.4514311148573374,-0.3272317200922177,-0.0373839773193404,-0.046361965477694445,15,0.26666666666666666,0.23615935676575317,-0.525243599628743,-0.17276036484918114
lb10_atr10_m2.0_r0.0025_tfma100_rfadx20,10,10,2.0,0.0025,ma100,adx20,-0.08088684582678418,-0.08745258593774552,61,0.19672131147540983,0.2297818310778921,-0.5159847884882629,-0.022494969672522513,-0.02375123114167721,21,0.23809523809523808,0.1596005395593279,-0.40742415446748564,-0.1730201704160254
lb55_atr14_m1.5_r0.0025_tfnone_rfnone,55,14,1.5,0.0025,none,none,-0.04838787749134976,-0.05188476153129884,39,0.3076923076923077,0.23455006379252816,-0.4632640843616204,-0.026123416275030897,-0.026483837614971972,18,0.2222222222222222,0.1676548495272677,-0.5450945474663169,-0.17367351432596398
lb55_atr14_m2.0_r0.005_tfnone_rfnone,55,14,2.0,0.005,none,none,-0.05303973383164051,-0.06088048753407749,31,0.25806451612903225,0.39377715079224557,-0.32815626989281715,-0.04110235174969323,-0.04163456995899706,15,0.06666666666666667,0.0842217689551863,-0.5265779961162855,-0.17432804353725279
lb55_atr14_m1.5_r0.0025_tfma100_rfnone,55,14,1.5,0.0025,ma100,none,-0.047329924836084225,-0.049324616404993527,37,0.2972972972972973,0.2059161920969545,-0.4778168675298843,-0.026123416275030897,-0.026483837614971972,18,0.2222222222222222,0.1676548495272677,-0.5450945474663169,-0.17441303949343834
lb20_atr20_m2.5_r0.005_tfnone_rfadx20,20,20,2.5,0.005,none,adx20,-0.10440824646028857,-0.11394379392199061,48,0.1875,0.34546161981917556,-0.4222869108646878,-0.03215539664379152,-0.03883895932952808,18,0.2777777777777778,0.299976178057278,-0.34728175746699186,-0.17462594744479928
lb20_atr10_m2.5_r0.005_tfnone_rfnone,20,10,2.5,0.005,none,none,-0.10140987480070829,-0.1056285155725164,51,0.21568627450980393,0.41265129191367084,-0.38673909014304264,-0.03646777180155891,-0.05080562311434833,20,0.2,0.4514684044540929,-0.38437857832484645,-0.17685388925441442
lb30_atr20_m1.5_r0.0025_tfma100_rfadx20,30,20,1.5,0.0025,ma100,adx20,-0.06364946816000638,-0.06912062076184844,43,0.2558139534883721,0.19866893496332294,-0.5592667119290994,-0.02301845682837944,-0.02267079441764608,18,0.2777777777777778,0.23983044399232376,-0.4813765762700773,-0.1772705188455769
lb55_atr14_m2.0_r0.005_tfma100_rfnone,55,14,2.0,0.005,ma100,none,-0.0555876522345532,-0.06088048753407782,30,0.23333333333333334,0.36294137889791156,-0.355671418089229,-0.04110235174969323,-0.04163456995899706,15,0.06666666666666667,0.0842217689551863,-0.5265779961162855,-0.1782059578906401
lb20_atr20_m3.0_r0.005_tfnone_rfnone,20,20,3.0,0.005,none,none,-0.10008626951215527,-0.10237844320939216,48,0.1875,0.3655793588524302,-0.4098314672847115,-0.036216045557346144,-0.05156145322683836,19,0.21052631578947367,0.39806766677428207,-0.3853404976533013,-0.17957378771132781
lb20_atr14_m2.5_r0.005_tfma100_rfnone,20,14,2.5,0.005,ma100,none,-0.08417005264614874,-0.09198246833063384,42,0.21428571428571427,0.3864694386553103,-0.39803863565398556,-0.034476959934705675,-0.04348206084314954,16,0.25,0.3187289373878663,-0.4567484791306678,-0.17979859813387578
lb30_atr20_m2.5_r0.005_tfma100_rfnone,30,20,2.5,0.005,ma100,none,-0.06842949869766124,-0.0752705604884969,36,0.2222222222222222,0.3831503337613685,-0.36590972509093067,-0.036382737159200707,-0.04303710745678868,15,0.26666666666666666,0.21645149070947936,-0.5140541466364651,-0.17983832345921538
lb10_atr14_m2.5_r0.005_tfnone_rfadx20,10,14,2.5,0.005,none,adx20,-0.12815471244965582,-0.1346375013539689,70,0.2571428571428571,0.36401608004729163,-0.35851674593934124,-0.03840815608045389,-0.04766995129103524,24,0.20833333333333334,0.4063999383287284,-0.3119365339929441,-0.18035047837745855
lb30_atr14_m1.5_r0.0025_tfnone_rfadx20,30,14,1.5,0.0025,none,adx20,-0.0725119366984297,-0.07524062471735626,51,0.2549019607843137,0.22986018458079988,-0.5401940303780255,-0.02480793539772086,-0.02516884358310867,20,0.2,0.21907581062447598,-0.47040631328799076,-0.180374816097178
lb10_atr14_m2.5_r0.0025_tfnone_rfnone,10,14,2.5,0.0025,none,none,-0.07634598258977254,-0.07955690414033567,80,0.225,0.3654824644625569,-0.38041860025145513,-0.03855257491364894,-0.0430519347933781,31,0.16129032258064516,0.2543884247871543,-0.4803207468144074,-0.18043168671296703
lb30_atr20_m1.5_r0.0025_tfnone_rfadx20,30,20,1.5,0.0025,none,adx20,-0.07153167833593155,-0.07515857758599431,51,0.27450980392156865,0.20400970567789478,-0.5318694398104743,-0.025231347839269613,-0.024884472893794807,20,0.25,0.22328771731605868,-0.47698651225350763,-0.1806113322045238
lb10_atr20_m1.5_r0.0025_tfma100_rfadx20,10,20,1.5,0.0025,ma100,adx20,-0.1047310399548933,-0.10996215045629243,72,0.19444444444444445,0.17448460901702312,-0.5617411956883214,-0.023973783685825034,-0.02371857965010149,25,0.4,0.3451654001652385,-0.36365719059734675,-0.18155991517670916
lb20_atr20_m1.5_r0.0025_tfma100_rfadx20,20,20,1.5,0.0025,ma100,adx20,-0.08120177270719486,-0.08657036613549429,54,0.2222222222222222,0.18819220182079385,-0.576338058714278,-0.023257924832407184,-0.02291034763722788,20,0.35,0.2580914648049341,-0.4379510354030279,-0.1819970197283869
lb55_atr10_m1.5_r0.0025_tfnone_rfnone,55,10,1.5,0.0025,none,none,-0.05315585287883351,-0.05639076870529358,40,0.225,0.1783387224828728,-0.49859937113475256,-0.026702749247479063,-0.027544002072364293,18,0.16666666666666666,0.13410682615832595,-0.5596607061585285,-0.18374746406803857
lb30_atr14_m1.5_r0.0025_tfma100_rfadx20,30,14,1.5,0.0025,ma100,adx20,-0.06895900092317608,-0.07358698378139683,44,0.25,0.16680334743801298,-0.5944533290063346,-0.023096615117553232,-0.023458156644330153,18,0.2222222222222222,0.23190949715009462,-0.4831069392615229,-0.18438186076253069
lb55_atr10_m2.0_r0.005_tfnone_rfnone,55,10,2.0,0.005,none,none,-0.06949424412340333,-0.07663658335694423,33,0.18181818181818182,0.29003625655637105,-0.4085647527866186,-0.03652929390095394,-0.03700767892890133,14,0.07142857142857142,0.06541000198822443,-0.5019557294822504,-0.18471098586962523
lb55_atr10_m1.5_r0.0025_tfma100_rfnone,55,10,1.5,0.0025,ma100,none,-0.052131651435963766,-0.05406325822838198,38,0.21052631578947367,0.14801268366730064,-0.5152466851280474,-0.026702749247479063,-0.027544002072364293,18,0.16666666666666666,0.13410682615832595,-0.5596607061585285,-0.18473578533395638
lb30_atr14_m2.5_r0.005_tfnone_rfnone,30,14,2.5,0.005,none,none,-0.07105688221199902,-0.0781965466534853,41,0.21951219512195122,0.44232665527751824,-0.3343815622458391,-0.042346648786743546,-0.05127835181726015,17,0.23529411764705882,0.2138581985954894,-0.5240702509062797,-0.18515127954783944
lb10_atr14_m3.0_r0.005_tfnone_rfnone,10,14,3.0,0.005,none,none,-0.10805405270915758,-0.11181525193544106,65,0.24615384615384617,0.42393986494921065,-0.32741008938803867,-0.0481414734386757,-0.06816837799025666,25,0.24,0.3819946882210052,-0.3833061503678084,-0.18751541491276696
lb10_atr20_m2.5_r0.0025_tfnone_rfnone,10,20,2.5,0.0025,none,none,-0.07596495935733016,-0.0806676588222125,80,0.2,0.3516907428565607,-0.3759679390059464,-0.042525175043581775,-0.04644127748443361,33,0.24242424242424243,0.1932504161730448,-0.5012376065974884,-0.18782845218557498
lb30_atr10_m1.5_r0.0025_tfnone_rfadx20,30,10,1.5,0.0025,none,adx20,-0.07367930344599638,-0.07604287658842357,51,0.21568627450980393,0.22215357666940683,-0.5526208859052697,-0.026085787573702057,-0.026927573658853454,20,0.15,0.17665151243943503,-0.4967900421509282,-0.18845543390855488
lb55_atr10_m2.0_r0.005_tfma100_rfnone,55,10,2.0,0.005,ma100,none,-0.07227155428865628,-0.07510451497554771,32,0.15625,0.25945249874952653,-0.43867252506502025,-0.03652929390095394,-0.03700767892890133,14,0.07142857142857142,0.06541000198822443,-0.5019557294822504,-0.18870184540192558
lb30_atr10_m1.5_r0.0025_tfma100_rfadx20,30,10,1.5,0.0025,ma100,adx20,-0.06917562263341137,-0.07344272108577654,44,0.22727272727272727,0.16558885498285517,-0.597387561160568,-0.023995093341924623,-0.024838686482861916,18,0.16666666666666666,0.18948281583969817,-0.5045996147800429,-0.18990162207775904
lb10_atr10_m2.0_r0.0025_tfnone_rfadx20,10,10,2.0,0.0025,none,adx20,-0.12036063192980251,-0.1250725525303722,91,0.18681318681318682,0.2261315392899713,-0.5290425628677136,-0.028096957334902917,-0.029843756803992094,31,0.22580645161290322,0.2770809677186723,-0.3510963522446846,-0.19045206648352517
lb55_atr20_m1.5_r0.005_tfma100_rfadx20,55,20,1.5,0.005,ma100,adx20,-0.07699620857141609,-0.0810362507141561,32,0.25,0.19142548523293165,-0.5013051301306879,-0.03966891970556996,-0.03898520183533327,16,0.25,0.2164682793296896,-0.47219814307934344,-0.192312725367323
lb55_atr20_m1.5_r0.005_tfnone_rfadx20,55,20,1.5,0.005,none,adx20,-0.07968458185632488,-0.08562871180867038,34,0.2647058823529412,0.2169262409427868,-0.48537248487340545,-0.03966891970556996,-0.03898520183533327,16,0.25,0.2164682793296896,-0.47219814307934344,-0.19250357350379826
lb30_atr20_m2.5_r0.005_tfnone_rfnone,30,20,2.5,0.005,none,none,-0.08057792336258363,-0.08316199400358337,43,0.20930232558139536,0.3926175205135588,-0.3592889834625217,-0.04230800172930549,-0.04892145442809026,17,0.23529411764705882,0.1914411210668213,-0.5244607497250615,-0.19269879583318356
lb10_atr20_m3.0_r0.005_tfnone_rfnone,10,20,3.0,0.005,none,none,-0.12176547004360261,-0.12795689515443565,68,0.19117647058823528,0.40479101222581154,-0.3631424255431222,-0.04416177166898938,-0.0654701926892659,24,0.25,0.39057333615398115,-0.36422779044994874,-0.19311514385816164
lb30_atr20_m2.0_r0.0025_tfnone_rfnone,30,20,2.0,0.0025,none,none,-0.058883814220274,-0.06130511025005603,52,0.25,0.32214368171022745,-0.43376382614406944,-0.03300478490852232,-0.03332308172182452,20,0.1,0.13542835787060306,-0.6190070916780892,-0.19441669033035425
lb55_atr20_m1.5_r0.005_tfma100_rfnone,55,20,1.5,0.005,ma100,none,-0.06430631576483847,-0.06840190231833987,36,0.3055555555555556,0.36818368856648515,-0.3771137382238784,-0.051486524982620074,-0.05081122078145761,18,0.2222222222222222,0.1754386763290386,-0.5466576469986679,-0.19458495137587342
lb30_atr14_m2.0_r0.0025_tfnone_rfnone,30,14,2.0,0.0025,none,none,-0.05575045753005725,-0.05765813830891697,50,0.26,0.32528889993062243,-0.42669133045668145,-0.03469910431170853,-0.034967064780962676,21,0.09523809523809523,0.08464412874592461,-0.6216474652646925,-0.19462290002691923
lb30_atr20_m2.0_r0.005_tfma100_rfadx20,30,20,2.0,0.005,ma100,adx20,-0.09634475429734812,-0.10663022107815834,37,0.24324324324324326,0.2218288320101699,-0.5198947354139077,-0.032314006460344435,-0.032950845218885805,14,0.14285714285714285,0.24260110490416684,-0.44316525717480676,-0.19506851305273357
lb10_atr20_m2.5_r0.005_tfnone_rfadx20,10,20,2.5,0.005,none,adx20,-0.13024547287278665,-0.13587856206080895,71,0.2112676056338028,0.35519256668257837,-0.36958153953968037,-0.0447152157959525,-0.052507024172936956,25,0.32,0.31241108935284856,-0.34962936331315403,-0.19521027450956666
lb30_atr14_m2.0_r0.005_tfma100_rfadx20,30,14,2.0,0.005,ma100,adx20,-0.08750028505239005,-0.09685641852185611,35,0.2571428571428571,0.23221469253247104,-0.4969044319648344,-0.03600305959820427,-0.036538108074265496,15,0.13333333333333333,0.15121269688632277,-0.46225526686675156,-0.19544533454685264
lb55_atr20_m1.5_r0.005_tfnone_rfnone,55,20,1.5,0.005,none,none,-0.06703165007756562,-0.07305750274072131,38,0.3157894736842105,0.3810277235566534,-0.369394602567721,-0.051486524982620074,-0.05081122078145761,18,0.2222222222222222,0.1754386763290386,-0.5466576469986679,-0.19565284913842354
lb30_atr20_m2.0_r0.0025_tfma100_rfnone,30,20,2.0,0.0025,ma100,none,-0.05588674014367723,-0.060482078155236874,45,0.26666666666666666,0.2710545130333285,-0.47382923631756424,-0.030316280734084766,-0.03063546249727911,18,0.1111111111111111,0.1459831192283628,-0.6277816964296429,-0.19603753929522794
lb20_atr20_m2.5_r0.005_tfma100_rfnone,20,20,2.5,0.005,ma100,none,-0.09437298798444604,-0.10168767750933905,44,0.20454545454545456,0.348976857292819,-0.42344146395873233,-0.038274055463767054,-0.04491536504437277,17,0.23529411764705882,0.2080011220399531,-0.476576504087219,-0.19620737599012544
lb20_atr20_m1.5_r0.0025_tfnone_rfadx20,20,20,1.5,0.0025,none,adx20,-0.10057893858636902,-0.10409236979023084,67,0.22388059701492538,0.17456646133504575,-0.58633917352641,-0.028979257242508605,-0.028633716004131338,26,0.3076923076923077,0.24493422425798642,-0.4216122764336667,-0.19642431916593525
lb30_atr14_m2.0_r0.005_tfnone_rfadx20,30,14,2.0,0.005,none,adx20,-0.09180309729045166,-0.10184583185859142,40,0.25,0.2966977119793182,-0.4436987913455745,-0.04058485785919763,-0.04111736329380877,17,0.11764705882352941,0.13602140040625316,-0.4638536168606489,-0.19701411021874346
lb20_atr20_m2.0_r0.0025_tfma100_rfnone,20,20,2.0,0.0025,ma100,none,-0.07028451498754551,-0.07480977386259169,54,0.2222222222222222,0.26553914748751717,-0.5028829804683131,-0.030356224770011764,-0.030675393385199645,20,0.1,0.14591122634251108,-0.5666665998549318,-0.19722507929392263
lb10_atr10_m3.0_r0.005_tfnone_rfnone,10,10,3.0,0.005,none,none,-0.10784097623435984,-0.11131699655319227,66,0.22727272727272727,0.45252732819408226,-0.3083736660632324,-0.056624799612620125,-0.06950189246961358,27,0.2222222222222222,0.349099194377962,-0.4214630653452491,-0.19723842331467714
lb30_atr14_m2.0_r0.0025_tfma100_rfnone,30,14,2.0,0.0025,ma100,none,-0.05241955692936462,-0.05642516935190445,43,0.27906976744186046,0.2672480084169253,-0.4639064479078952,-0.03239810095543372,-0.03266670016639206,19,0.10526315789473684,0.09027046232961325,-0.6369954887857254,-0.1973378249120472
lb20_atr10_m1.5_r0.0025_tfma100_rfadx20,20,10,1.5,0.0025,ma100,adx20,-0.08831935504306931,-0.09249869452293225,55,0.2,0.1576388792632477,-0.6190083906152742,-0.024640684277564273,-0.025483719413022854,20,0.2,0.19498865342501567,-0.4665799366946488,-0.19739665732030304
lb20_atr14_m2.0_r0.0025_tfma100_rfnone,20,14,2.0,0.0025,ma100,none,-0.06386613419652099,-0.06915345185041011,51,0.23529411764705882,0.2782321783171859,-0.48364357475276065,-0.03282254700391962,-0.033091028391758925,21,0.09523809523809523,0.08923417023872471,-0.5848976695790148,-0.19778049178697582
lb55_atr14_m1.5_r0.005_tfnone_rfadx20,55,14,1.5,0.005,none,adx20,-0.0875325790417667,-0.09342602037777892,35,0.2571428571428571,0.19401228089960695,-0.5202292013146318,-0.038819030596349946,-0.039530213052194285,16,0.25,0.2108347019625652,-0.4639373704194476,-0.19885909781372166
lb30_atr20_m2.0_r0.005_tfnone_rfadx20,30,20,2.0,0.005,none,adx20,-0.10051702950865626,-0.11094557727130616,42,0.23809523809523808,0.27941269592101664,-0.46735167789398335,-0.03767581726355185,-0.03830912738888126,16,0.125,0.2147164332952844,-0.45527405614221916,-0.19920161889534627
lb10_atr14_m2.0_r0.0025_tfnone_rfadx20,10,14,2.0,0.0025,none,adx20,-0.1116855942013284,-0.11697826363575026,88,0.20454545454545456,0.2469695920703252,-0.5061910883595323,-0.03529122403126694,-0.036098317454249296,33,0.21212121212121213,0.24434119051799044,-0.411955357059,-0.1993078418766118
lb10_atr10_m1.5_r0.0025_tfma100_rfadx20,10,10,1.5,0.0025,ma100,adx20,-0.11685038726868069,-0.12089893438167565,75,0.17333333333333334,0.15631084870110704,-0.6047902980591011,-0.02565764902894274,-0.027478638998491345,25,0.28,0.3105305232515025,-0.3904710951355945,-0.19943877311480668
lb55_atr14_m1.5_r0.005_tfma100_rfadx20,55,14,1.5,0.005,ma100,adx20,-0.0860487665006634,-0.08986801464594574,33,0.24242424242424243,0.1614870716819022,-0.5399983895307464,-0.038819030596349946,-0.039530213052194285,16,0.25,0.2108347019625652,-0.4639373704194476,-0.19976458003346445
lb30_atr10_m2.0_r0.005_tfma100_rfadx20,30,10,2.0,0.005,ma100,adx20,-0.10174533227650528,-0.10661451577849856,37,0.21621621621621623,0.17275593910084375,-0.548654405405651,-0.03174200569988861,-0.03222276772485866,14,0.14285714285714285,0.1368289146178946,-0.4380682061342242,-0.20125869725101728
lb20_atr14_m2.0_r0.0025_tfnone_rfnone,20,14,2.0,0.0025,none,none,-0.07886362909073885,-0.08203629783191169,63,0.20634920634920634,0.28989746194061045,-0.48751126871729544,-0.03840429593230388,-0.0386712278674608,27,0.1111111111111111,0.1386841486768254,-0.5387557321740599,-0.20260737503708062
lb20_atr10_m1.5_r0.0025_tfnone_rfadx20,20,10,1.5,0.0025,none,adx20,-0.10418061833698078,-0.1064663652050376,67,0.19402985074626866,0.18592452650731822,-0.6097727610642234,-0.029295133881105162,-0.030134146022689823,26,0.19230769230769232,0.20332992561856889,-0.42873920788778636,-0.20284186777784968
lb20_atr20_m2.0_r0.0025_tfnone_rfnone,20,20,2.0,0.0025,none,none,-0.08433339054736566,-0.0866892101152067,66,0.19696969696969696,0.2778481005673259,-0.4980226734570981,-0.03639751105910316,-0.036714691120320886,26,0.11538461538461539,0.17966814022905636,-0.5301541762588307,-0.2029570697153662
lb30_atr10_m2.0_r0.0025_tfnone_rfnone,30,10,2.0,0.0025,none,none,-0.0651587288491704,-0.0668120574629506,52,0.19230769230769232,0.2642169666913735,-0.4828192508510727,-0.032825744307554916,-0.033069175861354494,20,0.1,0.07097408330939232,-0.6184699660749369,-0.20391704228190066
lb10_atr20_m2.0_r0.0025_tfnone_rfadx20,10,20,2.0,0.0025,none,adx20,-0.11916768907219599,-0.12154561266512032,92,0.18478260869565216,0.21181651161564094,-0.5172095398045203,-0.034539765237208475,-0.035004568491843524,32,0.15625,0.26011048117741303,-0.4176428455375641,-0.20456647392177493
lb30_atr10_m2.0_r0.005_tfnone_rfadx20,30,10,2.0,0.005,none,adx20,-0.10605677136343716,-0.1092062244689127,42,0.21428571428571427,0.24443766211421264,-0.49612734005852066,-0.036946169007161855,-0.03742434704717679,16,0.125,0.11938949597330148,-0.4497233023835322,-0.20466162999416543
lb20_atr14_m2.5_r0.005_tfnone_rfnone,20,14,2.5,0.005,none,none,-0.1077360706343764,-0.11117372420863703,53,0.20754716981132076,0.3683161764576537,-0.39907698523867335,-0.04816149917654655,-0.05703896909987172,22,0.22727272727272727,0.2950118659592486,-0.4572343653195788,-0.20496427902155057
lb10_atr20_m2.5_r0.005_tfma100_rfnone,10,20,2.5,0.005,ma100,none,-0.10953224110081361,-0.1194587916658475,56,0.19642857142857142,0.35638970287741356,-0.391230899322422,-0.04678582980787749,-0.054560749160907696,21,0.2857142857142857,0.21961670497446087,-0.45009692874843993,-0.205280577489872
lb30_atr10_m2.0_r0.0025_tfma100_rfnone,30,10,2.0,0.0025,ma100,none,-0.061633844728082754,-0.06418105402052066,45,0.2,0.2030765644590743,-0.5255981880488401,-0.0302173975716844,-0.0304614856296197,18,0.1111111111111111,0.07679083543446426,-0.628154520513409,-0.2056953584385478
lb10_atr14_m1.5_r0.0025_tfma100_rfadx20,10,14,1.5,0.0025,ma100,adx20,-0.11690816508492607,-0.12129780407856228,74,0.17567567567567569,0.13367593600161815,-0.6132532465553914,-0.0284443380621634,-0.02953055227060397,26,0.3076923076923077,0.3142879278597721,-0.4126070243712426,-0.20608878499640348
lb20_atr10_m2.0_r0.0025_tfma100_rfnone,20,10,2.0,0.0025,ma100,none,-0.0755773725036929,-0.07910722317665642,54,0.16666666666666666,0.2179878537093308,-0.5440033666945885,-0.03104158641826249,-0.031285467033153935,20,0.1,0.074913691153428,-0.5818335600563976,-0.2086904814835594
lb20_atr14_m2.0_r0.005_tfma100_rfadx20,20,14,2.0,0.005,ma100,adx20,-0.10990702279523112,-0.11881421231332956,44,0.22727272727272727,0.26313800413539745,-0.5023205820254236,-0.039242618523177675,-0.03977586894263385,17,0.11764705882352941,0.14056409760419156,-0.4457081688881853,-0.20889399551940394
lb20_atr20_m2.0_r0.005_tfma100_rfadx20,20,20,2.0,0.005,ma100,adx20,-0.12225576313466946,-0.13048371746850285,47,0.2127659574468085,0.2458820012132264,-0.5331078642223935,-0.03495845376434792,-0.035593552199530865,16,0.125,0.22870378388328638,-0.42057352687480043,-0.20971293843661257
lb20_atr14_m1.5_r0.0025_tfma100_rfadx20,20,14,1.5,0.0025,ma100,adx20,-0.09363609086305569,-0.09814140978988617,55,0.2,0.12747614343114524,-0.6552981344203496,-0.027411620853030283,-0.02777156544219217,21,0.23809523809523808,0.21424060979577017,-0.49436918317096595,-0.21033042437311375
lb20_atr10_m2.0_r0.0025_tfnone_rfnone,20,10,2.0,0.0025,none,none,-0.09052192195878139,-0.09313534007006063,66,0.15151515151515152,0.23996895312719707,-0.5363219146147974,-0.036133429280898355,-0.03637602831161557,26,0.11538461538461539,0.13500008731360508,-0.5261206786628647,-0.2103755680578337
lb55_atr10_m1.5_r0.005_tfnone_rfadx20,55,10,1.5,0.005,none,adx20,-0.09560156661737729,-0.10144289200510948,36,0.19444444444444445,0.14914171491387557,-0.5482435517987885,-0.040104675429973424,-0.04096593219178035,16,0.1875,0.16889402778570153,-0.4799281413196462,-0.21103163591330298
lb55_atr10_m1.5_r0.005_tfma100_rfadx20,55,10,1.5,0.005,ma100,adx20,-0.094723891369489,-0.09840600878923222,34,0.17647058823529413,0.11282713342706474,-0.5697696192421201,-0.040104675429973424,-0.04096593219178035,16,0.1875,0.16889402778570153,-0.4799281413196462,-0.2124763524084335
lb20_atr14_m1.5_r0.0025_tfnone_rfadx20,20,14,1.5,0.0025,none,adx20,-0.10886861869349018,-0.11149034464304541,67,0.19402985074626866,0.16434288305071285,-0.6357273617254332,-0.032062607873267535,-0.03242083118172301,27,0.2222222222222222,0.2204241580042117,-0.45198041869908,-0.21371246793610335
lb20_atr10_m2.0_r0.005_tfma100_rfadx20,20,10,2.0,0.005,ma100,adx20,-0.12204136647373176,-0.12831710311463873,46,0.1956521739130435,0.21835050061609534,-0.5357101946638827,-0.03568849959381448,-0.036167302095179044,16,0.125,0.12359655721538117,-0.431774380241822,-0.2142503483707901
lb10_atr14_m2.5_r0.005_tfma100_rfnone,10,14,2.5,0.005,ma100,none,-0.10343710112189164,-0.11273785388153101,54,0.2037037037037037,0.37084785558432054,-0.38108970972870687,-0.0508530353084341,-0.05970540220111098,20,0.2,0.2508863791307873,-0.5193671444344169,-0.21477889273536205
lb55_atr14_m1.5_r0.005_tfnone_rfnone,55,14,1.5,0.005,none,none,-0.08628779510626494,-0.0921892762483364,39,0.3076923076923077,0.24692444289629675,-0.4632640843616204,-0.05110738867356335,-0.05180947891373355,18,0.2222222222222222,0.1684710451975666,-0.5450945474663169,-0.21655111407377148
lb55_atr14_m1.5_r0.005_tfma100_rfnone,55,14,1.5,0.005,ma100,none,-0.0848019583547941,-0.08862641670115068,37,0.2972972972972973,0.21919276304652585,-0.4778168675298843,-0.05110738867356335,-0.05180947891373355,18,0.2222222222222222,0.1684710451975666,-0.5450945474663169,-0.2169482383646493
lb30_atr20_m1.5_r0.0025_tfma100_rfnone,30,20,1.5,0.0025,ma100,none,-0.06459497226803901,-0.07006060023238136,51,0.29411764705882354,0.29419771795249144,-0.47714396366829204,-0.04125659183239039,-0.04091541952786948,23,0.21739130434782608,0.14834774642231305,-0.6786859906364446,-0.21826006934387324
lb10_atr20_m2.0_r0.0025_tfma100_rfnone,10,20,2.0,0.0025,ma100,none,-0.0859597777678689,-0.0904087395142138,69,0.21739130434782608,0.24144573271745867,-0.4846012440421528,-0.04392281443839441,-0.04438310039480209,28,0.14285714285714285,0.14038318916420905,-0.5865460529426195,-0.21947996764592506
lb20_atr20_m2.5_r0.005_tfnone_rfnone,20,20,2.5,0.005,none,none,-0.11501327722172827,-0.11892392942731689,55,0.18181818181818182,0.3455615149121156,-0.40767865818335525,-0.053803867093099256,-0.06033793376594643,23,0.21739130434782608,0.20189917518496242,-0.48379180381911824,-0.22040793543891904
lb10_atr10_m2.0_r0.0025_tfma100_rfnone,10,10,2.0,0.0025,ma100,none,-0.09173712193252426,-0.0982253524433685,70,0.17142857142857143,0.22865752109564633,-0.5130054529504954,-0.04087404763005431,-0.04210668883459623,27,0.18518518518518517,0.09417974842575459,-0.5687346856828058,-0.2215316739960502
lb20_atr14_m2.0_r0.005_tfnone_rfadx20,20,14,2.0,0.005,none,adx20,-0.13410972071162852,-0.13933856274862166,54,0.2037037037037037,0.2760134951392849,-0.5091328217629434,-0.04642106749347097,-0.04695033364905543,22,0.13636363636363635,0.20960360167934133,-0.4100268726434084,-0.2217885237523051
lb20_atr10_m2.0_r0.005_tfnone_rfadx20,20,10,2.0,0.005,none,adx20,-0.14517524178508634,-0.14966630492085709,56,0.17857142857142858,0.2437416839514684,-0.5351345537139062,-0.04152689561110812,-0.042002799216611875,21,0.14285714285714285,0.2133511116627821,-0.38443226987399004,-0.22261754482021287
lb20_atr20_m1.5_r0.0025_tfma100_rfnone,20,20,1.5,0.0025,ma100,none,-0.08678237207142936,-0.09211835772123855,62,0.24193548387096775,0.23534829021385054,-0.536476062860261,-0.03981336571770888,-0.03947167983596245,25,0.28,0.1674235562262975,-0.6027668466136377,-0.22326397709653745
lb30_atr20_m1.5_r0.0025_tfnone_rfnone,30,20,1.5,0.0025,none,none,-0.07704083969396092,-0.08041679653830347,62,0.3064516129032258,0.2800915608427545,-0.4700812778631417,-0.04342817294823975,-0.04308777340870207,25,0.2,0.14183652759786292,-0.6593891862738797,-0.2235911264909624
lb10_atr14_m2.0_r0.0025_tfma100_rfnone,10,14,2.0,0.0025,ma100,none,-0.08164917079232148,-0.08928400174622952,67,0.22388059701492538,0.2710379556318134,-0.4753189556867238,-0.04743301421220192,-0.04769743984119268,29,0.1724137931034483,0.09782390705265596,-0.6101700289320554,-0.22372095287882446
lb10_atr10_m2.5_r0.005_tfnone_rfnone,10,10,2.5,0.005,none,none,-0.1700539371237556,-0.1746278588582787,82,0.18292682926829268,0.3289286939694543,-0.4174800062311261,-0.04816895630683826,-0.06506355347504789,29,0.27586206896551724,0.47021104603395814,-0.3459850628610763,-0.2245108283939295
lb10_atr20_m2.0_r0.005_tfma100_rfadx20,10,20,2.0,0.005,ma100,adx20,-0.15470536428976578,-0.16262913680702706,62,0.1935483870967742,0.2140171001803594,-0.5227424997335651,-0.04089600188032949,-0.041798624779876836,21,0.19047619047619047,0.2601349726217298,-0.37726125990487447,-0.22547104850353913
lb30_atr20_m1.5_r0.005_tfma100_rfadx20,30,20,1.5,0.005,ma100,adx20,-0.11427472974387742,-0.12256990919261312,43,0.2558139534883721,0.1856729105351643,-0.5592667119290994,-0.04530280006563958,-0.04462309329611602,18,0.2777777777777778,0.2376051889201526,-0.48137657627007724,-0.22567862415792414
lb20_atr20_m2.0_r0.005_tfnone_rfadx20,20,20,2.0,0.005,none,adx20,-0.14572789077346826,-0.15042393200394244,57,0.19298245614035087,0.2593992542406969,-0.5339240643129025,-0.04373934113339095,-0.04436866082479929,21,0.14285714285714285,0.2662644034538173,-0.40293365138534026,-0.22650861670704553
lb10_atr20_m1.5_r0.0025_tfnone_rfadx20,10,20,1.5,0.0025,none,adx20,-0.1528671326454556,-0.1565691553265599,108,0.21296296296296297,0.17216877028205904,-0.5660812632686981,-0.03898961007734758,-0.03947349737537931,38,0.3157894736842105,0.2840816170585461,-0.39223342892466856,-0.22833996541197962
lb10_atr14_m2.0_r0.005_tfma100_rfadx20,10,14,2.0,0.005,ma100,adx20,-0.1452464588856287,-0.15641953445975587,59,0.22033898305084745,0.2476077950549713,-0.5029840101525178,-0.04575021126458423,-0.046279849766374226,22,0.22727272727272727,0.18367800498586823,-0.4123629329197408,-0.22929349300017896
lb55_atr10_m1.5_r0.005_tfnone_rfnone,55,10,1.5,0.005,none,none,-0.09629415965764843,-0.10213101172791317,40,0.225,0.18811718668162858,-0.49859937113475256,-0.05235058110769897,-0.053200850349513384,18,0.16666666666666666,0.1344918845483657,-0.5596607061585285,-0.23023024170415907
lb55_atr10_m1.5_r0.005_tfma100_rfnone,55,10,1.5,0.005,ma100,none,-0.09541715653804517,-0.09909645417305168,38,0.21052631578947367,0.15577647475191966,-0.5152466851280474,-0.05235058110769897,-0.053200850349513384,18,0.16666666666666666,0.1344918845483657,-0.5596607061585285,-0.2312069696923322
lb10_atr10_m2.0_r0.005_tfma100_rfadx20,10,10,2.0,0.005,ma100,adx20,-0.15301334251175258,-0.1616709104603783,61,0.19672131147540983,0.22382993667843645,-0.5159847884882629,-0.04202873982757893,-0.04441565971577055,21,0.23809523809523808,0.16714167278988062,-0.40742415446748564,-0.2318994271651736
lb30_atr14_m1.5_r0.0025_tfnone_rfnone,30,14,1.5,0.0025,none,none,-0.08460720666746724,-0.08724629096521641,62,0.2903225806451613,0.23821453813788415,-0.5197032285384148,-0.04337865864886048,-0.04373269400757829,25,0.16,0.1368647097721491,-0.6580554554346429,-0.23275441594857024
lb30_atr20_m1.5_r0.005_tfnone_rfadx20,30,20,1.5,0.005,none,adx20,-0.12879467580749948,-0.13315965861944745,51,0.27450980392156865,0.18991113643485655,-0.5318694398104743,-0.049624555895813605,-0.04894792604606535,20,0.25,0.22107401270589253,-0.47698651225350763,-0.23436379687905248
lb30_atr14_m1.5_r0.0025_tfma100_rfnone,30,14,1.5,0.0025,ma100,none,-0.0760780682301685,-0.08067066390190059,52,0.28846153846153844,0.19640797567294513,-0.5555892651000032,-0.041699927287809135,-0.042054583927104705,23,0.17391304347826086,0.14183938187347792,-0.6843123924701596,-0.23438484826073663
lb30_atr14_m1.5_r0.005_tfma100_rfadx20,30,14,1.5,0.005,ma100,adx20,-0.12358632917188794,-0.13132617449040473,44,0.25,0.16024005308315084,-0.5944533290063346,-0.045426353404800945,-0.04613264707048925,18,0.2222222222222222,0.2320544497536727,-0.4831069392615229,-0.23529045675745602
lb30_atr14_m1.5_r0.005_tfnone_rfadx20,30,14,1.5,0.005,none,adx20,-0.13351496776865868,-0.13756315239386352,51,0.2549019607843137,0.19865641178753518,-0.5401940303780255,-0.04876847398763706,-0.04947229480211468,20,0.2,0.21895235085833042,-0.47040631328799076,-0.23637857457465666
lb20_atr20_m1.5_r0.0025_tfnone_rfnone,20,20,1.5,0.0025,none,none,-0.11225763040843884,-0.11550477292300243,79,0.24050632911392406,0.20861582903614376,-0.5552421384503182,-0.047240882014144225,-0.04690183924089808,32,0.25,0.16432044488987785,-0.5604644282826431,-0.23912800703353085
lb20_atr20_m1.5_r0.005_tfma100_rfadx20,20,20,1.5,0.005,ma100,adx20,-0.14635185771321912,-0.15434662173784852,54,0.2222222222222222,0.17286685097010696,-0.576338058714278,-0.04577615325708617,-0.04509678349637403,20,0.35,0.2562004563769602,-0.4379510354030279,-0.23915452357065653
lb10_atr10_m1.5_r0.0025_tfnone_rfadx20,10,10,1.5,0.0025,none,adx20,-0.16117747568731122,-0.16342981770987208,110,0.19090909090909092,0.18210874989674897,-0.5907069341129093,-0.04054175274238414,-0.043513187810995335,38,0.2631578947368421,0.26165965025910976,-0.4096911664289616,-0.24026859760345948
lb30_atr10_m1.5_r0.0025_tfma100_rfnone,30,10,1.5,0.0025,ma100,none,-0.07802771221596805,-0.08225423079239047,52,0.25,0.1801447559162946,-0.5710243611296271,-0.04261630120103532,-0.04344379941958154,23,0.13043478260869565,0.11509467528082992,-0.6967344763776736,-0.240410534222898
lb10_atr14_m1.5_r0.0025_tfnone_rfadx20,10,14,1.5,0.0025,none,adx20,-0.15949220049902668,-0.16233904820606337,109,0.1926605504587156,0.17587099561544214,-0.5888850746296522,-0.04222623276158799,-0.044477543798913666,39,0.28205128205128205,0.27725997724783297,-0.41304794259926086,-0.2406820660721814
lb10_atr20_m1.5_r0.0025_tfma100_rfnone,10,20,1.5,0.0025,ma100,none,-0.10850036924307827,-0.11370945532622734,81,0.20987654320987653,0.22075249729450083,-0.5188929944986023,-0.05096828166499956,-0.050720135948726375,33,0.30303030303030304,0.19693511649196077,-0.5925841059462662,-0.24150419840918613
lb20_atr10_m1.5_r0.0025_tfma100_rfnone,20,10,1.5,0.0025,ma100,none,-0.09888800601005476,-0.10301889652867291,64,0.21875,0.16740763143210663,-0.597372561886667,-0.04165082787623475,-0.04247916058512946,25,0.16,0.12405339042998734,-0.626577201026699,-0.2427868583911017
lb30_atr10_m1.5_r0.005_tfma100_rfadx20,30,10,1.5,0.005,ma100,adx20,-0.1266401189102534,-0.13404745929660067,44,0.22727272727272727,0.15696891481022773,-0.597387561160568,-0.047350225348540165,-0.048204981111018785,18,0.16666666666666666,0.18900866904622193,-0.5045996147800429,-0.24326562319309802
lb30_atr20_m2.0_r0.005_tfma100_rfnone,30,20,2.0,0.005,ma100,none,-0.10604212351409215,-0.11442206413365696,45,0.26666666666666666,0.2733561005014107,-0.47382923631756424,-0.052637206568900696,-0.053260670532711996,18,0.1111111111111111,0.16292892249736884,-0.6277816964296429,-0.24396351331509428
lb30_atr10_m1.5_r0.0025_tfnone_rfnone,30,10,1.5,0.0025,none,none,-0.09044565060699661,-0.09276644322212524,62,0.22580645161290322,0.2114624045370879,-0.560721217128154,-0.04466710705561894,-0.045492832695215646,25,0.12,0.11017030298494837,-0.6751160293465713,-0.2444836753172779
lb30_atr14_m2.0_r0.005_tfma100_rfnone,30,14,2.0,0.005,ma100,none,-0.09995273695184759,-0.10754036659554789,43,0.27906976744186046,0.27113865527963127,-0.4639064479078952,-0.0568457567816697,-0.05736923690839535,19,0.10526315789473684,0.10057202557657202,-0.6369954887857255,-0.2455110215182512
lb30_atr10_m1.5_r0.005_tfnone_rfadx20,30,10,1.5,0.005,none,adx20,-0.1378489810469501,-0.14167008565246386,51,0.21568627450980393,0.19273372121281815,-0.5526208859052697,-0.051428368892312615,-0.052279465580085005,20,0.15,0.1760052643657434,-0.4967900421509282,-0.24737102004243683
lb30_atr20_m2.0_r0.005_tfnone_rfnone,30,20,2.0,0.005,none,none,-0.1142920914159602,-0.11855107838137624,52,0.25,0.30864424381330746,-0.43376382614406944,-0.05788640940358847,-0.05850641884202801,20,0.1,0.14977456733571323,-0.6190070916780892,-0.2474594047436852
lb30_atr14_m2.0_r0.005_tfnone_rfnone,30,14,2.0,0.005,none,none,-0.10920062113761897,-0.1127974465778604,50,0.26,0.3100577039444089,-0.42669133045668145,-0.0613284914152723,-0.0618494834839618,21,0.09523809523809523,0.0935883787272188,-0.6216474652646925,-0.24801608326093394
lb10_atr20_m1.5_r0.005_tfma100_rfadx20,10,20,1.5,0.005,ma100,adx20,-0.18415065663650354,-0.19179141944817812,72,0.19444444444444445,0.17039784336547337,-0.5617411956883214,-0.04840174220356308,-0.047724241758672736,25,0.4,0.327238801368947,-0.3636571905973468,-0.24882416939115118
lb20_atr14_m1.5_r0.0025_tfma100_rfnone,20,14,1.5,0.0025,ma100,none,-0.10228304195188209,-0.10674537894617164,64,0.234375,0.15240310600659457,-0.6171943365503677,-0.04429840898420068,-0.04465210395312591,26,0.19230769230769232,0.14294534755735064,-0.6462439634895334,-0.25157687552470287
lb20_atr20_m2.0_r0.005_tfma100_rfnone,20,20,2.0,0.005,ma100,none,-0.13178135198711116,-0.1399200136696358,54,0.2222222222222222,0.26958806585286504,-0.5028829804683131,-0.05271275121395369,-0.05333616546147446,20,0.1,0.16293489439881464,-0.566666599854932,-0.2518275046307788
lb10_atr10_m2.0_r0.0025_tfnone_rfnone,10,10,2.0,0.0025,none,none,-0.1373894034306159,-0.14201010685497706,104,0.16346153846153846,0.21608236223715127,-0.5322741954917984,-0.054316221208932425,-0.055531586916975795,40,0.175,0.163228886534071,-0.5218673660162977,-0.2519443917590768
lb20_atr10_m1.5_r0.0025_tfnone_rfnone,20,10,1.5,0.0025,none,none,-0.12139465997215437,-0.12363648398861904,79,0.20253164556962025,0.18149452223331142,-0.60556479275874,-0.0480092529538525,-0.04883208986682852,32,0.15625,0.13317180460466999,-0.5720272654499713,-0.25247694456463965
lb20_atr14_m2.0_r0.005_tfma100_rfnone,20,14,2.0,0.005,ma100,none,-0.12193845169660711,-0.13072524231240823,51,0.23529411764705882,0.27775843273192125,-0.4836435747527606,-0.057670872152243535,-0.05819389431411148,21,0.09523809523809523,0.09933505191430547,-0.5848976695790148,-0.2525344164340556
lb10_atr14_m2.5_r0.005_tfnone_rfnone,10,14,2.5,0.005,none,none,-0.15271317978626286,-0.15772216679725615,80,0.225,0.33844927023135674,-0.38041860025145513,-0.0727296169796936,-0.08137794852851354,31,0.16129032258064516,0.26287476007954896,-0.4803207468144074,-0.25462056393204224
lb20_atr14_m1.5_r0.0025_tfnone_rfnone,20,14,1.5,0.0025,none,none,-0.12086973564701486,-0.12340427480138583,79,0.22784810126582278,0.1777457922486374,-0.600647179271288,-0.050693096671639015,-0.05104442503483286,33,0.18181818181818182,0.15000996688974286,-0.5875517642987019,-0.2560629979036248
lb30_atr10_m2.0_r0.005_tfma100_rfnone,30,10,2.0,0.005,ma100,none,-0.11802115447839168,-0.12280211136960917,45,0.2,0.20496736632079923,-0.5255981880488401,-0.05311737342363598,-0.05358752209438444,18,0.1111111111111111,0.08572960809888365,-0.628154520513409,-0.25769019256796716
lb10_atr20_m2.0_r0.0025_tfnone_rfnone,10,20,2.0,0.0025,none,none,-0.1243249625014996,-0.12752814551598146,102,0.19607843137254902,0.2295182628097614,-0.4876713411238739,-0.06403982475934034,-0.0644904257473422,42,0.11904761904761904,0.15693053989260317,-0.5861091194596426,-0.25823347478298103
lb20_atr10_m1.5_r0.005_tfma100_rfadx20,20,10,1.5,0.005,ma100,adx20,-0.16036934731641872,-0.16749061562505452,55,0.2,0.1462182772590675,-0.6190083906152742,-0.04861470997893935,-0.04946833119485827,20,0.2,0.1947361370842525,-0.4665799366946488,-0.2598645763863297
lb10_atr14_m2.0_r0.0025_tfnone_rfnone,10,14,2.0,0.0025,none,none,-0.12343107492945826,-0.128268930931567,100,0.2,0.24765349436845896,-0.49489778706844495,-0.06607328572197169,-0.06633253694791041,43,0.16279069767441862,0.1448150859942982,-0.5878914550010393,-0.26050006274061693
lb30_atr10_m2.0_r0.005_tfnone_rfnone,30,10,2.0,0.005,none,none,-0.1266302448597837,-0.12971764985270762,52,0.19230769230769232,0.2540902331086591,-0.48281925085107275,-0.058206649061463445,-0.058674270791586935,20,0.1,0.07849884706673316,-0.6184699660749369,-0.26096242752710314
lb10_atr10_m1.5_r0.0025_tfma100_rfnone,10,10,1.5,0.0025,ma100,none,-0.12475524985603537,-0.1287675593846559,85,0.18823529411764706,0.16676560386888498,-0.5727940509819963,-0.05348400485411886,-0.05525298896063968,33,0.21212121212121213,0.1760407708917802,-0.6146037600527968,-0.2627580571450906
lb10_atr20_m2.5_r0.005_tfnone_rfnone,10,20,2.5,0.005,none,none,-0.14798953109988044,-0.15585080690260045,80,0.2,0.3419438880423371,-0.3759679390059464,-0.0817631882487625,-0.08925281375119343,33,0.24242424242424243,0.19607129841519233,-0.5012376065974884,-0.2635243916650113
lb10_atr14_m1.5_r0.0025_tfma100_rfnone,10,14,1.5,0.0025,ma100,none,-0.12218040998422464,-0.12654384190530188,83,0.20481927710843373,0.15674180486233177,-0.5737596922817463,-0.055924828137634,-0.0569803187345056,34,0.23529411764705882,0.18721731065607441,-0.6273325566138386,-0.26511984772186714
lb20_atr20_m1.5_r0.005_tfnone_rfadx20,20,20,1.5,0.005,none,adx20,-0.17856534596201457,-0.18268096376926046,67,0.22388059701492538,0.16187829622277627,-0.58633917352641,-0.056939100705961865,-0.0562676785237588,26,0.3076923076923077,0.2431495470373707,-0.4216122764336667,-0.26525137674152316
lb20_atr14_m2.0_r0.005_tfnone_rfnone,20,14,2.0,0.005,none,none,-0.1482682839749957,-0.1530563031478287,63,0.20634920634920634,0.2824622183684539,-0.48751126871729544,-0.06908936314854042,-0.06960604769049439,27,0.1111111111111111,0.14928421702545389,-0.5387557321740599,-0.2685734793268528
lb20_atr10_m2.0_r0.005_tfma100_rfnone,20,10,2.0,0.005,ma100,none,-0.1443249914732725,-0.1504414425208025,54,0.16666666666666666,0.21771594535950023,-0.5440033666945885,-0.054724224579264624,-0.055193575412019524,20,0.1,0.083442060998836,-0.5818335600563977,-0.2686918117207947
lb20_atr20_m2.0_r0.005_tfnone_rfnone,20,20,2.0,0.005,none,none,-0.15654326600089652,-0.16059908530789269,66,0.19696969696969696,0.27505893640914264,-0.4980226734570981,-0.06568452317496609,-0.06629940063761364,26,0.11538461538461539,0.19227050185390843,-0.5301541762588307,-0.26938231750662817
lb30_atr20_m1.5_r0.005_tfma100_rfnone,30,20,1.5,0.005,ma100,none,-0.11425911689665391,-0.12255444256609005,51,0.29411764705882354,0.28792415724489145,-0.47714396366829204,-0.0689163185383933,-0.06825342366311149,23,0.21739130434782608,0.1684470576837806,-0.6786859906364446,-0.2699527389347649
lb10_atr10_m1.5_r0.005_tfma100_rfadx20,10,10,1.5,0.005,ma100,adx20,-0.20349398341744207,-0.21024949315901487,75,0.17333333333333334,0.1498674231306867,-0.6047902980591011,-0.0494757195409633,-0.05168469992048974,25,0.28,0.2947937562202854,-0.39047109513559447,-0.27070550715750585
lb10_atr10_m2.0_r0.005_tfnone_rfadx20,10,10,2.0,0.005,none,adx20,-0.22349025218415097,-0.22907328998595156,91,0.18681318681318682,0.21735205152809656,-0.5290425628677136,-0.055592741112616806,-0.05891182848452681,31,0.22580645161290322,0.2750573831692125,-0.3510963522446846,-0.2742325230766589
lb20_atr14_m1.5_r0.005_tfma100_rfadx20,20,14,1.5,0.005,ma100,adx20,-0.16523132926120987,-0.17260339636070754,55,0.2,0.123039509953032,-0.6552981344203496,-0.05385492650536783,-0.05455498382898549,21,0.23809523809523808,0.2145038768460354,-0.49436918317096595,-0.2745219176055901
lb20_atr10_m1.5_r0.005_tfnone_rfadx20,20,10,1.5,0.005,none,adx20,-0.1885802294732456,-0.1921764901677232,67,0.19402985074626866,0.162866218878237,-0.6097727610642234,-0.05768815445000286,-0.0585336346059504,26,0.19230769230769232,0.2026663598866296,-0.4287392078877863,-0.2760761903903645
lb10_atr14_m1.5_r0.005_tfma100_rfadx20,10,14,1.5,0.005,ma100,adx20,-0.20184041726046742,-0.2088891796377803,74,0.17567567567567569,0.13405078455612712,-0.6132532465553914,-0.05475891553590562,-0.05545830399366003,26,0.3076923076923077,0.3056518369026768,-0.4126070243712426,-0.2779497919760814
lb20_atr10_m2.0_r0.005_tfnone_rfnone,20,10,2.0,0.005,none,none,-0.16975785604189753,-0.17412966932477392,66,0.15151515151515152,0.23594892827044692,-0.5363219146147974,-0.06477948494817054,-0.06524384311640319,26,0.11538461538461539,0.14600162282098775,-0.5261206786628647,-0.28045958727574216
lb30_atr20_m1.5_r0.005_tfnone_rfnone,30,20,1.5,0.005,none,none,-0.1354254569516491,-0.13975721769192195,62,0.3064516129032258,0.2738772105027262,-0.47008127786314163,-0.07313117988816242,-0.072471285828,25,0.2,0.15996800945469977,-0.6593891862738794,-0.2818599170467655
lb20_atr20_m1.5_r0.005_tfma100_rfnone,20,20,1.5,0.005,ma100,none,-0.15371612159510817,-0.1616419162762407,62,0.24193548387096775,0.22839827523537762,-0.536476062860261,-0.06610778769275383,-0.06544289325423003,25,0.28,0.19082181330946213,-0.6027668466136377,-0.2839486192990697
lb10_atr14_m2.0_r0.005_tfnone_rfadx20,10,14,2.0,0.005,none,adx20,-0.20995015560719898,-0.21655862109004964,88,0.20454545454545456,0.23415319422702052,-0.5061910883595323,-0.06815422417580397,-0.0697127283438782,33,0.21212121212121213,0.24667298857930942,-0.411955357059,-0.28437164357881334
lb10_atr20_m2.0_r0.005_tfma100_rfnone,10,20,2.0,0.005,ma100,none,-0.1588598183953598,-0.166744647155172,69,0.21739130434782608,0.2466841637178571,-0.4846012440421528,-0.07345452401335872,-0.07432650574395017,28,0.14285714285714285,0.16187646991023333,-0.5865460529426196,-0.28652561615498734
lb20_atr14_m1.5_r0.005_tfnone_rfadx20,20,14,1.5,0.005,none,adx20,-0.1929805583527927,-0.1967509220340955,67,0.19402985074626866,0.14409545270437116,-0.6357273617254332,-0.06289906820295266,-0.0635924337223126,27,0.2222222222222222,0.22029049647332405,-0.45198041869908,-0.2887791958779055
lb10_atr20_m1.5_r0.0025_tfnone_rfnone,10,20,1.5,0.0025,none,none,-0.16388082429082984,-0.16756596838363624,122,0.22131147540983606,0.19829704979680005,-0.5400759188976946,-0.07245855789316147,-0.07221603129359899,49,0.24489795918367346,0.17375203664931366,-0.5743340857508951,-0.29094962958269777
lb10_atr20_m2.0_r0.005_tfnone_rfadx20,10,20,2.0,0.005,none,adx20,-0.2199748776131738,-0.22390055186656754,92,0.18478260869565216,0.20734040459473194,-0.5172095398045203,-0.06804436379745993,-0.06892143708695497,32,0.15625,0.25875895957311223,-0.4176428455375641,-0.29157866909128827
lb30_atr14_m1.5_r0.005_tfma100_rfnone,30,14,1.5,0.005,ma100,none,-0.13475115620465172,-0.1423924019267473,52,0.28846153846153844,0.19056455566275723,-0.5555892651000032,-0.06950802927410249,-0.0701965047911478,23,0.17391304347826086,0.16312626442462733,-0.6843123924701596,-0.2916863983902047
lb10_atr14_m2.0_r0.005_tfma100_rfnone,10,14,2.0,0.005,ma100,none,-0.1547377257272834,-0.16578673437847313,67,0.22388059701492538,0.2659702047704273,-0.4753189556867238,-0.07834344513358249,-0.07885499337037205,29,0.1724137931034483,0.11506431253439744,-0.6101700289320554,-0.292139909569568
lb10_atr10_m2.0_r0.005_tfma100_rfnone,10,10,2.0,0.005,ma100,none,-0.17312078775625128,-0.1815728252258092,70,0.17142857142857143,0.22344475222944768,-0.5130054529504954,-0.07026981768974327,-0.07258637096756182,27,0.18518518518518517,0.10649061020726992,-0.5687346856828058,-0.2937300329620246
lb30_atr14_m1.5_r0.005_tfnone_rfnone,30,14,1.5,0.005,none,none,-0.15237686100992565,-0.15633692359795592,62,0.2903225806451613,0.21268024492893137,-0.5197032285384148,-0.07276583591753882,-0.07345190096766574,25,0.16,0.1564379926457068,-0.6580554554346429,-0.2966998213413155
lb30_atr10_m1.5_r0.005_tfma100_rfnone,30,10,1.5,0.005,ma100,none,-0.14074892594257793,-0.14803660347470393,52,0.25,0.17371553123263386,-0.5710243611296272,-0.07194462419301362,-0.07277731286987865,23,0.13043478260869565,0.13137763192059312,-0.6967344763776736,-0.30135189292276465
lb10_atr14_m1.5_r0.0025_tfnone_rfnone,10,14,1.5,0.0025,none,none,-0.1727928539332163,-0.17517769834762698,123,0.21138211382113822,0.1816181145507068,-0.5688942290908595,-0.07686920910373707,-0.07790128355979087,50,0.22,0.1715687026334979,-0.5963672665600459,-0.3062494067285381
lb10_atr10_m1.5_r0.0025_tfnone_rfnone,10,10,1.5,0.0025,none,none,-0.18002514152965476,-0.18211736570229375,125,0.192,0.17655659206445207,-0.5857701623789145,-0.07571031816092577,-0.07743776256268953,49,0.20408163265306123,0.15725150013317507,-0.5984289053960743,-0.3118615760072177
lb20_atr10_m1.5_r0.005_tfma100_rfnone,20,10,1.5,0.005,ma100,none,-0.1775277192408634,-0.1845034600251969,64,0.21875,0.15785606038469746,-0.597372561886667,-0.06990436769583785,-0.0707388869730391,25,0.16,0.14227998240445416,-0.626577201026699,-0.3122144169486128
lb30_atr10_m1.5_r0.005_tfnone_rfnone,30,10,1.5,0.005,none,none,-0.16512490701202154,-0.1688251230910085,62,0.22580645161290322,0.18848353590352976,-0.560721217128154,-0.07591748299151102,-0.07674660705938541,25,0.12,0.12486707000551095,-0.6751160293465713,-0.3140059351443589
lb10_atr20_m1.5_r0.005_tfma100_rfnone,10,20,1.5,0.005,ma100,none,-0.18949349328187648,-0.19708421824295907,81,0.20987654320987653,0.21776386069297077,-0.5188929944986023,-0.08217732140847278,-0.08152386784444865,33,0.30303030303030304,0.2205913689737078,-0.5925841059462662,-0.31436759694770783
lb20_atr20_m1.5_r0.005_tfnone_rfnone,20,20,1.5,0.005,none,none,-0.194023966233976,-0.19806213202169254,79,0.24050632911392406,0.20495468966591754,-0.5552421384503182,-0.08154100706553569,-0.08088710047078473,32,0.25,0.1811194982878445,-0.5604644282826431,-0.3148929855490021
lb20_atr14_m1.5_r0.005_tfma100_rfnone,20,14,1.5,0.005,ma100,none,-0.17925519622668573,-0.1865034147776119,64,0.234375,0.14772210339883826,-0.6171943365503677,-0.0744679276125122,-0.07515273327674798,26,0.19230769230769232,0.163173474747958,-0.6462439634895334,-0.3215585708816438
lb10_atr20_m1.5_r0.005_tfnone_rfadx20,10,20,1.5,0.005,none,adx20,-0.2627928048319653,-0.266949584247264,108,0.21296296296296297,0.1701791802398701,-0.5660812632686981,-0.07750588793114221,-0.07826072628843561,38,0.3157894736842105,0.27163133733184575,-0.3922334289246686,-0.3247920814319029
lb20_atr10_m1.5_r0.005_tfnone_rfnone,20,10,1.5,0.005,none,none,-0.21546549853106478,-0.21894260211366878,79,0.20253164556962025,0.1628015452714249,-0.60556479275874,-0.08324246233921029,-0.08406501414047207,32,0.15625,0.14754015600762246,-0.5720272654499713,-0.3366065973324927
lb20_atr14_m1.5_r0.005_tfnone_rfnone,20,14,1.5,0.005,none,none,-0.21157930432674343,-0.21526277538474747,79,0.22784810126582278,0.15989374332785142,-0.600647179271288,-0.08784600922315366,-0.0885209163799936,33,0.18181818181818182,0.16598889200927683,-0.5875517642987019,-0.3397963410180854
lb10_atr10_m1.5_r0.005_tfnone_rfadx20,10,10,1.5,0.005,none,adx20,-0.2773290763350359,-0.28053199686053776,110,0.19090909090909092,0.16925292236076114,-0.5907069341129093,-0.07834062065837921,-0.08274337829813627,38,0.2631578947368421,0.24907892442528273,-0.4096911664289616,-0.3403006601993703
lb10_atr14_m1.5_r0.005_tfnone_rfadx20,10,14,1.5,0.005,none,adx20,-0.2735632628629725,-0.2774571019145301,109,0.1926605504587156,0.1659450336397646,-0.5888850746296522,-0.08143130676075128,-0.08437431696135744,39,0.28205128205128205,0.2696789655602944,-0.41304794259926086,-0.34031857570556917
lb10_atr10_m1.5_r0.005_tfma100_rfnone,10,10,1.5,0.005,ma100,none,-0.21697077156043243,-0.22361197887152784,85,0.18823529411764706,0.16091733864811086,-0.5727940509819962,-0.08437790575770288,-0.08650577485355104,33,0.21212121212121213,0.19468226762861737,-0.6146037600527968,-0.3423485280678093
lb10_atr14_m1.5_r0.005_tfma100_rfnone,10,14,1.5,0.005,ma100,none,-0.2109400516045956,-0.2179084526586852,83,0.20481927710843373,0.15619736187515934,-0.5737596922817463,-0.08831966738147956,-0.0889942240763536,34,0.23529411764705882,0.21210896340056704,-0.6273325566138386,-0.343513838352351
lb10_atr10_m2.0_r0.005_tfnone_rfnone,10,10,2.0,0.005,none,none,-0.2517521587924154,-0.25713199593461233,104,0.16346153846153846,0.209266755677686,-0.5322741954917984,-0.09877866444715966,-0.10102418393080947,40,0.175,0.17218010798019245,-0.5218673660162977,-0.35570413019833225
lb10_atr20_m2.0_r0.005_tfnone_rfnone,10,20,2.0,0.005,none,none,-0.22841295052367305,-0.23377775168431958,102,0.19607843137254902,0.22619670575344228,-0.4876713411238739,-0.113231512820827,-0.11406606000725739,42,0.11904761904761904,0.16958314264462906,-0.5861091194596426,-0.35968125819334884
lb10_atr14_m2.0_r0.005_tfnone_rfnone,10,14,2.0,0.005,none,none,-0.22913127251090903,-0.23492004116845733,100,0.2,0.237514405521173,-0.4948977870684449,-0.11466810674943495,-0.11515949366202682,43,0.16279069767441862,0.15906113504436106,-0.5878914550010393,-0.3622471298726298
lb10_atr20_m1.5_r0.005_tfnone_rfnone,10,20,1.5,0.005,none,none,-0.27829315091020046,-0.2827151886170022,122,0.22131147540983606,0.19772815354736897,-0.5400759188976946,-0.12431086357302046,-0.12368740742999573,49,0.24489795918367346,0.18569343510792846,-0.5743340857508951,-0.4002305094541474
lb10_atr14_m1.5_r0.005_tfnone_rfnone,10,14,1.5,0.005,none,none,-0.29317400545980143,-0.2964762692235785,123,0.21138211382113822,0.1725113822777043,-0.5688942290908595,-0.1293536926617609,-0.12999788808253465,50,0.22,0.1850827816864245,-0.5963672665600459,-0.4196464041182956
lb10_atr10_m1.5_r0.005_tfnone_rfnone,10,10,1.5,0.005,none,none,-0.30480763956207346,-0.3078887734606486,125,0.192,0.16600418836614356,-0.5857701623789145,-0.1276698755211506,-0.12969713581219022,49,0.20408163265306123,0.16579203429101963,-0.5984289053960743,-0.4277311506237238
