key,breakout_lookback,atr_period,atr_mult,risk_per_trade,trend_filter,regime_filter,is_return,is_mdd,is_trades,is_win_rate,is_pf,is_avg_r,oos_return,oos_mdd,oos_trades,oos_win_rate,oos_pf,oos_avg_r,rank_score
lb55_atr10_m2.5_r0.0025_tfnone_rfadx20,55,10,2.5,0.0025,none,adx20,-0.009649493474685022,-0.025154148023584844,24,0.16666666666666666,0.7104477133177918,-0.15191371599659825,0.007390202231345677,-0.006727741603774318,6,0.5,2.406249996927968,0.46698329767164243,0.11142545727522041
lb55_atr14_m3.0_r0.0025_tfnone_rfadx20,55,14,3.0,0.0025,none,adx20,0.0018526049002873801,-0.01770159194095,19,0.2631578947368421,1.0929892561195649,0.03735123167472288,0.004992775407166361,-0.006159921511866617,6,0.6666666666666666,2.2042430367041836,0.3193036001496963,0.1091140904151034
lb55_atr14_m3.0_r0.005_tfnone_rfadx20,55,14,3.0,0.005,none,adx20,0.0033966952010016094,-0.0351274403757561,19,0.2631578947368421,1.0844398232480013,0.037351231674722915,0.009961333997723365,-0.012257277407832112,6,0.6666666666666666,2.194204310121505,0.3193036001496963,0.10823118274789365
lb55_atr10_m2.5_r0.005_tfnone_rfadx20,55,10,2.5,0.005,none,adx20,-0.01967314603478687,-0.049723320488974654,24,0.16666666666666666,0.7052501452793621,-0.15191371599659828,0.014733586477080785,-0.01337636614832105,6,0.5,2.3939543675492527,0.46698329767164243,0.10549100919430368
lb55_atr10_m2.5_r0.0025_tfma100_rfadx20,55,10,2.5,0.0025,ma100,adx20,-0.013798731413330878,-0.02515414802358462,23,0.08695652173913043,0.6213046960317496,-0.22653074483893104,0.007390202231345677,-0.006727741603774318,6,0.5,2.406249996927968,0.46698329767164243,0.10209330849762223
lb55_atr14_m3.0_r0.0025_tfma100_rfadx20,55,14,3.0,0.0025,ma100,adx20,-0.001419307400276848,-0.017701591940950334,18,0.2222222222222222,0.9383412674702161,-0.028488950181737065,0.004992775407166361,-0.006159921511866617,6,0.6666666666666666,2.2042430367041836,0.3193036001496963,0.10025691008659104
lb55_atr10_m3.0_r0.0025_tfnone_rfadx20,55,10,3.0,0.0025,none,adx20,-0.003951260850130978,-0.020898552888556465,21,0.2857142857142857,0.830158737607956,-0.07259984239255778,0.005370150244335958,-0.006698901762155707,6,0.6666666666666666,2.2512197875179765,0.3406913818733075,0.09813331933581519
lb55_atr14_m3.0_r0.005_tfma100_rfadx20,55,14,3.0,0.005,ma100,adx20,-0.0031566882231287563,-0.035127440375756214,18,0.2222222222222222,0.9317999775505845,-0.028488950181736934,0.009961333997723365,-0.012257277407832112,6,0.6666666666666666,2.194204310121505,0.3193036001496963,0.09791842591477186
lb55_atr10_m2.5_r0.005_tfma100_rfadx20,55,10,2.5,0.005,ma100,adx20,-0.027880123115295308,-0.04972332048897532,23,0.08695652173913043,0.6164500861294998,-0.2265307448389311,0.014733586477080785,-0.01337636614832105,6,0.5,2.3939543675492527,0.46698329767164243,0.09433647886329712
lb55_atr10_m3.0_r0.005_tfnone_rfadx20,55,10,3.0,0.005,none,adx20,-0.008201820084995037,-0.04140251836284958,21,0.2857142857142857,0.8246675912379355,-0.07259984239255779,0.010705886774424522,-0.013329272073773435,6,0.6666666666666666,2.2399443517187487,0.3406913818733075,0.09428324328928327
lb55_atr10_m3.0_r0.0025_tfma100_rfadx20,55,10,3.0,0.0025,ma100,adx20,-0.007222332822867439,-0.020898552888556132,20,0.25,0.7236259846445351,-0.13804004888366123,0.005370150244335958,-0.006698901762155707,6,0.6666666666666666,2.2512197875179765,0.3406913818733075,0.08981672497399637
lb55_atr10_m3.0_r0.005_tfma100_rfadx20,55,10,3.0,0.005,ma100,adx20,-0.014714890666837621,-0.04140251836285036,20,0.25,0.718974581687507,-0.1380400488836613,0.010705886774424522,-0.013329272073773435,6,0.6666666666666666,2.2399443517187487,0.3406913818733075,0.08451656685920295
lb55_atr20_m3.0_r0.0025_tfnone_rfadx20,55,20,3.0,0.0025,none,adx20,-0.010622083734888377,-0.023402212940820233,22,0.18181818181818182,0.6429526301052554,-0.18312938736225634,0.004625850155602018,-0.006003238057119997,6,0.6666666666666666,2.265560778963072,0.2962540705755799,0.07597403107853472
lb55_atr20_m3.0_r0.0025_tfma100_rfadx20,55,20,3.0,0.0025,ma100,adx20,-0.013345660325005837,-0.023402212940820122,21,0.14285714285714285,0.5877505327485368,-0.24134911705711584,0.004625850155602018,-0.006003238057119997,6,0.6666666666666666,2.265560778963072,0.2962540705755799,0.06907457324243613
lb55_atr20_m3.0_r0.005_tfnone_rfadx20,55,20,3.0,0.005,none,adx20,-0.02143748550228808,-0.046309784599010584,22,0.18181818181818182,0.6396457594647019,-0.1831293873622563,0.009230656063361486,-0.011941419959760391,6,0.6666666666666666,2.2550574625533466,0.29625407057558,0.06864921939392396
lb55_atr20_m3.0_r0.005_tfma100_rfadx20,55,20,3.0,0.005,ma100,adx20,-0.026826793538952565,-0.04630978459901147,21,0.14285714285714285,0.5845584527912753,-0.24134911705711581,0.009230656063361486,-0.011941419959760391,6,0.6666666666666666,2.2550574625533466,0.29625407057558,0.06055138770905363
lb55_atr14_m3.0_r0.0025_tfnone_rfnone,55,14,3.0,0.0025,none,none,0.001269198547020567,-0.01524529192140378,20,0.25,1.0606121131096828,0.02541056710022278,-0.0008128078506103309,-0.01071548947409462,8,0.5,0.9183019343832012,-0.03686931554826299,0.020062801369337115
lb55_atr10_m2.5_r0.0025_tfnone_rfnone,55,10,2.5,0.0025,none,none,-0.010313983447441832,-0.02272570859294898,25,0.16,0.7008735934669358,-0.15483536809408577,0.0014051936701500178,-0.01086296092267891,8,0.375,1.1250681177958242,0.06846263011700299,0.017000678638526192
lb55_atr14_m3.0_r0.005_tfnone_rfnone,55,14,3.0,0.005,none,none,0.002224613021876154,-0.030290416692900002,20,0.25,1.0527934773658394,0.025410567100222825,-0.0016903663309126848,-0.021295317616328302,8,0.5,0.9154074273059996,-0.03686931554826299,0.014647874779518233
lb55_atr14_m3.0_r0.0025_tfma100_rfnone,55,14,3.0,0.0025,ma100,none,-0.002000808428933798,-0.015245291921404225,19,0.21052631578947367,0.91674515665812,-0.037592798057186606,-0.0008128078506103309,-0.01071548947409462,8,0.5,0.9183019343832012,-0.03686931554826299,0.011984302015669033
lb55_atr10_m2.5_r0.0025_tfma100_rfnone,55,10,2.5,0.0025,ma100,none,-0.014460437394980374,-0.022725708592949645,24,0.08333333333333333,0.6152860443969925,-0.22646508957205005,0.0014051936701500178,-0.01086296092267891,8,0.375,1.1250681177958242,0.06846263011700299,0.007968504467577476
lb55_atr10_m3.0_r0.0025_tfnone_rfnone,55,10,3.0,0.0025,none,none,-0.0050274818755591255,-0.018969463206972126,22,0.2727272727272727,0.7968014740000728,-0.08702735687131012,-0.0004533824608784487,-0.011411431522455606,8,0.5,0.9551692288182927,-0.021648388543420778,0.0077250343321126555
lb55_atr10_m2.5_r0.005_tfnone_rfnone,55,10,2.5,0.005,none,none,-0.020993479213350486,-0.04497850845756213,25,0.16,0.6952994730428318,-0.15483536809408568,0.002694230976147294,-0.021554341978585856,8,0.375,1.119269287216064,0.06846263011700303,0.006837119545825752
lb55_atr14_m3.0_r0.005_tfma100_rfnone,55,14,3.0,0.005,ma100,none,-0.004321115300377487,-0.03029041669289967,19,0.21052631578947367,0.9103224972630556,-0.03759279805718657,-0.0016903663309126848,-0.021295317616328302,8,0.5,0.9154074273059996,-0.03686931554826299,0.005476553162709356
lb55_atr14_m2.5_r0.0025_tfnone_rfadx20,55,14,2.5,0.0025,none,adx20,-0.0017220905619252935,-0.020608175779707638,22,0.22727272727272727,0.93812081855868,-0.02955888246785904,-0.0017030445464542021,-0.006721908561462153,9,0.4444444444444444,0.8010743190226213,-0.07420733268756331,0.0044816679495851275
lb55_atr10_m3.0_r0.0025_tfma100_rfnone,55,10,3.0,0.0025,ma100,none,-0.00829501948667899,-0.018969463206971904,21,0.23809523809523808,0.6995091451989104,-0.15003838755230164,-0.0004533824608784487,-0.011411431522455606,8,0.5,0.9551692288182927,-0.021648388543420778,-0.0002803922298902188
lb55_atr10_m3.0_r0.005_tfnone_rfnone,55,10,3.0,0.005,none,none,-0.010348532860301463,-0.037616924701396104,22,0.2727272727272727,0.7914138964990489,-0.08702735687131015,-0.0009860157199234054,-0.022653191537617245,8,0.5,0.951468287052927,-0.021648388543420813,-0.0006246270448428998
lb55_atr14_m2.5_r0.005_tfnone_rfadx20,55,14,2.5,0.005,none,adx20,-0.003905730411763675,-0.040847114039191945,22,0.22727272727272727,0.9302501495846308,-0.029558882467859034,-0.0034382782340671714,-0.013409360106566792,9,0.4444444444444444,0.799594424226357,-0.07420733268756323,-0.002139037241838944
lb55_atr10_m2.5_r0.005_tfma100_rfnone,55,10,2.5,0.005,ma100,none,-0.02918940289458616,-0.04497850845756257,24,0.08333333333333333,0.6098985607454255,-0.2264650895720501,0.002694230976147294,-0.021554341978585856,8,0.375,1.119269287216064,0.06846263011700303,-0.0040153563191750175
lb55_atr14_m2.5_r0.0025_tfma100_rfadx20,55,14,2.5,0.0025,ma100,adx20,-0.005942178038822354,-0.02060817577970775,21,0.14285714285714285,0.8085429190437539,-0.10568893017194951,-0.0017030445464542021,-0.006721908561462153,9,0.4444444444444444,0.8010743190226213,-0.07420733268756331,-0.005439318534033206
lb30_atr10_m2.5_r0.0025_tfma100_rfadx20,30,10,2.5,0.0025,ma100,adx20,-0.02929721099776106,-0.03860808528791726,31,0.12903225806451613,0.4492752816494687,-0.3600357613532883,0.002255313429157191,-0.01002325592953468,8,0.375,1.215221575809604,0.10580219073664697,-0.005850562983044344
lb30_atr14_m3.0_r0.0025_tfma100_rfadx20,30,14,3.0,0.0025,ma100,adx20,-0.017787198514522595,-0.031581425127851226,26,0.23076923076923078,0.5561602901607461,-0.25970235635352956,0.00047160371427601433,-0.009443807374618474,8,0.5,1.0510698983095346,0.021940488934225358,-0.007444727389381791
lb30_atr10_m3.0_r0.0025_tfma100_rfadx20,30,10,3.0,0.0025,ma100,adx20,-0.01930235943029146,-0.03450222246136203,27,0.25925925925925924,0.5475221736558765,-0.27573620559660317,0.0005882490191082557,-0.0103812194686983,8,0.5,1.0619806311250415,0.0251462440224103,-0.009475001195309947
lb55_atr10_m3.0_r0.005_tfma100_rfnone,55,10,3.0,0.005,ma100,none,-0.01684750612667385,-0.03761692470139555,21,0.23809523809523808,0.6946637007777441,-0.15003838755230167,-0.0009860157199234054,-0.022653191537617245,8,0.5,0.951468287052927,-0.021648388543420813,-0.010078507254370858
lb55_atr20_m3.0_r0.0025_tfnone_rfnone,55,20,3.0,0.0025,none,none,-0.013755522701391354,-0.023451238737906,24,0.16666666666666666,0.5861666426609937,-0.21728619945101177,-0.0005870469739923667,-0.010487016163444718,8,0.5,0.9337941494453693,-0.027398256674405787,-0.01162368217655371
lb55_atr14_m2.5_r0.005_tfma100_rfadx20,55,14,2.5,0.005,ma100,adx20,-0.012320181230663363,-0.0408471140391925,21,0.14285714285714285,0.8018370292109913,-0.10568893017194943,-0.0034382782340671714,-0.013409360106566792,9,0.4444444444444444,0.799594424226357,-0.07420733268756323,-0.013935257048375003
lb30_atr20_m3.0_r0.0025_tfma100_rfadx20,30,20,3.0,0.0025,ma100,adx20,-0.022679302906917442,-0.030912638775967727,27,0.18518518518518517,0.4838209165756254,-0.3179356676271639,0.0005435194714820124,-0.00936764886537289,8,0.5,1.0630703884001398,0.02413463523252516,-0.014757609226674883
lb55_atr20_m3.0_r0.0025_tfma100_rfnone,55,20,3.0,0.0025,ma100,none,-0.016470473506683847,-0.02345123873790511,23,0.13043478260869565,0.5406066888500001,-0.27192842274148155,-0.0005870469739923667,-0.010487016163444718,8,0.5,0.9337941494453693,-0.027398256674405787,-0.018104984091866744
lb30_atr14_m3.0_r0.005_tfma100_rfadx20,30,14,3.0,0.005,ma100,adx20,-0.03562017789596339,-0.06224351098563741,26,0.23076923076923078,0.5545378013002688,-0.25970235635352956,0.0008801894126717613,-0.018775242824173977,8,0.5,1.0474287577022194,0.021940488934225323,-0.022051749588764647
lb55_atr20_m3.0_r0.005_tfnone_rfnone,55,20,3.0,0.005,none,none,-0.027637770547673135,-0.04640771323666115,24,0.16666666666666666,0.5830115692314403,-0.21728619945101177,-0.001229603681004554,-0.02084259653758813,8,0.5,0.930962557093818,-0.027398256674405687,-0.02421880154520578
lb30_atr10_m2.5_r0.0025_tfnone_rfadx20,30,10,2.5,0.0025,none,adx20,-0.022589566824077867,-0.038616705285225095,34,0.23529411764705882,0.5813009951673509,-0.25266156077751756,-0.0010186698233373148,-0.01325712981078786,10,0.3,0.925884633245268,-0.044455734516936,-0.024752298593901892
lb30_atr10_m3.0_r0.005_tfma100_rfadx20,30,10,3.0,0.005,ma100,adx20,-0.03860834955006731,-0.06789456521230053,27,0.25925925925925924,0.5463922558741492,-0.27573620559660317,0.0010997226457145626,-0.02061268983591913,8,0.5,1.0576536036789306,0.025146244022410266,-0.02531273770709172
lb30_atr10_m2.5_r0.005_tfma100_rfadx20,30,10,2.5,0.005,ma100,adx20,-0.05820632852852026,-0.07581330606190206,31,0.12903225806451613,0.44763274771743755,-0.3600357613532883,0.0044011555698999505,-0.019888696654485893,8,0.375,1.2088523321417939,0.10580219073664698,-0.025594645049131278
lb30_atr10_m3.0_r0.0025_tfnone_rfadx20,30,10,3.0,0.0025,none,adx20,-0.01262797729362064,-0.03393581882898067,30,0.3,0.701997940301073,-0.16320380498747808,-0.0028027323932617865,-0.013735025485712371,10,0.4,0.7823302901169225,-0.11389733160535176,-0.02570844415259852
lb30_atr14_m3.0_r0.0025_tfnone_rfadx20,30,14,3.0,0.0025,none,adx20,-0.013118154256857917,-0.03248450227271582,29,0.3103448275862069,0.6754545931950025,-0.17176067245890356,-0.00274517176554967,-0.012628702238197898,10,0.4,0.7793926452819294,-0.11066658711411534,-0.025966256221402705
lb10_atr20_m3.0_r0.0025_tfma100_rfadx20,10,20,3.0,0.0025,ma100,adx20,-0.036097038864164266,-0.04483378191848275,41,0.21951219512195122,0.449466943177493,-0.3409168197460615,0.0005914517178760015,-0.010948307819924952,10,0.4,1.052124439667681,0.01916254515029266,-0.026522137209784555
lb30_atr20_m3.0_r0.005_tfma100_rfadx20,30,20,3.0,0.005,ma100,adx20,-0.04519696491871872,-0.060958112563635924,27,0.18518518518518517,0.48215217481652695,-0.31793566762716385,0.001031161317664786,-0.01862622649488932,8,0.5,1.0595336943373508,0.02413463523252525,-0.03132243795322765
lb55_atr20_m3.0_r0.005_tfma100_rfnone,55,20,3.0,0.005,ma100,none,-0.03299293130654002,-0.04640771323666126,23,0.13043478260869565,0.5374360969806538,-0.27192842274148155,-0.001229603681004554,-0.02084259653758813,8,0.5,0.930962557093818,-0.027398256674405687,-0.03188836088324525
lb10_atr14_m3.0_r0.0025_tfma100_rfadx20,10,14,3.0,0.0025,ma100,adx20,-0.030449315138053157,-0.04222080766057201,39,0.23076923076923078,0.48483253808681054,-0.3030461371656877,-0.0012449234324584113,-0.011312333179308576,10,0.4,0.906816821517003,-0.046288231714745845,-0.034503724385227155
lb10_atr10_m3.0_r0.0025_tfma100_rfadx20,10,10,3.0,0.0025,ma100,adx20,-0.0320281252168052,-0.04243789535922682,40,0.225,0.48794632653190095,-0.31149971061789944,-0.001238653371689602,-0.012197299363517544,10,0.4,0.9145667762893958,-0.04595899014145926,-0.03597359089762309
lb20_atr10_m2.5_r0.0025_tfma100_rfadx20,20,10,2.5,0.0025,ma100,adx20,-0.04377029323625081,-0.04985464212673851,39,0.15384615384615385,0.3794870717511324,-0.4344115552391084,0.0004793480506137815,-0.011777464063404963,9,0.3333333333333333,1.0391086046411462,0.01802399966748201,-0.040309660176270884
lb30_atr20_m3.0_r0.0025_tfnone_rfadx20,30,20,3.0,0.0025,none,adx20,-0.01812766080112027,-0.03147463842307052,30,0.26666666666666666,0.5948501944060844,-0.22786887202902845,-0.003604623511262006,-0.013474701238276099,10,0.4,0.7174758322361661,-0.14389466786150976,-0.041134566053046086
lb30_atr10_m3.0_r0.005_tfnone_rfadx20,30,10,3.0,0.005,none,adx20,-0.025508977306354375,-0.06681331012540348,30,0.3,0.7001243811003477,-0.16320380498747802,-0.005679489735846088,-0.027244870855668846,10,0.4,0.78012690476599,-0.11389733160535179,-0.04126515766038874
lb30_atr14_m3.0_r0.005_tfnone_rfadx20,30,14,3.0,0.005,none,adx20,-0.02665968007582442,-0.06401004764348672,29,0.3103448275862069,0.6711323281192839,-0.17176067245890358,-0.005551019271916702,-0.0250801544875624,10,0.4,0.7775948651749603,-0.11066658711411534,-0.04133455340056314
lb10_atr10_m2.5_r0.0025_tfma100_rfadx20,10,10,2.5,0.0025,ma100,adx20,-0.0548118498733563,-0.060258648091093936,49,0.14285714285714285,0.3410425940278499,-0.43352995808950584,0.0009603406681768512,-0.011648854850322077,11,0.45454545454545453,1.0674510016190808,0.037497765562495206,-0.04304630072941174
lb30_atr10_m2.5_r0.005_tfnone_rfadx20,30,10,2.5,0.005,none,adx20,-0.04572564349260966,-0.07585200805382153,34,0.23529411764705882,0.574459927287976,-0.2526615607775175,-0.0021550632225617594,-0.02628636367235393,10,0.3,0.921902625593102,-0.04445573451693595,-0.04453857301787599
lb55_atr14_m2.5_r0.0025_tfnone_rfnone,55,14,2.5,0.0025,none,none,-0.0048338050706464575,-0.020535803250173346,24,0.20833333333333334,0.8464058208303447,-0.0753467752847954,-0.007618598291196821,-0.012607722297827473,11,0.36363636363636365,0.4735562979614427,-0.2650497783422745,-0.04461724312759109
lb20_atr10_m3.0_r0.0025_tfma100_rfadx20,20,10,3.0,0.0025,ma100,adx20,-0.03287423896491393,-0.04487962491519881,35,0.2,0.4450418697754161,-0.3668334646402202,-0.0013734406590167891,-0.012321403104624373,9,0.4444444444444444,0.8800856348826419,-0.062306275964763826,-0.04542360067944067
lb20_atr14_m3.0_r0.0025_tfma100_rfadx20,20,14,3.0,0.0025,ma100,adx20,-0.03238714517834684,-0.0430587857752176,33,0.21212121212121213,0.4115868392352113,-0.3800451884968053,-0.0015103900062154452,-0.011406158076316175,9,0.4444444444444444,0.865355516570067,-0.06613683366194113,-0.04720385602049711
lb20_atr20_m3.0_r0.0025_tfma100_rfadx20,20,20,3.0,0.0025,ma100,adx20,-0.03800250276481176,-0.04318332864381036,35,0.2,0.3851806591527414,-0.4209110906084342,-0.001053217788003713,-0.01094856918990228,9,0.4444444444444444,0.8969046999338622,-0.04779115254432926,-0.04963443417395276
lb10_atr20_m3.0_r0.005_tfma100_rfadx20,10,20,3.0,0.005,ma100,adx20,-0.07128049727246444,-0.08778452566295869,41,0.21951219512195122,0.4492497566413369,-0.3409168197460614,0.0011069523443858476,-0.021756509905113686,10,0.4,1.0484911743543803,0.019162545150292604,-0.050967533947553934
lb55_atr14_m2.5_r0.0025_tfma100_rfnone,55,14,2.5,0.0025,ma100,none,-0.009040738187113373,-0.020535803250173346,23,0.13043478260869565,0.7391789133079902,-0.14684759678926654,-0.007618598291196821,-0.012607722297827473,11,0.36363636363636365,0.4735562979614427,-0.2650497783422745,-0.05333560879651708
lb10_atr14_m3.0_r0.0025_tfnone_rfadx20,10,14,3.0,0.0025,none,adx20,-0.03954124260328229,-0.0552108009028669,57,0.2807017543859649,0.5108874511128104,-0.2758213775504301,-0.004816565173168863,-0.016735123365748006,18,0.3333333333333333,0.7708864214979945,-0.10567019720047277,-0.05343248834305981
lb10_atr10_m3.0_r0.0025_tfnone_rfadx20,10,10,3.0,0.0025,none,adx20,-0.040127987208493976,-0.059079311601098805,59,0.2711864406779661,0.5424104272570194,-0.2740719283411402,-0.005645225275137666,-0.016793105009584197,19,0.3157894736842105,0.7563889322326423,-0.11897605573174962,-0.05666978819331759
lb55_atr20_m2.5_r0.0025_tfnone_rfadx20,55,20,2.5,0.0025,none,adx20,-0.008872925279664212,-0.024285403252652937,24,0.16666666666666666,0.7250168819593407,-0.13578094457530585,-0.007244029893702653,-0.009353778698367843,10,0.3,0.2845618523052986,-0.2745583353129105,-0.057143900492493224
lb10_atr14_m3.0_r0.005_tfma100_rfadx20,10,14,3.0,0.005,ma100,adx20,-0.060417435184990986,-0.0827843687855474,39,0.23076923076923078,0.4845303535111188,-0.3030461371656878,-0.002572569773971467,-0.02247820310085391,10,0.4,0.9041407843947693,-0.04628823171474582,-0.05735696429320804
lb55_atr14_m2.5_r0.005_tfnone_rfnone,55,14,2.5,0.005,none,none,-0.010119863448956767,-0.04070908868389245,24,0.20833333333333334,0.8396506715620536,-0.07534677528479537,-0.015231317991039495,-0.02508440479873364,11,0.36363636363636365,0.4735079860401202,-0.26504977834227444,-0.05778836605778979
lb10_atr10_m3.0_r0.005_tfma100_rfadx20,10,10,3.0,0.005,ma100,adx20,-0.06344296892509382,-0.08321042964714176,40,0.225,0.4877717833045327,-0.31149971061789944,-0.0020143289471031833,-0.02420884643658272,10,0.4,0.9294810306102433,-0.04595899014145933,-0.059079053916766315
lb30_atr20_m3.0_r0.005_tfnone_rfadx20,30,20,3.0,0.005,none,adx20,-0.036428876140332744,-0.06206146661107137,30,0.26666666666666666,0.5920098838486928,-0.22786887202902842,-0.0072608472852425665,-0.026755403774306408,10,0.4,0.716194289508399,-0.14389466786150976,-0.05917098798111307
lb20_atr10_m2.5_r0.0025_tfnone_rfadx20,20,10,2.5,0.0025,none,adx20,-0.04408446783702802,-0.05793938476745786,46,0.21739130434782608,0.4463438181142804,-0.37464040541492855,-0.003715452423685761,-0.015920874290250353,14,0.2857142857142857,0.8015749232628376,-0.10506572685654685,-0.0636693455367688
lb30_atr14_m2.5_r0.0025_tfma100_rfadx20,30,14,2.5,0.0025,ma100,adx20,-0.021363790492511026,-0.034308669442578266,29,0.1724137931034483,0.5568980151231344,-0.2779003209481867,-0.006374882827920869,-0.011370259521940151,11,0.36363636363636365,0.532436839566309,-0.2237096504071421,-0.06531852121844281
lb20_atr10_m3.0_r0.0025_tfnone_rfadx20,20,10,3.0,0.0025,none,adx20,-0.030799876143971283,-0.05122274169311114,42,0.21428571428571427,0.5347544003942616,-0.29130267291391787,-0.006346483804841152,-0.017239926681455242,14,0.2857142857142857,0.650284195182067,-0.1794345317526239,-0.06535570741124277
lb55_atr20_m2.5_r0.0025_tfma100_rfadx20,55,20,2.5,0.0025,ma100,adx20,-0.012629770727403677,-0.024285403252653603,23,0.13043478260869565,0.6423108528519608,-0.20336154145788915,-0.007244029893702653,-0.009353778698367843,10,0.3,0.2845618523052986,-0.2745583353129105,-0.0656161964768296
lb30_atr14_m2.5_r0.0025_tfnone_rfadx20,30,14,2.5,0.0025,none,adx20,-0.014284051685024779,-0.03438809943464316,32,0.28125,0.7106513502440072,-0.16836872161843736,-0.009531251357660087,-0.014510759642639814,13,0.3076923076923077,0.43197287797333966,-0.2867167427106786,-0.06569556646696693
lb55_atr14_m2.5_r0.005_tfma100_rfnone,55,14,2.5,0.005,ma100,none,-0.018481820725406384,-0.040709088683892114,23,0.13043478260869565,0.7330256802982272,-0.1468475967892666,-0.015231317991039495,-0.02508440479873364,11,0.36363636363636365,0.4735079860401202,-0.26504977834227444,-0.06790484021368692
lb10_atr10_m2.5_r0.0025_tfnone_rfadx20,10,10,2.5,0.0025,none,adx20,-0.07506297772734205,-0.0839021982252891,72,0.18055555555555555,0.35542712610165117,-0.41442202823508123,-0.001310579498572495,-0.014239034139488016,20,0.4,0.9430412886337372,-0.027927107887596492,-0.06862640787920497
lb20_atr10_m2.5_r0.005_tfma100_rfadx20,20,10,2.5,0.005,ma100,adx20,-0.08613118292083832,-0.09734938735897969,39,0.15384615384615385,0.37910788398363987,-0.4344115552391084,0.0008405474946320268,-0.023363197059031338,9,0.3333333333333333,1.0341115899988857,0.018023999667481996,-0.0689363790085846
lb20_atr10_m3.0_r0.005_tfma100_rfadx20,20,10,3.0,0.005,ma100,adx20,-0.06508203139967061,-0.08786212961011286,35,0.2,0.4454196280871619,-0.36683346464022015,-0.0028263215685021548,-0.02445358380039353,9,0.4444444444444444,0.8771410759290262,-0.06230627596476385,-0.06994156185080827
lb10_atr20_m3.0_r0.0025_tfnone_rfadx20,10,20,3.0,0.0025,none,adx20,-0.045121539943977274,-0.05613495055539308,58,0.2413793103448276,0.4754404466943878,-0.30602423784906574,-0.00704243375782887,-0.019303417423862546,18,0.3333333333333333,0.6815888380926302,-0.15418962575014916,-0.07060564111265007
lb55_atr20_m2.5_r0.005_tfnone_rfadx20,55,20,2.5,0.005,none,adx20,-0.018102213843203097,-0.04804987727863941,24,0.16666666666666666,0.7201888752386699,-0.13578094457530582,-0.014458466913057078,-0.018630733277821165,10,0.3,0.2836614850297057,-0.2745583353129105,-0.07107230649346774
lb20_atr14_m3.0_r0.005_tfma100_rfadx20,20,14,3.0,0.005,ma100,adx20,-0.06411310232521705,-0.08436663288355017,33,0.21212121212121213,0.41189577989700166,-0.38004518849680535,-0.0030862182073673194,-0.022663757548515795,9,0.4444444444444444,0.8630122901415602,-0.06613683366194113,-0.07109976574356779
lb10_atr10_m2.5_r0.005_tfma100_rfadx20,10,10,2.5,0.005,ma100,adx20,-0.10730255899234398,-0.11665803801314611,49,0.14285714285714285,0.3387607738114501,-0.43352995808950584,0.003351658133903257,-0.023109677628465608,11,0.45454545454545453,1.1236531179298588,0.037497765562495206,-0.07515564158242333
lb20_atr14_m3.0_r0.0025_tfnone_rfadx20,20,14,3.0,0.0025,none,adx20,-0.033629223470593606,-0.05065319823100489,40,0.25,0.4600291514802573,-0.3290054745793115,-0.007147066962938542,-0.016986971409330476,14,0.2857142857142857,0.6142758578720916,-0.20102835543867886,-0.0752184991755765
lb20_atr20_m3.0_r0.005_tfma100_rfadx20,20,20,3.0,0.005,ma100,adx20,-0.07495301147103184,-0.0846293922485366,35,0.2,0.3851476941813634,-0.4209110906084342,-0.00216514320397565,-0.021759764741136056,9,0.4444444444444444,0.8945027800992734,-0.047791152544329175,-0.07553426538749275
lb55_atr20_m2.5_r0.005_tfma100_rfadx20,55,20,2.5,0.005,ma100,adx20,-0.025541419235067475,-0.048049877278639075,23,0.13043478260869565,0.6378819078605547,-0.20336154145788912,-0.014458466913057078,-0.018630733277821165,10,0.3,0.2836614850297057,-0.2745583353129105,-0.08119747430450291
lb20_atr20_m3.0_r0.0025_tfnone_rfadx20,20,20,3.0,0.0025,none,adx20,-0.03874859152964483,-0.05013461083312998,42,0.23809523809523808,0.44002636129133876,-0.36118351750244604,-0.007891355035502867,-0.0177189693244707,14,0.2857142857142857,0.5740185568165003,-0.2216776213526805,-0.08521542159866113
lb30_atr14_m2.5_r0.005_tfma100_rfadx20,30,14,2.5,0.005,ma100,adx20,-0.04202595827931255,-0.06753814262026159,29,0.1724137931034483,0.5587104071804373,-0.2779003209481867,-0.012758600253567454,-0.022636427797805392,11,0.36363636363636365,0.5321700540719003,-0.2237096504071421,-0.08569504350374904
lb30_atr14_m2.5_r0.005_tfnone_rfadx20,30,14,2.5,0.005,none,adx20,-0.02938578966187666,-0.06771400865363597,32,0.28125,0.700459631648894,-0.16836872161843736,-0.019026258010369723,-0.028841374608284065,13,0.3076923076923077,0.4319724992586534,-0.28671674271067854,-0.08621220982745213
lb10_atr14_m3.0_r0.005_tfnone_rfadx20,10,14,3.0,0.005,none,adx20,-0.08097771060992986,-0.10754231116993429,57,0.2807017543859649,0.492432126461771,-0.27582137755043007,-0.009730757664660361,-0.03321252772759242,18,0.3333333333333333,0.7692673853503252,-0.10567019720047283,-0.086617593501556
lb55_atr20_m2.5_r0.0025_tfnone_rfnone,55,20,2.5,0.0025,none,none,-0.011561714436957082,-0.023768469894753785,26,0.19230769230769232,0.6734938061040975,-0.16380990921697486,-0.012478473198875406,-0.013842362189750879,12,0.25,0.18746800388581156,-0.3965340288151969,-0.08721871916208503
lb20_atr14_m2.5_r0.0025_tfma100_rfadx20,20,14,2.5,0.0025,ma100,adx20,-0.03653647170981189,-0.04626773139883067,37,0.1891891891891892,0.45079978538896864,-0.3809768152645152,-0.008123300369117792,-0.013109887023427191,12,0.3333333333333333,0.4719949947509054,-0.2617953660445031,-0.0927351986680075
lb10_atr10_m3.0_r0.005_tfnone_rfadx20,10,10,3.0,0.005,none,adx20,-0.08723957432465923,-0.11485359485729552,59,0.2711864406779661,0.493974725691714,-0.27407192834114014,-0.011404076941382457,-0.0333099608843489,19,0.3157894736842105,0.7544947251886115,-0.11897605573174959,-0.09368566489912725
lb55_atr20_m2.5_r0.0025_tfma100_rfnone,55,20,2.5,0.0025,ma100,none,-0.01530836808834335,-0.023768469894753563,25,0.16,0.6017663445242175,-0.22710521693461838,-0.012478473198875406,-0.013842362189750879,12,0.25,0.18746800388581156,-0.3965340288151969,-0.0950128393247077
lb20_atr10_m3.0_r0.005_tfnone_rfadx20,20,10,3.0,0.005,none,adx20,-0.0648438982560976,-0.09996451866282374,42,0.21428571428571427,0.50626144399872,-0.2913026729139179,-0.01275196661023259,-0.03416395588337928,14,0.2857142857142857,0.6491359010347166,-0.1794345317526239,-0.09574419705095144
lb20_atr14_m2.5_r0.0025_tfnone_rfadx20,20,14,2.5,0.0025,none,adx20,-0.034662694550409934,-0.05273137601381006,44,0.25,0.5336965997697861,-0.3078281435108311,-0.012921132703916594,-0.01788359861146449,17,0.29411764705882354,0.42026553932378996,-0.29605933945900686,-0.09598257672064245
lb30_atr14_m3.0_r0.0025_tfma100_rfnone,30,14,3.0,0.0025,ma100,none,-0.019702690023447378,-0.02764539370335073,29,0.20689655172413793,0.5662225662387663,-0.25815116861143506,-0.012746869623108448,-0.01896673972866425,12,0.3333333333333333,0.43130936098706607,-0.3916188371174128,-0.09654911505150807
lb30_atr14_m3.0_r0.0025_tfnone_rfnone,30,14,3.0,0.0025,none,none,-0.016359193046880716,-0.029850527175292685,33,0.2727272727272727,0.6525343026586263,-0.18898930900302469,-0.015921144285565014,-0.0221210158968419,14,0.2857142857142857,0.3776237083333599,-0.4272582734302793,-0.0977995656456459
lb20_atr10_m2.5_r0.005_tfnone_rfadx20,20,10,2.5,0.005,none,adx20,-0.08904071424254922,-0.11268534537147024,46,0.21739130434782608,0.43207498996605737,-0.37464040541492855,-0.007558959123619258,-0.031559574904099,14,0.2857142857142857,0.7987231066392542,-0.10506572685654683,-0.09794951486809537
lb30_atr10_m3.0_r0.0025_tfnone_rfnone,30,10,3.0,0.0025,none,none,-0.016962102349299957,-0.03235951338412979,34,0.2647058823529412,0.6592224889568226,-0.19275890271980203,-0.015752468758392313,-0.022950162183414058,14,0.2857142857142857,0.3891366748421746,-0.4258601039602051,-0.09835284750381353
lb30_atr10_m3.0_r0.0025_tfma100_rfnone,30,10,3.0,0.0025,ma100,none,-0.022481533377068486,-0.03181193201735255,30,0.23333333333333334,0.5404511329122751,-0.2884902831802222,-0.012405523081715164,-0.019627692350593473,12,0.3333333333333333,0.44731635029049255,-0.3851581822675059,-0.09993029687870349
lb30_atr10_m2.5_r0.0025_tfnone_rfnone,30,10,2.5,0.0025,none,none,-0.025955845077503814,-0.0359372138914239,38,0.23684210526315788,0.5649676162947611,-0.2595013745174378,-0.014584968378730356,-0.022833651333257432,14,0.21428571428571427,0.4648877153671295,-0.3865382341743412,-0.10119118508747692
lb10_atr14_m2.5_r0.0025_tfma100_rfadx20,10,14,2.5,0.0025,ma100,adx20,-0.04431811244944839,-0.05649483766244645,47,0.1702127659574468,0.43300457806350245,-0.36508444067499546,-0.010311723821206153,-0.01656151430210817,14,0.2857142857142857,0.4980369671622937,-0.2822781440467543,-0.10138668773253397
lb30_atr10_m2.5_r0.0025_tfma100_rfnone,30,10,2.5,0.0025,ma100,none,-0.031818023459983635,-0.03510900105461334,34,0.14705882352941177,0.4521838373091039,-0.35597479718998065,-0.011355446251711254,-0.019631162794387036,12,0.25,0.5275438863582339,-0.3433800339481868,-0.10249498266459282
lb30_atr20_m2.5_r0.0025_tfma100_rfadx20,30,20,2.5,0.0025,ma100,adx20,-0.02770632771914694,-0.03825140306895358,31,0.1935483870967742,0.4717567697265243,-0.33683659964370194,-0.011185262465326806,-0.012550937539679508,12,0.25,0.25555917423525276,-0.3569758694375853,-0.10478311329223164
lb20_atr14_m3.0_r0.005_tfnone_rfadx20,20,14,3.0,0.005,none,adx20,-0.06793977136150864,-0.09887452526691243,40,0.25,0.44983213164656893,-0.3290054745793115,-0.01433240200359931,-0.03368908713475516,14,0.2857142857142857,0.6135170016491823,-0.20102835543867886,-0.10582558227708964
lb55_atr20_m2.5_r0.005_tfnone_rfnone,55,20,2.5,0.005,none,none,-0.023436053942436308,-0.047044085087586396,26,0.19230769230769232,0.6689085417025835,-0.16380990921697489,-0.024837922118893685,-0.027527845139501794,12,0.25,0.18709233562780989,-0.3965340288151969,-0.1063291732296473
lb10_atr20_m3.0_r0.005_tfnone_rfadx20,10,20,3.0,0.005,none,adx20,-0.08894029767019973,-0.1092937701708332,58,0.2413793103448276,0.47472099366732473,-0.30602423784906574,-0.014148385354226689,-0.03825246577123298,18,0.3333333333333333,0.6808701066885634,-0.15418962575014916,-0.10662291230311037
lb30_atr20_m3.0_r0.0025_tfma100_rfnone,30,20,3.0,0.0025,ma100,none,-0.029693172213933083,-0.031975101445318455,31,0.16129032258064516,0.42044719943461456,-0.36380707405251456,-0.011985952740872996,-0.01853406919738687,12,0.3333333333333333,0.43230371167323833,-0.3702058197155584,-0.10839652040909686
lb10_atr14_m2.5_r0.0025_tfnone_rfadx20,10,14,2.5,0.0025,none,adx20,-0.053950576347957524,-0.06901862958068761,67,0.23880597014925373,0.4725863454053446,-0.31914444031694167,-0.017393515880374966,-0.023748912491246776,24,0.20833333333333334,0.4618368748925899,-0.2822915434718436,-0.1095110571345529
lb30_atr20_m2.5_r0.0025_tfnone_rfadx20,30,20,2.5,0.0025,none,adx20,-0.02421233602103534,-0.04135301098470112,35,0.2,0.5582536831159877,-0.26160121905387407,-0.015154748735937695,-0.016514941460309074,14,0.21428571428571427,0.20171367381822014,-0.41851070427444864,-0.11041698513140885
lb55_atr20_m2.0_r0.0025_tfnone_rfadx20,55,20,2.0,0.0025,none,adx20,-0.0350191060129601,-0.03916704298929219,29,0.20689655172413793,0.2281709530725353,-0.4571796000244033,-0.00970419250185528,-0.011631699922606487,12,0.16666666666666666,0.30099991467478926,-0.30653795651700294,-0.11115387117295929
lb10_atr20_m2.5_r0.0025_tfma100_rfadx20,10,20,2.5,0.0025,ma100,adx20,-0.047614184963646555,-0.057440282538467446,49,0.16326530612244897,0.42129184470114034,-0.3759872776338787,-0.012786329919383665,-0.01687630257472028,16,0.3125,0.31032938140890937,-0.30890612878275187,-0.11350948832744054
lb30_atr20_m3.0_r0.0025_tfnone_rfnone,30,20,3.0,0.0025,none,none,-0.026072977989622936,-0.033428479392645705,35,0.22857142857142856,0.507452247680048,-0.28254106665513595,-0.016082149914940613,-0.022603118603465755,14,0.2857142857142857,0.36188058832234626,-0.4338923997901428,-0.1139797587257155
lb10_atr20_m3.0_r0.0025_tfma100_rfnone,10,20,3.0,0.0025,ma100,none,-0.04459044770767373,-0.04745209580952747,46,0.1956521739130435,0.39976140058752496,-0.37634521456777464,-0.013401143803713045,-0.024779527599844697,15,0.26666666666666666,0.4708719584945759,-0.3388117586593309,-0.11512992030979713
lb55_atr20_m2.5_r0.005_tfma100_rfnone,55,20,2.5,0.005,ma100,none,-0.030834848272595528,-0.04704408508758706,25,0.16,0.5973358310053379,-0.22710521693461838,-0.024837922118893685,-0.027527845139501794,12,0.25,0.18709233562780989,-0.3965340288151969,-0.11566810993054243
lb20_atr14_m3.0_r0.0025_tfma100_rfnone,20,14,3.0,0.0025,ma100,none,-0.03396643866498639,-0.03886323717865969,36,0.19444444444444445,0.43425554799168037,-0.3653642040633115,-0.013940942827242231,-0.020153290059486628,13,0.3076923076923077,0.4095229170230513,-0.39803183267246267,-0.11773728510365877
lb20_atr10_m2.5_r0.0025_tfma100_rfnone,20,10,2.5,0.0025,ma100,none,-0.045982298479635975,-0.04612530938969728,42,0.16666666666666666,0.38769926518161085,-0.4231849240732161,-0.012217003062813592,-0.0204855077112579,13,0.23076923076923078,0.5093239674154302,-0.34319327130895955,-0.11799008911497288
lb20_atr10_m3.0_r0.0025_tfma100_rfnone,20,10,3.0,0.0025,ma100,none,-0.035835633277617185,-0.04204558662545943,38,0.18421052631578946,0.4508985503518884,-0.36783011342805494,-0.013641930695866056,-0.02085505825249967,13,0.3076923076923077,0.4239862635071325,-0.39311950610173835,-0.11800268188027169
lb10_atr10_m2.5_r0.005_tfnone_rfadx20,10,10,2.5,0.005,none,adx20,-0.1503962800477866,-0.16062379648331782,72,0.18055555555555555,0.32990357214615873,-0.4144220282350812,-0.002811146856182445,-0.028282745568811718,20,0.4,0.939196912451848,-0.027927107887596503,-0.1180870573499182
lb30_atr14_m3.0_r0.005_tfma100_rfnone,30,14,3.0,0.005,ma100,none,-0.03940907754818057,-0.05461872240377896,29,0.20689655172413793,0.5635812672820022,-0.25815116861143506,-0.0225119733072765,-0.036121349423641536,12,0.3333333333333333,0.4617842938065963,-0.39161883711741274,-0.11845773345174967
lb20_atr20_m3.0_r0.005_tfnone_rfadx20,20,20,3.0,0.005,none,adx20,-0.07823773948721979,-0.09790960746649491,42,0.23809523809523808,0.4272225974186632,-0.361183517502446,-0.01580302386586996,-0.03512983644815304,14,0.2857142857142857,0.5736555139042854,-0.2216776213526804,-0.11869379987455153
lb55_atr14_m2.0_r0.0025_tfnone_rfadx20,55,14,2.0,0.0025,none,adx20,-0.03255890301292852,-0.037959151455562945,29,0.20689655172413793,0.2475366150083655,-0.4268761698476191,-0.012068944492359068,-0.01403797170947052,13,0.07692307692307693,0.13674337405183162,-0.3529521821304457,-0.11969434388112203
lb55_atr20_m2.0_r0.0025_tfma100_rfadx20,55,20,2.0,0.0025,ma100,adx20,-0.03970662262347302,-0.03970662262347302,28,0.14285714285714285,0.18152800072418676,-0.5375367062286291,-0.00970419250185528,-0.011631699922606487,12,0.16666666666666666,0.30099991467478926,-0.30653795651700294,-0.12085979258900284
lb30_atr14_m3.0_r0.005_tfnone_rfnone,30,14,3.0,0.005,none,none,-0.03307539241666568,-0.058921955359024114,33,0.2727272727272727,0.6480962819967908,-0.1889893090030247,-0.028792874410970115,-0.04231480276006261,14,0.2857142857142857,0.4011237781319836,-0.4272582734302793,-0.12131003931705783
lb10_atr14_m3.0_r0.0025_tfma100_rfnone,10,14,3.0,0.0025,ma100,none,-0.03829973352569038,-0.04425076083348389,43,0.20930232558139536,0.42207413735700794,-0.3451169190122413,-0.015997011962471386,-0.02591572126880526,15,0.26666666666666666,0.4306495828092149,-0.40089374713057296,-0.121479949727758
lb20_atr14_m2.5_r0.005_tfma100_rfadx20,20,14,2.5,0.005,ma100,adx20,-0.07157836555724073,-0.09055751240606147,37,0.1891891891891892,0.4524564851569035,-0.3809768152645152,-0.016234246059036672,-0.026077298086485956,12,0.3333333333333333,0.47216618641976293,-0.2617953660445031,-0.12251643366110743
lb30_atr10_m3.0_r0.005_tfnone_rfnone,30,10,3.0,0.005,none,none,-0.034073894720420994,-0.06377608359078735,34,0.2647058823529412,0.657172371124787,-0.19275890271980203,-0.029791759088664715,-0.044885201496525196,14,0.2857142857142857,0.40187828306493373,-0.4258601039602051,-0.12364925867970138
lb20_atr20_m3.0_r0.0025_tfma100_rfnone,20,20,3.0,0.0025,ma100,none,-0.04451652667794881,-0.04560058334730244,39,0.1794871794871795,0.3510150425965588,-0.4428142599425837,-0.012673904250825152,-0.01921746127155355,13,0.3076923076923077,0.418703345564273,-0.36337337130114516,-0.12432775333790202
lb30_atr10_m3.0_r0.005_tfma100_rfnone,30,10,3.0,0.005,ma100,none,-0.0448583636769353,-0.06270218228391422,30,0.23333333333333334,0.5384827097809677,-0.28849028318022213,-0.023176942586759064,-0.038373291100443074,12,0.3333333333333333,0.4637042991449987,-0.3851581822675059,-0.12482374539391307
lb20_atr20_m2.5_r0.0025_tfma100_rfadx20,20,20,2.5,0.0025,ma100,adx20,-0.0423033718300424,-0.04968053468667932,39,0.1794871794871795,0.40730770440800895,-0.41826640326469505,-0.012606565826002725,-0.01397027790516614,13,0.23076923076923078,0.2335975154869465,-0.37246030462751567,-0.12484890297865144
lb55_atr10_m2.0_r0.0025_tfnone_rfadx20,55,10,2.0,0.0025,none,adx20,-0.03726337398622015,-0.040972476914017064,30,0.16666666666666666,0.20464528034307322,-0.4741022955496172,-0.010870233815434616,-0.012664664240032208,12,0.08333333333333333,0.10586538987282212,-0.34615578115838824,-0.12529722111536618
lb55_atr20_m2.0_r0.0025_tfnone_rfnone,55,20,2.0,0.0025,none,none,-0.032697537722503056,-0.03685545387978573,33,0.24242424242424243,0.3373708202656751,-0.37329637497190404,-0.015346185726722195,-0.01726271159658077,14,0.14285714285714285,0.21384087260899676,-0.4163937133283736,-0.12541748328034186
lb20_atr10_m3.0_r0.0025_tfnone_rfnone,20,10,3.0,0.0025,none,none,-0.03767826837449406,-0.04939784054360252,47,0.19148936170212766,0.5042281185313481,-0.3171737937296209,-0.020909592543707833,-0.028069572492410377,19,0.21052631578947367,0.35953996077341094,-0.42105128123013225,-0.12653739886327034
lb20_atr10_m2.5_r0.0025_tfnone_rfnone,20,10,2.5,0.0025,none,none,-0.04980325119504181,-0.054778343443384614,51,0.21568627450980393,0.4311432990160245,-0.3812033590884042,-0.018657641000192626,-0.026872232547389796,19,0.21052631578947367,0.44436158541501697,-0.36882437282074576,-0.12742611308061544
lb30_atr14_m2.5_r0.0025_tfnone_rfnone,30,14,2.5,0.0025,none,none,-0.023095028611328616,-0.03704429599516179,38,0.23684210526315788,0.6055963740957364,-0.22969506233895243,-0.023253897607877105,-0.027000930044611904,17,0.23529411764705882,0.23671268005575985,-0.5150007039245639,-0.12823189676296914
lb30_atr10_m2.5_r0.005_tfnone_rfnone,30,10,2.5,0.005,none,none,-0.052309314988724376,-0.07069666778464412,38,0.23684210526315788,0.5579727136124378,-0.2595013745174379,-0.02519510357020127,-0.04348595305161007,14,0.21428571428571427,0.5008130253204898,-0.38653823417434124,-0.12849464582873157
lb10_atr14_m3.0_r0.0025_tfnone_rfnone,10,14,3.0,0.0025,none,none,-0.04951244805704691,-0.05650092230846904,63,0.25396825396825395,0.4616087709882876,-0.3112359652337601,-0.024363220010425013,-0.03604768272372327,25,0.24,0.39826816134102033,-0.3760244258734082,-0.1286868941836145
lb55_atr10_m2.0_r0.0025_tfma100_rfadx20,55,10,2.0,0.0025,ma100,adx20,-0.03783810098618012,-0.03783810098618012,28,0.14285714285714285,0.17607718668430977,-0.5157564401361017,-0.010870233815434616,-0.012664664240032208,12,0.08333333333333333,0.10586538987282212,-0.34615578115838824,-0.12906173827018538
lb30_atr10_m2.5_r0.005_tfma100_rfnone,30,10,2.5,0.005,ma100,none,-0.06311232790826149,-0.06907631526288838,34,0.14705882352941177,0.4495334551432238,-0.35597479718998065,-0.018790266560558266,-0.0372012938438282,12,0.25,0.5739318718041733,-0.3433800339481869,-0.12911349219474286
lb10_atr10_m3.0_r0.0025_tfma100_rfnone,10,10,3.0,0.0025,ma100,none,-0.03857801810651773,-0.04316540965087612,44,0.20454545454545456,0.4494637048181739,-0.34065124374553146,-0.018834073000351337,-0.02757061860829013,16,0.25,0.4124710195459695,-0.4412374619146943,-0.12967588409453892
lb20_atr20_m2.5_r0.0025_tfnone_rfadx20,20,20,2.5,0.0025,none,adx20,-0.04323988183016125,-0.05873438805940534,47,0.1702127659574468,0.45931119794711067,-0.3599013066754976,-0.018510403385282648,-0.019865961536827847,18,0.16666666666666666,0.2325424251092556,-0.39771103352133075,-0.12978869542661714
lb55_atr14_m2.0_r0.0025_tfma100_rfadx20,55,14,2.0,0.0025,ma100,adx20,-0.03804164244663699,-0.03942162010664274,28,0.14285714285714285,0.18287743938686413,-0.5162733877944597,-0.012068944492359068,-0.01403797170947052,13,0.07692307692307693,0.13674337405183162,-0.3529521821304457,-0.13086750015181633
lb20_atr14_m2.5_r0.005_tfnone_rfadx20,20,14,2.5,0.005,none,adx20,-0.07121069963832838,-0.1028792385024675,44,0.25,0.513769942337448,-0.30782814351083115,-0.025755916989254724,-0.035503700095236845,17,0.29411764705882354,0.42014462291977916,-0.2960593394590068,-0.13130182527425235
lb30_atr20_m2.5_r0.005_tfma100_rfadx20,30,20,2.5,0.005,ma100,adx20,-0.05496763964540308,-0.07515255200952198,31,0.1935483870967742,0.47061081146042727,-0.3368365996437019,-0.02228317151125836,-0.024980141650112087,12,0.25,0.2549100294809952,-0.35697586943758525,-0.13157699843920334
lb10_atr10_m3.0_r0.0025_tfnone_rfnone,10,10,3.0,0.0025,none,none,-0.04615368836594036,-0.05649155633931435,64,0.25,0.5226456875684259,-0.28855273124676317,-0.02830413821457156,-0.036956360004920086,27,0.2222222222222222,0.38083663378320337,-0.4040018383492581,-0.13183847590907602
lb10_atr20_m2.5_r0.0025_tfnone_rfadx20,10,20,2.5,0.0025,none,adx20,-0.06023238154738286,-0.07135507765156568,69,0.17391304347826086,0.4214237673944436,-0.34398279771986334,-0.022397976944002473,-0.02644812906737637,25,0.32,0.3137487281224708,-0.3477507140562824,-0.13235461952286479
lb20_atr14_m3.0_r0.0025_tfnone_rfnone,20,14,3.0,0.0025,none,none,-0.03896155807634161,-0.04729002826630824,45,0.2222222222222222,0.4506386152911296,-0.3389555815419707,-0.021699551986321453,-0.027863018602557243,19,0.21052631578947367,0.34281013763166024,-0.43563178617214193,-0.13236471901429983
lb10_atr20_m3.0_r0.0025_tfnone_rfnone,10,20,3.0,0.0025,none,none,-0.05819242563626881,-0.06128150169978708,66,0.21212121212121213,0.4233000396808693,-0.34788776699054036,-0.022443903791334097,-0.03451471097960701,24,0.25,0.4010559571697618,-0.36291438427844974,-0.1332324991896836
lb55_atr20_m2.0_r0.0025_tfma100_rfnone,55,20,2.0,0.0025,ma100,none,-0.037396331644298564,-0.037396331644298564,32,0.1875,0.2872460256561969,-0.4409874921177111,-0.015346185726722195,-0.01726271159658077,14,0.14285714285714285,0.21384087260899676,-0.4163937133283736,-0.1340569465258393
lb30_atr14_m2.5_r0.0025_tfma100_rfnone,30,14,2.5,0.0025,ma100,none,-0.02911741016599001,-0.03597803510712072,34,0.14705882352941177,0.4837282653403266,-0.3235941379023656,-0.020141259613632556,-0.02390023287664733,15,0.26666666666666666,0.26394425116821935,-0.4992333643971552,-0.13464536192225962
lb55_atr14_m2.0_r0.0025_tfnone_rfnone,55,14,2.0,0.0025,none,none,-0.03108923278418818,-0.03649768491424987,33,0.24242424242424243,0.34105514574754986,-0.3567178339689534,-0.018143716462763804,-0.020100636163585706,15,0.06666666666666667,0.0953240440371769,-0.45934348079487825,-0.13472126831030892
lb30_atr20_m3.0_r0.005_tfma100_rfnone,30,20,3.0,0.005,ma100,none,-0.058873141980943844,-0.06301922602709165,31,0.16129032258064516,0.41859376225698364,-0.36380707405251456,-0.021536201907296104,-0.034788202666668044,12,0.3333333333333333,0.4585178846054743,-0.3702058197155584,-0.1348606807074323
lb10_atr10_m2.5_r0.0025_tfma100_rfnone,10,10,2.5,0.0025,ma100,none,-0.059516302732891435,-0.0630263510737813,54,0.14814814814814814,0.3403432740455985,-0.428578619242912,-0.017143601973581113,-0.02660223359906355,17,0.29411764705882354,0.46905983999538203,-0.36873038325290863,-0.13665063240632036
lb10_atr14_m2.5_r0.005_tfma100_rfadx20,10,14,2.5,0.005,ma100,adx20,-0.08739336685192978,-0.10961077816425824,47,0.1702127659574468,0.43030723510012286,-0.3650844406749955,-0.020447613767480277,-0.03275855872972422,14,0.2857142857142857,0.5000816050587366,-0.2822781440467543,-0.13798120656767002
lb55_atr20_m2.0_r0.005_tfnone_rfadx20,55,20,2.0,0.005,none,adx20,-0.06802132937467698,-0.07599919292703194,29,0.20689655172413793,0.23183707881081955,-0.4571796000244033,-0.019356902052028113,-0.02315937290140646,12,0.16666666666666666,0.3004167510186102,-0.30653795651700294,-0.139440435275142
lb30_atr20_m2.5_r0.005_tfnone_rfadx20,30,20,2.5,0.005,none,adx20,-0.04933894390831928,-0.08112662179008234,35,0.2,0.5469877178872847,-0.2616012190538741,-0.030125528637793497,-0.03280086612967592,14,0.21428571428571427,0.20107683930613446,-0.4185107042744486,-0.13989124446138315
lb55_atr20_m1.5_r0.0025_tfnone_rfadx20,55,20,1.5,0.0025,none,adx20,-0.047328442198450116,-0.050960073339494594,35,0.2571428571428571,0.19753343199323084,-0.5044737584105896,-0.01640755076342837,-0.018669572093683917,16,0.3125,0.27472569185901236,-0.38371451072854956,-0.14137426074821144
lb20_atr20_m3.0_r0.0025_tfnone_rfnone,20,20,3.0,0.0025,none,none,-0.04819780932269935,-0.050835472873468124,48,0.20833333333333334,0.388220010107295,-0.3935227873344629,-0.021313879032150873,-0.027800174153408852,19,0.21052631578947367,0.33173457447421584,-0.43051809656867684,-0.1416039594208712
lb55_atr20_m1.5_r0.0025_tfma100_rfadx20,55,20,1.5,0.0025,ma100,adx20,-0.04535578585534883,-0.04535578585534883,32,0.25,0.17128745930652392,-0.5280758849867724,-0.01640755076342837,-0.018669572093683917,16,0.3125,0.27472569185901236,-0.38371451072854956,-0.14204273393466185
lb30_atr20_m3.0_r0.005_tfnone_rfnone,30,20,3.0,0.005,none,none,-0.051982004560411355,-0.06584590736937823,35,0.22857142857142856,0.5049192407685573,-0.28254106665513595,-0.0296412745013781,-0.04278350274961473,14,0.2857142857142857,0.3805307555401709,-0.4338923997901428,-0.1425445973116753
lb55_atr10_m2.0_r0.0025_tfnone_rfnone,55,10,2.0,0.0025,none,none,-0.03693161901467534,-0.04064200008366159,34,0.17647058823529413,0.2815933395818912,-0.413313759778424,-0.01696732784762922,-0.018750697225024537,14,0.07142857142857142,0.07050555389126988,-0.4615782248494455,-0.14335614731517637
lb55_atr14_m2.0_r0.0025_tfma100_rfnone,55,14,2.0,0.0025,ma100,none,-0.036580301219985456,-0.03796237524750101,32,0.1875,0.2748338378616907,-0.43274795167623065,-0.018143716462763804,-0.020100636163585706,15,0.06666666666666667,0.0953240440371769,-0.45934348079487825,-0.14474526478526115
lb55_atr20_m1.5_r0.0025_tfma100_rfnone,55,20,1.5,0.0025,ma100,none,-0.03911986123602795,-0.03911986123602795,36,0.3055555555555556,0.33232002393182564,-0.40179449418259333,-0.022332707683769937,-0.024581102606716865,18,0.2777777777777778,0.21767461302989527,-0.4650401202133664,-0.14474681660335814
lb30_atr14_m2.0_r0.0025_tfnone_rfadx20,30,14,2.0,0.0025,none,adx20,-0.046988182468723716,-0.054741208359096905,41,0.24390243902439024,0.3019449290349478,-0.43921462005830214,-0.018592373831261555,-0.020548399321333788,17,0.11764705882352941,0.14831642797216585,-0.4213204146693229,-0.14521009525048212
lb55_atr20_m1.5_r0.0025_tfnone_rfnone,55,20,1.5,0.0025,none,none,-0.04110540336010693,-0.04476075703327931,39,0.3076923076923077,0.3457788002998311,-0.39032705167608395,-0.022332707683769937,-0.024581102606716865,18,0.2777777777777778,0.21767461302989527,-0.4650401202133664,-0.1452853175996253
lb30_atr20_m2.0_r0.0025_tfnone_rfadx20,30,20,2.0,0.0025,none,adx20,-0.050871579659676924,-0.057217997736835,42,0.23809523809523808,0.28733067282109837,-0.46428696005705045,-0.017262506719646242,-0.01917530267072054,16,0.125,0.23338483120788892,-0.414914311412549,-0.14586339625656003
lb55_atr10_m2.0_r0.0025_tfma100_rfnone,55,10,2.0,0.0025,ma100,none,-0.03750654406312792,-0.03750654406312792,32,0.15625,0.25697278986692185,-0.4459618528058983,-0.01696732784762922,-0.018750697225024537,14,0.07142857142857142,0.07050555389126988,-0.4615782248494455,-0.1462911236560165
lb55_atr14_m1.5_r0.0025_tfnone_rfadx20,55,14,1.5,0.0025,none,adx20,-0.051727441774117366,-0.05521205393483697,36,0.25,0.17388623081913535,-0.5395320548192815,-0.016415284323403,-0.0190273684339769,16,0.3125,0.2606877514553223,-0.3847181627121649,-0.14779909818036985
lb30_atr20_m2.0_r0.0025_tfma100_rfadx20,30,20,2.0,0.0025,ma100,adx20,-0.05716778453889415,-0.05716778453889415,38,0.21052631578947367,0.18060833775843257,-0.575927380725269,-0.01349689541366339,-0.015417020734084685,14,0.14285714285714285,0.2808479990700861,-0.3676440575337597,-0.1479235923806912
lb20_atr14_m3.0_r0.005_tfma100_rfnone,20,14,3.0,0.005,ma100,none,-0.06719537647450158,-0.07633286895910285,36,0.19444444444444445,0.433436305121987,-0.3653642040633115,-0.024875710637570547,-0.03845217689776359,13,0.3076923076923077,0.4371415098454945,-0.3980318326724626,-0.14817792793092935
lb55_atr14_m1.5_r0.0025_tfma100_rfadx20,55,14,1.5,0.0025,ma100,adx20,-0.049607629480723614,-0.049607629480723614,33,0.24242424242424243,0.14391001204665416,-0.5643695978956694,-0.016415284323403,-0.0190273684339769,16,0.3125,0.2606877514553223,-0.3847181627121649,-0.1485485985410618
lb10_atr10_m2.5_r0.0025_tfnone_rfnone,10,10,2.5,0.0025,none,none,-0.08294160949663254,-0.08439051983571721,80,0.175,0.3578028405823464,-0.4133135188059235,-0.024613499572398112,-0.03426199208326908,28,0.2857142857142857,0.46649913491270656,-0.3324558546853947,-0.1489192860819365
lb55_atr14_m2.0_r0.005_tfnone_rfadx20,55,14,2.0,0.005,none,adx20,-0.06383919455359766,-0.07425653733691673,29,0.20689655172413793,0.24980987496495674,-0.42687616984761917,-0.024025259890268935,-0.027907916049261794,13,0.07692307692307693,0.13657136353111837,-0.3529521821304457,-0.14901375307061848
lb20_atr14_m2.5_r0.0025_tfma100_rfnone,20,14,2.5,0.0025,ma100,none,-0.043806797932987696,-0.04755476482548382,42,0.16666666666666666,0.4096653226272497,-0.402243321422658,-0.020925456330669445,-0.024681421226895428,16,0.25,0.25664840054674376,-0.48784103863316536,-0.14946122635039752
lb20_atr14_m2.5_r0.0025_tfnone_rfnone,20,14,2.5,0.0025,none,none,-0.04529737211496088,-0.05432139527967261,51,0.21568627450980393,0.46832156658987073,-0.3462315940186657,-0.02776738401772194,-0.03149710163749564,22,0.22727272727272727,0.25085787447056096,-0.4797207817662424,-0.14989090693866053
lb20_atr10_m3.0_r0.005_tfma100_rfnone,20,10,3.0,0.005,ma100,none,-0.07082470711303013,-0.08244993931709288,38,0.18421052631578946,0.4503619766453162,-0.367830113428055,-0.02562195514391341,-0.04078026681698754,13,0.3076923076923077,0.4389218525816561,-0.39311950610173835,-0.15088833219319486
lb55_atr20_m2.0_r0.005_tfma100_rfadx20,55,20,2.0,0.005,ma100,adx20,-0.07706308583059907,-0.07706308583059907,28,0.14285714285714285,0.18378703685810716,-0.537536706228629,-0.019356902052028113,-0.02315937290140646,12,0.16666666666666666,0.3004167510186102,-0.30653795651700294,-0.15119394292017957
lb30_atr10_m2.0_r0.0025_tfnone_rfadx20,30,10,2.0,0.0025,none,adx20,-0.05201148318341342,-0.055663766568331385,42,0.21428571428571427,0.26695542333044336,-0.4768118601501865,-0.01763411391110703,-0.019416273638120818,16,0.125,0.12260111775544581,-0.4257629026475944,-0.1516588442512973
lb30_atr14_m2.0_r0.0025_tfma100_rfadx20,30,14,2.0,0.0025,ma100,adx20,-0.05371746679937284,-0.05507495670069451,37,0.21621621621621623,0.1770379941273879,-0.5545506853542002,-0.015539738283373072,-0.017501847925213032,15,0.13333333333333333,0.1727436069974831,-0.39505640942008197,-0.15247314273869292
lb30_atr10_m2.0_r0.0025_tfma100_rfadx20,30,10,2.0,0.0025,ma100,adx20,-0.05337401972014644,-0.05337401972014644,37,0.21621621621621623,0.17213005683011023,-0.5538462749310372,-0.014596015823762354,-0.016383687118446177,14,0.14285714285714285,0.14472975640188135,-0.3995059683428361,-0.1525299120543755
lb20_atr10_m2.5_r0.005_tfma100_rfnone,20,10,2.5,0.005,ma100,none,-0.09037422776537951,-0.09037422776537951,42,0.16666666666666666,0.3863452609291348,-0.4231849240732161,-0.020499065082551726,-0.03887802915330163,13,0.23076923076923078,0.5525948697160742,-0.34319327130895966,-0.15266893000172876
lb10_atr20_m2.5_r0.005_tfma100_rfadx20,10,20,2.5,0.005,ma100,adx20,-0.09313485494444906,-0.11146780100300202,49,0.16326530612244897,0.4198887128743904,-0.3759872776338787,-0.025459287393181818,-0.03350090994804966,16,0.3125,0.3105254805562854,-0.30890612878275187,-0.15286107588229816
lb10_atr20_m3.0_r0.005_tfma100_rfnone,10,20,3.0,0.005,ma100,none,-0.08759986080257376,-0.0930523417412592,46,0.1956521739130435,0.39928985184071475,-0.37634521456777464,-0.025541139897555132,-0.04779600818057794,15,0.26666666666666666,0.48327041936458465,-0.33881175865933094,-0.15329265471042472
lb55_atr10_m2.0_r0.005_tfnone_rfadx20,55,10,2.0,0.005,none,adx20,-0.07284345825492178,-0.07996008972325863,30,0.16666666666666666,0.20666900785648362,-0.47410229554961725,-0.02164583384643759,-0.0251891694270705,12,0.08333333333333333,0.1059128008514158,-0.34615578115838824,-0.1559273025422839
lb55_atr20_m2.0_r0.005_tfnone_rfnone,55,20,2.0,0.005,none,none,-0.06356790138232526,-0.07158388688101125,33,0.24242424242424243,0.34135090207274954,-0.37329637497190404,-0.030515212178614526,-0.03427441637055817,14,0.14285714285714285,0.21372016373571953,-0.41639371332837366,-0.15689769830126302
lb30_atr20_m2.5_r0.0025_tfnone_rfnone,30,20,2.5,0.0025,none,none,-0.0317033976127421,-0.042664532330474514,41,0.1951219512195122,0.49377829973282383,-0.292820450340095,-0.02798657193770815,-0.029329042332061683,18,0.16666666666666666,0.11961713571397714,-0.5891741446967653,-0.15710311064844137
lb30_atr20_m2.5_r0.0025_tfma100_rfnone,30,20,2.5,0.0025,ma100,none,-0.034603100201357706,-0.03900228762984026,36,0.19444444444444445,0.4204605597969637,-0.36288268647459343,-0.024068805209797817,-0.025416686523066945,16,0.1875,0.13675130270194094,-0.5643559486219074,-0.15725648715720572
lb20_atr14_m2.0_r0.0025_tfnone_rfadx20,20,14,2.0,0.0025,none,adx20,-0.07117764244420077,-0.07686951963381095,55,0.2,0.2771864400388237,-0.5046003662502972,-0.02067593152796554,-0.022627804317512434,21,0.14285714285714285,0.23069718944780596,-0.3782464508848953,-0.1582551908126148
lb10_atr14_m3.0_r0.005_tfma100_rfnone,10,14,3.0,0.005,ma100,none,-0.07558428109514881,-0.08666442142448105,43,0.20930232558139536,0.42155042638183776,-0.3451169190122413,-0.030742835300904492,-0.05008627537010513,15,0.26666666666666666,0.4405326669987221,-0.40089374713057285,-0.15840323434277395
lb20_atr20_m2.0_r0.0025_tfma100_rfadx20,20,20,2.0,0.0025,ma100,adx20,-0.0714971599184735,-0.0714971599184735,48,0.1875,0.20969554583303843,-0.5772575267406406,-0.014680430605358619,-0.01659825229806844,15,0.13333333333333333,0.2643653173010119,-0.3739231401418906,-0.15848872372659106
lb30_atr14_m2.5_r0.005_tfnone_rfnone,30,14,2.5,0.005,none,none,-0.04668606877832371,-0.07284311889200024,38,0.23684210526315788,0.5965677451509654,-0.2296950623389524,-0.040953735841333105,-0.04829081306173466,17,0.23529411764705882,0.25968017678064576,-0.5150007039245639,-0.15874514127500217
lb20_atr10_m2.0_r0.0025_tfnone_rfadx20,20,10,2.0,0.0025,none,adx20,-0.07475383407409597,-0.07881682626999542,56,0.17857142857142858,0.2558053287739272,-0.520441358963457,-0.019153106203715686,-0.020932510249849434,20,0.15,0.22400545273534883,-0.3686009524418435,-0.15903245348878353
lb10_atr14_m2.5_r0.0025_tfma100_rfnone,10,14,2.5,0.0025,ma100,none,-0.05180740860016997,-0.05804393389985307,53,0.1509433962264151,0.3979100809578037,-0.3793598179873353,-0.02537293480411007,-0.03152761512224922,19,0.21052631578947367,0.2869093568710758,-0.5049025600034708,-0.15905964045551416
lb55_atr10_m1.5_r0.0025_tfnone_rfadx20,55,10,1.5,0.0025,none,adx20,-0.05404833139696863,-0.05741523107716895,37,0.1891891891891892,0.13797737888748635,-0.5501903342010559,-0.017990325514022687,-0.02036424130771186,16,0.25,0.20013370208779419,-0.4245104256470633,-0.1593224919933667
lb20_atr20_m3.0_r0.005_tfma100_rfnone,20,20,3.0,0.005,ma100,none,-0.08745781212851367,-0.08952990467853938,39,0.1794871794871795,0.35052060842399313,-0.4428142599425837,-0.02289759265613478,-0.03613115517459009,13,0.3076923076923077,0.4434262335489251,-0.36337337130114516,-0.1593451210578504
lb55_atr10_m2.0_r0.005_tfma100_rfadx20,55,10,2.0,0.005,ma100,adx20,-0.07394728418136465,-0.07394728418136465,28,0.14285714285714285,0.17754916241906465,-0.5157564401361017,-0.02164583384643759,-0.0251891694270705,12,0.08333333333333333,0.1059128008514158,-0.34615578115838824,-0.15953272746172834
lb10_atr14_m2.5_r0.005_tfnone_rfadx20,10,14,2.5,0.005,none,adx20,-0.11128892751084085,-0.13314266010926912,67,0.23880597014925373,0.44127324491938413,-0.31914444031694167,-0.03462343771302778,-0.04704977218174433,24,0.20833333333333334,0.4615424626482203,-0.2822915434718436,-0.160159888553208
lb20_atr10_m2.0_r0.0025_tfma100_rfadx20,20,10,2.0,0.0025,ma100,adx20,-0.06395279689020084,-0.0644588915240184,46,0.1956521739130435,0.21942985320711364,-0.5398862636299542,-0.016063488305703366,-0.01784849738420602,15,0.13333333333333333,0.13334671620833852,-0.4108023150042971,-0.16036968113306535
lb20_atr20_m2.5_r0.005_tfma100_rfadx20,20,20,2.5,0.005,ma100,adx20,-0.08328609947402221,-0.09714761051568988,39,0.1794871794871795,0.40636044994870457,-0.41826640326469505,-0.02509561845627406,-0.027784830637806346,13,0.23076923076923078,0.23324653838775464,-0.37246030462751567,-0.16041407391689644
lb20_atr20_m2.0_r0.0025_tfnone_rfadx20,20,20,2.0,0.0025,none,adx20,-0.07777195819923877,-0.0817361235200571,57,0.19298245614035087,0.2562253436405913,-0.5317315314121521,-0.0192915361531395,-0.021200382810214635,20,0.15,0.29243904620218664,-0.369746201025391,-0.16078022205336848
lb20_atr14_m2.0_r0.0025_tfma100_rfadx20,20,14,2.0,0.0025,ma100,adx20,-0.06509118125301538,-0.06694500608351273,46,0.1956521739130435,0.2224596020045892,-0.5484527358359748,-0.016945153633152854,-0.018904462167506964,16,0.125,0.16079806699965915,-0.40458325782550797,-0.16116133273208588
lb55_atr10_m1.5_r0.0025_tfma100_rfadx20,55,10,1.5,0.0025,ma100,adx20,-0.05255178525956594,-0.05268749557468444,34,0.17647058823529413,0.10507806248910316,-0.5826163352136783,-0.017990325514022687,-0.02036424130771186,16,0.25,0.20013370208779419,-0.4245104256470633,-0.16116988117197514
lb10_atr20_m2.5_r0.0025_tfma100_rfnone,10,20,2.5,0.0025,ma100,none,-0.054664740612479834,-0.05886603916067101,55,0.16363636363636364,0.3900792207784256,-0.38508082647312264,-0.02695250947911687,-0.030983792421389378,21,0.23809523809523808,0.1754343485772811,-0.48967929451640574,-0.16147070106106912
lb55_atr14_m2.0_r0.005_tfma100_rfadx20,55,14,2.0,0.005,ma100,adx20,-0.07420915053210597,-0.07686763867072144,28,0.14285714285714285,0.18434090110449788,-0.5162733877944597,-0.024025259890268935,-0.027907916049261794,13,0.07692307692307693,0.13657136353111837,-0.3529521821304457,-0.1625554682435633
lb55_atr14_m1.5_r0.0025_tfnone_rfnone,55,14,1.5,0.0025,none,none,-0.051541964949746055,-0.05502725868117242,40,0.3,0.22073188443088507,-0.4827343626775348,-0.02282940427624247,-0.025424454550741826,18,0.2777777777777778,0.20214287501352854,-0.4746774739487322,-0.16317910637954128
lb55_atr14_m1.5_r0.0025_tfma100_rfnone,55,14,1.5,0.0025,ma100,none,-0.04942173803288863,-0.04942173803288863,37,0.2972972972972973,0.19614269886561084,-0.5002815476801178,-0.02282940427624247,-0.025424454550741826,18,0.2777777777777778,0.20214287501352854,-0.4746774739487322,-0.16323379651235712
lb30_atr20_m1.5_r0.0025_tfma100_rfadx20,30,20,1.5,0.0025,ma100,adx20,-0.06578370589982285,-0.06620628737274592,43,0.2558139534883721,0.19551096207910698,-0.5792026169152641,-0.019259423532304032,-0.021514886254835885,18,0.3333333333333333,0.2875322247269584,-0.4021005139867405,-0.1634199202750539
lb30_atr14_m2.5_r0.005_tfma100_rfnone,30,14,2.5,0.005,ma100,none,-0.05717023640948715,-0.0707653581929758,34,0.14705882352941177,0.4844650630795398,-0.3235941379023656,-0.034826177580197126,-0.04221013300638987,15,0.26666666666666666,0.2926529725651161,-0.4992333643971552,-0.16440908143569538
lb10_atr20_m2.0_r0.0025_tfma100_rfadx20,10,20,2.0,0.0025,ma100,adx20,-0.08891588587674237,-0.09069038143831021,62,0.16129032258064516,0.17653737164894104,-0.5596023163900122,-0.017268656155492224,-0.020339457394309868,19,0.21052631578947367,0.29732564593488187,-0.3487572398844413,-0.16548158352124248
lb10_atr14_m2.5_r0.0025_tfnone_rfnone,10,14,2.5,0.0025,none,none,-0.06562157719476247,-0.07182183248646357,76,0.21052631578947367,0.4368921605170836,-0.3426172856165802,-0.0371608532195028,-0.04324109391652542,31,0.16129032258064516,0.2851582738232024,-0.4636867818226204,-0.16644608048741594
lb20_atr20_m2.5_r0.0025_tfma100_rfnone,20,20,2.5,0.0025,ma100,none,-0.048681671532924686,-0.05000814298130252,44,0.18181818181818182,0.37656484924302436,-0.4265553499209958,-0.024427951709382056,-0.025775336997052145,17,0.17647058823529413,0.13509281872488602,-0.5403192252662361,-0.16758207960825564
lb55_atr20_m2.0_r0.005_tfma100_rfnone,55,20,2.0,0.005,ma100,none,-0.0726528635601904,-0.0726528635601904,32,0.1875,0.2898062685919261,-0.44098749211771104,-0.030515212178614526,-0.03427441637055817,14,0.14285714285714285,0.21372016373571953,-0.41639371332837366,-0.16759977941819415
lb10_atr10_m3.0_r0.005_tfma100_rfnone,10,10,3.0,0.005,ma100,none,-0.07610164679833165,-0.08461295259505264,44,0.20454545454545456,0.4488492757339463,-0.34065124374553146,-0.03543723215493333,-0.052499249249806534,16,0.25,0.42710330302536803,-0.4412374619146944,-0.1676984764973904
lb55_atr14_m2.0_r0.005_tfnone_rfnone,55,14,2.0,0.005,none,none,-0.061026071193839404,-0.07147471764866464,33,0.24242424242424243,0.3431031644258099,-0.3567178339689534,-0.03600933113587801,-0.03984431185193227,15,0.06666666666666667,0.09545852544751551,-0.45934348079487825,-0.16802494734302967
lb20_atr10_m3.0_r0.005_tfnone_rfnone,20,10,3.0,0.005,none,none,-0.0781050660458732,-0.09650818999877986,47,0.19148936170212766,0.4786967022191849,-0.31717379372962096,-0.03953820631995131,-0.05448002412418185,19,0.21052631578947367,0.3714933605683153,-0.42105128123013225,-0.16847235031558735
lb30_atr20_m1.5_r0.0025_tfnone_rfadx20,30,20,1.5,0.0025,none,adx20,-0.07061887666023303,-0.0745805152898038,51,0.27450980392156865,0.20844984243041714,-0.5255285458847835,-0.022680593325153153,-0.024928188196471024,20,0.3,0.25496237864796784,-0.4296220839146098,-0.169812268569482
lb20_atr20_m2.5_r0.0025_tfnone_rfnone,20,20,2.5,0.0025,none,none,-0.05212785413689036,-0.0585965255710178,54,0.16666666666666666,0.41455425507267857,-0.3773749284270777,-0.032035406243315356,-0.033372284698267585,23,0.13043478260869565,0.14783031049326698,-0.5329541653655161,-0.1703471627733
lb30_atr14_m1.5_r0.0025_tfnone_rfadx20,30,14,1.5,0.0025,none,adx20,-0.0718772118692994,-0.07529011786595541,51,0.2549019607843137,0.23099240539241342,-0.5361982037397554,-0.022426152415094935,-0.025022273596616573,20,0.25,0.25016689325401936,-0.42537273516166635,-0.17046227442176667
lb20_atr10_m2.5_r0.005_tfnone_rfnone,20,10,2.5,0.005,none,none,-0.09993534800742832,-0.10672191585861968,51,0.21568627450980393,0.4171641080842198,-0.3812033590884042,-0.03305866430484239,-0.05120196507541486,19,0.21052631578947367,0.4734154540312066,-0.3688243728207458,-0.1710841811259344
lb30_atr14_m1.5_r0.0025_tfma100_rfadx20,30,14,1.5,0.0025,ma100,adx20,-0.07086868186739725,-0.07087103113053983,44,0.25,0.16188402068215266,-0.61224860175829,-0.01979473521147701,-0.022397844589293725,18,0.2777777777777778,0.27475302821009207,-0.4127395176664667,-0.17210785316552488
lb20_atr14_m3.0_r0.005_tfnone_rfnone,20,14,3.0,0.005,none,none,-0.07823443613279535,-0.09249000960004972,45,0.2222222222222222,0.4406693568290917,-0.33895558154197064,-0.040136028088876285,-0.05350002791042385,19,0.21052631578947367,0.35965819500510093,-0.43563178617214193,-0.17294733589794758
lb10_atr14_m2.0_r0.0025_tfma100_rfadx20,10,14,2.0,0.0025,ma100,adx20,-0.08305214419089857,-0.0896077718054995,60,0.18333333333333332,0.21271639179514373,-0.5401851782747175,-0.02090859756700547,-0.023544335601137445,20,0.25,0.19690455230948034,-0.3970919053496138,-0.17326028569128918
lb20_atr20_m2.5_r0.005_tfnone_rfadx20,20,20,2.5,0.005,none,adx20,-0.08879058575063792,-0.11430087831435698,47,0.1702127659574468,0.4351623475830922,-0.3599013066754976,-0.03674559222873819,-0.03940266869319242,18,0.16666666666666666,0.23162750123474304,-0.39771103352133075,-0.17344612249545538
lb10_atr10_m2.0_r0.0025_tfma100_rfadx20,10,10,2.0,0.0025,ma100,adx20,-0.08285382594312729,-0.08862568202642662,60,0.18333333333333332,0.2149803739532607,-0.5385112194977568,-0.020379882211251754,-0.023153971538615092,19,0.21052631578947367,0.1710337813046167,-0.4065521817056038,-0.17451279354560048
lb20_atr20_m1.5_r0.0025_tfma100_rfadx20,20,20,1.5,0.0025,ma100,adx20,-0.08331276091456652,-0.08372741333087386,54,0.2222222222222222,0.18597628579877903,-0.5922844862142471,-0.020047795736095164,-0.022301445395968233,19,0.3684210526315789,0.28644795035845144,-0.39691403881510495,-0.17482218155400556
lb55_atr10_m1.5_r0.0025_tfnone_rfnone,55,10,1.5,0.0025,none,none,-0.054649745021740026,-0.05801450410701525,41,0.21951219512195122,0.1742804755832193,-0.5011110087844411,-0.024408459395297455,-0.02676685995549899,18,0.2222222222222222,0.15559055847605702,-0.5104005144495658,-0.1750217880733946
lb55_atr10_m1.5_r0.0025_tfma100_rfnone,55,10,1.5,0.0025,ma100,none,-0.053154150352862084,-0.053289774386582556,38,0.21052631578947367,0.14560571794178045,-0.5262490629470548,-0.024408459395297455,-0.02676685995549899,18,0.2222222222222222,0.15559055847605702,-0.5104005144495658,-0.17618797300600275
lb55_atr20_m1.5_r0.005_tfma100_rfadx20,55,20,1.5,0.005,ma100,adx20,-0.08099839142588605,-0.08099839142588605,32,0.25,0.1850107459391962,-0.5280758849867725,-0.032351629775756785,-0.03661287091759402,16,0.3125,0.2722437613744842,-0.3837145107285495,-0.17641067550708137
lb55_atr20_m1.5_r0.005_tfnone_rfadx20,55,20,1.5,0.005,none,adx20,-0.08516755690544808,-0.09107627343803015,35,0.2571428571428571,0.20678734719326067,-0.5044737584105896,-0.032351629775756785,-0.03661287091759402,16,0.3125,0.2722437613744842,-0.3837145107285495,-0.17740386306600076
lb55_atr10_m2.0_r0.005_tfnone_rfnone,55,10,2.0,0.005,none,none,-0.07223434646304716,-0.07935565332755568,34,0.17647058823529413,0.283508877989187,-0.413313759778424,-0.03368860654028172,-0.03718832643811609,14,0.07142857142857142,0.07072971360463146,-0.4615782248494455,-0.17862828872976436
lb30_atr10_m1.5_r0.0025_tfnone_rfadx20,30,10,1.5,0.0025,none,adx20,-0.07130676127569746,-0.07519830834359253,51,0.21568627450980393,0.2296417416369744,-0.5351492060533911,-0.024478167679702678,-0.02683639972669949,20,0.2,0.19285478755516666,-0.4662453122630928,-0.17947477402285542
lb55_atr20_m1.5_r0.005_tfma100_rfnone,55,20,1.5,0.005,ma100,none,-0.06853399150586503,-0.06853399150586503,36,0.3055555555555556,0.3535970573545233,-0.40179449418259333,-0.043992634386140095,-0.04820261193956599,18,0.2777777777777778,0.21568430120734805,-0.4650401202133664,-0.17997110780500775
lb10_atr14_m3.0_r0.005_tfnone_rfnone,10,14,3.0,0.005,none,none,-0.09999240395569686,-0.10998482681036392,63,0.25396825396825395,0.4446530247807087,-0.3112359652337602,-0.0471513267062178,-0.06974576112315345,25,0.24,0.40530211329353993,-0.3760244258734082,-0.1802264533069156
lb55_atr14_m2.0_r0.005_tfma100_rfnone,55,14,2.0,0.005,ma100,none,-0.07142718844852147,-0.0740936652307983,32,0.1875,0.2763008156650747,-0.4327479516762307,-0.03600933113587801,-0.03984431185193227,15,0.06666666666666667,0.09545852544751551,-0.45934348079487825,-0.18042616273050976
lb30_atr10_m1.5_r0.0025_tfma100_rfadx20,30,10,1.5,0.0025,ma100,adx20,-0.07000924754978755,-0.07073136297759863,44,0.22727272727272727,0.16535866373236582,-0.6056446924681651,-0.021805740514051375,-0.02417043290173615,18,0.2222222222222222,0.21188672008151846,-0.45769414093622707,-0.18118517353376976
lb55_atr10_m2.0_r0.005_tfma100_rfnone,55,10,2.0,0.005,ma100,none,-0.0733388975673418,-0.0733388975673418,32,0.15625,0.25843321307005485,-0.4459618528058983,-0.03368860654028172,-0.03718832643811609,14,0.07142857142857142,0.07072971360463146,-0.4615782248494455,-0.1814029935418219
lb10_atr20_m1.5_r0.0025_tfma100_rfadx20,10,20,1.5,0.0025,ma100,adx20,-0.1092462341222219,-0.10964915584471113,71,0.18309859154929578,0.15269971595551451,-0.5964508204582064,-0.020933223584223892,-0.02365441866713347,23,0.391304347826087,0.3726974812888813,-0.34506437141741014,-0.1815665682407934
lb10_atr10_m2.5_r0.005_tfma100_rfnone,10,10,2.5,0.005,ma100,none,-0.1161880187690918,-0.12184080054006785,54,0.14814814814814814,0.337760573383515,-0.428578619242912,-0.028544893078646383,-0.05024709705822339,17,0.29411764705882354,0.5148959766696481,-0.3687303832529087,-0.18193861584686183
lb55_atr20_m1.5_r0.005_tfnone_rfnone,55,20,1.5,0.005,none,none,-0.07275970329109782,-0.07874855962451277,39,0.3076923076923077,0.3616342500686565,-0.390327051676084,-0.043992634386140095,-0.04820261193956599,18,0.2777777777777778,0.21568430120734805,-0.4650401202133664,-0.1822149259021552
lb30_atr20_m2.0_r0.0025_tfnone_rfnone,30,20,2.0,0.0025,none,none,-0.055575708717120476,-0.0596352838481603,51,0.2549019607843137,0.32581789735591454,-0.41717555014797214,-0.03107355379348864,-0.03295946798305127,20,0.1,0.1436892052496856,-0.5823139449455658,-0.18392377419045475
lb10_atr20_m2.5_r0.0025_tfnone_rfnone,10,20,2.5,0.0025,none,none,-0.07135527943793307,-0.0740390623429883,78,0.1794871794871795,0.38564139787167623,-0.3611965037899081,-0.04298166804715453,-0.04694654305544255,33,0.24242424242424243,0.19086764972748343,-0.5071560625220736,-0.1845677634895537
lb20_atr10_m1.5_r0.0025_tfnone_rfadx20,20,10,1.5,0.0025,none,adx20,-0.10185943874905934,-0.10562295949192035,67,0.19402985074626866,0.19080466593405246,-0.5963022769110481,-0.02369175884120034,-0.02605189195741331,24,0.20833333333333334,0.3111054280571522,-0.37303835185558065,-0.18515309760435972
lb55_atr14_m1.5_r0.005_tfma100_rfadx20,55,14,1.5,0.005,ma100,adx20,-0.08983456099333764,-0.08983456099333764,33,0.24242424242424243,0.15363897806982432,-0.5643695978956695,-0.032340351021575175,-0.03660164183175563,16,0.3125,0.2612446333612395,-0.3847181627121649,-0.18549757256051255
lb55_atr14_m1.5_r0.005_tfnone_rfadx20,55,14,1.5,0.005,none,adx20,-0.09334985429819376,-0.09920572303745157,36,0.25,0.1820006764661913,-0.5395320548192815,-0.032340351021575175,-0.03660164183175563,16,0.3125,0.2612446333612395,-0.3847181627121649,-0.18592033438152797
lb10_atr10_m3.0_r0.005_tfnone_rfnone,10,10,3.0,0.005,none,none,-0.09870321610120592,-0.10999304179441871,64,0.25,0.47758109478227256,-0.2885527312467632,-0.05414975058223348,-0.07088076453253356,27,0.2222222222222222,0.3899504595807877,-0.4040018383492581,-0.18630686195425541
lb10_atr20_m3.0_r0.005_tfnone_rfnone,10,20,3.0,0.005,none,none,-0.11375918421035802,-0.11953549624208881,66,0.21212121212121213,0.4220209645682301,-0.34788776699054036,-0.04389106339188553,-0.06726793507627293,24,0.25,0.40605952291762837,-0.36291438427844974,-0.18662073658598174
lb10_atr20_m2.5_r0.005_tfnone_rfadx20,10,20,2.5,0.005,none,adx20,-0.1189156555453118,-0.13755107517654697,69,0.17391304347826086,0.4115281877993722,-0.34398279771986334,-0.044398731487424126,-0.05228407133513091,25,0.32,0.3129708368767062,-0.3477507140562824,-0.18696636492896893
lb20_atr20_m3.0_r0.005_tfnone_rfnone,20,20,3.0,0.005,none,none,-0.09629483379516879,-0.09923918356537775,48,0.20833333333333334,0.3763627117370228,-0.3935227873344629,-0.04048224715958615,-0.05347764874118577,19,0.21052631578947367,0.34236432091260455,-0.43051809656867684,-0.1871601073706005
lb20_atr14_m2.5_r0.005_tfma100_rfnone,20,14,2.5,0.005,ma100,none,-0.08556070889415812,-0.09301597191089761,42,0.16666666666666666,0.4105034674600053,-0.40224332142265806,-0.036369781164520054,-0.04374192742245975,16,0.25,0.28387929256353994,-0.4878410386331653,-0.18752536262927527
lb10_atr10_m2.0_r0.0025_tfnone_rfadx20,10,10,2.0,0.0025,none,adx20,-0.11964830704109708,-0.12566341676340398,89,0.1797752808988764,0.22063850646258568,-0.5379875928574576,-0.0263392136850622,-0.02959429287221349,30,0.2,0.2904066352665806,-0.33964054185248627,-0.18790156890943105
lb20_atr20_m1.5_r0.0025_tfnone_rfadx20,20,20,1.5,0.0025,none,adx20,-0.0997114966916487,-0.10354912328303867,67,0.22388059701492538,0.17768829317733578,-0.5815723507402976,-0.025826156573752312,-0.028066517421293846,25,0.32,0.26459451364789405,-0.39040853118821117,-0.18817237832933187
lb30_atr14_m2.0_r0.005_tfnone_rfadx20,30,14,2.0,0.005,none,adx20,-0.09292314665818424,-0.10625600875395469,41,0.24390243902439024,0.2823006588471945,-0.43921462005830214,-0.03689206852857707,-0.04072353750848323,17,0.11764705882352941,0.14816524479031937,-0.4213204146693229,-0.18861248211221923
lb30_atr20_m2.0_r0.005_tfnone_rfadx20,30,20,2.0,0.005,none,adx20,-0.09986807278506649,-0.11054220015231142,42,0.23809523809523808,0.2688183816411299,-0.46428696005705056,-0.03429386881050556,-0.03803842115640799,16,0.125,0.23287234465623985,-0.4149143114125489,-0.18985323900255024
lb30_atr20_m2.0_r0.005_tfma100_rfadx20,30,20,2.0,0.005,ma100,adx20,-0.10920598871717357,-0.10920598871717357,38,0.21052631578947367,0.17901492158439014,-0.575927380725269,-0.026871321363703182,-0.03064465484348966,14,0.14285714285714285,0.280427416353261,-0.3676440575337597,-0.18996618421964875
lb30_atr20_m2.0_r0.0025_tfma100_rfnone,30,20,2.0,0.0025,ma100,none,-0.0617595263665659,-0.0617595263665659,46,0.2391304347826087,0.23464620464001146,-0.5136494861114812,-0.027360863064327057,-0.029254003618857882,18,0.1111111111111111,0.16046309784829416,-0.564148151210176,-0.19011822523220318
lb30_atr20_m2.5_r0.005_tfma100_rfnone,30,20,2.5,0.005,ma100,none,-0.06834972088389923,-0.07660015080291227,36,0.19444444444444445,0.41882306294151006,-0.3628826864745933,-0.043079859542904275,-0.0457194633309147,16,0.1875,0.14901903234354807,-0.5643559486219074,-0.19321894215079938
lb30_atr10_m2.0_r0.005_tfma100_rfadx20,30,10,2.0,0.005,ma100,adx20,-0.10269239183208312,-0.10269239183208312,37,0.21621621621621623,0.17236310211832165,-0.5538462749310372,-0.029017289478976416,-0.03253392763047036,14,0.14285714285714285,0.14482337959953956,-0.3995059683428361,-0.19375424201603159
lb30_atr14_m2.0_r0.005_tfma100_rfadx20,30,14,2.0,0.005,ma100,adx20,-0.10255761434910693,-0.10513469743295345,37,0.21621621621621623,0.17850894205694673,-0.5545506853542002,-0.03088570284284653,-0.034741066552569366,15,0.13333333333333333,0.17265199709920392,-0.39505640942008197,-0.19436839162916864
lb20_atr10_m1.5_r0.0025_tfma100_rfadx20,20,10,1.5,0.0025,ma100,adx20,-0.08913583527274016,-0.08984309936569701,55,0.2,0.1575746954680375,-0.625614095661352,-0.022801723145309483,-0.025164007838895053,19,0.21052631578947367,0.20466965514233434,-0.453623511887641,-0.19458221102638362
lb30_atr10_m2.0_r0.0025_tfnone_rfnone,30,10,2.0,0.0025,none,none,-0.06022129504692331,-0.0638419487665759,51,0.19607843137254902,0.28256322751767216,-0.45462990862560504,-0.031849610771737424,-0.03360598144564664,20,0.1,0.07130350529991482,-0.5993016462861868,-0.19510159898272172
lb30_atr14_m2.0_r0.0025_tfnone_rfnone,30,14,2.0,0.0025,none,none,-0.0534627929784266,-0.058746356074963146,50,0.26,0.32514353197877066,-0.409590304209525,-0.037022007962493775,-0.03894130168772936,22,0.09090909090909091,0.07958008828531314,-0.6274765340041502,-0.19560785909563516
lb30_atr20_m2.5_r0.005_tfnone_rfnone,30,20,2.5,0.005,none,none,-0.06390251243645328,-0.08364341727563573,41,0.1951219512195122,0.48356838414588044,-0.2928204503400951,-0.050755404510907876,-0.05337383579275401,18,0.16666666666666666,0.12879064529341996,-0.5891741446967653,-0.19603258110333763
lb20_atr20_m2.0_r0.0025_tfma100_rfnone,20,20,2.0,0.0025,ma100,none,-0.07685230339422511,-0.07685230339422511,55,0.2,0.23443223149897932,-0.5413975787258942,-0.027239751518577382,-0.029133127804090053,19,0.10526315789473684,0.16118467098573017,-0.532889244750234,-0.1962614864623415
lb30_atr10_m2.0_r0.005_tfnone_rfadx20,30,10,2.0,0.005,none,adx20,-0.10214423277145512,-0.10903595851504944,42,0.21428571428571427,0.25328995460207177,-0.4768118601501865,-0.034999747865456676,-0.03849471916215108,16,0.125,0.12260237819643338,-0.4257629026475945,-0.19634564579264538
lb20_atr14_m2.5_r0.005_tfnone_rfnone,20,14,2.5,0.005,none,none,-0.09159172379675151,-0.10589116920831154,51,0.21568627450980393,0.45024568270039106,-0.34623159401866566,-0.05001318760498097,-0.05728095649308562,22,0.22727272727272727,0.2695139531885983,-0.4797207817662425,-0.1967081310267595
lb10_atr14_m2.0_r0.0025_tfnone_rfadx20,10,14,2.0,0.0025,none,adx20,-0.1137891178539382,-0.12124824817432833,87,0.19540229885057472,0.22952375169289457,-0.5225622078444916,-0.03255697256403456,-0.035700872577299037,32,0.21875,0.2587966989928961,-0.3910998644630688,-0.19718980569749975
lb20_atr20_m2.0_r0.0025_tfnone_rfnone,20,20,2.0,0.0025,none,none,-0.084923378532899,-0.08584285905556244,66,0.19696969696969696,0.2689101739037344,-0.5019257869851318,-0.03343422516907568,-0.03531554455821606,25,0.12,0.19099182109021295,-0.505168756206781,-0.19726491794326367
lb30_atr10_m2.0_r0.0025_tfma100_rfnone,30,10,2.0,0.0025,ma100,none,-0.06125867505322302,-0.06125867505322302,45,0.2,0.20608303574182846,-0.5227619876873676,-0.028855476012552117,-0.03061727849803031,18,0.1111111111111111,0.07829581037867976,-0.5981616688978849,-0.19922592743867065
lb55_atr10_m1.5_r0.005_tfnone_rfadx20,55,10,1.5,0.005,none,adx20,-0.09861212093116156,-0.10469101680483273,37,0.1891891891891892,0.14493505181646618,-0.5501903342010559,-0.035644083177722274,-0.03989082531524579,16,0.25,0.1994823592486239,-0.4245104256470633,-0.20072093146222952
lb10_atr20_m2.0_r0.0025_tfnone_rfadx20,10,20,2.0,0.0025,none,adx20,-0.11976899690427856,-0.12334806345001026,90,0.17777777777777778,0.1982910951044435,-0.5317192378464592,-0.031847580916144924,-0.03487282648962631,31,0.16129032258064516,0.27541278561461435,-0.3972150478028445,-0.2013681546425551
lb55_atr10_m1.5_r0.005_tfma100_rfadx20,55,10,1.5,0.005,ma100,adx20,-0.09683499160866194,-0.09709418746281939,34,0.17647058823529413,0.11039022324855613,-0.5826163352136783,-0.035644083177722274,-0.03989082531524579,16,0.25,0.1994823592486239,-0.4245104256470633,-0.20205766294779037
lb55_atr14_m1.5_r0.005_tfma100_rfnone,55,14,1.5,0.005,ma100,none,-0.08873251581559516,-0.08873251581559516,37,0.2972972972972973,0.2087123811974568,-0.5002815476801178,-0.044711536721282585,-0.04891834843854148,18,0.2777777777777778,0.20344994870614197,-0.4746774739487322,-0.20441327105826357
lb20_atr14_m1.5_r0.0025_tfma100_rfadx20,20,14,1.5,0.0025,ma100,adx20,-0.09549515602508951,-0.0954974430213954,55,0.2,0.12437330466871421,-0.6695343526219139,-0.024622761017397576,-0.02721304871418151,20,0.25,0.23331117341221363,-0.46528865221417426,-0.20529854771820263
lb55_atr14_m1.5_r0.005_tfnone_rfnone,55,14,1.5,0.005,none,none,-0.09225206550271814,-0.09811502463634714,40,0.3,0.23181729044940694,-0.4827343626775349,-0.044711536721282585,-0.04891834843854148,18,0.2777777777777778,0.20344994870614197,-0.4746774739487322,-0.20553263941750274
lb30_atr20_m1.5_r0.0025_tfma100_rfnone,30,20,1.5,0.0025,ma100,none,-0.06559289129284562,-0.06601555907845458,51,0.29411764705882354,0.29201834329638493,-0.4852395536027962,-0.03737604362417568,-0.03958984256501452,23,0.2608695652173913,0.17070362803011244,-0.6147517818058185,-0.20556987454545553
lb10_atr10_m1.5_r0.0025_tfma100_rfadx20,10,10,1.5,0.0025,ma100,adx20,-0.12053738668218439,-0.12122026822652965,74,0.16216216216216217,0.13406361243005327,-0.6344557731652869,-0.024502222719946287,-0.027580657295608435,23,0.2608695652173913,0.305328856450081,-0.40458240635696463,-0.20575779550520298
lb30_atr14_m2.0_r0.0025_tfma100_rfnone,30,14,2.0,0.0025,ma100,none,-0.05962454872603551,-0.060973564621148224,45,0.24444444444444444,0.2216746996674484,-0.5061383262125053,-0.034026697174249776,-0.03595196079832885,20,0.1,0.08615614263821329,-0.6283941420007022,-0.20582306171783457
lb20_atr10_m2.0_r0.0025_tfma100_rfnone,20,10,2.0,0.0025,ma100,none,-0.07601274482649578,-0.07651231898259148,54,0.16666666666666666,0.21862985591246697,-0.5476776705952988,-0.029147405491358747,-0.030908678372778442,19,0.10526315789473684,0.07761975180230807,-0.5731745180170136,-0.20623824593428303
lb20_atr10_m2.0_r0.0025_tfnone_rfnone,20,10,2.0,0.0025,none,none,-0.08947047868080471,-0.09049852395598512,66,0.15151515151515152,0.24372899280855537,-0.5303693985104245,-0.03436655127069854,-0.03611835583532397,25,0.12,0.13723263786433182,-0.5191231610687024,-0.20675352965675045
lb10_atr14_m2.5_r0.005_tfma100_rfnone,10,14,2.5,0.005,ma100,none,-0.1016629590113941,-0.11253679982295739,53,0.1509433962264151,0.3950598028165856,-0.3793598179873353,-0.046736284234147885,-0.05871683504923397,19,0.21052631578947367,0.3036527281624124,-0.5049025600034708,-0.2076461109176382
lb20_atr14_m1.5_r0.0025_tfnone_rfadx20,20,14,1.5,0.0025,none,adx20,-0.10825877449590382,-0.11153789770557943,67,0.19402985074626866,0.16478502880210555,-0.6326857623440635,-0.029485016387399976,-0.0320623915004572,26,0.23076923076923078,0.23171015081154395,-0.4310300605473359,-0.20803853330592711
lb20_atr20_m2.0_r0.005_tfma100_rfadx20,20,20,2.0,0.005,ma100,adx20,-0.1347720265786968,-0.1347720265786968,48,0.1875,0.21105281238806692,-0.5772575267406407,-0.029208940089503477,-0.032973209387754054,15,0.13333333333333333,0.26426243139932715,-0.3739231401418906,-0.20805681909197576
lb30_atr20_m1.5_r0.0025_tfnone_rfnone,30,20,1.5,0.0025,none,none,-0.06973285477628599,-0.07369827021865594,60,0.31666666666666665,0.30344087063311204,-0.43932018678703416,-0.04073401624246653,-0.04294009267008869,25,0.24,0.15867964885753785,-0.6197569363225877,-0.2081363117094365
lb20_atr14_m2.0_r0.0025_tfnone_rfnone,20,14,2.0,0.0025,none,none,-0.08064336970350572,-0.08321870239620999,64,0.203125,0.27760978454328,-0.4915983428273519,-0.03984446346879622,-0.041758131809871535,27,0.1111111111111111,0.13293313948322116,-0.553405201996768,-0.2081478052446923
lb20_atr10_m2.0_r0.005_tfma100_rfadx20,20,10,2.0,0.005,ma100,adx20,-0.12296702725030184,-0.12349586561001935,46,0.1956521739130435,0.2179032956746083,-0.5398862636299542,-0.03191109222736077,-0.03541724980382732,15,0.13333333333333333,0.13359633234647145,-0.41080231500429704,-0.20848648029256173
lb30_atr20_m1.5_r0.005_tfma100_rfadx20,30,20,1.5,0.005,ma100,adx20,-0.11819630249856938,-0.11819630249856938,43,0.2558139534883721,0.18260755099480613,-0.5792026169152641,-0.03796931848489604,-0.042205820964440255,18,0.3333333333333333,0.2856097482629148,-0.40210051398674046,-0.21012725021796183
lb20_atr14_m2.0_r0.005_tfma100_rfadx20,20,14,2.0,0.005,ma100,adx20,-0.12459461430120378,-0.12710841624221247,46,0.1956521739130435,0.21879396314169205,-0.5484527358359748,-0.03365488459398558,-0.03749923184996273,16,0.125,0.16088738147153137,-0.40458325782550797,-0.21042249474774402
lb20_atr14_m2.0_r0.0025_tfma100_rfnone,20,14,2.0,0.0025,ma100,none,-0.0719238158289831,-0.07376409227125202,53,0.20754716981132076,0.23782986994583358,-0.525792357799029,-0.03420678090655205,-0.03613168560905633,21,0.09523809523809523,0.08578717787520225,-0.6024807490501709,-0.21064054722304604
lb20_atr20_m2.5_r0.005_tfma100_rfnone,20,20,2.5,0.005,ma100,none,-0.09547782211575939,-0.09794315562640332,44,0.18181818181818182,0.37504003383308615,-0.4265553499209958,-0.043782484179449854,-0.04642014982176379,17,0.17647058823529413,0.14715214369369917,-0.5403192252662361,-0.21114474705872016
lb10_atr14_m1.5_r0.0025_tfma100_rfadx20,10,14,1.5,0.0025,ma100,adx20,-0.12156400243042109,-0.12156622351292257,73,0.1643835616438356,0.10960790838631483,-0.6489706303199718,-0.026559261077135465,-0.029959395875875372,24,0.2916666666666667,0.3138998708826715,-0.41637081705549567,-0.21129336630989792
lb10_atr20_m2.5_r0.005_tfma100_rfnone,10,20,2.5,0.005,ma100,none,-0.10653688433384878,-0.11363131823502326,55,0.16363636363636364,0.3881021745894494,-0.38508082647312264,-0.050792456169838296,-0.058625036887063775,21,0.23809523809523808,0.18331584019899874,-0.48967929451640574,-0.21264606894542734
lb20_atr14_m2.0_r0.005_tfnone_rfadx20,20,14,2.0,0.005,none,adx20,-0.13517759471224466,-0.14480110318446848,55,0.2,0.2659783591434271,-0.5046003662502972,-0.04100277523867557,-0.04481789086426857,21,0.14285714285714285,0.2300174838773195,-0.37824645088489534,-0.21364571668139987
lb20_atr10_m2.0_r0.005_tfnone_rfadx20,20,10,2.0,0.005,none,adx20,-0.14138264523437727,-0.14848694632825354,56,0.17857142857142858,0.2503712365361058,-0.520441358963457,-0.03800496141858922,-0.04148904864029457,20,0.15,0.2235078659592933,-0.3686009524418435,-0.21454921657939263
lb10_atr10_m2.5_r0.005_tfnone_rfnone,10,10,2.5,0.005,none,none,-0.16485790314760063,-0.1666141905015328,80,0.175,0.3339078183493111,-0.4133135188059235,-0.04461775683548763,-0.06501204316801712,28,0.2857142857142857,0.4897678441409802,-0.3324558546853947,-0.2160874447983156
lb20_atr20_m2.0_r0.005_tfnone_rfadx20,20,20,2.0,0.005,none,adx20,-0.145137688390805,-0.1524554254732352,57,0.19298245614035087,0.25170556745606554,-0.5317315314121521,-0.038307779299140754,-0.042036767595638125,20,0.15,0.2914628823148193,-0.369746201025391,-0.21693838953327016
lb20_atr20_m1.5_r0.0025_tfma100_rfnone,20,20,1.5,0.0025,ma100,none,-0.08883123203513477,-0.08924338823758993,62,0.24193548387096775,0.23200917824479247,-0.5500242067937458,-0.03646577799548434,-0.03868167032395531,24,0.2916666666666667,0.17926397261887966,-0.5753333130317931,-0.21826857857529866
lb30_atr14_m1.5_r0.0025_tfnone_rfnone,30,14,1.5,0.0025,none,none,-0.07766795248172176,-0.08105956468663578,60,0.3,0.25445899570505665,-0.49271082424386015,-0.040849994142137414,-0.04339718753588051,25,0.2,0.15333239448935487,-0.6239483623139062,-0.21889168806031034
lb55_atr10_m1.5_r0.005_tfnone_rfnone,55,10,1.5,0.005,none,none,-0.09920749858204791,-0.10528237927110307,41,0.21951219512195122,0.18359111909419543,-0.501111008784441,-0.04794689505197758,-0.05213945919496088,18,0.2222222222222222,0.15607127199342563,-0.5104005144495658,-0.22112615944148564
lb10_atr20_m2.0_r0.0025_tfma100_rfnone,10,20,2.0,0.0025,ma100,none,-0.09108686400647104,-0.09285713120866379,69,0.18840579710144928,0.2099794467125225,-0.5149798719440035,-0.04036742804982685,-0.04336605113151881,26,0.15384615384615385,0.151858879487321,-0.5782826279805285,-0.22133197939517651
lb30_atr14_m1.5_r0.005_tfma100_rfadx20,30,14,1.5,0.005,ma100,adx20,-0.127216634517198,-0.127216634517198,44,0.25,0.15498844640029216,-0.61224860175829,-0.038996845652373935,-0.043228823202020816,18,0.2777777777777778,0.2752455638114125,-0.4127395176664667,-0.22139283059960352
lb55_atr10_m1.5_r0.005_tfma100_rfnone,55,10,1.5,0.005,ma100,none,-0.09743154307506774,-0.09769056772721263,38,0.21052631578947367,0.153160687701282,-0.5262490629470546,-0.04794689505197758,-0.05213945919496088,18,0.2222222222222222,0.15607127199342563,-0.5104005144495658,-0.22178322511605422
lb30_atr20_m1.5_r0.005_tfnone_rfadx20,30,20,1.5,0.005,none,adx20,-0.1271943425682468,-0.1328316166469331,51,0.27450980392156865,0.19453298814032696,-0.5255285458847835,-0.044676093013187534,-0.04888306081419713,20,0.3,0.25306820584830325,-0.4296220839146098,-0.22193523746675342
lb30_atr14_m1.5_r0.0025_tfma100_rfnone,30,14,1.5,0.0025,ma100,none,-0.07687503760846592,-0.07687737168483133,52,0.28846153846153844,0.1932064145253277,-0.5623427931511348,-0.038268169932641816,-0.040822219819665495,23,0.21739130434782608,0.16230858508059118,-0.631328942287423,-0.22362013233659514
lb10_atr10_m2.0_r0.0025_tfma100_rfnone,10,10,2.0,0.0025,ma100,none,-0.09316179498610722,-0.09886878015186884,69,0.15942028985507245,0.2170144729676166,-0.5293239987395402,-0.0387872679773239,-0.04150923124942252,25,0.16,0.09735573014952026,-0.5808407424534235,-0.22441521631170336
lb20_atr20_m2.5_r0.005_tfnone_rfnone,20,20,2.5,0.005,none,none,-0.10566671912563075,-0.11403966744463567,54,0.16666666666666666,0.39210696430676373,-0.3773749284270777,-0.05944963709863982,-0.06204408588884203,23,0.13043478260869565,0.1550885560511432,-0.5329541653655161,-0.224828347925181
lb30_atr14_m1.5_r0.005_tfnone_rfadx20,30,14,1.5,0.005,none,adx20,-0.13266669038652257,-0.13826861968456627,51,0.2549019607843137,0.19929746490233277,-0.5361982037397554,-0.04415427175601083,-0.0483635375056124,20,0.25,0.25031779485690003,-0.42537273516166635,-0.22498357855685494
lb10_atr20_m2.0_r0.005_tfma100_rfadx20,10,20,2.0,0.005,ma100,adx20,-0.16498592936428647,-0.168232278243444,62,0.16129032258064516,0.17906615831004463,-0.5596023163900122,-0.034315516197906404,-0.04032781078094627,19,0.21052631578947367,0.29747048761998424,-0.3487572398844413,-0.22511233687440824
lb10_atr20_m1.5_r0.0025_tfnone_rfadx20,10,20,1.5,0.0025,none,adx20,-0.1549321595175579,-0.15892614737659927,106,0.19811320754716982,0.15757624502618436,-0.5858786547713571,-0.03597522047353274,-0.03938983732469026,37,0.32432432432432434,0.29816045026536725,-0.37142743006083745,-0.22614952170491767
lb20_atr20_m1.5_r0.005_tfma100_rfadx20,20,20,1.5,0.005,ma100,adx20,-0.1499447568052541,-0.1499447568052541,54,0.2222222222222222,0.17111196221299643,-0.592284486214247,-0.03952049536135127,-0.04375016691043798,19,0.3684210526315789,0.2847518411175749,-0.3969140388151049,-0.23055280970672895
lb20_atr20_m1.5_r0.0025_tfnone_rfnone,20,20,1.5,0.0025,none,none,-0.10946758339933105,-0.11009247860559201,78,0.24358974358974358,0.21443710686562642,-0.5486363394784185,-0.04395670300035026,-0.04615536803904541,31,0.25806451612903225,0.17281869472029335,-0.5383754230796832,-0.23072007366050165
lb30_atr10_m1.5_r0.0025_tfnone_rfnone,30,10,1.5,0.0025,none,none,-0.08178809430318323,-0.08563572094707828,60,0.23333333333333334,0.23158162305252192,-0.5232742301243032,-0.04309015895845336,-0.04540339827147155,25,0.16,0.11828771609622298,-0.650680245436303,-0.23108193186010328
lb30_atr10_m1.5_r0.0025_tfma100_rfnone,30,10,1.5,0.0025,ma100,none,-0.07767619146255178,-0.07839235369301234,52,0.25,0.18226707746329007,-0.5690660582269261,-0.04046871905874738,-0.042788295455545744,23,0.17391304347826086,0.12525043789858756,-0.6600258446738178,-0.23200325997788737
lb10_atr10_m1.5_r0.0025_tfnone_rfadx20,10,10,1.5,0.0025,none,adx20,-0.1624118499324042,-0.16612158309826386,108,0.17592592592592593,0.16669355086267706,-0.6073440845143273,-0.03540087222770805,-0.03962796201570151,36,0.2777777777777778,0.32637007569157567,-0.37565167994089826,-0.23218761057801646
lb10_atr10_m2.0_r0.005_tfma100_rfadx20,10,10,2.0,0.005,ma100,adx20,-0.15677170246238248,-0.1636257074449573,60,0.18333333333333332,0.20850289142528114,-0.5385112194977568,-0.03786064544568024,-0.043245347494574315,19,0.21052631578947367,0.18011610369917067,-0.40655218170560375,-0.23300492734519462
lb10_atr14_m2.0_r0.005_tfma100_rfadx20,10,14,2.0,0.005,ma100,adx20,-0.15744242270338538,-0.16604666790229117,60,0.18333333333333332,0.2054686556070364,-0.5401851782747175,-0.04007636292629135,-0.04522761729532265,20,0.25,0.2028388109591792,-0.3970919053496138,-0.23357766384986045
lb30_atr10_m1.5_r0.005_tfma100_rfadx20,30,10,1.5,0.005,ma100,adx20,-0.1286767906353503,-0.1294455110725038,44,0.22727272727272727,0.15477877711536678,-0.6056446924681651,-0.04314064749957658,-0.047354376954710786,18,0.2222222222222222,0.2113269355693187,-0.45769414093622707,-0.23368957755883835
lb10_atr14_m2.5_r0.005_tfnone_rfnone,10,14,2.5,0.005,none,none,-0.1331347249470517,-0.13838302943882896,76,0.21052631578947367,0.40852825115912594,-0.3426172856165802,-0.070054746191752,-0.08174223222970212,31,0.16129032258064516,0.295028068540287,-0.4636867818226204,-0.23435286169671565
lb30_atr20_m2.0_r0.005_tfnone_rfnone,30,20,2.0,0.005,none,none,-0.10804249552771039,-0.11567777248142497,51,0.2549019607843137,0.3119912626896484,-0.41717555014797214,-0.05422097708888485,-0.057888261518967976,20,0.1,0.15973252321179363,-0.5823139449455658,-0.23442468075941822
lb30_atr10_m1.5_r0.005_tfnone_rfadx20,30,10,1.5,0.005,none,adx20,-0.13403897902484163,-0.14039110021003398,51,0.21568627450980393,0.19809150641897286,-0.5351492060533912,-0.04836564976727553,-0.05255636983665102,20,0.2,0.19216532746616827,-0.4662453122630928,-0.23700129218954913
lb20_atr10_m1.5_r0.0025_tfnone_rfnone,20,10,1.5,0.0025,none,none,-0.11726578307859004,-0.11795120494436284,78,0.20512820512820512,0.18849251462490849,-0.5923513439018315,-0.04251390480385686,-0.04482853715695834,30,0.16666666666666666,0.19869552385219208,-0.5370191177950191,-0.23756345349492833
lb10_atr14_m2.0_r0.0025_tfma100_rfnone,10,14,2.0,0.0025,ma100,none,-0.0881658795509942,-0.09468494702258601,68,0.19117647058823528,0.2324764241331003,-0.5075848336408257,-0.04873203974571616,-0.05129287639208324,28,0.17857142857142858,0.09414342464645796,-0.6441438340477932,-0.23787955484553014
lb30_atr20_m2.0_r0.005_tfma100_rfnone,30,20,2.0,0.005,ma100,none,-0.11714283141842219,-0.11714283141842219,46,0.2391304347826087,0.23519977754965424,-0.5136494861114812,-0.04695159208135535,-0.05064706375371031,18,0.1111111111111111,0.18088225812912911,-0.564148151210176,-0.23872748566619806
lb10_atr14_m1.5_r0.0025_tfnone_rfadx20,10,14,1.5,0.0025,none,adx20,-0.16262386597752032,-0.16607546594684952,107,0.17757009345794392,0.15702666727931902,-0.6133702830698863,-0.03965391668910556,-0.04418917458315397,38,0.2894736842105263,0.28811964307329163,-0.39719561091952044,-0.24067721798974626
lb20_atr10_m1.5_r0.0025_tfma100_rfnone,20,10,1.5,0.0025,ma100,none,-0.09970356865177044,-0.10040262715419868,64,0.21875,0.16742501988607464,-0.6030569404156425,-0.0398439379944705,-0.04216502474058059,24,0.16666666666666666,0.12706366317722698,-0.62298658406832,-0.24156714408110522
lb10_atr20_m1.5_r0.0025_tfma100_rfnone,10,20,1.5,0.0025,ma100,none,-0.1124675374910632,-0.11286900209582618,80,0.2,0.20055468519541778,-0.5462993130903773,-0.0477751242436536,-0.05042171558159925,31,0.2903225806451613,0.2047883622198701,-0.5920907219764345,-0.2437147515083587
lb30_atr14_m2.0_r0.005_tfnone_rfnone,30,14,2.0,0.005,none,none,-0.10486381294558755,-0.1148246449351864,50,0.26,0.30967684724967304,-0.409590304209525,-0.06255121157644206,-0.06628060247410394,22,0.09090909090909091,0.09185489112704541,-0.6274765340041502,-0.24766160024765954
lb10_atr10_m2.0_r0.0025_tfnone_rfnone,10,10,2.0,0.0025,none,none,-0.13493119772576656,-0.13805402700647307,102,0.1568627450980392,0.21395074568503458,-0.5334464850659048,-0.05259460112704073,-0.055277464777934715,39,0.15384615384615385,0.16781173885826886,-0.5173467132295341,-0.24857237082527345
lb10_atr20_m1.5_r0.005_tfma100_rfadx20,10,20,1.5,0.005,ma100,adx20,-0.19206156324186352,-0.19206156324186352,71,0.18309859154929578,0.14754040920416558,-0.5964508204582064,-0.042442851361839895,-0.04746192658465287,23,0.391304347826087,0.35408636403600363,-0.34506437141741014,-0.24880854022379756
lb20_atr14_m1.5_r0.0025_tfma100_rfnone,20,14,1.5,0.0025,ma100,none,-0.10427802168674205,-0.10428028647600118,64,0.234375,0.14862629156951387,-0.6303225525298695,-0.04136583659195159,-0.04391166007434355,25,0.2,0.15189732008536588,-0.6309742993171655,-0.24885656479283524
lb30_atr10_m2.0_r0.005_tfnone_rfnone,30,10,2.0,0.005,none,none,-0.11738131300165378,-0.12415608256819544,51,0.19607843137254902,0.2719683760527799,-0.45462990862560504,-0.05630319732243272,-0.059721013256516575,20,0.1,0.07918800839238686,-0.5993016462861867,-0.2494644647983639
lb30_atr10_m2.0_r0.005_tfma100_rfnone,30,10,2.0,0.005,ma100,none,-0.1173308906360846,-0.1173308906360846,45,0.2,0.20730143703008835,-0.5227619876873676,-0.0504528083313569,-0.0538918128004211,18,0.1111111111111111,0.08794621153309597,-0.5981616688978849,-0.2500374702904854
lb20_atr14_m1.5_r0.0025_tfnone_rfnone,20,14,1.5,0.0025,none,none,-0.11860925018529167,-0.11866364166363119,78,0.23076923076923078,0.1802523604615173,-0.5972054779673197,-0.04797430741418229,-0.050502580927207386,32,0.1875,0.15467537614068047,-0.5762660226787751,-0.25049350092301603
lb20_atr20_m2.0_r0.005_tfma100_rfnone,20,20,2.0,0.005,ma100,none,-0.14402055225824228,-0.14402055225824228,55,0.2,0.2366862683553376,-0.5413975787258942,-0.046711688098912685,-0.05040809000562285,19,0.10526315789473684,0.18191302818229116,-0.532889244750234,-0.25170393823136994
lb20_atr10_m1.5_r0.005_tfnone_rfadx20,20,10,1.5,0.005,none,adx20,-0.1849457213245096,-0.19092442408970567,67,0.19402985074626866,0.16639206042221355,-0.5963022769110481,-0.0468698815334877,-0.05106718852982195,24,0.20833333333333334,0.3095607194760067,-0.37303835185558065,-0.25402252857179325
lb30_atr20_m1.5_r0.005_tfma100_rfnone,30,20,1.5,0.005,ma100,none,-0.1159750742425747,-0.1159750742425747,51,0.29411764705882354,0.2858552537578521,-0.4852395536027962,-0.06144611126470545,-0.06557922879745481,23,0.2608695652173913,0.1963774212195611,-0.6147517818058186,-0.25479604009149665
lb20_atr20_m1.5_r0.005_tfnone_rfadx20,20,20,1.5,0.005,none,adx20,-0.1768763299036621,-0.18219271813909244,67,0.22388059701492538,0.16540631848899937,-0.5815723507402976,-0.050830913576080494,-0.05501077734280424,25,0.32,0.26300159487658226,-0.3904085311882111,-0.25482480313572675
lb30_atr14_m2.0_r0.005_tfma100_rfnone,30,14,2.0,0.005,ma100,none,-0.11338749742896448,-0.11593348157104999,45,0.24444444444444444,0.22405466986043743,-0.5061383262125053,-0.056704867619627564,-0.06045751664318,20,0.1,0.10077142451562314,-0.6283941420007022,-0.25624522758812207
lb20_atr10_m1.5_r0.005_tfma100_rfadx20,20,10,1.5,0.005,ma100,adx20,-0.1623273626167243,-0.16306639500915898,55,0.2,0.14465828103434938,-0.625614095661352,-0.04509268711851766,-0.049297820360615474,19,0.21052631578947367,0.20433571987819474,-0.453623511887641,-0.25644661525137746
lb10_atr20_m2.0_r0.0025_tfnone_rfnone,10,20,2.0,0.0025,none,none,-0.1264607007086942,-0.12713475171241173,101,0.18811881188118812,0.21457697068850504,-0.5017136595954724,-0.06115065716485191,-0.06408433760874899,41,0.12195121951219512,0.16274926802255754,-0.57253258993389,-0.25651079193778514
lb10_atr20_m2.5_r0.005_tfnone_rfnone,10,20,2.5,0.005,none,none,-0.13968807874138356,-0.14385440474017375,78,0.1794871794871795,0.3757690066211627,-0.3611965037899081,-0.08263943296577392,-0.09020922182259428,33,0.24242424242424243,0.19369900552423522,-0.5071560625220735,-0.2582001869665062
lb20_atr20_m2.0_r0.005_tfnone_rfnone,20,20,2.0,0.005,none,none,-0.15763024189107422,-0.15929750658928643,66,0.19696969696969696,0.26572548163272897,-0.5019257869851318,-0.06002527460819185,-0.06367005271343118,25,0.12,0.20552639648897394,-0.505168756206781,-0.2620139214696034
lb30_atr20_m1.5_r0.005_tfnone_rfnone,30,20,1.5,0.005,none,none,-0.12368512493323869,-0.12934506433431592,60,0.31666666666666665,0.2963922657787207,-0.43932018678703416,-0.06798921787798429,-0.0720935214779519,25,0.24,0.18047803390153697,-0.6197569363225878,-0.26242457868845
lb20_atr10_m2.0_r0.005_tfma100_rfnone,20,10,2.0,0.005,ma100,none,-0.14514922562113985,-0.14566468843197167,54,0.16666666666666666,0.2179119415579562,-0.5476776705952988,-0.05102138408021295,-0.05445832932088013,19,0.10526315789473684,0.08715636861474022,-0.5731745180170136,-0.2650061655580423
lb10_atr14_m2.0_r0.0025_tfnone_rfnone,10,14,2.0,0.0025,none,none,-0.12421756064356049,-0.12868205149111622,99,0.1919191919191919,0.23390432607893114,-0.5041070173917919,-0.06746781313414085,-0.06997821261969128,43,0.16279069767441862,0.14130398603881242,-0.59700568317364,-0.26512638638916836
lb20_atr14_m2.0_r0.005_tfma100_rfnone,20,14,2.0,0.005,ma100,none,-0.13679760265605223,-0.13927636266527288,53,0.20754716981132076,0.23625636812493775,-0.525792357799029,-0.05705433825717454,-0.06080559700465993,21,0.09523809523809523,0.10032110066052505,-0.6024807490501709,-0.26771995293089507
lb20_atr14_m1.5_r0.005_tfma100_rfadx20,20,14,1.5,0.005,ma100,adx20,-0.16868913151641363,-0.16868913151641363,55,0.2,0.1196908184825946,-0.6695343526219139,-0.04845470326292178,-0.052645031166680956,20,0.25,0.2338057152863485,-0.46528865221417426,-0.2682420792896978
lb10_atr10_m1.5_r0.0025_tfma100_rfnone,10,10,1.5,0.0025,ma100,none,-0.12772662422252445,-0.12840392349701524,84,0.17857142857142858,0.14708613573307902,-0.5949965717135041,-0.05229091349778736,-0.05528165369987392,31,0.1935483870967742,0.16925430002144695,-0.6384412062872472,-0.2695507953464622
lb10_atr10_m2.0_r0.005_tfnone_rfadx20,10,10,2.0,0.005,none,adx20,-0.22235006666429713,-0.23022304569673135,89,0.1797752808988764,0.2118012758239415,-0.5379875928574576,-0.0521561867540592,-0.05842734386970172,30,0.2,0.28853424281149875,-0.33964054185248627,-0.27058093981241205
lb10_atr14_m1.5_r0.0025_tfma100_rfnone,10,14,1.5,0.0025,ma100,none,-0.12652647486888113,-0.12652868340401346,82,0.1951219512195122,0.13400601743832669,-0.6034758188884641,-0.05389205659402929,-0.057196720569053006,32,0.21875,0.1822937376792801,-0.64503431676616,-0.2718231274016215
lb20_atr14_m2.0_r0.005_tfnone_rfnone,20,14,2.0,0.005,none,none,-0.15155498846206295,-0.15536053258105254,64,0.203125,0.26985942796718865,-0.4915983428273518,-0.06860431684020196,-0.07230962706705601,27,0.1111111111111111,0.1488962430414672,-0.553405201996768,-0.2736892962577253
lb20_atr10_m2.0_r0.005_tfnone_rfnone,20,10,2.0,0.005,none,none,-0.16785047823149912,-0.16930991363641656,66,0.15151515151515152,0.2395964420315795,-0.5303693985104245,-0.06134299299610224,-0.06474255614612545,25,0.12,0.1492105903132222,-0.5191231610687025,-0.27514728075000866
lb20_atr20_m1.5_r0.005_tfma100_rfnone,20,20,1.5,0.005,ma100,none,-0.15719187621549835,-0.15719187621549835,62,0.24193548387096775,0.22532047406109462,-0.5500242067937458,-0.059666703586140124,-0.06380765711122027,24,0.2916666666666667,0.2068345974638791,-0.5753333130317932,-0.27736952662237035
lb10_atr10_m1.5_r0.005_tfma100_rfadx20,10,10,1.5,0.005,ma100,adx20,-0.21053873250746524,-0.21123523066582928,74,0.16216216216216217,0.12503559099561112,-0.6344557731652869,-0.04711766822575625,-0.052335299029624416,23,0.2608695652173913,0.29094669137905543,-0.40458240635696463,-0.2781104441910676
lb30_atr14_m1.5_r0.005_tfma100_rfnone,30,14,1.5,0.005,ma100,none,-0.13636800065767518,-0.13636800065767518,52,0.28846153846153844,0.18692439556824278,-0.5623427931511348,-0.0630529349433836,-0.06717897649339166,23,0.21739130434782608,0.18828218353980428,-0.631328942287423,-0.278764507285109
lb30_atr14_m1.5_r0.005_tfnone_rfnone,30,14,1.5,0.005,none,none,-0.141371692139592,-0.1469173976032464,60,0.3,0.2265962292212989,-0.49271082424386015,-0.06808125897040418,-0.07218515724825092,25,0.2,0.17617921710532516,-0.623948362313906,-0.2790875813025085
lb20_atr14_m1.5_r0.005_tfnone_rfadx20,20,14,1.5,0.005,none,adx20,-0.19219049699705304,-0.19740797414447986,67,0.19402985074626866,0.1443079660960825,-0.6326857623440635,-0.057934182103915655,-0.06208276514819555,26,0.23076923076923078,0.23179404672469167,-0.4310300605473359,-0.28149533061349274
lb10_atr14_m2.0_r0.005_tfnone_rfadx20,10,14,2.0,0.005,none,adx20,-0.21368002104715556,-0.22411803718540113,87,0.19540229885057472,0.21664362448704216,-0.5225622078444916,-0.06285661284135247,-0.06892780036184154,32,0.21875,0.2617886942112186,-0.3910998644630688,-0.2819231834014078
lb10_atr14_m1.5_r0.005_tfma100_rfadx20,10,14,1.5,0.005,ma100,adx20,-0.21026317200176925,-0.21026317200176925,73,0.1643835616438356,0.1082878127667906,-0.6489706303199718,-0.05084532585016377,-0.05643196630753011,24,0.2916666666666667,0.30865567639556296,-0.41637081705549567,-0.28398189213934255
lb10_atr20_m2.0_r0.005_tfnone_rfadx20,10,20,2.0,0.005,none,adx20,-0.2210343782128178,-0.22734181351594507,90,0.17777777777777778,0.19362548771893964,-0.5317192378464592,-0.06283108469412846,-0.06866584303124335,31,0.16129032258064516,0.27428468006407114,-0.3972150478028444,-0.28739479955512337
lb10_atr20_m1.5_r0.0025_tfnone_rfnone,10,20,1.5,0.0025,none,none,-0.16427470141359823,-0.16524994084159927,120,0.21666666666666667,0.18898004676842248,-0.5512215523162756,-0.06931781295906081,-0.07190452905660694,48,0.25,0.17842913134460883,-0.5611416858809033,-0.287832333267177
lb10_atr20_m2.0_r0.005_tfma100_rfnone,10,20,2.0,0.005,ma100,none,-0.16827233141270814,-0.17150590349207084,69,0.18840579710144928,0.21380661739838197,-0.5149798719440035,-0.06668604075942286,-0.0724967983676682,26,0.15384615384615385,0.17696856481906803,-0.5782826279805285,-0.28859567496316624
lb30_atr10_m1.5_r0.005_tfma100_rfnone,30,10,1.5,0.005,ma100,none,-0.14057339337453745,-0.1413316180948775,52,0.25,0.17412457184168764,-0.5690660582269261,-0.0678437243066542,-0.07194866861786686,23,0.17391304347826086,0.1438931849230794,-0.6600258446738178,-0.2914784105051435
lb10_atr10_m2.0_r0.005_tfma100_rfnone,10,10,2.0,0.005,ma100,none,-0.17572566109380283,-0.18242560278500275,69,0.15942028985507245,0.21157379876236437,-0.5293239987395402,-0.06622459910054246,-0.07145055965462388,25,0.16,0.11089757966293544,-0.5808407424534235,-0.2959352497455712
lb30_atr10_m1.5_r0.005_tfnone_rfnone,30,10,1.5,0.005,none,none,-0.1511021418445524,-0.15732909887638424,60,0.23333333333333334,0.20533646415147772,-0.5232742301243032,-0.0729338335704871,-0.07701636252537924,25,0.16,0.13465942832490194,-0.650680245436303,-0.29690004368645856
lb10_atr10_m1.5_r0.0025_tfnone_rfnone,10,10,1.5,0.0025,none,none,-0.17591204613615563,-0.17666218530938038,122,0.1885245901639344,0.16983617175316762,-0.5868013050518337,-0.07068858336804551,-0.07362126498265054,47,0.2127659574468085,0.1921626853231865,-0.5796669758153506,-0.301923922047317
lb10_atr14_m1.5_r0.0025_tfnone_rfnone,10,14,1.5,0.0025,none,none,-0.17117815056262442,-0.17159922016032159,120,0.20833333333333334,0.1706868745869378,-0.5784742721822044,-0.07419323374461462,-0.07742698766201994,49,0.22448979591836735,0.17530725806137065,-0.5887673677048961,-0.3030718462799182
lb20_atr20_m1.5_r0.005_tfnone_rfnone,20,20,1.5,0.005,none,none,-0.1903005177018401,-0.1903005177018401,78,0.24358974358974358,0.21031376726714038,-0.5486363394784185,-0.07527874210277707,-0.07935094476454552,31,0.25806451612903225,0.192012034647593,-0.5383754230796832,-0.303851015962272
lb10_atr14_m2.0_r0.005_tfma100_rfnone,10,14,2.0,0.005,ma100,none,-0.166547870260641,-0.17505913011879437,68,0.19117647058823528,0.22667457302627644,-0.5075848336408257,-0.07760650492382737,-0.08255636066022942,28,0.17857142857142858,0.1146763071454085,-0.6441438340477932,-0.3080738262839116
lb20_atr10_m1.5_r0.005_tfma100_rfnone,20,10,1.5,0.005,ma100,none,-0.17935925639791828,-0.18008326248932904,64,0.21875,0.15664004242666082,-0.6030569404156426,-0.0664611590255828,-0.07057219175097396,24,0.16666666666666666,0.14667040027287434,-0.62298658406832,-0.3103237383935628
lb10_atr20_m1.5_r0.005_tfma100_rfnone,10,20,1.5,0.005,ma100,none,-0.19639747495892923,-0.19639747495892923,80,0.2,0.19654867515623559,-0.5462993130903773,-0.0760711079175811,-0.08091391924898528,31,0.2903225806451613,0.23208388932505047,-0.5920907219764345,-0.31617777387077367
lb20_atr10_m1.5_r0.005_tfnone_rfnone,20,10,1.5,0.005,none,none,-0.20964589679176626,-0.21034318264986607,78,0.20512820512820512,0.16804634401496005,-0.5923513439018315,-0.07271756732964141,-0.07680104865796955,30,0.16666666666666666,0.2208083797225669,-0.537019117795019,-0.31677773302600465
lb20_atr14_m1.5_r0.005_tfma100_rfnone,20,14,1.5,0.005,ma100,none,-0.1827800995427875,-0.1827800995427875,64,0.234375,0.14376539522659618,-0.6303225525298695,-0.06899875882787132,-0.07309861670399709,25,0.2,0.17466167334354582,-0.6309742993171654,-0.31756632413393765
lb10_atr20_m1.5_r0.005_tfnone_rfadx20,10,20,1.5,0.005,none,adx20,-0.2661907287667783,-0.2715522930828823,106,0.19811320754716982,0.15528091088479767,-0.5858786547713571,-0.07168917656601015,-0.07796702356628193,37,0.32432432432432434,0.285688011554494,-0.37142743006083745,-0.3219235961029695
lb10_atr10_m1.5_r0.005_tfnone_rfadx20,10,10,1.5,0.005,none,adx20,-0.279944375083521,-0.2854815571455416,108,0.17592592592592593,0.15228261073031238,-0.6073440845143273,-0.06836023685501702,-0.07573967211966848,36,0.2777777777777778,0.3162132634554292,-0.3756516799408983,-0.3296537111446839
lb20_atr14_m1.5_r0.005_tfnone_rfnone,20,14,1.5,0.005,none,none,-0.20843118984511677,-0.20843118984511677,78,0.23076923076923078,0.16184170512655147,-0.5972054779673197,-0.08282947095318571,-0.08686842240778192,32,0.1875,0.17198588949624624,-0.5762660226787751,-0.33196204611733016
lb10_atr14_m1.5_r0.005_tfnone_rfadx20,10,14,1.5,0.005,none,adx20,-0.27907866040789486,-0.28423139535363307,107,0.17757009345794392,0.14615331975935442,-0.6133702830698863,-0.0762555435144393,-0.08395701000349254,38,0.2894736842105263,0.28328598442609815,-0.39719561091952044,-0.34030266405616605
lb10_atr10_m1.5_r0.005_tfma100_rfnone,10,10,1.5,0.005,ma100,none,-0.2225802418927384,-0.22326611649114325,84,0.17857142857142858,0.13906365640153834,-0.5949965717135041,-0.08203799444221371,-0.08706441447044622,31,0.1935483870967742,0.18868572285223628,-0.6384412062872472,-0.3498453659248004
lb10_atr14_m1.5_r0.005_tfma100_rfnone,10,14,1.5,0.005,ma100,none,-0.21861200174664353,-0.21861200174664353,82,0.1951219512195122,0.13201808429967107,-0.6034758188884641,-0.08435048685129654,-0.08973991889461053,32,0.21875,0.2099225955506404,-0.64503431676616,-0.35084875784018904
lb10_atr10_m2.0_r0.005_tfnone_rfnone,10,10,2.0,0.005,none,none,-0.24888930471892412,-0.2516659785909593,102,0.1568627450980392,0.2062086597592405,-0.5334464850659048,-0.09549925709448048,-0.10056137931253029,39,0.15384615384615385,0.17744941344478837,-0.5173467132295341,-0.3510239280028929
lb10_atr20_m2.0_r0.005_tfnone_rfnone,10,20,2.0,0.005,none,none,-0.23218464389487525,-0.23334653309382614,101,0.18811881188118812,0.21093880758276132,-0.5017136595954724,-0.10787777904376405,-0.113432079321373,41,0.12195121951219512,0.1765262371758727,-0.57253258993389,-0.35725609545776926
lb10_atr14_m2.0_r0.005_tfnone_rfnone,10,14,2.0,0.005,none,none,-0.23127385325680128,-0.23638320943619773,99,0.1919191919191919,0.2230944234240527,-0.5041070173917919,-0.11418992461669075,-0.11894346213230023,43,0.16279069767441862,0.15884084289330497,-0.59700568317364,-0.3665795416353325
lb10_atr20_m1.5_r0.005_tfnone_rfnone,10,20,1.5,0.005,none,none,-0.2796745798911541,-0.28012941722970686,120,0.21666666666666667,0.18791627802407163,-0.5512215523162756,-0.11844690987533335,-0.12306760669591632,48,0.25,0.19189886991867197,-0.5611416858809032,-0.3959173184362039
lb10_atr10_m1.5_r0.005_tfnone_rfnone,10,10,1.5,0.005,none,none,-0.30152412616164503,-0.3021403529226301,122,0.1885245901639344,0.15658396502160205,-0.5868013050518337,-0.11815791217082716,-0.12298655290450278,47,0.2127659574468085,0.2064346356020507,-0.5796669758153506,-0.41482025236609726
lb10_atr14_m1.5_r0.005_tfnone_rfnone,10,14,1.5,0.005,none,none,-0.2928048656342923,-0.2932938622384448,120,0.20833333333333334,0.1598860254903287,-0.5784742721822045,-0.12426188971965779,-0.12941640677593413,49,0.22448979591836735,0.1915938672055639,-0.5887673677048962,-0.41569194774620005
