key,breakout_lookback,atr_period,atr_mult,risk_per_trade,trend_filter,regime_filter,is_return,is_mdd,is_trades,is_win_rate,is_pf,is_avg_r,oos_return,oos_mdd,oos_trades,oos_win_rate,oos_pf,oos_avg_r,rank_score
lb55_atr14_m3.0_r0.0025_tfnone_rfadx20,55,14,3.0,0.0025,none,adx20,0.00039831292110359406,-0.01754172036764967,19,0.21052631578947367,1.0187546814243784,0.008269151026270322,0.0028699388818542726,-0.006150848325150338,6,0.6666666666666666,1.6669307968310605,0.18281041528890074,0.07133496367591309
lb55_atr14_m3.0_r0.005_tfnone_rfadx20,55,14,3.0,0.005,none,adx20,0.0004840084420691948,-0.03481288104974445,19,0.21052631578947367,1.0113104704819407,0.008269151026270247,0.005718307008184764,-0.012239494630413073,6,0.6666666666666666,1.6614880341424294,0.18281041528890074,0.06875482050764391
lb55_atr14_m3.0_r0.0025_tfma100_rfadx20,55,14,3.0,0.0025,ma100,adx20,-0.0012739989122262374,-0.017541720367649782,18,0.2222222222222222,0.9443041024890797,-0.025373967867326194,0.0028699388818542726,-0.006150848325150338,6,0.6666666666666666,1.6669307968310605,0.18281041528890074,0.06685691936890432
lb55_atr14_m3.0_r0.005_tfma100_rfadx20,55,14,3.0,0.005,ma100,adx20,-0.0028660693000327475,-0.034812881049744004,18,0.2222222222222222,0.9376915999537858,-0.0253739678673262,0.005718307008184764,-0.012239494630413073,6,0.6666666666666666,1.6614880341424294,0.18281041528890074,0.06353051447996277
lb55_atr10_m2.5_r0.0025_tfnone_rfadx20,55,10,2.5,0.0025,none,adx20,-0.011391283857106749,-0.024937527849352548,24,0.125,0.667109151907968,-0.17937272022888825,0.0029673451524816485,-0.006676654394211279,6,0.5,1.5453851471751066,0.18970610227930848,0.043550563122070736
lb55_atr20_m3.0_r0.0025_tfnone_rfadx20,55,20,3.0,0.0025,none,adx20,-0.01205734594019836,-0.023134742251275542,22,0.13636363636363635,0.612374640736844,-0.20810173739305385,0.0028788703170647967,-0.006094155842493398,6,0.6666666666666666,1.745879624584786,0.18319341501562106,0.04336884289235591
lb55_atr20_m3.0_r0.0025_tfma100_rfadx20,55,20,3.0,0.0025,ma100,adx20,-0.0131200971082307,-0.023134742251276208,21,0.14285714285714285,0.5918835983515429,-0.2371143011096655,0.0028788703170647967,-0.006094155842493398,6,0.6666666666666666,1.745879624584786,0.18319341501562106,0.04013684959649209
lb55_atr10_m3.0_r0.0025_tfnone_rfadx20,55,10,3.0,0.0025,none,adx20,-0.0056657797902051055,-0.020952962639618766,21,0.23809523809523808,0.7697514696876049,-0.10376257797819781,0.001847962389459168,-0.006583684766834241,6,0.6666666666666666,1.4193287036984765,0.11743364680243634,0.03958464778583044
lb55_atr10_m2.5_r0.0025_tfma100_rfadx20,55,10,2.5,0.0025,ma100,adx20,-0.013562371839091703,-0.024937527849353103,23,0.08695652173913043,0.6253694608481665,-0.2224363977542911,0.0029673451524816485,-0.006676654394211279,6,0.5,1.5453851471751066,0.18970610227930848,0.03836723499057676
lb55_atr10_m3.0_r0.0025_tfma100_rfadx20,55,10,3.0,0.0025,ma100,adx20,-0.007290879350073776,-0.0209529626396181,20,0.25,0.7217367957857971,-0.13931337934816393,0.001847962389459168,-0.006583684766834241,6,0.6666666666666666,1.4193287036984765,0.11743364680243634,0.035238503788048624
lb55_atr10_m2.5_r0.005_tfnone_rfadx20,55,10,2.5,0.005,none,adx20,-0.02311849770944374,-0.04930030546933872,24,0.125,0.6620392621709077,-0.1793727202288882,0.005901472710133193,-0.01328905342302189,6,0.5,1.540632964445746,0.18970610227930837,0.034611173025476935
lb55_atr20_m3.0_r0.005_tfnone_rfadx20,55,20,3.0,0.005,none,adx20,-0.024276373348768754,-0.0457864656113709,22,0.13636363636363635,0.6091277477823719,-0.20810173739305382,0.005738093019682422,-0.012122442503636477,6,0.6666666666666666,1.7399175663808795,0.1831934150156211,0.03455390473163026
lb55_atr10_m3.0_r0.005_tfnone_rfadx20,55,10,3.0,0.005,none,adx20,-0.011614986808964778,-0.04150916705352026,21,0.23809523809523808,0.7648153475283351,-0.10376257797819777,0.0036728267366454848,-0.01311111160725753,6,0.6666666666666666,1.4152414197478544,0.11743364680243636,0.033204649102175354
lb55_atr20_m3.0_r0.005_tfma100_rfadx20,55,20,3.0,0.005,ma100,adx20,-0.02638098232436681,-0.04578646561137145,21,0.14285714285714285,0.5886405035329908,-0.23711430110966542,0.005738093019682422,-0.012122442503636477,6,0.6666666666666666,1.7399175663808795,0.1831934150156211,0.030853115302789044
lb55_atr10_m2.5_r0.005_tfma100_rfadx20,55,10,2.5,0.005,ma100,adx20,-0.027413390250400238,-0.04930030546933872,23,0.08695652173913043,0.6204504381342268,-0.22243639775429094,0.005901472710133193,-0.01328905342302189,6,0.5,1.540632964445746,0.18970610227930837,0.028473716946188624
lb55_atr10_m3.0_r0.005_tfma100_rfadx20,55,10,3.0,0.005,ma100,adx20,-0.014851052948691268,-0.04150916705352037,20,0.25,0.717117779263295,-0.13931337934816396,0.0036728267366454848,-0.01311111160725753,6,0.6666666666666666,1.4152414197478544,0.11743364680243636,0.028136899752643458
lb55_atr14_m3.0_r0.0025_tfnone_rfnone,55,14,3.0,0.0025,none,none,-0.0001842465579064978,-0.015085020579005515,20,0.2,0.9917205524024284,-0.002217409515807227,-0.0029233812985229868,-0.010667061085202989,8,0.5,0.7103809142171055,-0.13923920419385966,-0.005678836763258688
lb55_atr14_m3.0_r0.0025_tfma100_rfnone,55,14,3.0,0.0025,ma100,none,-0.0018555845580157104,-0.015085020579005182,19,0.21052631578947367,0.9223212507854015,-0.03464176218037631,-0.0029233812985229868,-0.010667061085202989,8,0.5,0.7103809142171055,-0.13923920419385966,-0.009662494788414524
lb55_atr14_m3.0_r0.005_tfnone_rfnone,55,14,3.0,0.005,none,none,-0.0006846713855633846,-0.029974280442666368,20,0.2,0.9846827151733294,-0.0022174095158071358,-0.005884442457379735,-0.021211926024202965,8,0.5,0.7092199950559845,-0.13923920419385966,-0.012947435318915372
lb55_atr14_m3.0_r0.005_tfma100_rfnone,55,14,3.0,0.005,ma100,none,-0.004030835853445547,-0.02997428044266659,19,0.21052631578947367,0.915845511150672,-0.034641762180376345,-0.005884442457379735,-0.021211926024202965,8,0.5,0.7092199950559845,-0.13923920419385966,-0.017343897936273653
lb55_atr14_m2.5_r0.0025_tfnone_rfadx20,55,14,2.5,0.0025,none,adx20,-0.0034297817404824738,-0.020317101641686874,22,0.18181818181818182,0.88126482638916,-0.058715025955820906,-0.004195962121086971,-0.00802120535695261,9,0.4444444444444444,0.5216147023018464,-0.18077147876666808,-0.024022487347325396
lb55_atr14_m2.5_r0.0025_tfma100_rfadx20,55,14,2.5,0.0025,ma100,adx20,-0.005672349946965971,-0.020317101641686874,21,0.14285714285714285,0.815643612453672,-0.10066111700344596,-0.004195962121086971,-0.00802120535695261,9,0.4444444444444444,0.5216147023018464,-0.18077147876666808,-0.029237712677111886
lb30_atr14_m3.0_r0.0025_tfma100_rfadx20,30,14,3.0,0.0025,ma100,adx20,-0.017853993103216448,-0.031422451696622056,26,0.23076923076923078,0.5529894914007414,-0.2606028310782152,-0.001641682783770415,-0.009395316733144754,8,0.5,0.8249981221408206,-0.08042939971137136,-0.029757820146653742
lb55_atr10_m2.5_r0.0025_tfnone_rfnone,55,10,2.5,0.0025,none,none,-0.012054605150456754,-0.022508548795994843,25,0.12,0.6592050332293895,-0.18119601215708414,-0.0029913867609726585,-0.009981554837967144,8,0.375,0.737476554950621,-0.13949526642724755,-0.03003642231327813
lb10_atr20_m3.0_r0.0025_tfma100_rfadx20,10,20,3.0,0.0025,ma100,adx20,-0.036268727361470465,-0.044755009254250466,42,0.19047619047619047,0.4475617436226562,-0.33432730886420425,-7.588778626899106e-05,-0.01094470630342581,10,0.4,0.993429774690202,-0.006608701294647651,-0.03173026510109671
lb55_atr10_m3.0_r0.0025_tfnone_rfnone,55,10,3.0,0.0025,none,none,-0.006740148294507531,-0.01902398015968243,22,0.22727272727272727,0.7415788831315377,-0.11677360447578472,-0.00395516830147058,-0.01055761428687585,8,0.5,0.6125356864631015,-0.18909168984657415,-0.031830812068068315
lb55_atr20_m3.0_r0.0025_tfnone_rfnone,55,20,3.0,0.0025,none,none,-0.01518623931654095,-0.023183781475551224,24,0.125,0.5609659162478428,-0.24017752031257614,-0.002324961919181967,-0.010692765624896516,8,0.5,0.7434511338579027,-0.11219374834437489,-0.03299796311952365
lb55_atr14_m2.5_r0.005_tfnone_rfadx20,55,14,2.5,0.005,none,adx20,-0.007311325848224359,-0.040275986344215586,22,0.18181818181818182,0.8739458117732181,-0.05871502595582098,-0.008400659885312245,-0.015996881103023886,9,0.4444444444444444,0.521267322019643,-0.18077147876666816,-0.03309793981873275
lb30_atr20_m3.0_r0.0025_tfma100_rfadx20,30,20,3.0,0.0025,ma100,adx20,-0.022666361155226133,-0.030647225042524817,27,0.14814814814814814,0.4829616260695561,-0.317611315379331,-0.0011963614561538716,-0.009573631076897238,8,0.5,0.8642588776739962,-0.06066085643744392,-0.03336185098508598
lb55_atr10_m2.5_r0.0025_tfma100_rfnone,55,10,2.5,0.0025,ma100,none,-0.014224236409609792,-0.022508548795995176,24,0.08333333333333333,0.6191861234005113,-0.22254134028260333,-0.0029913867609726585,-0.009981554837967144,8,0.375,0.737476554950621,-0.13949526642724755,-0.03505067114408319
lb55_atr10_m3.0_r0.0025_tfma100_rfnone,55,10,3.0,0.0025,ma100,none,-0.008363491950025836,-0.01902398015968243,21,0.23809523809523808,0.6977826579918147,-0.15125108323278041,-0.00395516830147058,-0.01055761428687585,8,0.5,0.6125356864631015,-0.18909168984657415,-0.03603795646825576
lb55_atr20_m3.0_r0.0025_tfma100_rfnone,55,20,3.0,0.0025,ma100,none,-0.016245624666651137,-0.023183781475551335,23,0.13043478260869565,0.5440288867387761,-0.2680618516590269,-0.002324961919181967,-0.010692765624896516,8,0.5,0.7434511338579027,-0.11219374834437489,-0.036092404329732895
lb10_atr14_m3.0_r0.0025_tfma100_rfadx20,10,14,3.0,0.0025,ma100,adx20,-0.030579389399811974,-0.04212695748336026,40,0.225,0.4819938547233383,-0.29670702205764304,-0.0016909512046562325,-0.011406158076316841,10,0.4,0.8749178352584381,-0.06381796227451075,-0.037764573577506295
lb55_atr14_m2.5_r0.005_tfma100_rfadx20,55,14,2.5,0.005,ma100,adx20,-0.011782982027705002,-0.040275986344215475,21,0.14285714285714285,0.8088457783991654,-0.10066111700344596,-0.008400659885312245,-0.015996881103023886,9,0.4444444444444444,0.521267322019643,-0.18077147876666816,-0.03924615160917618
lb20_atr10_m2.5_r0.0025_tfma100_rfadx20,20,10,2.5,0.0025,ma100,adx20,-0.043806330148770445,-0.04964351064112904,39,0.15384615384615385,0.3769624547428862,-0.434597825384796,0.00028102324998502404,-0.011777464063405407,9,0.3333333333333333,1.0225667466512582,0.009662486806842643,-0.04212951620625629
lb10_atr10_m3.0_r0.0025_tfma100_rfadx20,10,10,3.0,0.0025,ma100,adx20,-0.03479079381432704,-0.04493711301850978,42,0.21428571428571427,0.46547672448088606,-0.3227461829532758,-0.0016637678041276915,-0.012321403104624262,10,0.4,0.8861922980379472,-0.06285789476409011,-0.04235213362729807
lb55_atr10_m3.0_r0.005_tfnone_rfnone,55,10,3.0,0.005,none,none,-0.01375431190322951,-0.03772399455800357,22,0.22727272727272727,0.7365638339470368,-0.11677360447578482,-0.007937716923965832,-0.021000029566613287,8,0.5,0.6117813926935081,-0.18909168984657412,-0.04257798416780661
lb55_atr10_m2.5_r0.005_tfnone_rfnone,55,10,2.5,0.005,none,none,-0.024434190586552385,-0.044553381288067406,25,0.12,0.653670207939951,-0.1811960121570841,-0.006033093751704688,-0.019854928522125337,8,0.375,0.7357508831146556,-0.13949526642724763,-0.043025294577535504
lb30_atr14_m3.0_r0.0025_tfnone_rfadx20,30,14,3.0,0.0025,none,adx20,-0.013131650003395778,-0.03227310068299605,29,0.3103448275862069,0.6739041698954952,-0.17185744980819703,-0.0048516634998433394,-0.012580367506703216,10,0.4,0.6144390685961189,-0.19256249803059272,-0.04363816424046576
lb30_atr14_m3.0_r0.005_tfma100_rfadx20,30,14,3.0,0.005,ma100,adx20,-0.0357509046030674,-0.06193523289130343,26,0.23076923076923078,0.5513450349483088,-0.2606028310782152,-0.003324686075147798,-0.018691636506347087,8,0.5,0.8233281741709234,-0.08042939971137139,-0.04547574541829577
lb10_atr10_m2.5_r0.0025_tfma100_rfadx20,10,10,2.5,0.0025,ma100,adx20,-0.054336253971626225,-0.05954142564472509,50,0.16,0.34506322157385316,-0.4208635083395702,0.00041314355755384113,-0.011777464063404852,11,0.45454545454545453,1.0286391586751487,0.017856662126889026,-0.04586424754072603
lb30_atr10_m3.0_r0.0025_tfma100_rfadx20,30,10,3.0,0.0025,ma100,adx20,-0.019596858983646714,-0.03455587624144851,27,0.25925925925925924,0.5414205755433207,-0.2798579308307163,-0.0029171860463464983,-0.009526512466803583,8,0.5,0.6957353717163319,-0.1422970572807431,-0.04609683974743841
lb20_atr10_m3.0_r0.0025_tfma100_rfadx20,20,10,3.0,0.0025,ma100,adx20,-0.03316466293748355,-0.04493270201154598,35,0.2,0.4407998875169615,-0.3700130812493931,-0.0014949649702198364,-0.012321403104624595,9,0.4444444444444444,0.8708688046808063,-0.06749619909573774,-0.0469744085964828
lb55_atr20_m3.0_r0.005_tfnone_rfnone,55,20,3.0,0.005,none,none,-0.03045867087307086,-0.04588444798545932,24,0.125,0.5577884475476196,-0.2401775203125761,-0.004685967748373154,-0.0212558349994717,8,0.5,0.7421718309293237,-0.11219374834437486,-0.04715191170325357
lb55_atr10_m3.0_r0.005_tfma100_rfnone,55,10,3.0,0.005,ma100,none,-0.01698337368998848,-0.03772399455800335,21,0.23809523809523808,0.6929660912109554,-0.1512510832327804,-0.007937716923965832,-0.021000029566613287,8,0.5,0.6117813926935081,-0.18909168984657412,-0.04750561766181408
lb20_atr14_m3.0_r0.0025_tfma100_rfadx20,20,14,3.0,0.0025,ma100,adx20,-0.032446269819571105,-0.042895091459342005,33,0.21212121212121213,0.408982176374784,-0.3806958008901215,-0.0016703556842956324,-0.011406158076316508,9,0.4444444444444444,0.8532096053608205,-0.07292472332143651,-0.048719680910467605
lb55_atr10_m2.5_r0.005_tfma100_rfnone,55,10,2.5,0.005,ma100,none,-0.028723298639307004,-0.04455338128806685,24,0.08333333333333333,0.613740057162641,-0.22254134028260328,-0.006033093751704688,-0.019854928522125337,8,0.375,0.7357508831146556,-0.13949526642724763,-0.04899237599541969
lb30_atr10_m2.5_r0.0025_tfma100_rfadx20,30,10,2.5,0.0025,ma100,adx20,-0.029333793349516024,-0.038394454708635006,31,0.12903225806451613,0.4462223951399448,-0.36027010121399206,-0.002144999377151957,-0.00914110159552961,8,0.375,0.7984338739308815,-0.10215570580760358,-0.05000100709810066
lb55_atr20_m3.0_r0.005_tfma100_rfnone,55,20,3.0,0.005,ma100,none,-0.03254994480326845,-0.04588444798545965,23,0.13043478260869565,0.5408157513440413,-0.2680618516590269,-0.004685967748373154,-0.0212558349994717,8,0.5,0.7421718309293237,-0.11219374834437486,-0.050711077274794555
lb30_atr20_m3.0_r0.005_tfma100_rfadx20,30,20,3.0,0.005,ma100,adx20,-0.04517088802825808,-0.0604428315615364,27,0.14814814814814814,0.4812522293936467,-0.317611315379331,-0.0024330263965951504,-0.01904040034197696,8,0.5,0.8624352434304792,-0.06066085643744392,-0.05085530824962104
lb20_atr20_m3.0_r0.0025_tfma100_rfadx20,20,20,3.0,0.0025,ma100,adx20,-0.03798756651620083,-0.04291908946464107,35,0.17142857142857143,0.3844270913922664,-0.420642386469579,-0.0012603308857209727,-0.0109447063034257,9,0.4444444444444444,0.8790856367715334,-0.056515942083481145,-0.05145327811136749
lb30_atr10_m3.0_r0.0025_tfnone_rfadx20,30,10,3.0,0.0025,none,adx20,-0.01288055368353258,-0.033946514080071655,30,0.3,0.6965780265710909,-0.16634945268714002,-0.00629628758189249,-0.012883215075456311,10,0.4,0.5142138654874244,-0.2478519726478745,-0.054851638227862334
lb10_atr14_m3.0_r0.0025_tfnone_rfadx20,10,14,3.0,0.0025,none,adx20,-0.03967032697724848,-0.05511844976087943,58,0.27586206896551724,0.5087360724416993,-0.27192898147282973,-0.0052609979082588465,-0.016828433648538144,18,0.3333333333333333,0.7515747813256126,-0.11540893640034221,-0.05538747275188814
lb30_atr20_m3.0_r0.0025_tfnone_rfadx20,30,20,3.0,0.0025,none,adx20,-0.018077898630667333,-0.03117310870897272,30,0.23333333333333334,0.5949599587948634,-0.22710254164439647,-0.005336108659497851,-0.013678656962510805,10,0.4,0.5878225250937016,-0.21169607995407036,-0.05555306675578098
lb10_atr20_m3.0_r0.005_tfma100_rfadx20,10,20,3.0,0.005,ma100,adx20,-0.07161143220366617,-0.08763411535304433,42,0.19047619047619047,0.4473238398410924,-0.33432730886420425,-0.00022305503026809337,-0.021752102396871864,10,0.4,0.9903952673668937,-0.006608701294647657,-0.05659009298492233
lb30_atr10_m2.5_r0.0025_tfnone_rfadx20,30,10,2.5,0.0025,none,adx20,-0.022551798386868604,-0.03832967728912451,34,0.23529411764705882,0.5802308007757773,-0.2520298301601079,-0.005404608497386776,-0.0123778571362535,10,0.3,0.6109743801720012,-0.2108220517523364,-0.06001001135082135
lb30_atr14_m3.0_r0.005_tfnone_rfadx20,30,14,3.0,0.005,none,adx20,-0.026686216396305307,-0.06360094293248342,29,0.3103448275862069,0.6695452513574435,-0.1718574498081971,-0.00972887610951123,-0.024997085386560203,10,0.4,0.6138176642701485,-0.19256249803059272,-0.06009231664528941
lb10_atr14_m3.0_r0.005_tfma100_rfadx20,10,14,3.0,0.005,ma100,adx20,-0.060669233901467945,-0.08260437094643514,40,0.225,0.48166826722990586,-0.29670702205764304,-0.0034602058434041183,-0.022663757548515795,10,0.4,0.8725353280051676,-0.06381796227451075,-0.060921784962284856
lb10_atr10_m3.0_r0.0025_tfnone_rfadx20,10,10,3.0,0.0025,none,adx20,-0.04282762935393514,-0.061495965065506364,61,0.26229508196721313,0.5252101210835933,-0.2827823353504811,-0.006068464087018555,-0.016916631351303613,19,0.3157894736842105,0.7394385593979026,-0.12787021605945006,-0.06120645399083175
lb55_atr20_m2.5_r0.0025_tfnone_rfadx20,55,20,2.5,0.0025,none,adx20,-0.010671580446117934,-0.023969591358154907,24,0.125,0.6804040426035403,-0.16407418628209916,-0.006824694814189902,-0.008942415115456681,9,0.3333333333333333,0.29694319157581617,-0.286906654749796,-0.06228075208217788
lb30_atr10_m3.0_r0.005_tfma100_rfadx20,30,10,3.0,0.005,ma100,adx20,-0.0391856272795118,-0.0679982665322929,27,0.25925925925925924,0.540315734294828,-0.27985793083071625,-0.005866492299012149,-0.018956076398367272,8,0.5,0.6946583167337631,-0.142297057280743,-0.06370012858773783
lb20_atr10_m2.5_r0.0025_tfnone_rfadx20,20,10,2.5,0.0025,none,adx20,-0.04404752999134065,-0.057658125698278995,46,0.21739130434782608,0.44521979527302585,-0.3741734740890171,-0.00391675764154098,-0.015924640288394576,14,0.2857142857142857,0.7929781225047218,-0.1105481096003227,-0.06475451482532507
lb20_atr10_m3.0_r0.0025_tfnone_rfadx20,20,10,3.0,0.0025,none,adx20,-0.03104780404020191,-0.05123324556149289,42,0.21428571428571427,0.5315005427201414,-0.2935495641279622,-0.006461161350349354,-0.017233752767925825,14,0.2857142857142857,0.6462370426002361,-0.18259451624881304,-0.06635339838141543
lb55_atr20_m2.5_r0.0025_tfma100_rfadx20,55,20,2.5,0.0025,ma100,adx20,-0.012363886398492951,-0.02396959135815513,23,0.13043478260869565,0.6471925812846802,-0.19883371705623898,-0.006824694814189902,-0.008942415115456681,9,0.3333333333333333,0.29694319157581617,-0.286906654749796,-0.06643246904733194
lb10_atr10_m3.0_r0.005_tfma100_rfadx20,10,10,3.0,0.005,ma100,adx20,-0.06878669963237771,-0.08799516527961504,42,0.21428571428571427,0.46569260024584086,-0.3227461829532758,-0.0028596524726715034,-0.02445358380039342,10,0.4,0.9006988051671706,-0.06285789476409001,-0.06720537852602279
lb55_atr14_m2.5_r0.0025_tfnone_rfnone,55,14,2.5,0.0025,none,none,-0.006536173235074605,-0.020244707603119028,24,0.16666666666666666,0.7990178120608756,-0.10207324014876057,-0.010096743720314105,-0.013899319921261144,11,0.36363636363636365,0.3115986308178191,-0.3522386251342693,-0.06735900811271744
lb10_atr10_m2.5_r0.0025_tfnone_rfadx20,10,10,2.5,0.0025,none,adx20,-0.07455764744547122,-0.08316346783612028,73,0.1917808219178082,0.3586018667884525,-0.40578133360262875,-0.0018565351604549196,-0.014367306305437255,20,0.4,0.9199514688065688,-0.03872971477717987,-0.0700454929236977
lb20_atr10_m2.5_r0.005_tfma100_rfadx20,20,10,2.5,0.005,ma100,adx20,-0.08619917418712708,-0.09694757305072188,39,0.15384615384615385,0.37651564664621734,-0.434597825384796,0.00044328254514969245,-0.023363197059031227,9,0.3333333333333333,1.0177103270431362,0.009662486806842606,-0.07085130439475532
lb20_atr10_m3.0_r0.005_tfma100_rfadx20,20,10,3.0,0.005,ma100,adx20,-0.06564341272837071,-0.08796360944023118,35,0.2,0.4411729981664915,-0.370013081249393,-0.0030693963601124974,-0.024453583800393308,9,0.4444444444444444,0.8679816230503862,-0.06749619909573767,-0.07168685966771188
lb30_atr10_m2.5_r0.005_tfma100_rfadx20,30,10,2.5,0.005,ma100,adx20,-0.05827639738644552,-0.07540190498165533,31,0.12903225806451613,0.4445176940385783,-0.3602701012139921,-0.004341026015361793,-0.018186390221747617,8,0.375,0.7964621285658541,-0.10215570580760358,-0.07182216004295626
lb55_atr14_m2.5_r0.0025_tfma100_rfnone,55,14,2.5,0.0025,ma100,none,-0.008771751171655628,-0.02024470760311914,23,0.13043478260869565,0.7449730668413397,-0.14225698476585028,-0.010096743720314105,-0.013899319921261144,11,0.36363636363636365,0.3115986308178191,-0.3522386251342693,-0.07200145007566318
lb30_atr10_m3.0_r0.005_tfnone_rfadx20,30,10,3.0,0.005,none,adx20,-0.02600753493632857,-0.0668341753821966,30,0.3,0.6947443252289139,-0.16634945268714005,-0.01259853110781295,-0.025599475615538547,10,0.4,0.5139825236564959,-0.2478519726478745,-0.07215927908339162
lb20_atr14_m3.0_r0.005_tfma100_rfadx20,20,14,3.0,0.005,ma100,adx20,-0.0642270146809999,-0.08405294996767099,33,0.21212121212121213,0.40925504625978315,-0.3806958008901215,-0.0034060845817206475,-0.022663757548515684,9,0.4444444444444444,0.850936028332232,-0.07292472332143646,-0.07270621266389715
lb10_atr20_m3.0_r0.0025_tfnone_rfadx20,10,20,3.0,0.0025,none,adx20,-0.04527066558480486,-0.056036390767436384,59,0.22033898305084745,0.47422576914866105,-0.3017825068862371,-0.007731477578361345,-0.019326328916984936,18,0.3333333333333333,0.6534967949089007,-0.1691035645077272,-0.07365679291538502
lb30_atr20_m3.0_r0.005_tfnone_rfadx20,30,20,3.0,0.005,none,adx20,-0.036330448305139096,-0.06147656126188872,30,0.23333333333333334,0.5920753248936163,-0.22710254164439644,-0.010693981297185795,-0.027163827867654144,10,0.4,0.5874027519328313,-0.21169607995407042,-0.07450064608536723
lb20_atr14_m3.0_r0.0025_tfnone_rfadx20,20,14,3.0,0.0025,none,adx20,-0.03363576984426453,-0.050439213570539376,40,0.25,0.4585476975805558,-0.3290270848109895,-0.007301477983652771,-0.01698236515376872,14,0.2857142857142857,0.6092274411922745,-0.20525997372677887,-0.0760787438845014
lb55_atr20_m2.5_r0.005_tfnone_rfadx20,55,20,2.5,0.005,none,adx20,-0.021663660439769195,-0.04743263498882122,24,0.125,0.675759880965937,-0.1640741862820991,-0.013626396525895257,-0.017816238483078117,9,0.3333333333333333,0.296031990084116,-0.286906654749796,-0.07662667633091674
lb20_atr20_m3.0_r0.005_tfma100_rfadx20,20,20,3.0,0.005,ma100,adx20,-0.074923509388095,-0.0841229046767693,35,0.17142857142857143,0.3843563591967546,-0.4206423864695791,-0.002579274613929372,-0.021752102396871753,9,0.4444444444444444,0.876795517506492,-0.056515942083481124,-0.07742372858194961
lb10_atr10_m2.5_r0.005_tfma100_rfadx20,10,10,2.5,0.005,ma100,adx20,-0.10640335767869225,-0.11530882471167714,50,0.16,0.34259952395004967,-0.4208635083395702,0.002261086449516503,-0.023363197059031227,11,0.45454545454545453,1.0823056169984746,0.017856662126889047,-0.07807717495430748
lb55_atr20_m2.5_r0.005_tfma100_rfadx20,55,20,2.5,0.005,ma100,adx20,-0.025015708944562398,-0.04743263498882122,23,0.13043478260869565,0.6426888052640505,-0.19883371705623898,-0.013626396525895257,-0.017816238483078117,9,0.3333333333333333,0.296031990084116,-0.286906654749796,-0.08152380339568073
lb30_atr10_m2.5_r0.005_tfnone_rfadx20,30,10,2.5,0.005,none,adx20,-0.04565125027519534,-0.07529975038351877,34,0.23529411764705882,0.5733017498089846,-0.2520298301601078,-0.01084018030239342,-0.024595169028330033,10,0.3,0.6099617571401068,-0.21082205175233643,-0.0818391417027504
lb55_atr14_m2.5_r0.005_tfnone_rfnone,55,14,2.5,0.005,none,none,-0.013504213081922734,-0.04013787880170172,24,0.16666666666666666,0.7925376354211034,-0.10207324014876056,-0.020134976170547714,-0.027641305777065917,11,0.36363636363636365,0.31191405862037547,-0.35223862513426935,-0.08304954371498326
lb30_atr14_m2.5_r0.0025_tfma100_rfadx20,30,14,2.5,0.0025,ma100,adx20,-0.021331769596178107,-0.034021667075716855,29,0.1724137931034483,0.5551667378580094,-0.2773022092299712,-0.008856134026438034,-0.012663475857628836,11,0.36363636363636365,0.35971203386646494,-0.3108984971991369,-0.08446702084098198
lb20_atr20_m3.0_r0.0025_tfnone_rfadx20,20,20,3.0,0.0025,none,adx20,-0.038697678660626345,-0.0498367201611859,42,0.21428571428571427,0.4398532489348983,-0.36062073069988887,-0.008120457092454458,-0.017738312635507736,14,0.2857142857142857,0.5670035761217377,-0.22795678712425754,-0.08639157190167165
lb30_atr14_m2.5_r0.0025_tfnone_rfadx20,30,14,2.5,0.0025,none,adx20,-0.01781074926064219,-0.03758840670726449,33,0.24242424242424243,0.6471759241973912,-0.20528181761628328,-0.01200462056621765,-0.01579986792261079,13,0.3076923076923077,0.29255294947378413,-0.36049192076544345,-0.08802968752460248
lb55_atr14_m2.5_r0.005_tfma100_rfnone,55,14,2.5,0.005,ma100,none,-0.017947972839102544,-0.04013787880170194,23,0.13043478260869565,0.7387493056889346,-0.14225698476585028,-0.020134976170547714,-0.027641305777065917,11,0.36363636363636365,0.31191405862037547,-0.35223862513426935,-0.08824133877046136
lb10_atr14_m3.0_r0.005_tfnone_rfadx20,10,14,3.0,0.005,none,adx20,-0.08122476756382135,-0.10736791824947212,58,0.27586206896551724,0.4902377253908426,-0.27192898147282973,-0.010612023480406907,-0.03339604457191536,18,0.3333333333333333,0.7501104558943861,-0.11540893640034221,-0.08887532649895134
lb55_atr20_m2.5_r0.0025_tfnone_rfnone,55,20,2.5,0.0025,none,none,-0.013355490103462708,-0.023452490683189664,26,0.15384615384615385,0.6343807074821614,-0.18992674771555335,-0.012061349121628928,-0.013428238439391449,11,0.2727272727272727,0.19276694056906643,-0.41772589867285653,-0.09349749944313307
lb20_atr14_m2.5_r0.0025_tfma100_rfadx20,20,14,2.5,0.0025,ma100,adx20,-0.036496967805473735,-0.04597638230051848,37,0.1891891891891892,0.4491830885385445,-0.38044579211670015,-0.008340821921940855,-0.01310988702342708,12,0.3333333333333333,0.4655496916831403,-0.268706956801538,-0.09401559759067953
lb20_atr10_m3.0_r0.005_tfnone_rfadx20,20,10,3.0,0.005,none,adx20,-0.06532233181667924,-0.0999846426869293,42,0.21428571428571427,0.5030335133528416,-0.2935495641279622,-0.012980218005934963,-0.03415181806351564,14,0.2857142857142857,0.6450974670897865,-0.182594516248813,-0.09690743514662718
lb55_atr20_m2.5_r0.0025_tfma100_rfnone,55,20,2.5,0.0025,ma100,none,-0.01504320506643575,-0.023452490683189775,25,0.16,0.6059562325476799,-0.2229396184851002,-0.012061349121628928,-0.013428238439391449,11,0.2727272727272727,0.19276694056906643,-0.41772589867285653,-0.09744405435561836
lb20_atr10_m2.5_r0.005_tfnone_rfadx20,20,10,2.5,0.005,none,adx20,-0.08896969777675123,-0.11215509877865082,46,0.21739130434782608,0.43083397903628845,-0.3741734740890171,-0.007960482024498061,-0.031566986224459526,14,0.2857142857142857,0.7901727767584937,-0.11054810960032278,-0.09909588022655237
lb10_atr10_m3.0_r0.005_tfnone_rfadx20,10,10,3.0,0.005,none,adx20,-0.09237193560284185,-0.11939984278221849,61,0.26229508196721313,0.47849509688531777,-0.28278233535048103,-0.012241447071317357,-0.03355241560525035,19,0.3157894736842105,0.7377006868684075,-0.12787021605945006,-0.099852775498977
lb20_atr14_m2.5_r0.0025_tfnone_rfadx20,20,14,2.5,0.0025,none,adx20,-0.038108515243899244,-0.05586306947716968,45,0.2222222222222222,0.4944865475577937,-0.3317474797196227,-0.01313865114948598,-0.017884642638144488,17,0.29411764705882354,0.41626639631100965,-0.30096271663958113,-0.10147096925667067
lb10_atr14_m2.5_r0.0025_tfma100_rfadx20,10,14,2.5,0.0025,ma100,adx20,-0.04372161649959827,-0.05565625707373445,48,0.1875,0.4390263705448793,-0.3523996066543609,-0.010990414429764117,-0.017247450826464505,14,0.2857142857142857,0.47050736011385375,-0.3011742357511741,-0.10398677704527408
lb30_atr14_m2.5_r0.005_tfma100_rfadx20,30,14,2.5,0.005,ma100,adx20,-0.04196205758825877,-0.06698290810128793,29,0.1724137931034483,0.5569396059995988,-0.27730220922997123,-0.01767457133739514,-0.025199749059923282,11,0.36363636363636365,0.35990948357763974,-0.3108984971991369,-0.1064523303497666
lb20_atr14_m3.0_r0.005_tfnone_rfadx20,20,14,3.0,0.005,none,adx20,-0.06795228183098467,-0.09846818114781619,40,0.25,0.44827941664629223,-0.3290270848109896,-0.014639422925187828,-0.033680028586235755,14,0.2857142857142857,0.608477164964888,-0.20525997372677884,-0.10674493928587374
lb30_atr20_m2.5_r0.0025_tfma100_rfadx20,30,20,2.5,0.0025,ma100,adx20,-0.027682033948780438,-0.03794011158326682,31,0.1935483870967742,0.4693982300654061,-0.3363842425253023,-0.01076759214243439,-0.012136271472758087,11,0.2727272727272727,0.26294733200881365,-0.37457154298818923,-0.10709147972655064
lb10_atr20_m3.0_r0.005_tfnone_rfadx20,10,20,3.0,0.005,none,adx20,-0.08922501303571795,-0.10910785126619571,59,0.22033898305084745,0.473485692172435,-0.3017825068862371,-0.015511279904852793,-0.038300056628576606,18,0.3333333333333333,0.6529787562943782,-0.1691035645077272,-0.1100961867839399
lb30_atr14_m3.0_r0.0025_tfnone_rfnone,30,14,3.0,0.0025,none,none,-0.016372644471761344,-0.029638550063501246,33,0.2727272727272727,0.6511376560934463,-0.18907435576452503,-0.017999804540463127,-0.02418932370952731,14,0.2857142857142857,0.2996349809388482,-0.48575535265633446,-0.11083105911541655
lb30_atr14_m3.0_r0.0025_tfma100_rfnone,30,14,3.0,0.0025,ma100,none,-0.01976935435068594,-0.027485774141989605,29,0.20689655172413793,0.5634668963938447,-0.25895849077839456,-0.014832234867692695,-0.021041719137883774,12,0.3333333333333333,0.3419737958098285,-0.45986542954781057,-0.11117490280496971
lb30_atr14_m2.5_r0.005_tfnone_rfadx20,30,14,2.5,0.005,none,adx20,-0.03631460909976192,-0.07387982750716415,33,0.24242424242424243,0.6374884248387123,-0.20528181761628334,-0.02391101927631123,-0.031388422221023005,13,0.3076923076923077,0.2926792458565999,-0.36049192076544345,-0.11213802273613217
lb55_atr20_m2.5_r0.005_tfnone_rfnone,55,20,2.5,0.005,none,none,-0.026978154139677968,-0.04642619064440512,26,0.15384615384615385,0.6298355892725481,-0.18992674771555335,-0.024014614870597084,-0.026711585509134772,11,0.2727272727272727,0.1924028922108097,-0.41772589867285653,-0.11292680533825279
lb30_atr20_m2.5_r0.0025_tfnone_rfadx20,30,20,2.5,0.0025,none,adx20,-0.024164272020702593,-0.04101944953970027,35,0.2,0.5566700575078156,-0.26092329226808514,-0.01473734958083539,-0.016100536445577407,13,0.23076923076923078,0.20631690756155124,-0.4381006189475602,-0.11306225044133747
lb10_atr14_m2.5_r0.0025_tfnone_rfadx20,10,14,2.5,0.0025,none,adx20,-0.05683535067804957,-0.07161199099140814,69,0.2318840579710145,0.4500818331904006,-0.32704629208849534,-0.01806735006506932,-0.024429835891748075,24,0.20833333333333334,0.44452843243353707,-0.2933142636327551,-0.11477634112867494
lb10_atr20_m3.0_r0.0025_tfma100_rfnone,10,20,3.0,0.0025,ma100,none,-0.04476062337572129,-0.04758298786221993,47,0.1702127659574468,0.39814817965473975,-0.36970291984735515,-0.013601088154078234,-0.02477571873221962,15,0.26666666666666666,0.46728584322218775,-0.3439350712769916,-0.11567200891485278
lb10_atr20_m2.5_r0.0025_tfma100_rfadx20,10,20,2.5,0.0025,ma100,adx20,-0.04722116500393614,-0.05676967862333138,50,0.18,0.42539220397012356,-0.36516490807204477,-0.013508108085218407,-0.017603087604522782,16,0.3125,0.29886753277095346,-0.3263954131016117,-0.11590019053767964
lb55_atr20_m2.5_r0.005_tfma100_rfnone,55,20,2.5,0.005,ma100,none,-0.030311993732117126,-0.04642619064440556,25,0.16,0.6014626849034711,-0.22293961848510013,-0.024014614870597084,-0.026711585509134772,11,0.2727272727272727,0.1924028922108097,-0.41772589867285653,-0.11761357484306112
lb20_atr14_m3.0_r0.0025_tfma100_rfnone,20,14,3.0,0.0025,ma100,none,-0.034025466805671756,-0.038698825172452156,36,0.19444444444444445,0.43193195927626493,-0.36596059875718473,-0.0140989170356155,-0.0203130233871458,13,0.3076923076923077,0.40684126753852023,-0.4027311408982671,-0.11876175853476217
lb20_atr10_m3.0_r0.0025_tfma100_rfnone,20,10,3.0,0.0025,ma100,none,-0.036125167955396886,-0.04209882121245101,38,0.18421052631578946,0.44705395215967575,-0.3707587076733459,-0.01376196203676161,-0.020855058252499337,13,0.3076923076923077,0.4218985278704393,-0.39671252980779703,-0.11912764003957507
lb20_atr10_m2.5_r0.0025_tfma100_rfnone,20,10,2.5,0.0025,ma100,none,-0.046018252029509266,-0.046018252029509266,42,0.16666666666666666,0.38536541062880353,-0.4233578892084975,-0.012412811068559848,-0.020485507711258122,13,0.23076923076923078,0.5053068185312992,-0.34898201098171,-0.11915761910735413
lb10_atr10_m2.5_r0.005_tfnone_rfadx20,10,10,2.5,0.005,none,adx20,-0.14946731924607237,-0.1592694123732481,73,0.1917808219178082,0.33284252299615363,-0.4057813336026288,-0.0038950200111316224,-0.02853492250144496,20,0.4,0.9163801070536048,-0.038729714777179874,-0.11955453901200222
lb30_atr10_m3.0_r0.0025_tfnone_rfnone,30,10,3.0,0.0025,none,none,-0.017213570040936932,-0.032370226086425036,34,0.2647058823529412,0.654690601542801,-0.19553447421950376,-0.019200656174628294,-0.025161271187350676,14,0.2857142857142857,0.25692260349423923,-0.52154199041915,-0.11975324465499752
lb20_atr20_m3.0_r0.005_tfnone_rfadx20,20,20,3.0,0.005,none,adx20,-0.07813935924999083,-0.09734292211835716,42,0.21428571428571427,0.4269875152842773,-0.36062073069988887,-0.01625794199143571,-0.03516783285392511,14,0.2857142857142857,0.5666548095432592,-0.2279567871242576,-0.1199403795437297
lb30_atr20_m3.0_r0.0025_tfma100_rfnone,30,20,3.0,0.0025,ma100,none,-0.029680323340409265,-0.0317099786992473,31,0.12903225806451613,0.419594268871361,-0.36352457370762775,-0.013704045720946967,-0.020242470499416187,12,0.3333333333333333,0.3564102406105669,-0.42673614749553773,-0.12039309464983482
lb10_atr14_m3.0_r0.0025_tfma100_rfnone,10,14,3.0,0.0025,ma100,none,-0.03842875458064676,-0.044157109565860386,44,0.20454545454545456,0.41949121690653035,-0.3383979329629608,-0.016149080283871298,-0.02591572126880537,15,0.26666666666666666,0.4284791535384965,-0.4048299877220185,-0.12172970745409792
lb55_atr20_m2.0_r0.0025_tfnone_rfadx20,55,20,2.0,0.0025,none,adx20,-0.03996208891579467,-0.0412307551465223,30,0.16666666666666666,0.18916469198514801,-0.5065801114428213,-0.009715233766730558,-0.01164542153120407,11,0.18181818181818182,0.3007571395770672,-0.3346596046829506,-0.12298338592706505
lb55_atr14_m2.0_r0.0025_tfnone_rfadx20,55,14,2.0,0.0025,none,adx20,-0.032122745822140586,-0.03500929570276001,29,0.20689655172413793,0.23862854828348512,-0.42090511975374406,-0.0121014973908935,-0.014076235819490024,12,0.08333333333333333,0.13642183638264493,-0.38322411526892125,-0.12360947303962264
lb20_atr14_m2.5_r0.005_tfma100_rfadx20,20,14,2.5,0.005,ma100,adx20,-0.07150101264624242,-0.09000086859484269,37,0.1891891891891892,0.4507891055468651,-0.3804457921167002,-0.016666183104526056,-0.026077298086485623,12,0.3333333333333333,0.4657205839271967,-0.26870695680153805,-0.12386112579970143
lb30_atr10_m3.0_r0.0025_tfma100_rfnone,30,10,3.0,0.0025,ma100,none,-0.022775078237286972,-0.031865735299857034,30,0.23333333333333334,0.5351576297922482,-0.2921998358909239,-0.015865436101113684,-0.021846320257536078,12,0.3333333333333333,0.29517753127007074,-0.4967870498029416,-0.12403628553217991
lb30_atr20_m3.0_r0.0025_tfnone_rfnone,30,20,3.0,0.0025,none,none,-0.02602361849496926,-0.03312755796526223,35,0.2,0.5073615331603445,-0.2818842120397371,-0.01779195225315433,-0.02430327718472025,14,0.2857142857142857,0.29881050543955506,-0.4823219798562576,-0.12434100157099895
lb20_atr20_m3.0_r0.0025_tfma100_rfnone,20,20,3.0,0.0025,ma100,none,-0.04450169156793882,-0.04554821946619603,39,0.15384615384615385,0.35029075410800103,-0.4425731152025856,-0.01287860801461771,-0.01942250484468433,13,0.3076923076923077,0.41481582452149074,-0.3694136102128657,-0.1255234953420114
lb20_atr20_m2.5_r0.0025_tfma100_rfadx20,20,20,2.5,0.0025,ma100,adx20,-0.042276817503879016,-0.04937033666192259,39,0.1794871794871795,0.4053390601251564,-0.4178871390306658,-0.012782795751679843,-0.014148686892388573,13,0.23076923076923078,0.23108879829113324,-0.3776391718113303,-0.12581480965139283
lb30_atr10_m2.5_r0.0025_tfnone_rfnone,30,10,2.5,0.0025,none,none,-0.025918206717756576,-0.03564938591362021,38,0.23684210526315788,0.5639453030040811,-0.2589361418597555,-0.018911345425649873,-0.02390586622172064,14,0.21428571428571427,0.30882803028999567,-0.505371317913913,-0.1261070515541938
lb20_atr10_m3.0_r0.0025_tfnone_rfnone,20,10,3.0,0.0025,none,none,-0.037924436731830435,-0.04940836461538045,47,0.19148936170212766,0.50144044776656,-0.3191816539634477,-0.021022589360935595,-0.02806346661308179,19,0.21052631578947367,0.3583367055519593,-0.42337969085890315,-0.12731699706995414
lb20_atr10_m2.5_r0.0025_tfnone_rfnone,20,10,2.5,0.0025,none,none,-0.0497665343307383,-0.05449614062225738,51,0.21568627450980393,0.4300925128057552,-0.3807822053434644,-0.01885592705998229,-0.026875956635493692,19,0.21052631578947367,0.4416469328394234,-0.372864023263528,-0.12816366891721415
lb55_atr20_m2.0_r0.0025_tfma100_rfadx20,55,20,2.0,0.0025,ma100,adx20,-0.042105580760004924,-0.042105580760004924,29,0.13793103448275862,0.17304448015960444,-0.5522936422085446,-0.009715233766730558,-0.01164542153120407,11,0.18181818181818182,0.3007571395770672,-0.3346596046829506,-0.12823962900901623
lb10_atr14_m3.0_r0.0025_tfnone_rfnone,10,14,3.0,0.0025,none,none,-0.04957359991224208,-0.05634257914509522,64,0.25,0.46042565375027134,-0.3067406819431341,-0.024513995413784073,-0.03604768272372272,25,0.24,0.3968897468059564,-0.3783861702282756,-0.12880491893159643
lb55_atr14_m2.0_r0.0025_tfma100_rfadx20,55,14,2.0,0.0025,ma100,adx20,-0.03514003263761478,-0.036476248645302856,28,0.17857142857142858,0.20823079024418945,-0.47619798243079975,-0.0121014973908935,-0.014076235819490024,12,0.08333333333333333,0.13642183638264493,-0.38322411526892125,-0.130329927462197
lb20_atr20_m2.5_r0.0025_tfnone_rfadx20,20,20,2.5,0.0025,none,adx20,-0.043190132287781346,-0.05840429339857611,47,0.1702127659574468,0.45785831070240995,-0.3593801221657239,-0.018712266195091587,-0.020069953456134382,18,0.16666666666666666,0.23057661616296324,-0.4020510366546346,-0.13059739277952345
lb30_atr10_m2.5_r0.0025_tfma100_rfnone,30,10,2.5,0.0025,ma100,none,-0.0318545108112398,-0.03489459294498054,34,0.14705882352941177,0.44941427453060684,-0.3561884600041518,-0.015696002228274053,-0.020706891676036787,12,0.25,0.35018136155338553,-0.4820186316443538,-0.13118349739838386
lb55_atr10_m2.0_r0.0025_tfma100_rfadx20,55,10,2.0,0.0025,ma100,adx20,-0.03750918199451114,-0.03750918199451114,28,0.14285714285714285,0.17735566331120114,-0.5110906327509946,-0.010555473640540991,-0.012357190727927181,11,0.09090909090909091,0.10870999389054309,-0.36674998872562964,-0.13148402165631382
lb55_atr10_m2.0_r0.0025_tfnone_rfadx20,55,10,2.0,0.0025,none,adx20,-0.03935703456813222,-0.04055810116025094,30,0.13333333333333333,0.17017641139700024,-0.5009119734160427,-0.010555473640540991,-0.012357190727927181,11,0.09090909090909091,0.10870999389054309,-0.36674998872562964,-0.1319271534509377
lb10_atr10_m3.0_r0.0025_tfma100_rfnone,10,10,3.0,0.0025,ma100,none,-0.041321992789603024,-0.04566272851262254,46,0.1956521739130435,0.43078823118100473,-0.34965230400271713,-0.01893943464535497,-0.027691950982812075,16,0.25,0.4114224186680199,-0.4438441029410932,-0.13277750479430334
lb20_atr14_m3.0_r0.0025_tfnone_rfnone,20,14,3.0,0.0025,none,none,-0.0389680683277972,-0.04707528554063456,45,0.2222222222222222,0.4493285170823015,-0.33897479063679553,-0.021851699767445165,-0.02801694055097048,19,0.21052631578947367,0.3412648446492162,-0.4387498207002156,-0.13301353628302554
lb30_atr20_m2.5_r0.005_tfma100_rfadx20,30,20,2.5,0.005,ma100,adx20,-0.054919344040524565,-0.07455288303222463,31,0.1935483870967742,0.4681891462874018,-0.33638424252530225,-0.02145770734490604,-0.02416174356519052,11,0.2727272727272727,0.26230704489017614,-0.3745715429881893,-0.13350542435456392
lb10_atr20_m3.0_r0.0025_tfnone_rfnone,10,20,3.0,0.0025,none,none,-0.05830182970796227,-0.06135362307245795,67,0.19402985074626866,0.4226987171550364,-0.3433005562228561,-0.02266840786823665,-0.034537011963010955,24,0.25,0.39830583034100225,-0.36656388938061274,-0.1336727085087122
lb10_atr20_m2.5_r0.0025_tfnone_rfadx20,10,20,2.5,0.0025,none,adx20,-0.059835819497178866,-0.0706857254525105,70,0.18571428571428572,0.4245596753126085,-0.33665463477375873,-0.023139095385168895,-0.027194096171685556,25,0.32,0.30625477789219363,-0.35937286315967776,-0.13404461385003447
lb10_atr10_m3.0_r0.0025_tfnone_rfnone,10,10,3.0,0.0025,none,none,-0.048724557365491084,-0.05880421522632229,66,0.24242424242424243,0.5087418715857541,-0.29549373287561675,-0.028408482924905387,-0.03707652129770511,27,0.2222222222222222,0.3801869604238811,-0.4055465145130501,-0.1344247769473284
lb30_atr14_m3.0_r0.005_tfma100_rfnone,30,14,3.0,0.005,ma100,none,-0.039539290650206005,-0.05430793773623521,29,0.20689655172413793,0.5608053521754911,-0.25895849077839456,-0.026618574163758346,-0.038821911139695464,12,0.3333333333333333,0.3664070765756784,-0.45986542954781046,-0.13448331081561388
lb30_atr14_m3.0_r0.005_tfnone_rfnone,30,14,3.0,0.005,none,none,-0.03310175382463565,-0.058510626732561466,33,0.2727272727272727,0.6466673534363268,-0.18907435576452503,-0.03287308808607703,-0.04499801187373165,14,0.2857142857142857,0.31850846442062963,-0.48575535265633446,-0.13534528716692384
lb10_atr10_m2.5_r0.0025_tfma100_rfnone,10,10,2.5,0.0025,ma100,none,-0.05904307399848163,-0.06255488851111801,55,0.16363636363636364,0.34402909817710137,-0.41715368926745405,-0.017326349117395057,-0.02660223359906355,17,0.29411764705882354,0.4665132842896034,-0.3729071365835739,-0.13616218337242322
lb55_atr20_m2.0_r0.0025_tfnone_rfnone,55,20,2.0,0.0025,none,none,-0.03782210237630346,-0.039093596546037945,34,0.20588235294117646,0.29036996328001735,-0.4212295740610698,-0.015357164086411523,-0.017276355029321788,13,0.15384615384615385,0.21371781730980746,-0.44863939691581933,-0.1379764498181147
lb20_atr14_m2.5_r0.005_tfnone_rfadx20,20,14,2.5,0.005,none,adx20,-0.07782562965862083,-0.1087976826811784,45,0.2222222222222222,0.47519109726106457,-0.33174747971962265,-0.026185743676729656,-0.035505750555232085,17,0.29411764705882354,0.4161378187388032,-0.30096271663958113,-0.13871701503105707
lb55_atr14_m2.0_r0.0025_tfnone_rfnone,55,14,2.0,0.0025,none,none,-0.030274214801028765,-0.033166277650338416,32,0.25,0.3355333505471282,-0.3578018517266616,-0.018176069194054567,-0.02013866498821526,14,0.07142857142857142,0.09516768117102942,-0.49289023053245956,-0.13952302100920394
lb10_atr14_m2.5_r0.005_tfma100_rfadx20,10,14,2.5,0.005,ma100,adx20,-0.08625309700711181,-0.10802692154824978,48,0.1875,0.43616436663341085,-0.3523996066543609,-0.021788085178715777,-0.03410475560065396,14,0.2857142857142857,0.47255198879353594,-0.3011742357511741,-0.14076963523511657
lb30_atr20_m2.5_r0.005_tfnone_rfadx20,30,20,2.5,0.005,none,adx20,-0.04924415316260755,-0.08048613728324394,35,0.2,0.5452877901113589,-0.2609232922680852,-0.02930390887254175,-0.03198626344116784,13,0.23076923076923078,0.20569228535278367,-0.4381006189475602,-0.1421471238093166
lb20_atr20_m3.0_r0.0025_tfnone_rfnone,20,20,3.0,0.0025,none,none,-0.04814739693335146,-0.05053780200136804,48,0.1875,0.3879963033453142,-0.3930303488822255,-0.02153988150129693,-0.028026360388065052,19,0.21052631578947367,0.32939821220513404,-0.435144850295102,-0.1424793768038328
lb55_atr20_m2.0_r0.0025_tfma100_rfnone,55,20,2.0,0.0025,ma100,none,-0.03997037220234256,-0.03997037220234256,33,0.18181818181818182,0.27221623850556903,-0.45881569087392515,-0.015357164086411523,-0.017276355029321788,13,0.15384615384615385,0.21371781730980746,-0.44863939691581933,-0.14254531916297147
lb55_atr14_m2.0_r0.0025_tfma100_rfnone,55,14,2.0,0.0025,ma100,none,-0.033297264277267646,-0.03463603229940837,31,0.22580645161290322,0.30256106214266,-0.4057082029179674,-0.018176069194054567,-0.02013866498821526,14,0.07142857142857142,0.09516768117102942,-0.49289023053245956,-0.14562717368186742
lb30_atr14_m2.0_r0.0025_tfnone_rfadx20,30,14,2.0,0.0025,none,adx20,-0.04437533717393782,-0.05182252912219576,41,0.2682926829268293,0.31744348578865555,-0.4142259293391478,-0.018624711779033576,-0.02058641076876444,16,0.125,0.1480928881158321,-0.4482973790568593,-0.1456922390786021
lb30_atr14_m2.5_r0.0025_tfnone_rfnone,30,14,2.5,0.0025,none,none,-0.026590202246385086,-0.040235799891224056,39,0.20512820512820512,0.5542613578701175,-0.2593567502160909,-0.02569299903086142,-0.029435664378003712,17,0.23529411764705882,0.16117949119019137,-0.5714170165546782,-0.1459692616990976
lb30_atr10_m3.0_r0.005_tfnone_rfnone,30,10,3.0,0.005,none,none,-0.03456807046813326,-0.0637970167573706,34,0.2647058823529412,0.6526622070615823,-0.19553447421950376,-0.03654301372838353,-0.048190923396471574,14,0.2857142857142857,0.2658367456533908,-0.52154199041915,-0.14733357056536617
lb30_atr20_m3.0_r0.005_tfma100_rfnone,30,20,3.0,0.005,ma100,none,-0.05884743860434838,-0.06250507602098443,31,0.12903225806451613,0.41770249550017496,-0.36352457370762775,-0.02492229256978784,-0.03777580712148776,12,0.3333333333333333,0.3781805858085473,-0.4267361474955378,-0.14815365532128852
lb10_atr10_m2.5_r0.0025_tfnone_rfnone,10,10,2.5,0.0025,none,none,-0.08230235112417172,-0.08375227146226505,81,0.18518518518518517,0.36174941954540485,-0.40484807249005367,-0.024794857802782566,-0.03426199208326941,28,0.2857142857142857,0.4647244134455085,-0.33499174063615567,-0.14830653497261567
lb30_atr14_m2.5_r0.0025_tfma100_rfnone,30,14,2.5,0.0025,ma100,none,-0.02908564296745475,-0.035691528873839196,34,0.14705882352941177,0.4819220396756424,-0.32308398378977005,-0.022588133823979506,-0.026342726080613055,15,0.26666666666666666,0.17968627535834672,-0.5631718520446182,-0.14857914651461357
lb20_atr14_m3.0_r0.005_tfma100_rfnone,20,14,3.0,0.005,ma100,none,-0.06730891366838054,-0.07601643379042866,36,0.19444444444444445,0.43108334482048993,-0.36596059875718473,-0.02518858570929594,-0.03845217689776359,13,0.3076923076923077,0.4340791262525439,-0.4027311408982671,-0.14925704471964488
lb55_atr20_m1.5_r0.0025_tfma100_rfadx20,55,20,1.5,0.0025,ma100,adx20,-0.04489279919287059,-0.04489279919287059,32,0.25,0.17390125144184052,-0.5223985502544753,-0.017128411936502497,-0.019392787720085014,15,0.26666666666666666,0.24834393617929884,-0.427479815274708,-0.14945617612986312
lb55_atr10_m2.0_r0.0025_tfma100_rfnone,55,10,2.0,0.0025,ma100,none,-0.03745826154581733,-0.03745826154581733,32,0.15625,0.25432453848267367,-0.44521856733432275,-0.016654507885688008,-0.018445119010159328,13,0.07692307692307693,0.07175604371261995,-0.48788274230565415,-0.15022400435175995
lb20_atr14_m2.5_r0.0025_tfma100_rfnone,20,14,2.5,0.0025,ma100,none,-0.04376759212635928,-0.04726380889414383,42,0.16666666666666666,0.4080778195807767,-0.4017755153162496,-0.0211401703320645,-0.02490032473982684,16,0.25,0.2548094193916087,-0.4930247317009416,-0.1504318035248726
lb55_atr10_m2.0_r0.0025_tfnone_rfnone,55,10,2.0,0.0025,none,none,-0.03930621187983285,-0.040507342014219794,34,0.14705882352941177,0.24494511117029077,-0.4401122247103458,-0.016654507885688008,-0.018445119010159328,13,0.07692307692307693,0.07175604371261995,-0.48788274230565415,-0.1511341322748253
lb30_atr10_m3.0_r0.005_tfma100_rfnone,30,10,3.0,0.005,ma100,none,-0.04543188851965185,-0.06280646128207767,30,0.23333333333333334,0.5332066306348515,-0.29219983589092396,-0.02997422684024198,-0.04170155119667851,12,0.3333333333333333,0.3066142346668684,-0.49678704980294147,-0.15128321652236768
lb20_atr10_m3.0_r0.005_tfma100_rfnone,20,10,3.0,0.005,ma100,none,-0.07138264019169038,-0.08255202128003536,38,0.18421052631578946,0.4465151276279085,-0.37075870767334584,-0.025859473186483184,-0.04078026681698743,13,0.3076923076923077,0.43667667205622596,-0.3967125298077972,-0.15220861976044345
lb55_atr14_m2.0_r0.005_tfnone_rfadx20,55,14,2.0,0.005,none,adx20,-0.06299034909078371,-0.06856643284615094,29,0.20689655172413793,0.24035498149411405,-0.42090511975374406,-0.024090879691667122,-0.027984641362950202,12,0.08333333333333333,0.13624213661433796,-0.38322411526892125,-0.1523936160140823
lb55_atr20_m1.5_r0.0025_tfma100_rfnone,55,20,1.5,0.0025,ma100,none,-0.03889571418373161,-0.03889571418373161,36,0.3055555555555556,0.33159302065168156,-0.3991754816630299,-0.023049226392064415,-0.025299961585121045,17,0.23529411764705882,0.19709390682716746,-0.5084404247826131,-0.1524279016688859
lb30_atr14_m2.0_r0.0025_tfma100_rfadx20,30,14,2.0,0.0025,ma100,adx20,-0.05116306985263064,-0.05247709586431648,37,0.24324324324324326,0.18816824669823348,-0.5273091476929023,-0.015572176817248429,-0.017539977605977586,14,0.14285714285714285,0.17244111451207011,-0.424011225488035,-0.15319827252334672
lb30_atr20_m2.0_r0.0025_tfnone_rfadx20,30,20,2.0,0.0025,none,adx20,-0.05349468852080652,-0.059541811982669834,43,0.23255813953488372,0.27416193710749787,-0.47816769110661517,-0.017271711283991853,-0.01918717053708796,15,0.13333333333333333,0.23328660314562014,-0.4427272575621114,-0.1532516322824787
lb55_atr20_m2.0_r0.005_tfnone_rfadx20,55,20,2.0,0.005,none,adx20,-0.07755307646020726,-0.07997904045844317,30,0.16666666666666666,0.19195847624375295,-0.5065801114428213,-0.0193797775539164,-0.023187505417282317,11,0.18181818181818182,0.3001612176999896,-0.33465960468295053,-0.15362281690093985
lb20_atr10_m2.5_r0.005_tfma100_rfnone,20,10,2.5,0.005,ma100,none,-0.09044190335179525,-0.09044190335179525,42,0.16666666666666666,0.38395204355158885,-0.4233578892084975,-0.020887859671660847,-0.0388780291533013,13,0.23076923076923078,0.5478600098082952,-0.3489820109817099,-0.15399595881854897
lb10_atr20_m3.0_r0.005_tfma100_rfnone,10,20,3.0,0.005,ma100,none,-0.08792498057921883,-0.0933041357225598,47,0.1702127659574468,0.39765520131989524,-0.36970291984735515,-0.025936504857255516,-0.047788549772578626,15,0.26666666666666666,0.47950558355285805,-0.34393507127699163,-0.1540316369501829
lb55_atr20_m1.5_r0.0025_tfnone_rfadx20,55,20,1.5,0.0025,none,adx20,-0.05031619838114787,-0.05032665915597001,35,0.22857142857142856,0.15736434882918907,-0.5365496353727922,-0.017128411936502497,-0.019392787720085014,15,0.26666666666666666,0.24834393617929884,-0.427479815274708,-0.15406930358470736
lb30_atr20_m3.0_r0.005_tfnone_rfnone,30,20,3.0,0.005,none,none,-0.0518851654618695,-0.06526336202521144,35,0.2,0.5047862457869979,-0.2818842120397372,-0.03299701153983925,-0.04574408481307335,14,0.2857142857142857,0.31436430907310386,-0.4823219798562576,-0.1541388442121114
lb30_atr10_m2.0_r0.0025_tfnone_rfadx20,30,10,2.0,0.0025,none,adx20,-0.051964444289637535,-0.055616908899715156,42,0.21428571428571427,0.26370473576363584,-0.47614642739230284,-0.017321506133355036,-0.019110902695404608,15,0.13333333333333333,0.12457288332666198,-0.4461724629628519,-0.1546337969283493
lb20_atr14_m2.5_r0.0025_tfnone_rfnone,20,14,2.5,0.0025,none,none,-0.04870523178507169,-0.057447832100074536,52,0.19230769230769232,0.4351669498278044,-0.36619249168958456,-0.02798163085692318,-0.03171550474201168,22,0.22727272727272727,0.24946549597083043,-0.4835097550421407,-0.15477432707408686
lb30_atr20_m2.0_r0.0025_tfma100_rfadx20,30,20,2.0,0.0025,ma100,adx20,-0.05980292954745847,-0.05980292954745847,39,0.20512820512820512,0.17057656281650693,-0.5886846955356333,-0.01350789439194422,-0.015430689790723373,13,0.15384615384615385,0.28068006876061935,-0.3961397675985428,-0.15534335753788361
lb10_atr20_m2.5_r0.005_tfma100_rfadx20,10,20,2.5,0.005,ma100,adx20,-0.09238640726339276,-0.11020335880802368,50,0.18,0.4238542102976536,-0.36516490807204477,-0.026885188442354102,-0.03493069225059886,16,0.3125,0.29904559886697873,-0.3263954131016117,-0.15558051282938487
lb30_atr10_m2.5_r0.005_tfnone_rfnone,30,10,2.5,0.005,none,none,-0.05223543502046191,-0.070141329356463,38,0.23684210526315788,0.5568724218737521,-0.2589361418597555,-0.033679683030841456,-0.0434539183157121,14,0.21428571428571427,0.33330023452453994,-0.505371317913913,-0.15558081286899716
lb30_atr10_m2.0_r0.0025_tfma100_rfadx20,30,10,2.0,0.0025,ma100,adx20,-0.0533757356038258,-0.0533757356038258,37,0.21621621621621623,0.16788172956742442,-0.5536433170012967,-0.014282441264584889,-0.01607737177518631,13,0.15384615384615385,0.1474788343934989,-0.4210356968369978,-0.15575063890582175
lb20_atr14_m2.0_r0.0025_tfnone_rfadx20,20,14,2.0,0.0025,none,adx20,-0.06862147404275298,-0.07428297186978472,55,0.21818181818181817,0.2869992108107739,-0.48592103240293716,-0.02096473019842504,-0.022921751658749656,21,0.14285714285714285,0.2279222181604989,-0.3834764590277704,-0.1561445763810442
lb55_atr14_m1.5_r0.0025_tfma100_rfadx20,55,14,1.5,0.0025,ma100,adx20,-0.04913548075969365,-0.04913548075969365,33,0.24242424242424243,0.1462156984968332,-0.5588681002686258,-0.017196526415965363,-0.019814187350446932,15,0.26666666666666666,0.23490067127409103,-0.42995458869035474,-0.15625246339974225
lb55_atr20_m1.5_r0.0025_tfnone_rfnone,55,20,1.5,0.0025,none,none,-0.04435316670753253,-0.04436369316519706,39,0.28205128205128205,0.3019596731589026,-0.4213538710198358,-0.023049226392064415,-0.025299961585121045,17,0.23529411764705882,0.19709390682716746,-0.5084404247826131,-0.15790103157939614
lb10_atr14_m2.5_r0.0025_tfma100_rfnone,10,14,2.5,0.0025,ma100,none,-0.05121558715015018,-0.05720673013671318,54,0.16666666666666666,0.4032412252813423,-0.367820051129876,-0.02558024923963209,-0.03174498205428533,19,0.21052631578947367,0.2854573507654951,-0.5091444334117924,-0.15849856255051842
lb10_atr14_m3.0_r0.005_tfma100_rfnone,10,14,3.0,0.005,ma100,none,-0.07583201524883398,-0.0864851850214664,44,0.20454545454545456,0.41894103515834574,-0.33839793296296083,-0.03104288872337302,-0.050086275370105016,15,0.26666666666666666,0.43826431891694184,-0.40482998772201856,-0.15877801021010715
lb20_atr14_m2.0_r0.0025_tfma100_rfadx20,20,14,2.0,0.0025,ma100,adx20,-0.06255778109703403,-0.06437009262921067,46,0.21739130434782608,0.23241942855546852,-0.526479606801464,-0.017225540326370248,-0.019190036159732915,16,0.125,0.15855773727286873,-0.4112104390581479,-0.15898265310821277
lb55_atr20_m2.0_r0.005_tfma100_rfadx20,55,20,2.0,0.005,ma100,adx20,-0.08167539763162379,-0.08167539763162379,29,0.13793103448275862,0.175309327039193,-0.5522936422085446,-0.0193797775539164,-0.023187505417282317,11,0.18181818181818182,0.3001612176999896,-0.33465960468295053,-0.15989010144097127
lb20_atr10_m2.0_r0.0025_tfnone_rfadx20,20,10,2.0,0.0025,none,adx20,-0.07470792364865797,-0.07877111744895982,56,0.17857142857142858,0.2534623517741034,-0.5199422843950442,-0.019398670927199713,-0.021184285101047973,20,0.15,0.22117095328618366,-0.3733143290420082,-0.16000804529216683
lb30_atr10_m2.5_r0.005_tfma100_rfnone,30,10,2.5,0.005,ma100,none,-0.06318203176291282,-0.06866191521575515,34,0.14705882352941177,0.44670846699799294,-0.3561884600041518,-0.027330592918592744,-0.03716904862759407,12,0.25,0.381685174035467,-0.48201863164435393,-0.16010157926731725
lb55_atr14_m2.0_r0.005_tfma100_rfadx20,55,14,2.0,0.005,ma100,adx20,-0.06861149587601723,-0.0711935833771935,28,0.17857142857142858,0.20990106961476682,-0.47619798243079975,-0.024090879691667122,-0.027984641362950202,12,0.08333333333333333,0.13624213661433796,-0.38322411526892125,-0.16044882470075886
lb55_atr14_m1.5_r0.0025_tfnone_rfadx20,55,14,1.5,0.0025,none,adx20,-0.05458921001468375,-0.054599059439235265,36,0.2222222222222222,0.13289478762943485,-0.56976865014013,-0.017196526415965363,-0.019814187350446932,15,0.26666666666666666,0.23490067127409103,-0.42995458869035474,-0.16056521025748796
lb20_atr20_m3.0_r0.005_tfma100_rfnone,20,20,3.0,0.005,ma100,none,-0.08742870885522758,-0.08942917953217144,39,0.15384615384615385,0.34976112044670227,-0.4425731152025855,-0.02330311947739827,-0.036177978035577096,13,0.3076923076923077,0.4390655781178591,-0.36941361021286573,-0.16060658282300377
lb30_atr20_m2.5_r0.0025_tfnone_rfnone,30,20,2.5,0.0025,none,none,-0.03165570259677064,-0.04233142722963579,41,0.1951219512195122,0.4920891485820486,-0.2922417323522265,-0.02757461119250415,-0.02892003671573906,17,0.17647058823529413,0.12123219029597872,-0.6141936935892811,-0.16070337470086016
lb10_atr20_m2.5_r0.0025_tfma100_rfnone,10,20,2.5,0.0025,ma100,none,-0.05427463019746781,-0.058433209915411344,56,0.17857142857142858,0.3937755007187963,-0.3752556117064986,-0.027121173383347186,-0.031159644355497895,21,0.23809523809523808,0.17470296189608603,-0.49279872501011596,-0.16099569419423
lb30_atr20_m2.5_r0.0025_tfma100_rfnone,30,20,2.5,0.0025,ma100,none,-0.034578978754036926,-0.0386912391847688,36,0.19444444444444445,0.4181640628678688,-0.36249315673374927,-0.02365657682992406,-0.025007423255876127,15,0.2,0.13885343130325484,-0.5910847811713053,-0.16116142481218432
lb20_atr20_m2.5_r0.005_tfma100_rfadx20,20,20,2.5,0.005,ma100,adx20,-0.08323421075990367,-0.09655723601735888,39,0.1794871794871795,0.40432625556852364,-0.4178871390306658,-0.025444613919000658,-0.028137632996884543,13,0.23076923076923078,0.23072045734221996,-0.3776391718113303,-0.16147074560190888
lb55_atr10_m2.0_r0.005_tfma100_rfadx20,55,10,2.0,0.005,ma100,adx20,-0.07331321016898151,-0.07331321016898151,28,0.14285714285714285,0.17882670810568554,-0.5110906327509946,-0.021023160255905227,-0.024581992003279818,11,0.09090909090909091,0.1087704202938935,-0.36674998872562964,-0.16152744996408594
lb20_atr10_m2.0_r0.0025_tfma100_rfadx20,20,10,2.0,0.0025,ma100,adx20,-0.06395449359845962,-0.06446058731491433,46,0.1956521739130435,0.2162721931938705,-0.5397230148603802,-0.016291158293232466,-0.018082431054765813,15,0.13333333333333333,0.13170220147462608,-0.416593283791399,-0.16154869493800655
lb20_atr20_m2.0_r0.0025_tfma100_rfadx20,20,20,2.0,0.0025,ma100,adx20,-0.07408908254408664,-0.07408908254408664,49,0.1836734693877551,0.2012605519195228,-0.5873648765303568,-0.014854672854009321,-0.016774843214620083,15,0.13333333333333333,0.26204172082931115,-0.3783119872220379,-0.1618911632751783
lb55_atr10_m2.0_r0.005_tfnone_rfadx20,55,10,2.0,0.005,none,adx20,-0.07686973521877827,-0.07917518367879406,30,0.13333333333333333,0.17142895815825393,-0.5009119734160427,-0.021023160255905227,-0.024581992003279818,11,0.09090909090909091,0.1087704202938935,-0.36674998872562964,-0.16313560621050796
lb20_atr20_m2.0_r0.0025_tfnone_rfadx20,20,20,2.0,0.0025,none,adx20,-0.0803175708942866,-0.08427079398703485,58,0.1896551724137931,0.24799691989208095,-0.5408432878239355,-0.019496914468412285,-0.021408036524667162,20,0.15,0.2893797996227384,-0.3736826106569128,-0.1640305486794865
lb10_atr14_m2.5_r0.005_tfnone_rfadx20,10,14,2.5,0.005,none,adx20,-0.11669716982666811,-0.1379623839508861,69,0.2318840579710145,0.4194228091639765,-0.32704629208849534,-0.035944510175317856,-0.04837607868610161,24,0.20833333333333334,0.4442485613684704,-0.29331426363275515,-0.16738905318509506
lb55_atr10_m1.5_r0.0025_tfma100_rfadx20,55,10,1.5,0.0025,ma100,adx20,-0.052121572430075314,-0.05225734436789531,34,0.17647058823529413,0.10728936693210246,-0.5775376405550644,-0.018541472828741745,-0.02092292743957791,15,0.2,0.18277662805098366,-0.46662869744034274,-0.16807953127798003
lb20_atr20_m2.5_r0.0025_tfma100_rfnone,20,20,2.5,0.0025,ma100,none,-0.04865529405968694,-0.04990584942016418,44,0.18181818181818182,0.3746672494225179,-0.426219183895379,-0.024602071754759147,-0.0259516100155619,17,0.17647058823529413,0.13424378668455492,-0.5442795354656238,-0.16834810245957002
lb20_atr10_m3.0_r0.005_tfnone_rfnone,20,10,3.0,0.005,none,none,-0.07857671508383746,-0.09652839130343982,47,0.19148936170212766,0.4759255992257577,-0.3191816539634477,-0.039760264746518836,-0.0544681416196775,19,0.21052631578947367,0.37020037277942097,-0.42337969085890315,-0.16941482742721423
lb10_atr20_m2.0_r0.0025_tfma100_rfadx20,10,20,2.0,0.0025,ma100,adx20,-0.09036388935387452,-0.09213556467557271,64,0.171875,0.18163667187769938,-0.5516216664496131,-0.018123275047801757,-0.02119825400977826,19,0.15789473684210525,0.27205967123301433,-0.3661062666269234,-0.16958889208011357
lb10_atr14_m2.5_r0.0025_tfnone_rfnone,10,14,2.5,0.0025,none,none,-0.06877534840308097,-0.07471002920583725,78,0.21794871794871795,0.4087374912796716,-0.350631080199425,-0.037365660228606545,-0.04345583183921886,31,0.16129032258064516,0.2841700118354351,-0.4662866397180434,-0.16987667985653834
lb30_atr20_m1.5_r0.0025_tfma100_rfadx20,30,20,1.5,0.0025,ma100,adx20,-0.06567933822455352,-0.06610196690693548,43,0.2558139534883721,0.19270276833105068,-0.5780582052666169,-0.01997819460764383,-0.022236004956893485,17,0.29411764705882354,0.26533926134583474,-0.44179848877795047,-0.17075419861454258
lb20_atr20_m2.5_r0.0025_tfnone_rfnone,20,20,2.5,0.0025,none,none,-0.05207856675064271,-0.05826638256286709,54,0.16666666666666666,0.4131095283876883,-0.37692130487227465,-0.032234487367929554,-0.03357346559308516,23,0.13043478260869565,0.14702632060961718,-0.5363506895567973,-0.17098365563249934
lb55_atr10_m1.5_r0.0025_tfnone_rfadx20,55,10,1.5,0.0025,none,adx20,-0.05680901855845055,-0.05695429593362944,37,0.16216216216216217,0.09887330540803274,-0.5786031996657434,-0.018541472828741745,-0.02092292743957791,15,0.2,0.18277662805098366,-0.46662869744034274,-0.1710280603231388
lb55_atr14_m1.5_r0.0025_tfma100_rfnone,55,14,1.5,0.0025,ma100,none,-0.04909866881346536,-0.04909866881346536,37,0.2972972972972973,0.1961419942246984,-0.49688307681864047,-0.023605551758839938,-0.026206142489848427,17,0.23529411764705882,0.18266314870145653,-0.519883691649286,-0.1711018118902694
lb10_atr14_m2.0_r0.0025_tfma100_rfadx20,10,14,2.0,0.0025,ma100,adx20,-0.07912627812847628,-0.08566449572109336,61,0.21311475409836064,0.2347208873638736,-0.5049878261908384,-0.02188520667037719,-0.024437657221481945,20,0.2,0.17573882626537568,-0.41593529516555766,-0.17187495293166613
lb20_atr10_m2.5_r0.005_tfnone_rfnone,20,10,2.5,0.005,none,none,-0.09986518086431528,-0.10618810560530645,51,0.21568627450980393,0.4160126971821427,-0.3807822053434644,-0.03344987050661785,-0.05120922607569123,19,0.21052631578947367,0.47033269706973274,-0.372864023263528,-0.17188671956660848
lb55_atr20_m2.0_r0.005_tfnone_rfnone,55,20,2.0,0.005,none,none,-0.07347097978912476,-0.07590767938559251,34,0.20588235294117646,0.29348806732579374,-0.42122957406106987,-0.030537827390143657,-0.0343022287788054,13,0.15384615384615385,0.21358980453812326,-0.44863939691581933,-0.17191826439990754
lb55_atr14_m2.0_r0.005_tfnone_rfnone,55,14,2.0,0.005,none,none,-0.05943948901881013,-0.06503670371252546,32,0.25,0.33714151632515327,-0.3578018517266616,-0.03607414518653007,-0.03992009504940841,14,0.07142857142857142,0.09529756440868645,-0.49289023053245967,-0.17207694920387995
lb10_atr10_m3.0_r0.005_tfma100_rfnone,10,10,3.0,0.005,ma100,none,-0.0813731506540526,-0.08939036844364012,46,0.1956521739130435,0.4305322273412022,-0.34965230400271713,-0.03564487808629646,-0.05273604851879965,16,0.25,0.42596329635353186,-0.4438441029410933,-0.17234099560097316
lb20_atr14_m3.0_r0.005_tfnone_rfnone,20,14,3.0,0.005,none,none,-0.07824680842333676,-0.09208078651407559,45,0.2222222222222222,0.43930166019912875,-0.33897479063679553,-0.04043501156145368,-0.053491155076839325,19,0.21052631578947367,0.3579492548704944,-0.4387498207002156,-0.17361379272368901
lb20_atr20_m2.5_r0.005_tfnone_rfadx20,20,20,2.5,0.005,none,adx20,-0.08869471844747978,-0.11367864440432784,47,0.1702127659574468,0.43355240523381805,-0.3593801221657239,-0.03714279070071602,-0.03980348384443577,18,0.16666666666666666,0.22964811419446768,-0.4020510366546346,-0.17435368986705066
lb20_atr20_m1.5_r0.0025_tfma100_rfadx20,20,20,1.5,0.0025,ma100,adx20,-0.08320616212657206,-0.08362086276155545,54,0.2222222222222222,0.18368577388913962,-0.5913504722333754,-0.02021840781052464,-0.02247566474774565,19,0.3684210526315789,0.28468444465944714,-0.4002535076012802,-0.1754178048827108
lb55_atr14_m1.5_r0.0025_tfnone_rfnone,55,14,1.5,0.0025,none,none,-0.054552609205146485,-0.05456245901101042,40,0.275,0.1792158135857502,-0.5113424484617433,-0.023605551758839938,-0.026206142489848427,17,0.23529411764705882,0.18266314870145653,-0.519883691649286,-0.1757639356096627
lb10_atr10_m2.0_r0.0025_tfma100_rfadx20,10,10,2.0,0.0025,ma100,adx20,-0.08139228356701655,-0.08717333754318535,61,0.19672131147540983,0.22670213653487337,-0.5196543822783306,-0.021439254150864118,-0.024217413490794315,19,0.15789473684210525,0.15364704024991058,-0.4279653934969391,-0.17655655732590228
lb30_atr20_m1.5_r0.0025_tfnone_rfadx20,30,20,1.5,0.0025,none,adx20,-0.07047505264556142,-0.07443730434845353,51,0.27450980392156865,0.2060368769118674,-0.5242409474003131,-0.02339453495927113,-0.02564447461772601,19,0.2631578947368421,0.2354520341449538,-0.46655362313987914,-0.17660089871185058
lb30_atr14_m1.5_r0.0025_tfnone_rfadx20,30,14,1.5,0.0025,none,adx20,-0.07171581651666148,-0.07512931599854789,51,0.2549019607843137,0.2278982620632828,-0.5348506653156985,-0.02320262019275432,-0.02580428411718161,19,0.21052631578947367,0.23106021787981054,-0.4632254173786321,-0.17743573418760705
lb55_atr20_m2.0_r0.005_tfma100_rfnone,55,20,2.0,0.005,ma100,none,-0.07761154343401189,-0.07761154343401189,33,0.18181818181818182,0.2747692164284211,-0.45881569087392515,-0.030537827390143657,-0.0343022287788054,13,0.15384615384615385,0.21358980453812326,-0.44863939691581933,-0.17750539216243272
lb55_atr14_m2.0_r0.005_tfma100_rfnone,55,14,2.0,0.005,ma100,none,-0.06508193751172686,-0.0676738100043397,31,0.22580645161290322,0.3043034307453883,-0.40570820291796733,-0.03607414518653007,-0.03992009504940841,14,0.07142857142857142,0.09529756440868645,-0.49289023053245967,-0.17952185153437325
lb30_atr14_m1.5_r0.0025_tfma100_rfadx20,30,14,1.5,0.0025,ma100,adx20,-0.0707607803117778,-0.07076312984774447,44,0.25,0.15788295503952474,-0.6111902369633301,-0.020573293072329135,-0.02318196011291551,17,0.23529411764705882,0.2535764248340741,-0.4543023261739461,-0.17979257256350145
lb30_atr14_m2.5_r0.005_tfma100_rfnone,30,14,2.5,0.005,ma100,none,-0.057107345902212114,-0.07021204531988168,34,0.14705882352941177,0.482615151391839,-0.32308398378977005,-0.03963226310608925,-0.046989232281719695,15,0.26666666666666666,0.1991813950440774,-0.5631718520446182,-0.1803767153482566
lb10_atr14_m3.0_r0.005_tfnone_rfnone,10,14,3.0,0.005,none,none,-0.1001088364691034,-0.10968673425889208,64,0.25,0.4434180834239579,-0.3067406819431341,-0.047446300543842135,-0.06974576112315334,25,0.24,0.4038728786253207,-0.3783861702282755,-0.18043063372144816
lb30_atr14_m2.5_r0.005_tfnone_rfnone,30,14,2.5,0.005,none,none,-0.05349138857140057,-0.07897501557475384,39,0.20512820512820512,0.5456425155844453,-0.2593567502160909,-0.045729309175137844,-0.05303957147144567,17,0.23529411764705882,0.1766929745311981,-0.5714170165546782,-0.1804432570835456
lb10_atr10_m2.5_r0.005_tfma100_rfnone,10,10,2.5,0.005,ma100,none,-0.11529776765148192,-0.12095624338836464,55,0.16363636363636364,0.34127274218072995,-0.41715368926745405,-0.02890662431888391,-0.05024709705822317,17,0.29411764705882354,0.5118091452440244,-0.37290713658357383,-0.18131547350863897
lb10_atr20_m1.5_r0.0025_tfma100_rfadx20,10,20,1.5,0.0025,ma100,adx20,-0.10681181453956012,-0.10721583744238583,72,0.19444444444444445,0.1705201604610187,-0.5737087666839625,-0.022007335847880283,-0.024735240842721162,23,0.391304347826087,0.34351155623238216,-0.3628781763193175,-0.1822890148255414
lb55_atr10_m1.5_r0.0025_tfma100_rfnone,55,10,1.5,0.0025,ma100,none,-0.052930665614149386,-0.053066321659312354,38,0.21052631578947367,0.14631797683341624,-0.5237546383781474,-0.024956004569073764,-0.027321894674873337,17,0.17647058823529413,0.14237778353736283,-0.552616053608489,-0.1833935137208665
lb55_atr20_m1.5_r0.005_tfma100_rfadx20,55,20,1.5,0.005,ma100,adx20,-0.08015275761326035,-0.08015275761326035,32,0.25,0.18785133709088017,-0.5223985502544753,-0.033748845039570874,-0.03800393325297935,15,0.26666666666666666,0.24577055092945443,-0.4274798152747081,-0.18414339275619027
lb10_atr20_m2.5_r0.0025_tfnone_rfnone,10,20,2.5,0.0025,none,none,-0.0709204210071025,-0.07356172231403957,79,0.189873417721519,0.3888749953770491,-0.3542650583387285,-0.043173380362385494,-0.047145217782494475,33,0.24242424242424243,0.1898716201056237,-0.5094661600630142,-0.18421670597128212
lb55_atr10_m2.0_r0.005_tfma100_rfnone,55,10,2.0,0.005,ma100,none,-0.07324371986319167,-0.07324371986319167,32,0.15625,0.25576145526285615,-0.4452185673343227,-0.03307359757343342,-0.03658862289234688,13,0.07692307692307693,0.0719928089972378,-0.48788274230565415,-0.18506553054739758
lb30_atr10_m1.5_r0.0025_tfnone_rfadx20,30,10,1.5,0.0025,none,adx20,-0.0712382496570706,-0.0751300838124318,51,0.21568627450980393,0.22687285514858938,-0.5342913738876793,-0.025025673730103448,-0.027391394787552925,19,0.15789473684210525,0.18000121861881074,-0.5016931524481043,-0.18584475102160475
lb20_atr10_m1.5_r0.0025_tfnone_rfadx20,20,10,1.5,0.0025,none,adx20,-0.10179318106456492,-0.10555697945012565,67,0.19402985074626866,0.1886170207976379,-0.5956493001878944,-0.023935853523570638,-0.026304218969228077,24,0.20833333333333334,0.3079696441098622,-0.37692991903010187,-0.1859732638023498
lb55_atr10_m1.5_r0.0025_tfnone_rfnone,55,10,1.5,0.0025,none,none,-0.05761411061685007,-0.057759263985689535,41,0.1951219512195122,0.13546028720787723,-0.52865158212512,-0.024956004569073764,-0.027321894674873337,17,0.17647058823529413,0.14237778353736283,-0.552616053608489,-0.18670056421670286
lb55_atr10_m2.0_r0.005_tfnone_rfnone,55,10,2.0,0.005,none,none,-0.07680051160936952,-0.07910613295014746,34,0.14705882352941177,0.2461262155838561,-0.4401122247103458,-0.03307359757343342,-0.03658862289234688,13,0.07692307692307693,0.0719928089972378,-0.48788274230565415,-0.18714118970238294
lb10_atr20_m3.0_r0.005_tfnone_rfnone,10,20,3.0,0.005,none,none,-0.11396554384886415,-0.11967120383095375,67,0.19402985074626866,0.4213897677405616,-0.34330055622285605,-0.04433058172197191,-0.0673109868738705,24,0.25,0.40326164795140673,-0.36656388938061285,-0.18723837580013442
lb30_atr14_m2.0_r0.005_tfnone_rfadx20,30,14,2.0,0.005,none,adx20,-0.08791874464870186,-0.10072434213920545,41,0.2682926829268293,0.297446696398772,-0.4142259293391478,-0.036956823228254554,-0.04079925131041018,16,0.125,0.14793556621687617,-0.44829737905685935,-0.18768406016815015
lb20_atr20_m3.0_r0.005_tfnone_rfnone,20,20,3.0,0.005,none,none,-0.09619838080241172,-0.09867333344539408,48,0.1875,0.37608523305273256,-0.3930303488822254,-0.04092575798938347,-0.05356831419993702,19,0.21052631578947367,0.33987420401957086,-0.435144850295102,-0.18806521840429843
lb55_atr20_m1.5_r0.005_tfma100_rfnone,55,20,1.5,0.005,ma100,none,-0.06814359348311239,-0.06814359348311239,36,0.3055555555555556,0.3527668327557237,-0.3991754816630299,-0.04537304086917393,-0.049576939515138196,17,0.23529411764705882,0.1950261013514121,-0.5084404247826132,-0.18809225985942005
lb30_atr10_m1.5_r0.0025_tfma100_rfadx20,30,10,1.5,0.0025,ma100,adx20,-0.07000912543543147,-0.07073124095806149,44,0.22727272727272727,0.16185337213889398,-0.6052961567306947,-0.022354746448918106,-0.0247269483630852,17,0.17647058823529413,0.19766437718993216,-0.49680930518260086,-0.18827160734482623
lb20_atr14_m2.5_r0.005_tfma100_rfnone,20,14,2.5,0.005,ma100,none,-0.08548452094412162,-0.09246083285263162,42,0.16666666666666666,0.4088666196331275,-0.4017755153162496,-0.036792877402623714,-0.044171597905683924,16,0.25,0.2816111800329344,-0.4930247317009416,-0.18862060802592884
lb20_atr20_m1.5_r0.0025_tfnone_rfadx20,20,20,1.5,0.0025,none,adx20,-0.09956806019615871,-0.10340629820900671,67,0.22388059701492538,0.1757829217578446,-0.5805739242211451,-0.026036241292968443,-0.028280094891024232,25,0.32,0.262133568733918,-0.3936009519648267,-0.18875831401519705
lb10_atr20_m2.5_r0.005_tfnone_rfadx20,10,20,2.5,0.005,none,adx20,-0.11817201335616112,-0.136307618283801,70,0.18571428571428572,0.41449676207596564,-0.3366546347737587,-0.045848390845210085,-0.053737110977637226,25,0.32,0.30545232980157827,-0.35937286315967776,-0.188995570762279
lb10_atr10_m2.0_r0.0025_tfnone_rfadx20,10,10,2.0,0.0025,none,adx20,-0.1182694318741273,-0.12429396292826012,90,0.18888888888888888,0.228033566751617,-0.5253002706490965,-0.027392141138258164,-0.03065072357830889,30,0.16666666666666666,0.2763306257931662,-0.3532022426536653,-0.18923360336887382
lb10_atr10_m3.0_r0.005_tfnone_rfnone,10,10,3.0,0.005,none,none,-0.1035612875320252,-0.11435695029821169,66,0.24242424242424243,0.46511225428491204,-0.29549373287561675,-0.05435336818236969,-0.07111296989552784,27,0.2222222222222222,0.389260329195274,-0.4055465145130501,-0.19027903224998924
lb55_atr20_m1.5_r0.005_tfnone_rfadx20,55,20,1.5,0.005,none,adx20,-0.09022063318115359,-0.09023991294735467,35,0.22857142857142856,0.1689114293861055,-0.5365496353727922,-0.033748845039570874,-0.03800393325297935,15,0.26666666666666666,0.24577055092945443,-0.4274798152747081,-0.19152322748726827
lb30_atr20_m2.0_r0.0025_tfnone_rfnone,30,20,2.0,0.0025,none,none,-0.05835188596234242,-0.06239952779157287,52,0.25,0.3117257138934181,-0.4307873395031058,-0.031082629000123818,-0.03297116906259845,19,0.10526315789473684,0.14365130688992875,-0.6130820410390633,-0.19190763587535303
lb55_atr14_m1.5_r0.005_tfma100_rfadx20,55,14,1.5,0.005,ma100,adx20,-0.08915782073925138,-0.08915782073925138,33,0.24242424242424243,0.15580510824054916,-0.5588681002686257,-0.03384470331230871,-0.038099369393847726,15,0.26666666666666666,0.2354819435866677,-0.42995458869035474,-0.1936642649995501
lb30_atr14_m2.0_r0.005_tfma100_rfadx20,30,14,2.0,0.005,ma100,adx20,-0.09768251761468372,-0.10018401154878731,37,0.24324324324324326,0.19004343958315284,-0.5273091476929022,-0.030950861381380257,-0.034817252539146026,14,0.14285714285714285,0.1723415794983275,-0.424011225488035,-0.19374361161246914
lb20_atr10_m1.5_r0.0025_tfma100_rfadx20,20,10,1.5,0.0025,ma100,adx20,-0.08913571566983836,-0.08984297985566403,55,0.2,0.1547540119436081,-0.6253352670713755,-0.02300142241300218,-0.02537205520385566,19,0.21052631578947367,0.20322078139853808,-0.45760862399770624,-0.19542712081706717
lb10_atr14_m2.0_r0.0025_tfnone_rfadx20,10,14,2.0,0.0025,none,adx20,-0.11002012432958519,-0.11746708201402589,88,0.2159090909090909,0.24472166711500248,-0.4984798237656673,-0.03352196282463782,-0.03658307265090588,32,0.1875,0.24542316586592744,-0.40287698309803377,-0.19563229096689655
lb55_atr20_m1.5_r0.005_tfnone_rfnone,55,20,1.5,0.005,none,none,-0.07834291127811133,-0.07836244275336357,39,0.28205128205128205,0.31921468323010616,-0.4213538710198358,-0.04537304086917393,-0.049576939515138196,17,0.23529411764705882,0.1950261013514121,-0.5084404247826132,-0.1964054984037442
lb30_atr10_m2.0_r0.005_tfma100_rfadx20,30,10,2.0,0.005,ma100,adx20,-0.10261734370642672,-0.10261734370642672,37,0.21621621621621623,0.1686307332119239,-0.5536433170012967,-0.02839930745199548,-0.031931325013631384,13,0.15384615384615385,0.14758996340746175,-0.42103569683699776,-0.19667946037738832
lb30_atr20_m2.5_r0.005_tfma100_rfnone,30,20,2.5,0.005,ma100,none,-0.06830210916640367,-0.07600142044537306,36,0.19444444444444445,0.41646740404358984,-0.3624931567337492,-0.042271953549070984,-0.04491847311825481,15,0.2,0.151543069949585,-0.5910847811713053,-0.19674595599803474
lb30_atr14_m2.0_r0.0025_tfnone_rfnone,30,14,2.0,0.0025,none,none,-0.050497387871218824,-0.0557505383505944,49,0.2857142857142857,0.3392316551407624,-0.39400224648961246,-0.03705373864318284,-0.038978599326696894,21,0.09523809523809523,0.07951494762598216,-0.6578473696963126,-0.19730581227563068
lb30_atr20_m2.0_r0.0025_tfma100_rfnone,30,20,2.0,0.0025,ma100,none,-0.0645468144628547,-0.0645468144628547,47,0.23404255319148937,0.22284026641808424,-0.5269184940613661,-0.027371707466834927,-0.029267480575381533,17,0.11764705882352941,0.16040743112385808,-0.5974980526524465,-0.19847763867152965
lb30_atr20_m2.0_r0.005_tfnone_rfadx20,30,20,2.0,0.005,none,adx20,-0.1048430134024182,-0.11492805937296569,43,0.23255813953488372,0.25614161860201073,-0.47816769110661506,-0.03431294270663077,-0.038062685401285434,15,0.13333333333333333,0.23276711298362543,-0.44272725756211134,-0.1985921076634546
lb30_atr20_m2.0_r0.005_tfma100_rfadx20,30,20,2.0,0.005,ma100,adx20,-0.11418484107561966,-0.11418484107561966,39,0.20512820512820512,0.16890200515353482,-0.5886846955356333,-0.026894021576423177,-0.030672571787032532,13,0.15384615384615385,0.2802499787290432,-0.3961397675985428,-0.19877991422107943
lb30_atr10_m2.0_r0.005_tfnone_rfadx20,30,10,2.0,0.005,none,adx20,-0.10197666177317666,-0.10886967375160383,42,0.21428571428571427,0.25044618236488403,-0.47614642739230295,-0.0343855733746149,-0.037895829325200636,15,0.13333333333333333,0.12458892594343891,-0.4461724629628519,-0.19900290176130597
lb30_atr20_m2.5_r0.005_tfnone_rfnone,30,20,2.5,0.005,none,none,-0.0638091738292419,-0.083004687056769,41,0.1951219512195122,0.48177858427278925,-0.2922417323522265,-0.04995126114520321,-0.05257656024589774,17,0.17647058823529413,0.13068816942808872,-0.6141936935892811,-0.19924841605526772
lb30_atr10_m2.0_r0.0025_tfnone_rfnone,30,10,2.0,0.0025,none,none,-0.06044870759063137,-0.064068485165647,51,0.19607843137254902,0.27727518426637776,-0.4561771497209279,-0.03154152663934662,-0.03330502942640823,19,0.10526315789473684,0.07197110506583,-0.6245480751476317,-0.19926839046997216
lb20_atr20_m2.0_r0.0025_tfma100_rfnone,20,20,2.0,0.0025,ma100,none,-0.07959160045629343,-0.07959160045629343,56,0.19642857142857142,0.2249973662240434,-0.5520216910319199,-0.027411772798127676,-0.029307467814377097,19,0.10526315789473684,0.16031074775606619,-0.5363541240240345,-0.19962637213252427
lb55_atr14_m1.5_r0.005_tfnone_rfadx20,55,14,1.5,0.005,none,adx20,-0.09848741621071733,-0.09850620018857015,36,0.2222222222222222,0.1419005156325606,-0.56976865014013,-0.03384470331230871,-0.038099369393847726,15,0.26666666666666666,0.2354819435866677,-0.42995458869035474,-0.20027115242075494
lb20_atr20_m2.0_r0.0025_tfnone_rfnone,20,20,2.0,0.0025,none,none,-0.08761016047118975,-0.08852694128149807,67,0.19402985074626866,0.2601624095723209,-0.5112111275483714,-0.033636641746225604,-0.03552020372126419,25,0.12,0.1894105361904176,-0.5083178839119985,-0.20046116895935762
lb20_atr14_m2.5_r0.005_tfnone_rfnone,20,14,2.5,0.005,none,none,-0.09806149813049747,-0.11178974321511415,52,0.19230769230769232,0.4176076186648948,-0.36619249168958456,-0.050432312228713916,-0.057706546816917004,22,0.22727272727272727,0.26789182190638733,-0.4835097550421407,-0.20352311980106153
lb30_atr10_m2.0_r0.0025_tfma100_rfnone,30,10,2.0,0.0025,ma100,none,-0.0615341041305697,-0.0615341041305697,45,0.2,0.19993556178571806,-0.5249697216494159,-0.028546439088714903,-0.030315395744360818,17,0.11764705882352941,0.07909956922250438,-0.6263112083672467,-0.20395632283477574
lb10_atr20_m2.0_r0.0025_tfnone_rfadx20,10,20,2.0,0.0025,none,adx20,-0.12115591764180433,-0.12472934489331011,92,0.18478260869565216,0.20146253711228543,-0.5267139599704421,-0.032715612731221144,-0.03574489233986511,31,0.12903225806451613,0.2608118533958033,-0.40819365637617766,-0.20448728311205733
lb20_atr14_m1.5_r0.0025_tfma100_rfadx20,20,14,1.5,0.0025,ma100,adx20,-0.09537762491810431,-0.09537991221158193,55,0.2,0.1210940748844148,-0.6686211238147537,-0.024899444381939584,-0.027496588877496286,20,0.25,0.23126787714169705,-0.47044837424199776,-0.20628792419855035
lb20_atr14_m2.0_r0.0025_tfnone_rfnone,20,14,2.0,0.0025,none,none,-0.07775357047453546,-0.08029125330189069,63,0.2222222222222222,0.28615969163914495,-0.480731139148346,-0.04012760941742732,-0.04204632565318045,27,0.1111111111111111,0.13190977126632533,-0.5574729861078931,-0.20630852964132612
lb10_atr10_m1.5_r0.0025_tfma100_rfadx20,10,10,1.5,0.0025,ma100,adx20,-0.11771309737951008,-0.11839817191649782,75,0.17333333333333334,0.15352249100711823,-0.6098231909979823,-0.02576917353073971,-0.028867311468581236,23,0.2608695652173913,0.273089794352883,-0.4255182616857037,-0.20679419390362155
lb10_atr14_m2.5_r0.005_tfma100_rfnone,10,14,2.5,0.005,ma100,none,-0.10054051851938328,-0.11095814812031524,54,0.16666666666666666,0.4002251326708485,-0.367820051129876,-0.04714234207034096,-0.05913977693483419,19,0.21052631578947367,0.302017980909295,-0.5091444334117924,-0.20691051459481627
lb20_atr14_m2.0_r0.005_tfma100_rfadx20,20,14,2.0,0.005,ma100,adx20,-0.11982094776671848,-0.12226106735108722,46,0.21739130434782608,0.22899238066333974,-0.5264796068014639,-0.03420739846586662,-0.03806079642681026,16,0.125,0.15862480863098152,-0.4112104390581479,-0.20713691032818077
lb20_atr10_m2.0_r0.0025_tfma100_rfnone,20,10,2.0,0.0025,ma100,none,-0.07628384502248053,-0.07678327260225604,54,0.16666666666666666,0.21378915105120608,-0.5495174488970057,-0.029372048032272224,-0.031139501305260997,19,0.10526315789473684,0.07705539682218547,-0.5777463354805151,-0.2075474751515511
lb20_atr10_m2.0_r0.0025_tfnone_rfnone,20,10,2.0,0.0025,none,none,-0.08969081335478069,-0.09071860985821323,66,0.15151515151515152,0.23990639923268073,-0.5315649939022649,-0.034608307157701246,-0.03636622552773294,25,0.12,0.1359773086922588,-0.5228938623488343,-0.20786287385043895
lb30_atr14_m2.0_r0.0025_tfma100_rfnone,30,14,2.0,0.0025,ma100,none,-0.05671821245539599,-0.058024545256956106,44,0.2727272727272727,0.2320491894178757,-0.49135043120670013,-0.03405852655215835,-0.03598937445035322,19,0.10526315789473684,0.08607996427862719,-0.662010202923437,-0.20819080381500485
lb20_atr14_m2.0_r0.0025_tfma100_rfnone,20,14,2.0,0.0025,ma100,none,-0.06904585356400239,-0.07084562202065248,52,0.23076923076923078,0.24672643467001323,-0.513603119514637,-0.034482244242127424,-0.036412245158974454,21,0.09523809523809523,0.08513800241352854,-0.6075300299893251,-0.208834523480893
lb20_atr14_m1.5_r0.0025_tfnone_rfadx20,20,14,1.5,0.0025,none,adx20,-0.10809139175840266,-0.11137113047020342,67,0.19402985074626866,0.16225392434866087,-0.6316054042389518,-0.029783624412283438,-0.03236776007381981,26,0.23076923076923078,0.2294001531124639,-0.4353591791040103,-0.2088640658870147
lb55_atr10_m1.5_r0.005_tfma100_rfadx20,55,10,1.5,0.005,ma100,adx20,-0.09603551517852282,-0.09629494047134779,34,0.17647058823529413,0.11271479847993122,-0.5775376405550643,-0.03672394545270019,-0.04096593219178013,15,0.2,0.18214140159895206,-0.46662869744034274,-0.2091730300325769
lb20_atr10_m2.0_r0.005_tfma100_rfadx20,20,10,2.0,0.005,ma100,adx20,-0.1228936748345375,-0.12342255742471442,46,0.1956521739130435,0.21513681666750595,-0.5397230148603802,-0.03235942575005968,-0.03587704726661023,15,0.13333333333333333,0.13193662647356874,-0.416593283791399,-0.20979749979199558
lb20_atr14_m2.0_r0.005_tfnone_rfadx20,20,14,2.0,0.005,none,adx20,-0.13038825326008385,-0.13997942996397572,55,0.21818181818181817,0.27600107619538294,-0.48592103240293716,-0.041569630512057976,-0.045393654040116416,21,0.14285714285714285,0.22722243474579218,-0.3834764590277704,-0.2104416471437317
lb10_atr14_m1.5_r0.0025_tfma100_rfadx20,10,14,1.5,0.0025,ma100,adx20,-0.11863155908829737,-0.11863378758533838,74,0.17567567567567569,0.12841285431498267,-0.6233083111595987,-0.02773431265469606,-0.031146862991144997,24,0.2916666666666667,0.28820096538727,-0.4351073772088512,-0.21162116041700585
lb20_atr20_m2.5_r0.005_tfma100_rfnone,20,20,2.5,0.005,ma100,none,-0.09542662348914721,-0.09780683910871335,44,0.18181818181818182,0.37308146677708337,-0.4262191838953791,-0.04412479013346804,-0.046766189701940464,17,0.17647058823529413,0.14613160030107017,-0.5442795354656238,-0.21203546343822732
lb10_atr20_m2.5_r0.005_tfma100_rfnone,10,20,2.5,0.005,ma100,none,-0.10579949752316864,-0.11281594748109725,56,0.17857142857142858,0.3916570332160688,-0.37525561170649874,-0.05112251178753524,-0.05896762662321564,21,0.23809523809523808,0.18250680304792444,-0.49279872501011585,-0.21209634826821916
lb55_atr14_m1.5_r0.005_tfma100_rfnone,55,14,1.5,0.005,ma100,none,-0.08834082534474508,-0.08834082534474508,37,0.2972972972972973,0.20830861493976505,-0.49688307681864047,-0.04619665640108117,-0.050396928084506576,17,0.23529411764705882,0.18387389877334415,-0.519883691649286,-0.21281803690765824
lb20_atr20_m2.0_r0.005_tfma100_rfadx20,20,20,2.0,0.005,ma100,adx20,-0.13960207047995632,-0.13960207047995632,49,0.1836734693877551,0.20248822826028184,-0.5873648765303568,-0.029553280363190493,-0.033321504727415685,15,0.13333333333333333,0.26191919757589766,-0.3783119872220379,-0.2129196908825815
lb30_atr20_m1.5_r0.0025_tfma100_rfnone,30,20,1.5,0.0025,ma100,none,-0.06572361493282763,-0.0661462235871747,51,0.29411764705882354,0.2872927153737795,-0.4859881920309805,-0.038081537281595135,-0.04029764048288109,22,0.22727272727272727,0.157913166353213,-0.6550934563180751,-0.213139103251489
lb55_atr10_m1.5_r0.005_tfnone_rfadx20,55,10,1.5,0.005,none,adx20,-0.10362225616788379,-0.1038984944826572,37,0.16216216216216217,0.10453998253012423,-0.5786031996657434,-0.03672394545270019,-0.04096593219178013,15,0.2,0.18214140159895206,-0.46662869744034274,-0.21383063302903002
lb30_atr20_m1.5_r0.0025_tfnone_rfnone,30,20,1.5,0.0025,none,none,-0.06982297466743304,-0.07378800595906776,60,0.31666666666666665,0.299247464519105,-0.43968223242072135,-0.04143476966997539,-0.043643147570917584,24,0.20833333333333334,0.1468231229659687,-0.656916690392925,-0.21510300937191584
lb10_atr10_m2.5_r0.005_tfnone_rfnone,10,10,2.5,0.005,none,none,-0.16369441904228232,-0.1654531531803345,81,0.18518518518518517,0.33761290049084214,-0.40484807249005367,-0.0449735031805929,-0.06501204316801723,28,0.2857142857142857,0.48779804982521713,-0.33499174063615567,-0.21526785475679389
lb20_atr10_m2.0_r0.005_tfnone_rfadx20,20,10,2.0,0.005,none,adx20,-0.14122239748353715,-0.14832802448617266,56,0.17857142857142858,0.24828338140335587,-0.5199422843950443,-0.03848694434354771,-0.04198229075938309,20,0.15,0.2206606485530341,-0.37331432904200823,-0.21564788748442004
lb30_atr20_m1.5_r0.005_tfma100_rfadx20,30,20,1.5,0.005,ma100,adx20,-0.11788788005346096,-0.11788788005346096,43,0.2558139534883721,0.18039965860170487,-0.5780582052666169,-0.03935842220669428,-0.04358880747867444,17,0.29411764705882354,0.2633489047561102,-0.44179848877795047,-0.21787691871886306
lb20_atr20_m1.5_r0.0025_tfma100_rfnone,20,20,1.5,0.0025,ma100,none,-0.08895454149401305,-0.08936664191892163,62,0.24193548387096775,0.22801757422208793,-0.5506202310802322,-0.036633531659066354,-0.03885297082906469,24,0.2916666666666667,0.1785648039252263,-0.577977059154182,-0.21901543249519925
lb55_atr14_m1.5_r0.005_tfnone_rfnone,55,14,1.5,0.005,none,none,-0.09767878915565242,-0.09769758998211386,40,0.275,0.19062893836357317,-0.5113424484617433,-0.04619665640108117,-0.050396928084506576,17,0.23529411764705882,0.18387389877334415,-0.519883691649286,-0.21978089929461966
lb20_atr20_m2.0_r0.005_tfnone_rfadx20,20,20,2.0,0.005,none,adx20,-0.14985658478218078,-0.15713392747285648,58,0.1896551724137931,0.24338143033453763,-0.5408432878239355,-0.03871151569515452,-0.04244417882266982,20,0.15,0.2883917643629442,-0.3736826106569128,-0.22162910061716304
lb10_atr20_m2.0_r0.0025_tfma100_rfnone,10,20,2.0,0.0025,ma100,none,-0.09263790376835823,-0.09440515004950689,71,0.19718309859154928,0.2134093400234584,-0.5096390557884263,-0.04053303781968576,-0.043537835314564344,26,0.15384615384615385,0.15131436752260902,-0.5807535503772268,-0.2222912267661555
lb10_atr10_m2.0_r0.0025_tfma100_rfnone,10,10,2.0,0.0025,ma100,none,-0.09198152586426944,-0.09769593879204252,70,0.17142857142857143,0.22551123712581353,-0.5145493933404801,-0.03899936064425724,-0.04172766638636871,25,0.16,0.09686507733915659,-0.584158158041492,-0.22305999528570442
lb20_atr20_m2.5_r0.005_tfnone_rfnone,20,20,2.5,0.005,none,none,-0.1055726273412172,-0.11341725002504188,54,0.16666666666666666,0.39052935636881253,-0.37692130487227465,-0.05983747354553082,-0.06243545376934845,23,0.13043478260869565,0.15418576768716324,-0.5363506895567973,-0.2255603462546575
lb30_atr14_m1.5_r0.0025_tfnone_rfnone,30,14,1.5,0.0025,none,none,-0.07765225663748032,-0.08104392655937087,60,0.3,0.25035550540481327,-0.4924955165803749,-0.04161182822283693,-0.044164459898202946,24,0.16666666666666666,0.1420990390763632,-0.6621890535336806,-0.2259583451325374
lb10_atr20_m1.5_r0.0025_tfnone_rfadx20,10,20,1.5,0.0025,none,adx20,-0.1526047704314657,-0.15660975807455713,107,0.205607476635514,0.1694668697067978,-0.5705988909064879,-0.03705877510461564,-0.0404790927209604,37,0.32432432432432434,0.27894273451085844,-0.3827893218991031,-0.22641628554762472
lb30_atr20_m1.5_r0.005_tfnone_rfadx20,30,20,1.5,0.005,none,adx20,-0.12681389806938004,-0.13245362936164373,51,0.27450980392156865,0.1926746027969334,-0.524240947400313,-0.04605096397936714,-0.05025187724971669,19,0.2631578947368421,0.23348357481666226,-0.46655362313987914,-0.2291133141348945
lb55_atr10_m1.5_r0.005_tfma100_rfnone,55,10,1.5,0.005,ma100,none,-0.0970266512326462,-0.0972857920831447,38,0.21052631578947367,0.15387837141906943,-0.5237546383781474,-0.04901298093777451,-0.053200850349513384,17,0.17647058823529413,0.14277637311899719,-0.5526160536084891,-0.22930014194672724
lb30_atr14_m1.5_r0.005_tfma100_rfadx20,30,14,1.5,0.005,ma100,adx20,-0.12706543920950597,-0.12706543920950597,44,0.25,0.15158675148255268,-0.6111902369633301,-0.040490849559813524,-0.04471624795208029,17,0.23529411764705882,0.2540911234312507,-0.4543023261739461,-0.22962163679912825
lb10_atr20_m2.0_r0.005_tfma100_rfadx20,10,20,2.0,0.005,ma100,adx20,-0.1676464850140037,-0.1708824902448861,64,0.171875,0.18404097745756437,-0.5516216664496131,-0.035995143641064264,-0.042010393904603927,19,0.15789473684210525,0.2721603444052783,-0.36610626662692347,-0.23060410547037694
lb10_atr14_m2.0_r0.005_tfma100_rfadx20,10,14,2.0,0.005,ma100,adx20,-0.15019242458250281,-0.15878695344544203,61,0.21311475409836064,0.22760860287794846,-0.5049878261908384,-0.041991580219798874,-0.04697473476342995,20,0.2,0.1809323884485191,-0.41593529516555766,-0.2309834130550062
lb20_atr20_m1.5_r0.005_tfma100_rfadx20,20,20,1.5,0.005,ma100,adx20,-0.14963964329118207,-0.14963964329118207,54,0.2222222222222222,0.16927151321102796,-0.5913504722333756,-0.03983472270984467,-0.04406301049335448,19,0.3684210526315789,0.2830760047442861,-0.40025350760128026,-0.23113989808488317
lb30_atr14_m1.5_r0.0025_tfma100_rfnone,30,14,1.5,0.0025,ma100,none,-0.07691264213831905,-0.07691497611960363,52,0.28846153846153844,0.18823523759091632,-0.5625204460134339,-0.039032054705788743,-0.04159155751311239,22,0.18181818181818182,0.1503909688988699,-0.6733815408896096,-0.23139616619308553
lb20_atr20_m1.5_r0.0025_tfnone_rfnone,20,20,1.5,0.0025,none,none,-0.10954978495488299,-0.11017462247951804,78,0.24358974358974358,0.21115128744283945,-0.5488991046572134,-0.044162877790367205,-0.04636497057529043,31,0.25806451612903225,0.17150189033093502,-0.5409499559640507,-0.2314379896331687
lb30_atr14_m1.5_r0.005_tfnone_rfadx20,30,14,1.5,0.005,none,adx20,-0.1324161907655267,-0.1380197379896324,51,0.2549019607843137,0.1965384543128839,-0.5348506653156985,-0.045640257776395465,-0.04984297967705231,19,0.21052631578947367,0.23120979967474561,-0.4632254173786321,-0.23247268433129517
lb10_atr10_m1.5_r0.0025_tfnone_rfadx20,10,10,1.5,0.0025,none,adx20,-0.15978984242524819,-0.16351118863531078,109,0.1834862385321101,0.1794351135116681,-0.5908762643783148,-0.03665366815967741,-0.040898675828162645,36,0.2777777777777778,0.3046601107673981,-0.38902736528981496,-0.23268384784431073
lb10_atr14_m2.0_r0.0025_tfma100_rfnone,10,14,2.0,0.0025,ma100,none,-0.08390462562208345,-0.09040891687398278,68,0.22058823529411764,0.25277477848294144,-0.4817653908196225,-0.048996667755964785,-0.051478369286339976,28,0.17857142857142858,0.09378166839464185,-0.6478382233667096,-0.23369217845856505
lb55_atr10_m1.5_r0.005_tfnone_rfnone,55,10,1.5,0.005,none,none,-0.10460507387250029,-0.10488100931060329,41,0.1951219512195122,0.14330151228225474,-0.52865158212512,-0.04901298093777451,-0.053200850349513384,17,0.17647058823529413,0.14277637311899719,-0.5526160536084891,-0.23431330214530244
lb10_atr10_m2.0_r0.005_tfma100_rfadx20,10,10,2.0,0.005,ma100,adx20,-0.1540103933328275,-0.1608868430395508,61,0.19672131147540983,0.22045641501112995,-0.5196543822783306,-0.03993968044055174,-0.04532791628458488,19,0.15789473684210525,0.1614273690485232,-0.4279653934969391,-0.23513242634014847
lb30_atr10_m1.5_r0.0025_tfnone_rfnone,30,10,1.5,0.0025,none,none,-0.08192049090419151,-0.08576756276036668,60,0.23333333333333334,0.2281665950727886,-0.5238431975296881,-0.04362721913517131,-0.04594780457573311,24,0.125,0.11066207066948759,-0.6864279077983211,-0.23764023458212796
lb20_atr10_m1.5_r0.0025_tfnone_rfnone,20,10,1.5,0.0025,none,none,-0.11739306416609119,-0.11807838720116415,78,0.20512820512820512,0.18588583305919937,-0.592789011136743,-0.042753293610002796,-0.045075999582317894,30,0.16666666666666666,0.19710416300917605,-0.540132371534636,-0.23843714088285098
lb30_atr10_m1.5_r0.0025_tfma100_rfnone,30,10,1.5,0.0025,ma100,none,-0.07787708677912797,-0.07859309301921236,52,0.25,0.17816517399031312,-0.570268979617805,-0.041007250503620085,-0.04333419315256626,22,0.13636363636363635,0.11716509080989854,-0.6994480944886335,-0.23927199754322517
lb10_atr14_m2.5_r0.005_tfnone_rfnone,10,14,2.5,0.005,none,none,-0.13895749561845228,-0.1437180607042503,78,0.21794871794871795,0.38082487586070574,-0.350631080199425,-0.07045087115832005,-0.08215482823293252,31,0.16129032258064516,0.29396071461249695,-0.46628663971804335,-0.23948053934468772
lb10_atr14_m1.5_r0.0025_tfnone_rfadx20,10,14,1.5,0.0025,none,adx20,-0.15985263731960686,-0.16331566008015497,108,0.18518518518518517,0.16957640898646845,-0.5962078152098422,-0.04081316155638681,-0.04535922243349777,38,0.2894736842105263,0.27040529460729495,-0.4090292278584818,-0.24062049371243127
lb10_atr20_m1.5_r0.0025_tfma100_rfnone,10,20,1.5,0.0025,ma100,none,-0.1101796883146886,-0.11058218780043239,81,0.20987654320987653,0.21583233987600003,-0.5273590472224762,-0.04793533981206766,-0.05059092408906196,31,0.2903225806451613,0.20430209046815234,-0.5940708466059893,-0.2410107420660767
lb30_atr10_m1.5_r0.005_tfma100_rfadx20,30,10,1.5,0.005,ma100,adx20,-0.1284024880418153,-0.1291714504810263,44,0.22727272727272727,0.15286266344948535,-0.6052961567306947,-0.0442121153043572,-0.04842112632784579,17,0.17647058823529413,0.19709469526187798,-0.49680930518260097,-0.24101780023107916
lb20_atr10_m1.5_r0.0025_tfma100_rfnone,20,10,1.5,0.0025,ma100,none,-0.09989966609056089,-0.10059857232804936,64,0.21875,0.16413091482409398,-0.6040343140457316,-0.04004015453209098,-0.042369443785704286,24,0.16666666666666666,0.1264971843062953,-0.6261414644887883,-0.24248771100241634
lb30_atr10_m1.5_r0.005_tfnone_rfadx20,30,10,1.5,0.005,none,adx20,-0.13363870190002136,-0.13999375925525226,51,0.21568627450980393,0.19667093444775374,-0.5342913738876793,-0.0494312667417387,-0.05361729414481842,19,0.15789473684210525,0.17928905605724257,-0.5016931524481043,-0.24357868641952524
lb30_atr20_m2.0_r0.005_tfnone_rfnone,30,20,2.0,0.005,none,none,-0.11328404212493892,-0.1208744507304026,52,0.25,0.29814617123173615,-0.4307873395031058,-0.05423965739985859,-0.05791202507712523,19,0.10526315789473684,0.15968185023879083,-0.6130820410390633,-0.24386457314623355
lb10_atr10_m2.0_r0.0025_tfnone_rfnone,10,10,2.0,0.0025,none,none,-0.13373925194703262,-0.13686638405679596,103,0.1650485436893204,0.2193336096501555,-0.5230559882806186,-0.052803647190434844,-0.05549276220497823,39,0.15384615384615385,0.16723204888728557,-0.5194732616834242,-0.2474318574156315
lb30_atr14_m2.0_r0.005_tfnone_rfnone,30,14,2.0,0.005,none,none,-0.0992211976401407,-0.10915612399887753,49,0.2857142857142857,0.3235324422498986,-0.3940022464896124,-0.0626142410799615,-0.06635429910722568,21,0.09523809523809523,0.0917653085428846,-0.6578473696963126,-0.2478102266430454
lb30_atr20_m2.0_r0.005_tfma100_rfnone,30,20,2.0,0.005,ma100,none,-0.1223859077711057,-0.1223859077711057,47,0.23404255319148937,0.2232069133621739,-0.5269184940613661,-0.046973823880773424,-0.050674404637994996,17,0.11764705882352941,0.18080693319524538,-0.5974980526524465,-0.24854802792403843
lb10_atr20_m1.5_r0.005_tfma100_rfadx20,10,20,1.5,0.005,ma100,adx20,-0.18752521103913034,-0.18752521103913034,72,0.19444444444444445,0.16694998926350624,-0.5737087666839624,-0.04452381422873031,-0.049540127026164726,23,0.391304347826087,0.3249130304709862,-0.3628781763193175,-0.24908684712097617
lb20_atr14_m1.5_r0.0025_tfma100_rfnone,20,14,1.5,0.0025,ma100,none,-0.10430214367516899,-0.10430440840343702,64,0.234375,0.14457820012651762,-0.6304097152708692,-0.04163777048080597,-0.04419033305992126,25,0.2,0.15101876060494498,-0.6351020769394242,-0.24983084284606266
lb20_atr14_m1.5_r0.0025_tfnone_rfnone,20,14,1.5,0.0025,none,none,-0.1185820819647686,-0.11863647511968545,78,0.23076923076923078,0.17701979346146832,-0.5969929395926442,-0.04826722665448491,-0.050802131920709925,32,0.1875,0.15349963439015205,-0.5797834315060731,-0.251326311492393
lb30_atr10_m2.0_r0.005_tfnone_rfnone,30,10,2.0,0.005,none,none,-0.11773001046930964,-0.12450210351763724,51,0.19607843137254902,0.2669962711477493,-0.4561771497209279,-0.05570258141377116,-0.059135344576081605,19,0.10526315789473684,0.08002039799003537,-0.6245480751476317,-0.25346111277522815
lb30_atr10_m2.0_r0.005_tfma100_rfnone,30,10,2.0,0.005,ma100,none,-0.11777046798579249,-0.11777046798579249,45,0.2,0.2015315466573657,-0.5249697216494159,-0.04984846894213446,-0.053302513303826626,17,0.11764705882352941,0.08896918113512489,-0.6263112083672467,-0.2546193292207507
lb20_atr10_m1.5_r0.005_tfnone_rfadx20,20,10,1.5,0.005,none,adx20,-0.18456897505610026,-0.19055044138443045,67,0.19402985074626866,0.16515812747086756,-0.5956493001878944,-0.04734412079783701,-0.05153933938279531,24,0.20833333333333334,0.30642729252726036,-0.3769299190301019,-0.25483352831350914
lb20_atr20_m1.5_r0.005_tfnone_rfadx20,20,20,1.5,0.005,none,adx20,-0.17650999194917427,-0.18182874628688328,67,0.22388059701492538,0.16386783000911884,-0.5805739242211451,-0.051220206716064975,-0.05539835614936417,25,0.32,0.26060511517483814,-0.3936009519648267,-0.25541816825259195
lb20_atr20_m2.0_r0.005_tfma100_rfnone,20,20,2.0,0.005,ma100,none,-0.14909815956560257,-0.14909815956560257,56,0.19642857142857142,0.2270579295824241,-0.5520216910319199,-0.04704982013553494,-0.050750105800884904,19,0.10526315789473684,0.18078781278512746,-0.5363541240240345,-0.256590315235753
lb30_atr14_m2.0_r0.005_tfma100_rfnone,30,14,2.0,0.005,ma100,none,-0.10787390353844872,-0.11034714390264377,44,0.2727272727272727,0.234880092098397,-0.49135043120670013,-0.05676829020291996,-0.06053167288099792,19,0.10526315789473684,0.10066408741644874,-0.6620102029234372,-0.25709328133332837
lb20_atr10_m1.5_r0.005_tfma100_rfadx20,20,10,1.5,0.005,ma100,adx20,-0.1620636536112725,-0.16280291865962615,55,0.2,0.14305074211932214,-0.6253352670713755,-0.045480765255554445,-0.04968418951474618,19,0.21052631578947367,0.20288026734463707,-0.45760862399770624,-0.2572734021647085
lb10_atr20_m2.0_r0.0025_tfnone_rfnone,10,20,2.0,0.0025,none,none,-0.12789764762926414,-0.1285705898385464,103,0.1941747572815534,0.2168604539932946,-0.4980572708144907,-0.06133799947594687,-0.06427764131760338,41,0.12195121951219512,0.16201529902769074,-0.5743606226163368,-0.2574791897383661
lb10_atr20_m2.5_r0.005_tfnone_rfnone,10,20,2.5,0.005,none,none,-0.13888244629584434,-0.14297168446918507,79,0.189873417721519,0.3788277787786904,-0.3542650583387285,-0.08300787995277481,-0.0905893734274873,33,0.24242424242424243,0.19267320864501625,-0.5094661600630142,-0.2577723320931132
lb10_atr14_m2.0_r0.0025_tfnone_rfnone,10,14,2.0,0.0025,none,none,-0.12008950710363464,-0.12453149717118717,99,0.21212121212121213,0.24760538219715494,-0.4862085654981939,-0.06772722914247331,-0.07016005212397103,43,0.16279069767441862,0.14088508343647818,-0.5994113320324693,-0.2615667526774814
lb30_atr20_m1.5_r0.005_tfma100_rfnone,30,20,1.5,0.005,ma100,none,-0.1161085575265165,-0.1161085575265165,51,0.29411764705882354,0.2813549080405181,-0.48598819203098037,-0.06280131617137008,-0.06692846577704836,22,0.22727272727272727,0.1813849947460667,-0.6550934563180751,-0.26293159345935513
lb20_atr14_m2.0_r0.005_tfma100_rfnone,20,14,2.0,0.005,ma100,none,-0.13141155089867473,-0.13381953786454348,52,0.23076923076923078,0.24543990293211154,-0.513603119514637,-0.057593473344874746,-0.061353563640062725,21,0.09523809523809523,0.09942418785113911,-0.6075300299893251,-0.26464628227844883
lb10_atr10_m1.5_r0.0025_tfma100_rfnone,10,10,1.5,0.0025,ma100,none,-0.12511614093563295,-0.1257954671875432,85,0.18823529411764706,0.16439389453790781,-0.5746424896391314,-0.05247004656085541,-0.05548327342273773,31,0.1935483870967742,0.16895966922076816,-0.6407143753312978,-0.26657425991798
lb20_atr10_m2.0_r0.005_tfma100_rfnone,20,10,2.0,0.005,ma100,none,-0.1455749491836963,-0.1460901552892988,54,0.16666666666666666,0.21334526408209264,-0.5495174488970057,-0.05146086739876532,-0.0549090502787718,19,0.10526315789473684,0.08643982083474717,-0.5777463354805151,-0.26658203352989895
lb20_atr20_m2.0_r0.005_tfnone_rfnone,20,20,2.0,0.005,none,none,-0.16257463231852276,-0.1642321108064223,67,0.19402985074626866,0.25681726600410393,-0.5112111275483714,-0.06041989359314781,-0.06406826354222495,25,0.12,0.2037411238105956,-0.5083178839119986,-0.2667028666422767
lb10_atr14_m1.5_r0.0025_tfma100_rfnone,10,14,1.5,0.0025,ma100,none,-0.12374805881570183,-0.12375027437592334,83,0.20481927710843373,0.15053735308290211,-0.5818166525436652,-0.05415169322317559,-0.0574715213314102,32,0.21875,0.18166192641998125,-0.6481578675259473,-0.26884925249658537
lb20_atr14_m1.5_r0.005_tfma100_rfadx20,20,14,1.5,0.005,ma100,adx20,-0.16852208945659364,-0.16852208945659364,55,0.2,0.11686855588628245,-0.6686211238147537,-0.048963001545145546,-0.05315109105154969,20,0.25,0.23184630949949042,-0.47044837424199776,-0.2693810535786928
lb30_atr20_m1.5_r0.005_tfnone_rfnone,30,20,1.5,0.005,none,none,-0.12374201035493015,-0.12940158234464794,60,0.31666666666666665,0.2924308115270593,-0.43968223242072135,-0.06933053735626249,-0.07342893417653507,24,0.20833333333333334,0.1667341357308948,-0.656916690392925,-0.26992276297768963
lb20_atr14_m2.0_r0.005_tfnone_rfnone,20,14,2.0,0.005,none,none,-0.1461889656333789,-0.14993394290558504,63,0.2222222222222222,0.2786519783831362,-0.48073113914834603,-0.06915485707219993,-0.07286881881721075,27,0.1111111111111111,0.14762025210187787,-0.5574729861078931,-0.2706057450529905
lb10_atr10_m2.0_r0.005_tfnone_rfadx20,10,10,2.0,0.005,none,adx20,-0.21984574676824098,-0.22774407969988741,90,0.18888888888888888,0.2192580955777302,-0.5253002706490965,-0.05420433128539337,-0.06047686599332058,30,0.16666666666666666,0.2743812309798714,-0.3532022426536653,-0.27205761867426526
lb20_atr10_m2.0_r0.005_tfnone_rfnone,20,10,2.0,0.005,none,none,-0.168179236771543,-0.16963809559516063,66,0.15151515151515152,0.23591696838357096,-0.5315649939022649,-0.061813282999297,-0.06522383219502681,25,0.12,0.14775618928700582,-0.5228938623488343,-0.27650930768984683
lb20_atr20_m1.5_r0.005_tfma100_rfnone,20,20,1.5,0.005,ma100,none,-0.15731141079203526,-0.15731141079203526,62,0.24193548387096775,0.2214877013945596,-0.5506202310802322,-0.059974339966723855,-0.06411393875092708,24,0.2916666666666667,0.20593931928498785,-0.577977059154182,-0.2782283481656147
lb10_atr10_m1.5_r0.005_tfma100_rfadx20,10,10,1.5,0.005,ma100,adx20,-0.2051782019346975,-0.2058794293936943,75,0.17333333333333334,0.14677856855725846,-0.6098231909979822,-0.04960001738694009,-0.05482025151149772,23,0.2608695652173913,0.25699597989096323,-0.4255182616857037,-0.27864023610006283
lb10_atr14_m2.0_r0.005_tfnone_rfadx20,10,14,2.0,0.005,none,adx20,-0.2069587673238512,-0.21740808761848984,88,0.2159090909090909,0.23183022554998375,-0.4984798237656673,-0.06472637951055782,-0.07063154937419702,32,0.1875,0.2480575692964399,-0.40287698309803377,-0.27934544349379065
lb20_atr14_m1.5_r0.005_tfnone_rfadx20,20,14,1.5,0.005,none,adx20,-0.19193480612916414,-0.19715393473185983,67,0.19402985074626866,0.14203918397120638,-0.6316054042389518,-0.05848258135267459,-0.06262874940664098,26,0.23076923076923078,0.22955506879014198,-0.43535917910401023,-0.28246471241248644
lb10_atr14_m1.5_r0.005_tfma100_rfadx20,10,14,1.5,0.005,ma100,adx20,-0.2050346472555733,-0.2050346472555733,74,0.17567567567567569,0.1288609599927981,-0.6233083111595987,-0.053108277450227726,-0.058693114610062325,24,0.2916666666666667,0.2819585458763769,-0.4351073772088512,-0.2838333985754192
lb10_atr20_m1.5_r0.0025_tfnone_rfnone,10,20,1.5,0.0025,none,none,-0.16204886959653664,-0.16302670643178574,121,0.2231404958677686,0.19923927856190238,-0.5382355082699708,-0.06949947443897553,-0.07209491009449809,48,0.25,0.17783467521621502,-0.5626428598139899,-0.2856804008866772
lb30_atr14_m1.5_r0.005_tfnone_rfnone,30,14,1.5,0.005,none,none,-0.14139294028928617,-0.14693850851546686,60,0.3,0.22259111033496046,-0.4924955165803749,-0.06953004738927238,-0.07362756562556039,24,0.16666666666666666,0.16310785301615077,-0.6621890535336806,-0.2867641765567635
lb30_atr14_m1.5_r0.005_tfma100_rfnone,30,14,1.5,0.005,ma100,none,-0.13648916198011862,-0.13648916198011862,52,0.28846153846153844,0.18223091513764594,-0.5625204460134339,-0.06450954054340219,-0.06862916762726623,22,0.18181818181818182,0.17429371228867732,-0.6733815408896096,-0.28718532387239293
lb10_atr20_m2.0_r0.005_tfma100_rfnone,10,20,2.0,0.005,ma100,none,-0.1711161776931439,-0.17433869353104947,71,0.19718309859154928,0.21705133839200363,-0.5096390557884263,-0.06700913095505967,-0.07283085844313464,26,0.15384615384615385,0.17622508080124244,-0.5807535503772266,-0.2904511834658059
lb10_atr20_m2.0_r0.005_tfnone_rfadx20,10,20,2.0,0.005,none,adx20,-0.22349499897028058,-0.2297825101512141,92,0.18478260869565216,0.1967330266843597,-0.5267139599704421,-0.0645115086729664,-0.07034882096125428,31,0.12903225806451613,0.25958937913427693,-0.40819365637617766,-0.29180557516309225
lb10_atr10_m2.0_r0.005_tfma100_rfnone,10,10,2.0,0.005,ma100,none,-0.17350738608885363,-0.1802253585648138,70,0.17142857142857143,0.22011693814422748,-0.5145493933404801,-0.06663568506737128,-0.07187409244115917,25,0.16,0.1102608233427632,-0.584158158041492,-0.29413422345414986
lb30_atr10_m1.5_r0.005_tfma100_rfnone,30,10,1.5,0.005,ma100,none,-0.14067784316292742,-0.14143597573297673,52,0.25,0.1713195976526299,-0.570268979617805,-0.06888753020750993,-0.07298787790203243,22,0.13636363636363635,0.13447429903387587,-0.6994480944886334,-0.2991088023590407
lb10_atr10_m1.5_r0.0025_tfnone_rfnone,10,10,1.5,0.0025,none,none,-0.17339223005451376,-0.1741446629304232,123,0.1951219512195122,0.1815052022556592,-0.5725677139238454,-0.07086423896001615,-0.07381897070579313,47,0.2127659574468085,0.19189696422955663,-0.5811663000784478,-0.299466423451229
lb10_atr14_m1.5_r0.0025_tfnone_rfnone,10,14,1.5,0.0025,none,none,-0.1684872595141813,-0.1689096961757559,121,0.21487603305785125,0.18202210385740958,-0.5636133790052017,-0.07444729920268967,-0.07769589186786041,49,0.22448979591836735,0.17486590096700297,-0.5908072375888389,-0.3006148003048925
lb10_atr14_m2.0_r0.005_tfma100_rfnone,10,14,2.0,0.005,ma100,none,-0.15871863749392867,-0.1672269365031005,68,0.22058823529411764,0.24707828072874408,-0.4817653908196225,-0.07812091484731698,-0.08291613987562207,28,0.17857142857142858,0.11410369995907456,-0.6478382233667096,-0.30196869641334156
lb30_atr10_m1.5_r0.005_tfnone_rfnone,30,10,1.5,0.005,none,none,-0.15108021951276362,-0.15730733735242053,60,0.23333333333333334,0.20303166454066765,-0.5238431975296881,-0.07397193969092608,-0.07804989712929833,24,0.125,0.12584769396822532,-0.6864279077983211,-0.3037816183847269
lb20_atr20_m1.5_r0.005_tfnone_rfnone,20,20,1.5,0.005,none,none,-0.19034565648342483,-0.19034565648342483,78,0.24358974358974358,0.20713349735434278,-0.5488991046572134,-0.07565800818639268,-0.0797285406709678,31,0.25806451612903225,0.19050280121827481,-0.5409499559640507,-0.3046885955578757
lb20_atr10_m1.5_r0.005_tfma100_rfnone,20,10,1.5,0.005,ma100,none,-0.17945899237461904,-0.18018291047447543,64,0.21875,0.15433093499368458,-0.6040343140457316,-0.06684055293048752,-0.0709499149157975,24,0.16666666666666666,0.14590873407643637,-0.6261414644887883,-0.31132673135138605
lb10_atr20_m1.5_r0.005_tfma100_rfnone,10,20,1.5,0.005,ma100,none,-0.19213395517226062,-0.19213395517226062,81,0.20987654320987653,0.21321679921529135,-0.5273590472224762,-0.07636546240873598,-0.08121460445965123,31,0.2903225806451613,0.2314209410797326,-0.5940708466059893,-0.3124047794985724
lb20_atr10_m1.5_r0.005_tfnone_rfnone,20,10,1.5,0.005,none,none,-0.20962548632104228,-0.21032279018617528,78,0.20512820512820512,0.16620328185121258,-0.592789011136743,-0.07317894582371465,-0.07726039537574747,30,0.16666666666666666,0.21893194550445075,-0.540132371534636,-0.3177390239233398
lb20_atr14_m1.5_r0.005_tfma100_rfnone,20,14,1.5,0.005,ma100,none,-0.1828721158885963,-0.1828721158885963,64,0.234375,0.13992567130006045,-0.6304097152708692,-0.0694960828472948,-0.07359375065351759,25,0.2,0.17355213599195896,-0.6351020769394242,-0.3187632204985622
lb10_atr20_m1.5_r0.005_tfnone_rfadx20,10,20,1.5,0.005,none,adx20,-0.2620394721064546,-0.2674313675051021,107,0.205607476635514,0.16803478755045384,-0.570598890906488,-0.07375636419200526,-0.08002811527133236,37,0.32432432432432434,0.2664200838304656,-0.3827893218991031,-0.3219025750337163
lb10_atr10_m1.5_r0.005_tfnone_rfadx20,10,10,1.5,0.005,none,adx20,-0.27517135876156906,-0.2807452450162172,109,0.1834862385321101,0.16636005823038574,-0.5908762643783148,-0.07078724710324225,-0.07816325399763857,36,0.2777777777777778,0.29360373132779805,-0.3890273652898149,-0.32983344431153205
lb20_atr14_m1.5_r0.005_tfnone_rfnone,20,14,1.5,0.005,none,none,-0.20842885270215517,-0.20842885270215517,78,0.23076923076923078,0.15868803023286895,-0.5969929395926442,-0.08336337805347294,-0.0873999783369499,32,0.1875,0.17062302582634212,-0.5797834315060731,-0.3330051919043231
lb10_atr14_m1.5_r0.005_tfnone_rfadx20,10,14,1.5,0.005,none,adx20,-0.27434709695591686,-0.2795336504211079,108,0.18518518518518517,0.1596311310353275,-0.5962078152098422,-0.07845791268859503,-0.08615219782028471,38,0.2894736842105263,0.26502832179706554,-0.4090292278584818,-0.3399335823080697
lb10_atr10_m1.5_r0.005_tfma100_rfnone,10,10,1.5,0.005,ma100,none,-0.2176428942546148,-0.2183331248026763,85,0.18823529411764706,0.15830615482706795,-0.5746424896391314,-0.08239533488474227,-0.08743543513023866,31,0.1935483870967742,0.18811706101794826,-0.6407143753312978,-0.34562339372664735
lb10_atr14_m1.5_r0.005_tfma100_rfnone,10,14,1.5,0.005,ma100,none,-0.2136853160796558,-0.2136853160796558,83,0.20481927710843373,0.14999090236496543,-0.5818166525436652,-0.08482841390412854,-0.09022616336157441,32,0.21875,0.20901013696056084,-0.6481578675259473,-0.346772775033251
lb10_atr10_m2.0_r0.005_tfnone_rfnone,10,10,2.0,0.005,none,none,-0.24675276073858388,-0.24953733289496494,103,0.1650485436893204,0.2115101211590978,-0.5230559882806186,-0.09589745516442083,-0.10097163398372677,39,0.15384615384615385,0.1767878000060539,-0.5194732616834241,-0.3494837797396802
lb10_atr20_m2.0_r0.005_tfnone_rfnone,10,20,2.0,0.005,none,none,-0.23471559487408267,-0.2358736541358195,103,0.1941747572815534,0.21310555922172697,-0.4980572708144907,-0.1082346483785056,-0.11379913462665303,41,0.12195121951219512,0.17568608438073338,-0.5743606226163368,-0.35901128623762996
lb10_atr14_m2.0_r0.005_tfnone_rfnone,10,14,2.0,0.005,none,none,-0.2239901803961204,-0.22907119166517154,99,0.21212121212121213,0.2367460139980809,-0.48620856549819397,-0.11468393232114282,-0.11928897199941169,43,0.16279069767441862,0.15828454484492582,-0.5994113320324693,-0.36133205267276614
lb10_atr20_m1.5_r0.005_tfnone_rfnone,10,20,1.5,0.005,none,none,-0.2757292342531168,-0.2761865628136362,121,0.2231404958677686,0.1988710443486616,-0.5382355082699708,-0.11877512709771298,-0.12340161562059448,48,0.25,0.19120527285279793,-0.5626428598139898,-0.39286343708001353
lb10_atr10_m1.5_r0.005_tfnone_rfnone,10,10,1.5,0.005,none,none,-0.29699648058917616,-0.29761670184226985,123,0.1951219512195122,0.16933030143892266,-0.5725677139238454,-0.1185011920015816,-0.12334297466409627,47,0.2127659574468085,0.2059993455836763,-0.5811663000784478,-0.41130382686367584
lb10_atr14_m1.5_r0.005_tfnone_rfnone,10,14,1.5,0.005,none,none,-0.28825239198011443,-0.2887445364342013,121,0.21487603305785125,0.17193524835528504,-0.5636133790052017,-0.12471898485058863,-0.12988145678089658,49,0.22448979591836735,0.1910229564271519,-0.5908072375888389,-0.412294510935778
