key,breakout_lookback,atr_period,atr_mult,risk_per_trade,trend_filter,regime_filter,is_return,is_mdd,is_trades,is_win_rate,is_pf,is_avg_r,oos_return,oos_mdd,oos_trades,oos_win_rate,oos_pf,oos_avg_r,rank_score
lb55_atr14_m3.0_r0.0025_tfnone_rfadx20,55,14,3.0,0.0025,none,adx20,0.0025241786786331932,-0.016154253404830565,18,0.2777777777777778,1.1311085889493302,0.053793237823440046,0.003988574613635887,-0.00615084832515056,6,0.6666666666666666,1.9258522532129643,0.2564398229338687,0.09527791905959467
lb55_atr14_m3.0_r0.0025_tfma100_rfadx20,55,14,3.0,0.0025,ma100,adx20,0.002418756878449946,-0.016154253404830454,17,0.23529411764705882,1.1256460783473303,0.05461574840408121,0.003988574613635887,-0.00615084832515056,6,0.6666666666666666,1.9258522532129643,0.2564398229338687,0.09524509256399732
lb55_atr14_m3.0_r0.005_tfnone_rfadx20,55,14,3.0,0.005,none,adx20,0.004742997912571489,-0.03208285154881052,18,0.2777777777777778,1.121973666412411,0.053793237823440095,0.0079597826066935,-0.01223949463041285,6,0.6666666666666666,1.9187320823170708,0.2564398229338687,0.09441274031241566
lb55_atr14_m3.0_r0.005_tfma100_rfadx20,55,14,3.0,0.005,ma100,adx20,0.004531709884548096,-0.0320828515488103,17,0.23529411764705882,1.116564574212833,0.054615748404081246,0.0079597826066935,-0.01223949463041285,6,0.6666666666666666,1.9187320823170708,0.2564398229338687,0.09433283490751568
lb55_atr20_m3.0_r0.0025_tfnone_rfadx20,55,20,3.0,0.0025,none,adx20,-0.009878649143513996,-0.021463217885344665,21,0.19047619047619047,0.6594129026444638,-0.1779956318709173,0.0044308421994603275,-0.00609415584249362,6,0.6666666666666666,2.140590024335426,0.28368650110081317,0.07259201966460985
lb55_atr20_m3.0_r0.0025_tfma100_rfadx20,55,20,3.0,0.0025,ma100,adx20,-0.009926236744303485,-0.021463217885345,20,0.15,0.6577557714679935,-0.18780331781694407,0.0044308421994603275,-0.00609415584249362,6,0.6666666666666666,2.140590024335426,0.28368650110081317,0.07169503284662425
lb55_atr20_m3.0_r0.005_tfnone_rfadx20,55,20,3.0,0.005,none,adx20,-0.01996571713682993,-0.042515363152365815,21,0.19047619047619047,0.6558343475393806,-0.1779956318709173,0.008847613868560922,-0.012122442503636477,6,0.6666666666666666,2.13176920296202,0.2836865011008131,0.0657578277709581
lb55_atr20_m3.0_r0.005_tfma100_rfadx20,55,20,3.0,0.005,ma100,adx20,-0.020059918193641724,-0.04251536315236548,20,0.15,0.6541772851308603,-0.18780331781694407,0.008847613868560922,-0.012122442503636477,6,0.6666666666666666,2.13176920296202,0.2836865011008131,0.06483986561982603
lb55_atr10_m3.0_r0.0025_tfnone_rfadx20,55,10,3.0,0.0025,none,adx20,-0.00354799978250242,-0.019797657669161417,20,0.3,0.844813679269008,-0.06838679027543397,0.002798057035306556,-0.006583684766834241,6,0.6666666666666666,1.6343170159815172,0.18026685020764324,0.05950814580783874
lb55_atr10_m3.0_r0.0025_tfma100_rfadx20,55,10,3.0,0.0025,ma100,adx20,-0.003887415121188731,-0.019797657669161306,19,0.2631578947368421,0.8299100207918599,-0.07880056054730673,0.002798057035306556,-0.006583684766834241,6,0.6666666666666666,1.6343170159815172,0.18026685020764324,0.058287715592631
lb55_atr10_m3.0_r0.005_tfnone_rfadx20,55,10,3.0,0.005,none,adx20,-0.007398704823445956,-0.03924453850273335,20,0.3,0.8390964279465809,-0.06838679027543397,0.0055749076475228865,-0.013111111607257642,6,0.6666666666666666,1.6290941431307562,0.18026685020764324,0.054721024921447654
lb55_atr10_m3.0_r0.005_tfma100_rfadx20,55,10,3.0,0.005,ma100,adx20,-0.0080746819627453,-0.03924453850273335,19,0.2631578947368421,0.8242759224135325,-0.07880056054730676,0.0055749076475228865,-0.013111111607257642,6,0.6666666666666666,1.6290941431307562,0.18026685020764324,0.05335001500187707
lb55_atr14_m3.0_r0.0025_tfnone_rfnone,55,14,3.0,0.0025,none,none,-0.0008010599734750157,-0.016392747426780208,20,0.25,0.9651885171909469,-0.015106411747511234,1.0426030147669962e-05,-0.009370883194547264,8,0.5,1.0012586490011863,0.0024834107487409357,0.023654609362977187
lb55_atr14_m3.0_r0.0025_tfma100_rfnone,55,14,3.0,0.0025,ma100,none,-0.000906132103642987,-0.016392747426780097,19,0.21052631578947367,0.9606182800616972,-0.017996778573829773,1.0426030147669962e-05,-0.009370883194547264,8,0.5,1.0012586490011863,0.0024834107487409357,0.023306432317241624
lb55_atr10_m2.5_r0.0025_tfnone_rfadx20,55,10,2.5,0.0025,none,adx20,-0.007995122744033134,-0.023640219432473852,23,0.17391304347826086,0.7475778310630825,-0.13046325488311664,0.0009468154950718066,-0.006676654394211279,7,0.42857142857142855,1.1271846572831756,0.051824125815811375,0.018712936110414243
lb55_atr14_m3.0_r0.005_tfnone_rfnone,55,14,3.0,0.005,none,none,-0.0019224534576416374,-0.03255381629343013,20,0.25,0.9584700907511559,-0.015106411747511234,-2.131064728483345e-05,-0.01863942298666188,8,0.5,0.9987188760886625,0.002483410748740915,0.01834008808582152
lb55_atr14_m3.0_r0.005_tfma100_rfnone,55,14,3.0,0.005,ma100,none,-0.0021323398037634833,-0.032553816293430016,19,0.21052631578947367,0.953926320258376,-0.017996778573829773,-2.131064728483345e-05,-0.01863942298666188,8,0.5,0.9987188760886625,0.002483410748740915,0.01794502254258964
lb55_atr10_m2.5_r0.0025_tfma100_rfadx20,55,10,2.5,0.0025,ma100,adx20,-0.008791239209763102,-0.023640219432474185,22,0.13636363636363635,0.7222198990599894,-0.15012831184650224,0.0009468154950718066,-0.006676654394211279,7,0.42857142857142855,1.1271846572831756,0.051824125815811375,0.016367732930506997
lb55_atr10_m2.5_r0.005_tfnone_rfadx20,55,10,2.5,0.005,none,adx20,-0.016392468048862407,-0.04676716747558163,23,0.17391304347826086,0.7417459048012787,-0.1304632548831166,0.0018487277106604694,-0.013289053423021668,7,0.42857142857142855,1.1240686359863903,0.05182412581581135,0.010351188327252788
lb55_atr10_m2.5_r0.005_tfma100_rfadx20,55,10,2.5,0.005,ma100,adx20,-0.01796995670359658,-0.04676716747558174,22,0.13636363636363635,0.7164386905859882,-0.1501283118465023,0.0018487277106604694,-0.013289053423021668,7,0.42857142857142855,1.1240686359863903,0.05182412581581135,0.007654900199065598
lb55_atr20_m3.0_r0.0025_tfnone_rfnone,55,20,3.0,0.0025,none,none,-0.015680386596869322,-0.024155331341267128,24,0.16666666666666666,0.5540600718776941,-0.2492837910057729,0.0011011552370865374,-0.009335903148632974,8,0.5,1.1526555803114304,0.05272320060561596,0.0027899831615805833
lb55_atr20_m3.0_r0.0025_tfma100_rfnone,55,20,3.0,0.0025,ma100,none,-0.015727695352277027,-0.02415533134126724,23,0.13043478260869565,0.5526931432115562,-0.2609116987473116,0.0011011552370865374,-0.009335903148632974,8,0.5,1.1526555803114304,0.05272320060561596,0.0017368995432680118
lb55_atr10_m3.0_r0.0025_tfnone_rfnone,55,10,3.0,0.0025,none,none,-0.00740773300318498,-0.02061245140232748,22,0.2727272727272727,0.7268901042569282,-0.12926029191807062,-0.0011967076304677526,-0.009271022545372376,8,0.5,0.8575964658280889,-0.055766555030307405,-0.005304741663223823
lb55_atr10_m3.0_r0.0025_tfma100_rfnone,55,10,3.0,0.0025,ma100,none,-0.007745833624596576,-0.02061245140232726,21,0.23809523809523808,0.7143276309024745,-0.14158101271846207,-0.0011967076304677526,-0.009271022545372376,8,0.5,0.8575964658280889,-0.055766555030307405,-0.006666855983115027
lb55_atr20_m3.0_r0.005_tfnone_rfnone,55,20,3.0,0.005,none,none,-0.03143611775695754,-0.047785668511449275,24,0.16666666666666666,0.5513708412417797,-0.2492837910057729,0.0021639256930865436,-0.018563010199711072,8,0.5,1.149267434258286,0.052723200605615944,-0.009517172916478344
lb55_atr20_m3.0_r0.005_tfma100_rfnone,55,20,3.0,0.005,ma100,none,-0.03152921627697158,-0.04778566851144894,23,0.13043478260869565,0.5499989652886286,-0.2609116987473116,0.0021639256930865436,-0.018563010199711072,8,0.5,1.149267434258286,0.052723200605615944,-0.01059091387537734
lb30_atr14_m3.0_r0.0025_tfma100_rfadx20,30,14,3.0,0.0025,ma100,adx20,-0.014065728898903673,-0.03005518210762126,25,0.24,0.6138184211399696,-0.21320497206124445,-0.0005885433670965723,-0.00945524419878685,8,0.5,0.9373294276624491,-0.028117462749734416,-0.01182087133396462
lb30_atr20_m3.0_r0.0025_tfma100_rfadx20,30,20,3.0,0.0025,ma100,adx20,-0.019295197765857752,-0.029146866832800655,26,0.15384615384615385,0.523883049937814,-0.27972499131776085,0.00030643490959381126,-0.009644808695060902,8,0.5,1.034641013308831,0.012640679421472213,-0.011848065962112901
lb55_atr10_m3.0_r0.005_tfnone_rfnone,55,10,3.0,0.005,none,none,-0.015085782179082963,-0.04084419760303948,22,0.2727272727272727,0.7224665277889679,-0.12926029191807062,-0.0024300041668120498,-0.018446270748023186,8,0.5,0.8558513478506591,-0.05576655503030741,-0.014736663241629635
lb55_atr10_m3.0_r0.005_tfma100_rfnone,55,10,3.0,0.005,ma100,none,-0.015756524297447116,-0.04084419760303948,21,0.23809523809523808,0.7099293273295443,-0.141581012718462,-0.0024300041668120498,-0.018446270748023186,8,0.5,0.8558513478506591,-0.05576655503030741,-0.016248200869751695
lb10_atr20_m3.0_r0.0025_tfma100_rfadx20,10,20,3.0,0.0025,ma100,adx20,-0.034424806486335946,-0.04481693221030936,41,0.1951219512195122,0.46079608989125975,-0.3248038570093165,0.0011028351125006441,-0.01000876045815935,10,0.5,1.105139028116908,0.04222297852932707,-0.018931785320702176
lb55_atr14_m2.5_r0.0025_tfnone_rfadx20,55,14,2.5,0.0025,none,adx20,-0.008162183382258381,-0.01882482397480656,21,0.23809523809523808,0.697217271156443,-0.1494307879235931,-0.0031316567391721506,-0.00802120535695272,9,0.4444444444444444,0.6433382827783668,-0.1327270929026951,-0.024893851156523126
lb30_atr14_m3.0_r0.005_tfma100_rfadx20,30,14,3.0,0.005,ma100,adx20,-0.02828818002553135,-0.05928303819802794,25,0.24,0.6120024037460146,-0.21320497206124447,-0.0012240404933864246,-0.018810187303812564,8,0.5,0.9350951284080542,-0.028117462749734326,-0.02515731983846732
lb10_atr14_m3.0_r0.0025_tfma100_rfadx20,10,14,3.0,0.0025,ma100,adx20,-0.02853004571753781,-0.04222203443208594,39,0.23076923076923078,0.5014364726623325,-0.28393589388466434,-0.0006495810037977501,-0.010391036152066158,10,0.5,0.9464479801125023,-0.020009661119875854,-0.02618368641674968
lb30_atr20_m3.0_r0.005_tfma100_rfadx20,30,20,3.0,0.005,ma100,adx20,-0.03856315534747656,-0.05752953298362484,26,0.15384615384615385,0.5221496909342683,-0.2797249913177609,0.0005656005879812742,-0.019181353304021598,8,0.5,1.0318132373601159,0.012640679421472192,-0.026902522510710618
lb55_atr14_m2.5_r0.0025_tfma100_rfadx20,55,14,2.5,0.0025,ma100,adx20,-0.0087595821589872,-0.018824823974806892,20,0.2,0.6748604487136003,-0.16818827876321912,-0.0031316567391721506,-0.00802120535695272,9,0.4444444444444444,0.6433382827783668,-0.1327270929026951,-0.02703870769016827
lb30_atr10_m3.0_r0.0025_tfma100_rfadx20,30,10,3.0,0.0025,ma100,adx20,-0.016135133856754136,-0.03341662311844862,26,0.2692307692307692,0.5918381217400519,-0.23951229409759758,-0.0019705513434303823,-0.009525461435456073,8,0.5,0.7946649161874244,-0.09512091316465585,-0.030203768663098495
lb20_atr20_m3.0_r0.0025_tfma100_rfadx20,20,20,3.0,0.0025,ma100,adx20,-0.0346752222598814,-0.0420720291541381,34,0.17647058823529413,0.40689629424827717,-0.3947555537704492,0.00024236923185316783,-0.011015785388399757,9,0.4444444444444444,1.0231750696814899,0.008640978679999856,-0.03313736219300902
lb20_atr10_m3.0_r0.0025_tfma100_rfadx20,20,10,3.0,0.0025,ma100,adx20,-0.029750844641872165,-0.04406619076595786,34,0.20588235294117646,0.470263694413493,-0.3418121575834399,-0.0005469800045101447,-0.012320355039048048,9,0.4444444444444444,0.9527980863189752,-0.025561848770326856,-0.033606310847877054
lb20_atr14_m3.0_r0.0025_tfma100_rfadx20,20,14,3.0,0.0025,ma100,adx20,-0.028720992758571318,-0.04204990665533381,32,0.21875,0.4417131155527435,-0.34747982052293497,-0.000617246513838543,-0.011465963894416231,9,0.4444444444444444,0.945814559078378,-0.02642522379998145,-0.03374928141618486
lb30_atr14_m3.0_r0.0025_tfnone_rfadx20,30,14,3.0,0.0025,none,adx20,-0.015418356612001749,-0.03085101078587249,29,0.3103448275862069,0.6390666383943059,-0.20203924107817803,-0.003289091832226698,-0.012131833607651576,10,0.4,0.7278395150474863,-0.13039296726234756,-0.034184899759042896
lb55_atr14_m2.5_r0.005_tfnone_rfadx20,55,14,2.5,0.005,none,adx20,-0.01648802994823695,-0.037347710750168295,21,0.23809523809523808,0.6943731919044308,-0.14943078792359316,-0.006284748681226748,-0.015996881103023886,9,0.4444444444444444,0.642610441097984,-0.13272709290269516,-0.035085618266786266
lb10_atr10_m3.0_r0.0025_tfma100_rfadx20,10,10,3.0,0.0025,ma100,adx20,-0.03022788481037353,-0.042675301647498,40,0.225,0.5025640646666074,-0.2941788897577632,-0.0015797344827761517,-0.010945717520181364,10,0.5,0.8790020601864706,-0.05374479169625383,-0.03534854956790181
lb55_atr14_m2.5_r0.005_tfma100_rfadx20,55,14,2.5,0.005,ma100,adx20,-0.017672084763488916,-0.03734771075016863,20,0.2,0.6720303711852287,-0.16818827876321918,-0.006284748681226748,-0.015996881103023886,9,0.4444444444444444,0.642610441097984,-0.13272709290269516,-0.03749432299966859
lb10_atr10_m2.5_r0.0025_tfma100_rfadx20,10,10,2.5,0.0025,ma100,adx20,-0.0511743356928237,-0.0598008870897081,49,0.1836734693877551,0.36283650624657693,-0.40386807920023865,0.0010503594037787334,-0.010587426108241815,12,0.5,1.0696671490896212,0.03755101870053033,-0.038143732038742405
lb30_atr20_m3.0_r0.0025_tfnone_rfadx20,30,20,3.0,0.0025,none,adx20,-0.020345578576856815,-0.029685096202675565,30,0.23333333333333334,0.5654261709809176,-0.2562552814961329,-0.002974505828440721,-0.012893109994422391,10,0.4,0.7546030850027208,-0.11879940858992188,-0.03937511670607361
lb10_atr20_m3.0_r0.005_tfma100_rfadx20,10,20,3.0,0.005,ma100,adx20,-0.06805298913855273,-0.08775254773340724,41,0.1951219512195122,0.46055759286802833,-0.3248038570093165,0.0021352694012493068,-0.01993192958324108,10,0.5,1.1011884660411764,0.042222978529327035,-0.04216717898036364
lb55_atr10_m2.5_r0.0025_tfnone_rfnone,55,10,2.5,0.0025,none,none,-0.011491698575006759,-0.024003153098240637,25,0.16,0.6777470156771218,-0.17313563011607724,-0.004999912244358251,-0.009981554837967144,9,0.3333333333333333,0.6264914052672661,-0.21015887382035006,-0.0438441203484174
lb30_atr10_m3.0_r0.005_tfma100_rfadx20,30,10,3.0,0.005,ma100,adx20,-0.032379399632676664,-0.06579622383929706,26,0.2692307692307692,0.5906487274209784,-0.2395122940975975,-0.003980378302659515,-0.018953996893495972,8,0.5,0.7932197101743027,-0.09512091316465585,-0.04564432656745495
lb55_atr10_m2.5_r0.0025_tfma100_rfnone,55,10,2.5,0.0025,ma100,none,-0.012285008923896612,-0.024003153098241525,24,0.125,0.6552241214962371,-0.19293994796722078,-0.004999912244358251,-0.009981554837967144,9,0.3333333333333333,0.6264914052672661,-0.21015887382035006,-0.046170478206292304
lb10_atr14_m3.0_r0.005_tfma100_rfadx20,10,14,3.0,0.005,ma100,adx20,-0.05669168795777635,-0.08278679083684315,39,0.23076923076923078,0.5011250113157065,-0.28393589388466434,-0.0013767009628471438,-0.02068444300651151,10,0.5,0.9434856271797728,-0.02000966111987588,-0.0476727293074838
lb30_atr10_m3.0_r0.0025_tfnone_rfadx20,30,10,3.0,0.0025,none,adx20,-0.015387993127951582,-0.03290811944196048,30,0.3,0.6585191703480606,-0.19849117572991945,-0.00515128815162702,-0.012682120616840487,10,0.4,0.5966733055220889,-0.20202775080431984,-0.04931020010896062
lb30_atr14_m3.0_r0.005_tfnone_rfadx20,30,14,3.0,0.005,none,adx20,-0.03120060760064236,-0.06084478429072504,29,0.3103448275862069,0.6348113996031857,-0.20203924107817797,-0.006617387468376368,-0.02410856984679055,10,0.4,0.7268510908910157,-0.1303929672623475,-0.0504945092950269
lb20_atr10_m2.5_r0.0025_tfma100_rfadx20,20,10,2.5,0.0025,ma100,adx20,-0.039063440719261044,-0.04940814105654623,38,0.18421052631578946,0.4083370010450736,-0.39706481189620185,-0.0017325496654266859,-0.011775934600031124,10,0.3,0.8800377572713831,-0.06879113727218114,-0.05298378945345857
lb55_atr14_m2.5_r0.0025_tfnone_rfnone,55,14,2.5,0.0025,none,none,-0.010675166144643367,-0.02148397423692594,25,0.24,0.6807145469226112,-0.1638363610847324,-0.007364920718372248,-0.012842925289511475,11,0.36363636363636365,0.4338506448401766,-0.2552758146696331,-0.05541185929029547
lb20_atr14_m3.0_r0.005_tfma100_rfadx20,20,14,3.0,0.005,ma100,adx20,-0.056997730784421385,-0.0824332246064382,32,0.21875,0.4421979377177353,-0.34747982052293486,-0.0013056105597551992,-0.02278182847835275,9,0.4444444444444444,0.9429831931894191,-0.02642522379998143,-0.05549832406015193
lb20_atr10_m3.0_r0.005_tfma100_rfadx20,20,10,3.0,0.005,ma100,adx20,-0.059024607039311894,-0.08630705750238665,34,0.20588235294117646,0.4708358942263781,-0.3418121575834398,-0.0011779755898118083,-0.02445151594851025,9,0.4444444444444444,0.9494297876366548,-0.025561848770326842,-0.056254048404471
lb20_atr20_m3.0_r0.005_tfma100_rfadx20,20,20,3.0,0.005,ma100,adx20,-0.06853322609989254,-0.0824988842620995,34,0.17647058823529413,0.4069881863596772,-0.3947555537704492,0.00041891275720518095,-0.021892665717551996,9,0.4444444444444444,1.0199132162194176,0.008640978679999849,-0.056826754858105316
lb55_atr14_m2.5_r0.0025_tfma100_rfnone,55,14,2.5,0.0025,ma100,none,-0.011271051314204916,-0.021483974236926384,24,0.20833333333333334,0.66268894333122,-0.1800678356661349,-0.007364920718372248,-0.012842925289511475,11,0.36363636363636365,0.4338506448401766,-0.2552758146696331,-0.05728953048018055
lb10_atr10_m3.0_r0.005_tfma100_rfadx20,10,10,3.0,0.005,ma100,adx20,-0.05995330650793873,-0.08366551778967002,40,0.225,0.5024640867524045,-0.2941788897577632,-0.0026835904664263,-0.021780490857276513,10,0.5,0.8953099336723158,-0.053744791696253846,-0.0575708276854877
lb30_atr20_m3.0_r0.005_tfnone_rfadx20,30,20,3.0,0.005,none,adx20,-0.040784993645091694,-0.058588899994524324,30,0.23333333333333334,0.5623649986566057,-0.25625528149613297,-0.005992382038147226,-0.025609908953581284,10,0.4,0.753538616324618,-0.11879940858992191,-0.05763848511098631
lb10_atr14_m3.0_r0.0025_tfnone_rfadx20,10,14,3.0,0.0025,none,adx20,-0.03877535864481929,-0.052102763712746025,57,0.2807017543859649,0.5281137640825169,-0.26983317142486296,-0.00604376385369132,-0.016794394034083893,18,0.3333333333333333,0.7154904032570065,-0.13073090782544547,-0.0577908285132775
lb55_atr10_m2.5_r0.005_tfnone_rfnone,55,10,2.5,0.005,none,none,-0.02332744598216896,-0.04747908890746966,25,0.16,0.672561869666409,-0.17313563011607724,-0.010037754762972195,-0.019854928522124893,9,0.3333333333333333,0.625010090640739,-0.21015887382035017,-0.05787805790638092
lb30_atr10_m2.5_r0.0025_tfma100_rfadx20,30,10,2.5,0.0025,ma100,adx20,-0.02451911758218761,-0.03746867098999407,30,0.16666666666666666,0.4955041039052171,-0.3102506933227459,-0.004153688691515667,-0.009139568051881097,9,0.3333333333333333,0.671249841791231,-0.17690215560491368,-0.058541404270011255
lb55_atr10_m2.5_r0.005_tfma100_rfnone,55,10,2.5,0.005,ma100,none,-0.024893812468095522,-0.047479088907469325,24,0.125,0.650014103125166,-0.19293994796722072,-0.010037754762972195,-0.019854928522124893,9,0.3333333333333333,0.625010090640739,-0.21015887382035017,-0.06055255218570593
lb10_atr10_m3.0_r0.0025_tfnone_rfadx20,10,10,3.0,0.0025,none,adx20,-0.03902359249452758,-0.05559228225326174,59,0.2711864406779661,0.5602559609726451,-0.26605342076432137,-0.007710452749431829,-0.016846139049050746,19,0.3157894736842105,0.6691439919501951,-0.1587573868659201,-0.06411103555228331
lb20_atr10_m3.0_r0.0025_tfnone_rfadx20,20,10,3.0,0.0025,none,adx20,-0.03460453704000299,-0.05154839830560509,42,0.21428571428571427,0.5049810518931822,-0.32707587783600794,-0.005563438372707785,-0.017277720438859667,14,0.2857142857142857,0.6957434692355261,-0.15689616774515666,-0.06558638372414634
lb30_atr10_m3.0_r0.005_tfnone_rfadx20,30,10,3.0,0.005,none,adx20,-0.030958820662951414,-0.06482603362994999,30,0.3,0.6567272480080941,-0.1984911757299194,-0.010323325552146545,-0.025201587715472318,10,0.4,0.5962758158628381,-0.20202775080431978,-0.0669118287348841
lb10_atr10_m2.5_r0.005_tfma100_rfadx20,10,10,2.5,0.005,ma100,adx20,-0.10041433961662105,-0.11579805855148351,49,0.1836734693877551,0.3603545920812751,-0.40386807920023865,0.003528541579595368,-0.021068230518057396,12,0.5,1.1227396589020295,0.037551018700530264,-0.06849449291634638
lb55_atr14_m2.5_r0.005_tfnone_rfnone,55,14,2.5,0.005,none,none,-0.021498046697778994,-0.042569728384495575,25,0.24,0.6783643967458154,-0.16383636108473243,-0.014716469865211246,-0.025551423465345446,11,0.36363636363636365,0.43391890155487384,-0.25527581466963306,-0.07060506824726429
lb30_atr10_m2.5_r0.0025_tfnone_rfadx20,30,10,2.5,0.0025,none,adx20,-0.024076419628048296,-0.03740023252224811,34,0.23529411764705882,0.5652648568396769,-0.26887221992136107,-0.007129344293869688,-0.012100325512139465,11,0.2727272727272727,0.543059782493976,-0.2519927617551269,-0.07108784165339913
lb55_atr14_m2.5_r0.005_tfma100_rfnone,55,14,2.5,0.005,ma100,none,-0.022676069929647213,-0.042569728384495464,24,0.20833333333333334,0.6603308795903845,-0.18006783566613485,-0.014716469865211246,-0.025551423465345446,11,0.36363636363636365,0.43391890155487384,-0.25527581466963306,-0.07274478465760971
lb10_atr10_m2.5_r0.0025_tfnone_rfadx20,10,10,2.5,0.0025,none,adx20,-0.07167453207729202,-0.07921645761592055,72,0.19444444444444445,0.3849751934138859,-0.3943927073363685,-0.0034329527238941004,-0.014291132821365626,21,0.38095238095238093,0.8633727730810358,-0.06573478243568462,-0.07326091746451209
lb10_atr20_m3.0_r0.0025_tfnone_rfadx20,10,20,3.0,0.0025,none,adx20,-0.04651929665870225,-0.055187963426898135,59,0.22033898305084745,0.4788484272165196,-0.30997977190845066,-0.00790671198233217,-0.019276188862483168,18,0.3333333333333333,0.6458929695470121,-0.17141256471075184,-0.07537544948625648
lb20_atr14_m3.0_r0.0025_tfnone_rfadx20,20,14,3.0,0.0025,none,adx20,-0.03743007789213881,-0.05107226325807235,40,0.25,0.4334269334955058,-0.3666096417743241,-0.006393349236968104,-0.017179364608945313,14,0.2857142857142857,0.6589819548488182,-0.17923127034174963,-0.07577892295078374
lb20_atr10_m2.5_r0.0025_tfnone_rfadx20,20,10,2.5,0.0025,none,adx20,-0.04678791498161439,-0.05865495684456001,46,0.21739130434782608,0.43110200900846035,-0.39772387755333766,-0.0059744142887704355,-0.01597512260476086,15,0.26666666666666666,0.7140828930148979,-0.1561778354544951,-0.07843426547491959
lb30_atr10_m2.5_r0.005_tfma100_rfadx20,30,10,2.5,0.005,ma100,adx20,-0.04889946056202199,-0.07361963464942811,30,0.16666666666666666,0.4937424316499036,-0.3102506933227459,-0.008349440256083973,-0.0181833565495646,9,0.3333333333333333,0.6696029480547707,-0.1769021556049137,-0.07928335387970954
lb20_atr10_m2.5_r0.005_tfma100_rfadx20,20,10,2.5,0.005,ma100,adx20,-0.07710027023062294,-0.0964992032269727,38,0.18421052631578946,0.4080453072702382,-0.39706481189620174,-0.0035843927990896196,-0.023360179382485913,10,0.3,0.8762200670673453,-0.06879113727218113,-0.08080103654799847
lb20_atr20_m3.0_r0.0025_tfnone_rfadx20,20,20,3.0,0.0025,none,adx20,-0.041953459006891736,-0.050028192994497456,42,0.21428571428571427,0.41923171193927244,-0.3915233587795125,-0.0065460708105081755,-0.01772781864178863,14,0.2857142857142857,0.650009598418079,-0.18371058505968002,-0.08112671918586592
lb30_atr14_m2.5_r0.0025_tfma100_rfadx20,30,14,2.5,0.0025,ma100,adx20,-0.024189751030302964,-0.033075149225000766,28,0.21428571428571427,0.4518563201842121,-0.3293495649935701,-0.007882176402965402,-0.012748424153572357,11,0.36363636363636365,0.4307058452620931,-0.27457760876846976,-0.08345938917396489
lb55_atr20_m2.5_r0.0025_tfnone_rfadx20,55,20,2.5,0.0025,none,adx20,-0.014958038102386162,-0.022992398660062197,23,0.17391304347826086,0.5205547713474056,-0.24487538173099868,-0.009761107651280576,-0.010689186261397365,10,0.3,0.22616611559340857,-0.3709070185068029,-0.08992077265024874
lb20_atr14_m2.5_r0.0025_tfma100_rfadx20,20,14,2.5,0.0025,ma100,adx20,-0.03875241542255259,-0.04591846060571325,37,0.24324324324324326,0.3793730568408514,-0.4065373305900248,-0.007366357921775646,-0.01319479691112102,12,0.3333333333333333,0.5284641183657486,-0.23541280907342643,-0.09088744597491452
lb10_atr14_m3.0_r0.005_tfnone_rfadx20,10,14,3.0,0.005,none,adx20,-0.07952871999714761,-0.10166960242546941,57,0.2807017543859649,0.5090586243058929,-0.26983317142486296,-0.01216719125683341,-0.03332927111946338,18,0.3333333333333333,0.7141479704054903,-0.1307309078254455,-0.09096240806379247
lb30_atr14_m3.0_r0.0025_tfma100_rfnone,30,14,3.0,0.0025,ma100,none,-0.019168242532599744,-0.02925999550844005,29,0.20689655172413793,0.5737169312026992,-0.2525852875092001,-0.011942173203690398,-0.019767769641176436,12,0.3333333333333333,0.42348898601373125,-0.36631315312812524,-0.09177496091506633
lb55_atr20_m2.5_r0.0025_tfma100_rfadx20,55,20,2.5,0.0025,ma100,adx20,-0.015576617428495032,-0.022992398660062086,22,0.13636363636363635,0.5004139189768081,-0.26667786770326063,-0.009761107651280576,-0.010689186261397365,10,0.3,0.22616611559340857,-0.3709070185068029,-0.09231832981946192
lb30_atr14_m2.5_r0.0025_tfnone_rfadx20,30,14,2.5,0.0025,none,adx20,-0.02725794168412765,-0.03658104479962354,33,0.24242424242424243,0.482998938192907,-0.31703395014509567,-0.01044149278748907,-0.015295187323847714,13,0.3076923076923077,0.36314739753759095,-0.3116072282637521,-0.09333077189467116
lb30_atr10_m2.5_r0.005_tfnone_rfadx20,30,10,2.5,0.005,none,adx20,-0.0486339629763346,-0.07351036959910795,34,0.23529411764705882,0.5580910001457072,-0.26887221992136107,-0.014270507060775484,-0.024045705820389784,11,0.2727272727272727,0.5420202541858976,-0.2519927617551269,-0.09432319005012584
lb20_atr10_m3.0_r0.005_tfnone_rfadx20,20,10,3.0,0.005,none,adx20,-0.07218381684006714,-0.10058495229341757,42,0.21428571428571427,0.4779166519343555,-0.3270758778360079,-0.011197945742548066,-0.034238010893408166,14,0.2857142857142857,0.6944674314128046,-0.15689616774515666,-0.09717989070117444
lb30_atr20_m3.0_r0.0025_tfma100_rfnone,30,20,3.0,0.0025,ma100,none,-0.02959716413275948,-0.03346207692233527,31,0.12903225806451613,0.4209461354263406,-0.3637223449502106,-0.010415927323031093,-0.018996769774507816,12,0.3333333333333333,0.4669558874930528,-0.3193000350397535,-0.09885772144692012
lb20_atr14_m3.0_r0.0025_tfma100_rfnone,20,14,3.0,0.0025,ma100,none,-0.03279633675339855,-0.040320630277782876,36,0.19444444444444445,0.44364964522803746,-0.35388779078273036,-0.011088866647024687,-0.01895415505005038,13,0.3076923076923077,0.49192887499911336,-0.31302268577383197,-0.09901063054115512
lb20_atr10_m3.0_r0.0025_tfma100_rfnone,20,10,3.0,0.0025,ma100,none,-0.03535424949102306,-0.04383903103677811,38,0.18421052631578946,0.4547248624332572,-0.363679757971841,-0.010851656115147823,-0.019454662918165,13,0.3076923076923077,0.50344904088359,-0.30961348010081685,-0.10061580182430313
lb10_atr20_m3.0_r0.0025_tfma100_rfnone,10,20,3.0,0.0025,ma100,none,-0.04343161059711387,-0.0479316068656942,46,0.17391304347826086,0.4056781551368959,-0.36637512312947684,-0.011077414234292093,-0.022076783670293754,15,0.3333333333333333,0.5110052753905847,-0.27661036878586326,-0.10086997601551367
lb10_atr10_m3.0_r0.005_tfnone_rfadx20,10,10,3.0,0.005,none,adx20,-0.08515357485833763,-0.10828808788699507,59,0.2711864406779661,0.511415194381683,-0.26605342076432137,-0.015496733339884106,-0.0334143928973516,19,0.3157894736842105,0.6675988352166339,-0.15875738686592014,-0.10138009933553703
lb55_atr20_m2.5_r0.0025_tfnone_rfnone,55,20,2.5,0.0025,none,none,-0.01676984117663982,-0.024151548526062383,27,0.2222222222222222,0.5484894917861529,-0.2342925690613797,-0.013252498288029768,-0.01405200661200301,12,0.25,0.17702621952042236,-0.421687067552448,-0.10168363842641451
lb30_atr14_m3.0_r0.0025_tfnone_rfnone,30,14,3.0,0.0025,none,none,-0.02433415487423729,-0.03135285188190218,35,0.2571428571428571,0.5572697747692905,-0.2669667502005081,-0.01461204258522053,-0.022416493175010155,14,0.2857142857142857,0.37496620051715557,-0.3910534148687931,-0.10294727761780828
lb55_atr20_m2.5_r0.0025_tfma100_rfnone,55,20,2.5,0.0025,ma100,none,-0.017387282740127685,-0.024151548526062938,26,0.19230769230769232,0.5315713604090796,-0.25233379516600063,-0.013252498288029768,-0.01405200661200301,12,0.25,0.17702621952042236,-0.421687067552448,-0.10371773479359772
lb20_atr20_m3.0_r0.0025_tfma100_rfnone,20,20,3.0,0.0025,ma100,none,-0.04393551591394618,-0.04661949308767721,39,0.15384615384615385,0.3538386432970955,-0.4377338003542013,-0.009627674702235689,-0.018205121043849526,13,0.3076923076923077,0.525601583627382,-0.2713157033903805,-0.1047522364477571
lb10_atr14_m3.0_r0.0025_tfma100_rfnone,10,14,3.0,0.0025,ma100,none,-0.03646126426832119,-0.0443167128650539,43,0.20930232558139536,0.4344429754485552,-0.3285243127368609,-0.013496096530359214,-0.02278395266566491,15,0.3333333333333333,0.45924128533925684,-0.3343355618504976,-0.10551713936547838
lb30_atr14_m2.5_r0.005_tfma100_rfadx20,30,14,2.5,0.005,ma100,adx20,-0.047319054770646796,-0.06515208976958109,28,0.21428571428571427,0.45549866080667484,-0.3293495649935701,-0.015747480442994233,-0.025367128318720233,11,0.36363636363636365,0.43085310734191584,-0.27457760876846976,-0.10592401165122277
lb30_atr10_m3.0_r0.0025_tfma100_rfnone,30,10,3.0,0.0025,ma100,none,-0.02245329624925818,-0.0338156626134587,30,0.23333333333333334,0.5412122525619782,-0.28933383392239914,-0.013138912697552185,-0.020573368138410708,12,0.3333333333333333,0.36646376122714364,-0.4078694655506423,-0.1061803804020501
lb20_atr14_m3.0_r0.005_tfnone_rfadx20,20,14,3.0,0.005,none,adx20,-0.0752708882144304,-0.09967349197937869,40,0.25,0.4236701071072154,-0.36660964177432415,-0.012838160894200756,-0.03406637945808233,14,0.2857142857142857,0.6581594264799716,-0.1792312703417496,-0.10766521586932097
lb55_atr20_m2.5_r0.005_tfnone_rfadx20,55,20,2.5,0.005,none,adx20,-0.029911062350120754,-0.045504971929965055,23,0.17391304347826086,0.5192160931991515,-0.24487538173099868,-0.019459013677020742,-0.02128580516419465,10,0.3,0.22516230158151365,-0.37090701850680297,-0.10792399354218872
lb20_atr14_m2.5_r0.0025_tfnone_rfadx20,20,14,2.5,0.0025,none,adx20,-0.048497439646213114,-0.05741737641154754,46,0.2391304347826087,0.3871065010241496,-0.41501506100392155,-0.012278030927333261,-0.018077630085712837,17,0.29411764705882354,0.4550405298654182,-0.279922963367154,-0.11017877216260762
lb30_atr10_m3.0_r0.0025_tfnone_rfnone,30,10,3.0,0.0025,none,none,-0.022537047094795426,-0.03171321933114346,35,0.2571428571428571,0.5916067087296626,-0.248855703038733,-0.016284055748376214,-0.023694817453442152,14,0.2857142857142857,0.31805123346592995,-0.4395531278095471,-0.11048679288921333
lb55_atr20_m2.5_r0.005_tfma100_rfadx20,55,20,2.5,0.005,ma100,adx20,-0.031128676196308436,-0.04550497192996528,22,0.13636363636363635,0.4990156192056099,-0.2666778677032606,-0.019459013677020742,-0.02128580516419465,10,0.3,0.22516230158151365,-0.37090701850680297,-0.11059174227247832
lb30_atr20_m3.0_r0.0025_tfnone_rfnone,30,20,3.0,0.0025,none,none,-0.034128235111744676,-0.034888561014889796,37,0.1891891891891892,0.43843124701238445,-0.3528909047389243,-0.013661699402913619,-0.022214397243316197,14,0.2857142857142857,0.4002906781096026,-0.3657657101248599,-0.11143746804041271
lb10_atr20_m3.0_r0.005_tfnone_rfadx20,10,20,3.0,0.005,none,adx20,-0.09162554894425401,-0.10751743098473587,59,0.22033898305084745,0.47754447265366673,-0.30997977190845066,-0.015860421624050325,-0.03819931022593992,18,0.3333333333333333,0.64533619553431,-0.17141256471075186,-0.11231848894645345
lb30_atr14_m3.0_r0.005_tfma100_rfnone,30,14,3.0,0.005,ma100,none,-0.03836073534576412,-0.057762829502463364,29,0.20689655172413793,0.5717349842612643,-0.2525852875092001,-0.02114857113291213,-0.03656226897203452,12,0.3333333333333333,0.45329236083377766,-0.36631315312812524,-0.11327171276114278
lb20_atr10_m2.5_r0.005_tfnone_rfadx20,20,10,2.5,0.005,none,adx20,-0.09419628302388561,-0.1140348011691904,46,0.21739130434782608,0.4168689655028969,-0.39772387755333766,-0.012058333407918176,-0.03166593832114639,15,0.26666666666666666,0.7116126229305527,-0.1561778354544951,-0.11514459412463454
lb20_atr20_m3.0_r0.005_tfnone_rfadx20,20,20,3.0,0.005,none,adx20,-0.0843840853762392,-0.09770725629806587,42,0.21428571428571427,0.40667170949073045,-0.3915233587795125,-0.013137641168459835,-0.03514687818115281,14,0.2857142857142857,0.6494382570794358,-0.18371058505968,-0.1151929102734932
lb10_atr14_m2.5_r0.0025_tfma100_rfadx20,10,14,2.5,0.0025,ma100,adx20,-0.04787603700117471,-0.055935892384249675,48,0.22916666666666666,0.3708758858386266,-0.3878657901313993,-0.012740014873658834,-0.01758243536809878,15,0.26666666666666666,0.4060751506153938,-0.3236303966623992,-0.11566921681637317
lb20_atr10_m3.0_r0.0025_tfnone_rfnone,20,10,3.0,0.0025,none,none,-0.039795665150095916,-0.04857475618565865,47,0.19148936170212766,0.4900392743062791,-0.3347884872258183,-0.018178678201248633,-0.026717959051285933,19,0.21052631578947367,0.4105135081341169,-0.3647136186318908,-0.1170629874186666
lb10_atr20_m2.5_r0.0025_tfma100_rfadx20,10,20,2.5,0.0025,ma100,adx20,-0.05151374686805643,-0.057257787155058026,50,0.2,0.35450154083716284,-0.40031050251429273,-0.014136326823092626,-0.015404562564482305,17,0.35294117647058826,0.3227883625392959,-0.3204538662119953,-0.12006172529294322
lb30_atr14_m2.5_r0.005_tfnone_rfadx20,30,14,2.5,0.005,none,adx20,-0.054555055377141004,-0.0719383480497976,33,0.24242424242424243,0.47443442950370696,-0.31703395014509567,-0.020821696724916294,-0.030391751459748595,13,0.3076923076923077,0.36335524248112117,-0.31160722826375203,-0.1202845887173085
lb10_atr10_m3.0_r0.0025_tfma100_rfnone,10,10,3.0,0.0025,ma100,none,-0.03723294116616571,-0.04384257631960353,44,0.20454545454545456,0.45842228694296194,-0.3290049184610488,-0.017483099411308545,-0.024934810268053997,16,0.3125,0.3954160372524609,-0.4044204692934465,-0.12097374944163554
lb20_atr14_m2.5_r0.005_tfma100_rfadx20,20,14,2.5,0.005,ma100,adx20,-0.0756198423250114,-0.08981793401339278,37,0.24324324324324326,0.38218429281633676,-0.4065373305900248,-0.014737113990153206,-0.026244526664662704,12,0.3333333333333333,0.5285087945346751,-0.23541280907342643,-0.12104017076858795
lb10_atr10_m2.5_r0.005_tfnone_rfadx20,10,10,2.5,0.005,none,adx20,-0.14418154343362843,-0.1520308612513599,72,0.19444444444444445,0.3582107892717675,-0.3943927073363685,-0.007049453339333822,-0.028385599144763574,21,0.38095238095238093,0.8600513677589439,-0.06573478243568459,-0.12208251931367332
lb55_atr20_m2.5_r0.005_tfnone_rfnone,55,20,2.5,0.005,none,none,-0.03350973730093543,-0.04779407656077583,27,0.2222222222222222,0.5472749769531619,-0.23429256906137977,-0.02636764796271729,-0.027946566183073784,12,0.25,0.17636392362296932,-0.421687067552448,-0.12337813059251068
lb10_atr14_m2.5_r0.0025_tfnone_rfadx20,10,14,2.5,0.0025,none,adx20,-0.06212870390036629,-0.06875040351230577,69,0.2608695652173913,0.3984419065213938,-0.3579491380964578,-0.019089592657252963,-0.0240511495059188,24,0.20833333333333334,0.41398131256363807,-0.30819433848200745,-0.12348140205321634
lb20_atr10_m2.5_r0.0025_tfma100_rfnone,20,10,2.5,0.0025,ma100,none,-0.043957048943929045,-0.04833553926474532,42,0.19047619047619047,0.400072985653987,-0.4047384412895662,-0.014400831203921105,-0.020483991725247952,14,0.21428571428571427,0.46773900545090585,-0.3794028497675446,-0.12353984227695702
lb30_atr20_m3.0_r0.005_tfma100_rfnone,30,20,3.0,0.005,ma100,none,-0.05868626194718085,-0.06590139451573251,31,0.12903225806451613,0.419707398597696,-0.36372234495021055,-0.01810794082336742,-0.035026493521606694,12,0.3333333333333333,0.5019804889209426,-0.31930003503975357,-0.12421768253477293
lb55_atr20_m2.0_r0.0025_tfnone_rfadx20,55,20,2.0,0.0025,none,adx20,-0.03175698098194224,-0.035918940089823104,28,0.21428571428571427,0.2706514226235101,-0.4286150415607785,-0.012740952734670019,-0.013026790059599502,12,0.16666666666666666,0.24472241580967308,-0.402710108901555,-0.12504406426124898
lb20_atr14_m3.0_r0.0025_tfnone_rfnone,20,14,3.0,0.0025,none,none,-0.043194115268577304,-0.04862796525299484,46,0.21739130434782608,0.42524894604898333,-0.36849009850648307,-0.019002595207433415,-0.02680494190076299,19,0.21052631578947367,0.3928240751965506,-0.3802173855257435,-0.12556900463196935
lb55_atr20_m2.5_r0.005_tfma100_rfnone,55,20,2.5,0.005,ma100,none,-0.03472283424534317,-0.04779407656077528,26,0.19230769230769232,0.530296178529177,-0.2523337951660007,-0.02636764796271729,-0.027946566183073784,12,0.25,0.17636392362296932,-0.421687067552448,-0.12568090888510025
lb20_atr14_m3.0_r0.005_tfma100_rfnone,20,14,3.0,0.005,ma100,none,-0.06493071069916789,-0.07913643209974597,36,0.19444444444444445,0.44342499607248326,-0.35388779078273036,-0.01947957724902405,-0.03587823215920094,13,0.3076923076923077,0.5242956074026311,-0.313022685773832,-0.1272916694855697
lb10_atr14_m3.0_r0.0025_tfnone_rfnone,10,14,3.0,0.0025,none,none,-0.051360190268716965,-0.05392048459195853,64,0.25,0.45220447420486115,-0.3169826314442963,-0.023671694792520848,-0.034760322316826464,25,0.24,0.3897476350404594,-0.36464465459329126,-0.12736058016240392
lb30_atr20_m2.5_r0.0025_tfma100_rfadx20,30,20,2.5,0.0025,ma100,adx20,-0.030611435850105395,-0.037801314065960656,30,0.2,0.3642025184663066,-0.38774725247526215,-0.01374756864863913,-0.013976018583714112,12,0.25,0.21447096494806275,-0.4390592640134474,-0.1275309624236863
lb55_atr20_m2.0_r0.0025_tfma100_rfadx20,55,20,2.0,0.0025,ma100,adx20,-0.032733165062771685,-0.035719759537941376,27,0.18518518518518517,0.24747313460904954,-0.4582291334128235,-0.012740952734670019,-0.013026790059599502,12,0.16666666666666666,0.24472241580967308,-0.402710108901555,-0.12829006688156452
lb10_atr10_m2.5_r0.0025_tfma100_rfnone,10,10,2.5,0.0025,ma100,none,-0.05639339729351178,-0.06155203476374982,54,0.18518518518518517,0.35824189069034684,-0.4054587755091078,-0.01733728953099889,-0.0244930366978926,18,0.3333333333333333,0.48086623626681835,-0.35091484744219026,-0.129260886539458
lb30_atr14_m3.0_r0.005_tfnone_rfnone,30,14,3.0,0.005,none,none,-0.04871526458429243,-0.06184160676592865,35,0.2571428571428571,0.5535019476676576,-0.2669667502005081,-0.02643432650436983,-0.041764791041946525,14,0.2857142857142857,0.39844994456696736,-0.3910534148687931,-0.12930164544762818
lb10_atr20_m3.0_r0.0025_tfnone_rfnone,10,20,3.0,0.0025,none,none,-0.05997986811957989,-0.06330013379329291,67,0.19402985074626866,0.4161652476484479,-0.35323797553104697,-0.021510972462378097,-0.033180868977229494,24,0.25,0.4005726069664339,-0.346828745549245,-0.13139811324782433
lb20_atr10_m3.0_r0.005_tfma100_rfnone,20,10,3.0,0.005,ma100,none,-0.06989478975516561,-0.08588840957909771,38,0.18421052631578946,0.4548298986210886,-0.36367975797184093,-0.020099028699998134,-0.03803010555672415,13,0.3076923076923077,0.5223613058097525,-0.30961348010081696,-0.13159173590075268
lb30_atr10_m3.0_r0.005_tfma100_rfnone,30,10,3.0,0.005,ma100,none,-0.04480373539123239,-0.06658610282520572,30,0.23333333333333334,0.539955607514493,-0.28933383392239925,-0.024586788399955983,-0.039199756497701244,12,0.3333333333333333,0.3816773308286229,-0.40786946555064235,-0.13168166242109047
lb20_atr20_m3.0_r0.0025_tfnone_rfnone,20,20,3.0,0.0025,none,none,-0.052784842090391915,-0.0539916990773579,49,0.1836734693877551,0.3657535319225811,-0.42322270885223195,-0.018236429901396067,-0.026739317277757357,19,0.21052631578947367,0.3989493257676738,-0.3662865697306249,-0.13322790641763133
lb30_atr20_m2.5_r0.0025_tfnone_rfadx20,30,20,2.5,0.0025,none,adx20,-0.03321288502677977,-0.0408687001781477,35,0.2,0.41122482676737115,-0.36273092579413824,-0.016782270038262048,-0.017010017032271008,14,0.21428571428571427,0.18244936129224965,-0.4624094081386027,-0.13332513083967995
lb55_atr10_m2.0_r0.0025_tfnone_rfadx20,55,10,2.0,0.0025,none,adx20,-0.035754463843360784,-0.03946938009837231,29,0.1724137931034483,0.21340792144727433,-0.46949077956221624,-0.01257718051378387,-0.012787853446577957,12,0.08333333333333333,0.09268600916877995,-0.40121047967365114,-0.1340864989266505
lb10_atr10_m3.0_r0.0025_tfnone_rfnone,10,10,3.0,0.0025,none,none,-0.04822638102372101,-0.054011250442532965,65,0.24615384615384617,0.5106743803528672,-0.29565190420926835,-0.028655430667255843,-0.03602240712191107,27,0.2222222222222222,0.350624687084458,-0.40729500109227035,-0.13424547614526952
lb30_atr10_m2.5_r0.0025_tfma100_rfnone,30,10,2.5,0.0025,ma100,none,-0.03037616459247694,-0.0372656492470681,34,0.17647058823529413,0.4654815554403541,-0.34030640776210075,-0.017677413276146914,-0.020705376032660205,13,0.23076923076923078,0.3232318906198599,-0.504545948747357,-0.13456738918299496
lb55_atr14_m2.0_r0.0025_tfnone_rfadx20,55,14,2.0,0.0025,none,adx20,-0.03154986965206863,-0.0355722303549415,28,0.21428571428571427,0.25231512346922425,-0.42800771766444606,-0.01492306943198185,-0.015165445733515526,13,0.07692307692307693,0.11326942496393207,-0.4374425479906691,-0.13500528443232598
lb10_atr20_m3.0_r0.005_tfma100_rfnone,10,20,3.0,0.005,ma100,none,-0.08538507937691453,-0.09370192140448907,46,0.17391304347826086,0.405268755353159,-0.36637512312947684,-0.020936532194611446,-0.04250612920399266,15,0.3333333333333333,0.5253908344411787,-0.27661036878586326,-0.13661480601503526
lb20_atr10_m2.5_r0.0025_tfnone_rfnone,20,10,2.5,0.0025,none,none,-0.053239522928381744,-0.056850096335024025,52,0.21153846153846154,0.4145098093049231,-0.40007833881855065,-0.020882723152641613,-0.02692587715767414,20,0.2,0.4153228211992673,-0.3939705219709971,-0.1369789410554461
lb20_atr20_m3.0_r0.005_tfma100_rfnone,20,20,3.0,0.005,ma100,none,-0.08634522697332692,-0.0914649886091583,39,0.15384615384615385,0.3538606861722224,-0.4377338003542012,-0.01656010751392134,-0.03361465700541788,13,0.3076923076923077,0.5631125429005249,-0.2713157033903805,-0.13720259803790552
lb55_atr10_m2.0_r0.0025_tfma100_rfadx20,55,10,2.0,0.0025,ma100,adx20,-0.03719562175934443,-0.0386679048857097,28,0.14285714285714285,0.18047783933822106,-0.5060755916938039,-0.01257718051378387,-0.012787853446577957,12,0.08333333333333333,0.09268600916877995,-0.40121047967365114,-0.13816975038272936
lb30_atr10_m2.5_r0.0025_tfnone_rfnone,30,10,2.5,0.0025,none,none,-0.03315454801802653,-0.03801499146617793,40,0.225,0.503032039936664,-0.3164086300385472,-0.020612659081960638,-0.023631574082572437,15,0.2,0.290383002162558,-0.5159265541718543,-0.1383023323897184
lb30_atr10_m3.0_r0.005_tfnone_rfnone,30,10,3.0,0.005,none,none,-0.04501597920434852,-0.06252633002619878,35,0.2571428571428571,0.589426347118147,-0.248855703038733,-0.030798507941272146,-0.04531841634040967,14,0.2857142857142857,0.32979399377680624,-0.43955312780954714,-0.13831514222338312
lb55_atr14_m2.0_r0.0025_tfma100_rfadx20,55,14,2.0,0.0025,ma100,adx20,-0.03285449460605083,-0.035572230354941725,27,0.18518518518518517,0.22034716589159536,-0.46227830631866773,-0.01492306943198185,-0.015165445733515526,13,0.07692307692307693,0.11326942496393207,-0.4374425479906691,-0.1389267057234275
lb30_atr14_m2.5_r0.0025_tfma100_rfnone,30,14,2.5,0.0025,ma100,none,-0.03198720234497687,-0.038062587952894855,35,0.2,0.4267753688058662,-0.34895256490786664,-0.01991430590426979,-0.02532305482361097,15,0.26666666666666666,0.22965729255157746,-0.4933297271873059,-0.1389998373902903
lb20_atr14_m2.5_r0.0025_tfma100_rfnone,20,14,2.5,0.0025,ma100,none,-0.04586421799006479,-0.04971325413576988,43,0.20930232558139536,0.3700658646410327,-0.4140378965257723,-0.018354432277525423,-0.023811013421282667,16,0.25,0.30932052634003493,-0.4250756777804958,-0.13927022665968355
lb10_atr14_m3.0_r0.005_tfma100_rfnone,10,14,3.0,0.005,ma100,none,-0.07204486812326438,-0.08679102072783063,43,0.20930232558139536,0.4339609067933519,-0.3285243127368609,-0.025798606863613793,-0.04396217927495549,15,0.3333333333333333,0.47037772714770737,-0.33433556185049756,-0.13953678490831198
lb55_atr20_m2.0_r0.0025_tfnone_rfnone,55,20,2.0,0.0025,none,none,-0.03208765917234235,-0.036248196871466076,33,0.24242424242424243,0.3610975055167415,-0.3674907328002925,-0.018505043758046624,-0.0187892122278126,14,0.14285714285714285,0.18223054687287413,-0.502720542760428,-0.14107967128236454
lb20_atr20_m2.5_r0.0025_tfma100_rfadx20,20,20,2.5,0.0025,ma100,adx20,-0.04434356959391883,-0.04930382088930663,39,0.20512820512820512,0.3390127474120247,-0.4405941821282312,-0.015756701632455128,-0.015984686183329155,14,0.21428571428571427,0.19239713569267153,-0.4326952449170415,-0.1412329357886884
lb30_atr20_m3.0_r0.005_tfnone_rfnone,30,20,3.0,0.005,none,none,-0.0676226528959658,-0.06879100031818663,37,0.1891891891891892,0.4360083664772524,-0.3528909047389243,-0.024543531914076544,-0.04135119575646384,14,0.2857142857142857,0.4261881236859477,-0.36576571012486,-0.14173731309721194
lb10_atr20_m2.5_r0.0025_tfnone_rfadx20,10,20,2.5,0.0025,none,adx20,-0.0646188317875298,-0.06808771122735091,70,0.21428571428571427,0.3725275303113053,-0.36425650995292486,-0.02528071650500796,-0.026534615869376,26,0.3076923076923077,0.2918085451803926,-0.37759450699561165,-0.1430438943883911
lb55_atr20_m2.0_r0.0025_tfma100_rfnone,55,20,2.0,0.0025,ma100,none,-0.033063509862918616,-0.03590973489662019,32,0.21875,0.3410027849369534,-0.39056748815169023,-0.018505043758046624,-0.0187892122278126,14,0.14285714285714285,0.18223054687287413,-0.502720542760428,-0.14370163007598052
lb30_atr14_m2.5_r0.0025_tfnone_rfnone,30,14,2.5,0.0025,none,none,-0.03847478058636844,-0.04253174389215364,42,0.21428571428571427,0.43173350040134817,-0.3524139831620827,-0.022442583610280176,-0.02783737985242929,17,0.23529411764705882,0.2089389136799817,-0.49591095169324695,-0.14566347776191407
lb20_atr20_m2.5_r0.0025_tfnone_rfadx20,20,20,2.5,0.0025,none,adx20,-0.05241299474042771,-0.0594809939298353,48,0.1875,0.3652250276352909,-0.42948398564090023,-0.02158360916662183,-0.02181024400559084,19,0.21052631578947367,0.20453064752087569,-0.43951132275876137,-0.1506320635415149
lb20_atr14_m2.5_r0.005_tfnone_rfadx20,20,14,2.5,0.005,none,adx20,-0.09744435044994648,-0.11166394938766844,46,0.2391304347826087,0.3689015415302324,-0.41501506100392155,-0.024489626266541387,-0.035883134129481076,17,0.29411764705882354,0.45503038964754444,-0.279922963367154,-0.15133656053782343
lb55_atr14_m2.0_r0.0025_tfnone_rfnone,55,14,2.0,0.0025,none,none,-0.0327735684626097,-0.03679084665492949,33,0.24242424242424243,0.32939377026055244,-0.3773010847832537,-0.02098029143461677,-0.021221177368219823,15,0.06666666666666667,0.08329118883820243,-0.5325684645404053,-0.1514288983809107
lb20_atr14_m2.5_r0.0025_tfnone_rfnone,20,14,2.5,0.0025,none,none,-0.056580513869671556,-0.05980830685939642,54,0.2037037037037037,0.37383480383513823,-0.4118772041273822,-0.02532305077514818,-0.030740896112884997,22,0.22727272727272727,0.28686424320433607,-0.43599471433209286,-0.15312398337470684
lb55_atr20_m2.0_r0.005_tfnone_rfadx20,55,20,2.0,0.005,none,adx20,-0.061725205879568534,-0.06983083181525951,28,0.21428571428571427,0.27479631821880907,-0.4286150415607785,-0.02537203982817926,-0.02593623706778636,12,0.16666666666666666,0.2439605792617247,-0.40271010890155506,-0.15355231883923492
lb10_atr10_m2.5_r0.0025_tfnone_rfnone,10,10,2.5,0.0025,none,none,-0.08343814919951265,-0.08644897322270328,81,0.18518518518518517,0.35952264396645267,-0.4093755038745894,-0.02696566469116879,-0.034313032527143794,29,0.27586206896551724,0.44375512990039034,-0.3523048188437031,-0.15404420428458235
lb55_atr10_m2.0_r0.0025_tfnone_rfnone,55,10,2.0,0.0025,none,none,-0.03831656054108212,-0.0420216058925611,34,0.17647058823529413,0.275083217450218,-0.42920791898204447,-0.018663752757145824,-0.01887312708107658,14,0.07142857142857142,0.06440627707921003,-0.5087679664339566,-0.1543837453961306
lb55_atr14_m2.0_r0.0025_tfma100_rfnone,55,14,2.0,0.0025,ma100,none,-0.03407654493934509,-0.03679084665492949,32,0.21875,0.3017919504803478,-0.404632311682716,-0.02098029143461677,-0.021221177368219823,15,0.06666666666666667,0.08329118883820243,-0.5325684645404053,-0.1546965392568367
lb10_atr14_m2.5_r0.005_tfma100_rfadx20,10,14,2.5,0.005,ma100,adx20,-0.09394916593009806,-0.10855607174674908,48,0.22916666666666666,0.36871398958513535,-0.3878657901313993,-0.02523506876617021,-0.0347619891588109,15,0.26666666666666666,0.4079863840454039,-0.3236303966623992,-0.15509334443038145
lb30_atr20_m2.0_r0.0025_tfnone_rfadx20,30,20,2.0,0.0025,none,adx20,-0.05077280429819597,-0.05715885112502406,42,0.23809523809523808,0.3000153325507273,-0.4631337820806601,-0.019322972950516104,-0.019606904608380438,16,0.125,0.2097930188861086,-0.46312536159953066,-0.15511638374457407
lb30_atr20_m2.0_r0.0025_tfma100_rfadx20,30,20,2.0,0.0025,ma100,adx20,-0.05032641006237859,-0.05525351595765993,37,0.24324324324324326,0.22309377804512823,-0.5191318479044451,-0.01659642969585451,-0.01688115075932861,14,0.14285714285714285,0.23654318395542132,-0.45213817769744846,-0.15584092610315795
lb55_atr20_m1.5_r0.0025_tfnone_rfadx20,55,20,1.5,0.0025,none,adx20,-0.04428610539096112,-0.047929334070528795,34,0.2647058823529412,0.20844859510296782,-0.48430951212006074,-0.020305449851938495,-0.019922723851846902,16,0.25,0.21741006351835335,-0.4755020327274686,-0.15620471595738283
lb10_atr10_m3.0_r0.005_tfma100_rfnone,10,10,3.0,0.005,ma100,none,-0.07351409376829321,-0.0859108475260354,44,0.20454545454545456,0.45797096119664116,-0.3290049184610488,-0.03222021172113232,-0.04681574697074842,16,0.3125,0.41452901632572653,-0.40442046929344644,-0.15661631722300468
lb55_atr20_m1.5_r0.0025_tfma100_rfadx20,55,20,1.5,0.0025,ma100,adx20,-0.043087062648244245,-0.04518588822925018,32,0.25,0.1787652533203657,-0.5001757215802591,-0.020305449851938495,-0.019922723851846902,16,0.25,0.21741006351835335,-0.4755020327274686,-0.1569810327218659
lb30_atr20_m2.5_r0.005_tfma100_rfadx20,30,20,2.5,0.005,ma100,adx20,-0.06039188193500045,-0.07426818272103008,30,0.2,0.36441902221289946,-0.38774725247526215,-0.02735268793027068,-0.02780318062507736,12,0.25,0.2136910694084142,-0.43905926401344747,-0.15712833718293454
lb55_atr20_m2.0_r0.005_tfma100_rfadx20,55,20,2.0,0.005,ma100,adx20,-0.06361524048584777,-0.06983083181525906,27,0.18518518518518517,0.25108187826525274,-0.4582291334128235,-0.02537203982817926,-0.02593623706778636,12,0.16666666666666666,0.2439605792617247,-0.40271010890155506,-0.15724306906862676
lb30_atr14_m2.0_r0.0025_tfnone_rfadx20,30,14,2.0,0.0025,none,adx20,-0.049122709343652815,-0.05368081661560531,41,0.24390243902439024,0.291238663371686,-0.4590559520725184,-0.02077071698248978,-0.021011654481487452,17,0.11764705882352941,0.132644674010096,-0.4703615710134852,-0.15746403202382175
lb10_atr20_m2.5_r0.0025_tfma100_rfnone,10,20,2.5,0.0025,ma100,none,-0.056485245793495675,-0.06219917864349411,56,0.19642857142857142,0.35722507897351236,-0.39199247937340836,-0.026613567634916624,-0.028416122647889064,22,0.2727272727272727,0.20137631712743184,-0.4608901379018221,-0.15766818754583004
lb55_atr10_m2.0_r0.0025_tfma100_rfnone,55,10,2.0,0.0025,ma100,none,-0.0397538891565401,-0.041222260279587974,33,0.15151515151515152,0.246764397565949,-0.4590288850155075,-0.018663752757145824,-0.01887312708107658,14,0.07142857142857142,0.06440627707921003,-0.5087679664339566,-0.15782531702398328
lb20_atr10_m3.0_r0.005_tfnone_rfnone,20,10,3.0,0.005,none,none,-0.08216343791296365,-0.09494211088219817,47,0.19148936170212766,0.4649224030681223,-0.3347884872258183,-0.034170266971317864,-0.05184385612030362,19,0.21052631578947367,0.4247607919843135,-0.36471361863189083,-0.15793392699387715
lb10_atr14_m2.5_r0.0025_tfma100_rfnone,10,14,2.5,0.0025,ma100,none,-0.05287056761872111,-0.05828608024608206,54,0.2037037037037037,0.37278062846799986,-0.3811766301529652,-0.02601496995947683,-0.03142896919094229,20,0.2,0.2503772913666921,-0.49109830705723406,-0.15879144838485376
lb20_atr10_m2.5_r0.005_tfma100_rfnone,20,10,2.5,0.005,ma100,none,-0.08650332342292355,-0.09446841199482447,42,0.19047619047619047,0.3992157076100215,-0.4047384412895662,-0.02482965816803684,-0.0388750594155034,14,0.21428571428571427,0.5038104908428371,-0.3794028497675445,-0.15896740785876465
lb30_atr10_m2.0_r0.0025_tfnone_rfadx20,30,10,2.0,0.0025,none,adx20,-0.05384918904082958,-0.055528776861994866,42,0.21428571428571427,0.2598719799692757,-0.4931371955761667,-0.01894130991677867,-0.019150625022125722,16,0.125,0.11499953194741347,-0.45724791214234106,-0.15988419046242658
lb30_atr14_m2.0_r0.0025_tfma100_rfadx20,30,14,2.0,0.0025,ma100,adx20,-0.04868041151596458,-0.052701830055470134,36,0.25,0.20212084519715284,-0.5157510707680557,-0.01843651230408383,-0.018678024129694326,15,0.13333333333333333,0.14720454952483308,-0.469630948239966,-0.1607312996218115
lb30_atr10_m2.0_r0.0025_tfma100_rfadx20,30,10,2.0,0.0025,ma100,adx20,-0.05291715225572535,-0.05548802314330925,37,0.21621621621621623,0.17360725793078807,-0.5481900353317435,-0.016295518616075255,-0.016505398217808165,14,0.14285714285714285,0.13147234408275574,-0.44666776014429155,-0.16099853272769915
lb10_atr20_m2.5_r0.005_tfma100_rfadx20,10,20,2.5,0.005,ma100,adx20,-0.10029730560901184,-0.11073751490943107,50,0.2,0.35323732324386825,-0.4003105025142926,-0.02813284632796309,-0.03061284249809615,17,0.35294117647058826,0.32251015740189054,-0.3204538662119953,-0.16117242640731272
lb55_atr20_m1.5_r0.0025_tfnone_rfnone,55,20,1.5,0.0025,none,none,-0.040749169389120876,-0.044405881043826145,39,0.3076923076923077,0.3487563018788665,-0.3876223485436476,-0.026344790664867168,-0.025964423984577878,18,0.2222222222222222,0.17632960715414542,-0.5496066541322687,-0.16192200295773615
lb55_atr20_m1.5_r0.0025_tfma100_rfnone,55,20,1.5,0.0025,ma100,none,-0.03954568919135781,-0.04165228217200179,37,0.2972972972972973,0.33083788136812087,-0.3961181424780671,-0.026344790664867168,-0.025964423984577878,18,0.2222222222222222,0.17632960715414542,-0.5496066541322687,-0.1619264584113119
lb55_atr14_m1.5_r0.0025_tfnone_rfadx20,55,14,1.5,0.0025,none,adx20,-0.04879160276152328,-0.052287003234354534,35,0.2571428571428571,0.18199102095186592,-0.5217807088451246,-0.020238160505814062,-0.019912919262120132,16,0.25,0.20639318698022724,-0.47566387143613265,-0.16260036724805502
lb20_atr20_m2.0_r0.0025_tfma100_rfadx20,20,20,2.0,0.0025,ma100,adx20,-0.06476523440574067,-0.06931735759985991,47,0.2127659574468085,0.24363672178030857,-0.5326136826943348,-0.01793899162866086,-0.018223323985328443,16,0.125,0.22291074868462288,-0.4284248323321119,-0.16277108249019168
lb55_atr14_m1.5_r0.0025_tfma100_rfadx20,55,14,1.5,0.0025,ma100,adx20,-0.04773409894692693,-0.04972794425991578,33,0.24242424242424243,0.14807778164322352,-0.5416439278206632,-0.020238160505814062,-0.019912919262120132,16,0.25,0.20639318698022724,-0.47566387143613265,-0.1638603429481656
lb30_atr10_m2.5_r0.005_tfma100_rfnone,30,10,2.5,0.005,ma100,none,-0.06031799463891885,-0.07324180343696052,34,0.17647058823529413,0.46339590816009985,-0.3403064077621007,-0.031246453674867558,-0.037166073609275485,13,0.23076923076923078,0.34974583182208724,-0.504545948747357,-0.16432550532269433
lb55_atr10_m2.0_r0.005_tfnone_rfadx20,55,10,2.0,0.005,none,adx20,-0.06993454492724016,-0.07707350451730655,29,0.1724137931034483,0.21540624308444603,-0.4694907795622163,-0.02502364726108086,-0.0254395933164,12,0.08333333333333333,0.09265381155112416,-0.40121047967365125,-0.16484676738656814
lb55_atr14_m2.0_r0.005_tfnone_rfadx20,55,14,2.0,0.005,none,adx20,-0.061883014408011916,-0.06965054646916347,28,0.21428571428571427,0.2545607617614091,-0.42800771766444606,-0.029665694563248746,-0.030143074918151713,13,0.07692307692307693,0.11297109789282189,-0.4374425479906691,-0.16541102941451244
lb30_atr20_m2.5_r0.0025_tfma100_rfnone,30,20,2.5,0.0025,ma100,none,-0.03739891500503789,-0.04095335223334218,37,0.21621621621621623,0.36592223462110224,-0.38498761572020024,-0.02500487964879272,-0.025794865651495358,16,0.1875,0.12971488616784094,-0.5866495214006052,-0.16566766980048114
lb20_atr14_m2.0_r0.0025_tfma100_rfadx20,20,14,2.0,0.0025,ma100,adx20,-0.06011466817182598,-0.06542317424039046,45,0.2222222222222222,0.24427216824805273,-0.5172775341777655,-0.02008506511235053,-0.02032617131468417,17,0.11764705882352941,0.13681246903128702,-0.4522161230410216,-0.16605663874659288
lb20_atr14_m3.0_r0.005_tfnone_rfnone,20,14,3.0,0.005,none,none,-0.08634785630681252,-0.09504182427788577,46,0.21739130434782608,0.4158969137905879,-0.36849009850648295,-0.03508462078649177,-0.05122229008342549,19,0.21052631578947367,0.4113056619222858,-0.38021738552574347,-0.1664175583561956
lb20_atr10_m2.0_r0.0025_tfma100_rfadx20,20,10,2.0,0.0025,ma100,adx20,-0.06350103503158577,-0.0670769984528583,46,0.1956521739130435,0.22074636426140362,-0.5353366796044353,-0.018300133351200842,-0.01850958525564239,16,0.125,0.11879329643140969,-0.43929899000063094,-0.16643755029257468
lb10_atr20_m2.0_r0.0025_tfma100_rfadx20,10,20,2.0,0.0025,ma100,adx20,-0.08327896104824806,-0.0877409712915238,62,0.1935483870967742,0.21077377931839086,-0.5223678782526173,-0.020840495483600008,-0.021123987778986386,21,0.19047619047619047,0.25600247527627,-0.3810951273890253,-0.1671437523881317
lb30_atr20_m2.5_r0.005_tfnone_rfadx20,30,20,2.5,0.005,none,adx20,-0.06660118061271159,-0.0801795135029637,35,0.2,0.4010718451013688,-0.3627309257941383,-0.03333347810460252,-0.033781200728234095,14,0.21428571428571427,0.18168737345380226,-0.4624094081386027,-0.16743851498660395
lb20_atr10_m2.0_r0.0025_tfnone_rfadx20,20,10,2.0,0.0025,none,adx20,-0.07806202382303773,-0.08071733655467528,56,0.17857142857142858,0.24709024172135938,-0.54405079117714,-0.021438409515995183,-0.02164719184927577,21,0.14285714285714285,0.20301852051334757,-0.39334578772908896,-0.1688175589985227
lb55_atr10_m2.0_r0.005_tfma100_rfadx20,55,10,2.0,0.005,ma100,adx20,-0.07271054091266282,-0.07554216108676348,28,0.14285714285714285,0.1818203728557617,-0.5060755916938039,-0.02502364726108086,-0.0254395933164,12,0.08333333333333333,0.09265381155112416,-0.40121047967365125,-0.16943540019864742
lb55_atr14_m2.0_r0.005_tfma100_rfadx20,55,14,2.0,0.005,ma100,adx20,-0.0644071388270272,-0.0696505464691618,27,0.18518518518518517,0.22206216212669805,-0.46227830631866773,-0.029665694563248746,-0.030143074918151713,13,0.07692307692307693,0.11297109789282189,-0.4374425479906691,-0.16988679720647792
lb55_atr10_m1.5_r0.0025_tfnone_rfadx20,55,10,1.5,0.0025,none,adx20,-0.05254496962758992,-0.055781972551386505,36,0.19444444444444445,0.14168175658073595,-0.5483543719079703,-0.020536258557524945,-0.02114649601723917,16,0.1875,0.16772122252990068,-0.4853845900561483,-0.1703455248033712
lb30_atr14_m2.5_r0.005_tfma100_rfnone,30,14,2.5,0.005,ma100,none,-0.06252871953279204,-0.07478734706521173,35,0.2,0.4297108363588798,-0.34895256490786664,-0.03461268476013413,-0.04522884391317605,15,0.26666666666666666,0.25491970266089015,-0.4933297271873059,-0.17062116052810553
lb30_atr20_m2.5_r0.0025_tfnone_rfnone,30,20,2.5,0.0025,none,none,-0.043100115653030624,-0.04457262610103918,44,0.20454545454545456,0.38641209546691785,-0.3755270655493101,-0.028004942262125243,-0.028792497475768175,18,0.16666666666666666,0.1172243485218996,-0.5884118271215972,-0.1706563256301224
lb20_atr20_m2.0_r0.0025_tfnone_rfadx20,20,20,2.0,0.0025,none,adx20,-0.07900251620569954,-0.08170321524822699,57,0.19298245614035087,0.2617871961572545,-0.5407128452996233,-0.02247615844312012,-0.022759177171284062,21,0.14285714285714285,0.25994841584655565,-0.41032200874941166,-0.17144079635240392
lb55_atr10_m1.5_r0.0025_tfma100_rfadx20,55,10,1.5,0.0025,ma100,adx20,-0.0515201073922239,-0.05345296041533487,34,0.17647058823529413,0.10725714740728835,-0.5698869581812538,-0.020536258557524945,-0.02114649601723917,16,0.1875,0.16772122252990068,-0.4853845900561483,-0.17180383479364275
lb20_atr14_m2.0_r0.0025_tfnone_rfadx20,20,14,2.0,0.0025,none,adx20,-0.07513431563492756,-0.0785226596636579,55,0.2,0.2651574712372454,-0.5336162287238225,-0.02385233053777236,-0.02409250981162725,22,0.13636363636363635,0.20310025109387886,-0.4170361789799992,-0.17190163948869003
lb30_atr10_m2.5_r0.005_tfnone_rfnone,30,10,2.5,0.005,none,none,-0.06628872844318301,-0.0747070378982253,40,0.225,0.4964877334028753,-0.3164086300385472,-0.037030804229315595,-0.04291507858281729,15,0.2,0.31176251118498666,-0.5159265541718543,-0.17204510587530175
lb10_atr10_m2.5_r0.005_tfma100_rfnone,10,10,2.5,0.005,ma100,none,-0.11030731175993291,-0.11907603360791319,54,0.18518518518518517,0.3555362952705615,-0.40545877550910786,-0.02837363275804572,-0.04612600178483062,18,0.3333333333333333,0.530633616352255,-0.35091484744219026,-0.17232801242525175
lb20_atr20_m2.5_r0.0025_tfma100_rfnone,20,20,2.5,0.0025,ma100,none,-0.05083080817485097,-0.0547824799281863,45,0.2,0.33746260465330785,-0.43792270941672573,-0.025985949395373242,-0.026762871269887745,18,0.16666666666666666,0.12544025653950647,-0.543645737709072,-0.17246525666656273
lb10_atr14_m2.5_r0.0025_tfnone_rfnone,10,14,2.5,0.0025,none,none,-0.07394673228574244,-0.07716599441011474,79,0.22784810126582278,0.373062718164855,-0.37246037528667086,-0.03709340491817226,-0.04244582349233572,31,0.16129032258064516,0.2651320103892269,-0.46200686724330564,-0.17409572158030218
lb10_atr10_m2.0_r0.0025_tfma100_rfadx20,10,10,2.0,0.0025,ma100,adx20,-0.08085216791242733,-0.08741815574715595,61,0.19672131147540983,0.23103430669802497,-0.5157031213942534,-0.02281045029569917,-0.02381569371265635,21,0.23809523809523808,0.1556710802973099,-0.4131571904741972,-0.17416046568104673
lb10_atr14_m2.0_r0.0025_tfma100_rfadx20,10,14,2.0,0.0025,ma100,adx20,-0.07923964077076429,-0.08689450367086093,60,0.21666666666666667,0.23790861053665494,-0.5141906671313226,-0.02409885311900084,-0.024338971736444392,22,0.22727272727272727,0.17560862878222927,-0.4173918065832961,-0.17430101399957845
lb55_atr20_m2.0_r0.005_tfnone_rfnone,55,20,2.0,0.005,none,none,-0.062410138843811636,-0.07043603494651629,33,0.24242424242424243,0.3654100147792302,-0.3674907328002925,-0.03673624697212796,-0.037293865645797286,14,0.14285714285714285,0.1819109717374859,-0.502720542760428,-0.17431040648933746
lb20_atr14_m2.5_r0.005_tfma100_rfnone,20,14,2.5,0.005,ma100,none,-0.08928720856719441,-0.09705597275361144,43,0.20930232558139536,0.3725507627965883,-0.4140378965257723,-0.03154854063534407,-0.042274168429771164,16,0.25,0.34225064380464365,-0.4250756777804958,-0.17682750420370374
lb55_atr20_m2.0_r0.005_tfma100_rfnone,55,20,2.0,0.005,ma100,none,-0.06429879374020997,-0.06979119148180613,32,0.21875,0.34488641747119,-0.39056748815169023,-0.03673624697212796,-0.037293865645797286,14,0.14285714285714285,0.1819109717374859,-0.502720542760428,-0.17730473697263902
lb30_atr20_m1.5_r0.0025_tfma100_rfadx20,30,20,1.5,0.0025,ma100,adx20,-0.06357050808630227,-0.06904212205661475,43,0.2558139534883721,0.1995859304240379,-0.5584817084851571,-0.023215209213015675,-0.022833619935141436,18,0.2777777777777778,0.235012118827206,-0.48514359163490695,-0.17800232652359818
lb10_atr14_m2.5_r0.005_tfnone_rfadx20,10,14,2.5,0.005,none,adx20,-0.1263745311672999,-0.13263936279025146,69,0.2608695652173913,0.3673071774829181,-0.35794913809645773,-0.03794435204660673,-0.047640425847574996,24,0.20833333333333334,0.41357178407201417,-0.3081943384820075,-0.17817470859571471
lb10_atr14_m3.0_r0.005_tfnone_rfnone,10,14,3.0,0.005,none,none,-0.10349619319243808,-0.10727661221308205,64,0.25,0.43476365573259895,-0.3169826314442963,-0.0457911742011573,-0.06725553415667873,25,0.24,0.3965451984312939,-0.36464465459329126,-0.17895668420598487
lb20_atr20_m3.0_r0.005_tfnone_rfnone,20,20,3.0,0.005,none,none,-0.10499696350881793,-0.10727662915863534,49,0.1836734693877551,0.35453069647553725,-0.4232227088522319,-0.034144654784363127,-0.05089425779768586,19,0.21052631578947367,0.41433284038569307,-0.3662865697306249,-0.17903092072525773
lb55_atr14_m1.5_r0.0025_tfnone_rfnone,55,14,1.5,0.0025,none,none,-0.051363025189640754,-0.054848976470058375,40,0.3,0.22180269609932746,-0.481432614987808,-0.026627350845567666,-0.026304230554260788,18,0.2222222222222222,0.1649341592334839,-0.5555181039255924,-0.1791282622355626
lb20_atr20_m2.5_r0.005_tfma100_rfadx20,20,20,2.5,0.005,ma100,adx20,-0.08697986656296464,-0.09620646252166698,39,0.20512820512820512,0.33879380354491306,-0.4405941821282312,-0.03131557639393023,-0.031764233631751626,14,0.21428571428571427,0.19186122796945518,-0.43269524491704153,-0.17965845181989804
lb55_atr14_m1.5_r0.0025_tfma100_rfnone,55,14,1.5,0.0025,ma100,none,-0.05030838014819472,-0.05229683545561714,38,0.2894736842105263,0.1936972887505271,-0.4965586686319695,-0.026627350845567666,-0.026304230554260788,18,0.2222222222222222,0.1649341592334839,-0.5555181039255924,-0.17991500869591667
lb20_atr20_m2.5_r0.0025_tfnone_rfnone,20,20,2.5,0.0025,none,none,-0.05979410754350012,-0.06198112634870545,56,0.17857142857142858,0.35701426115149465,-0.41960044704056143,-0.03352386903491,-0.034294778291174555,24,0.16666666666666666,0.14090087991775876,-0.5347628880414911,-0.18005726793060411
lb30_atr20_m1.5_r0.0025_tfnone_rfadx20,30,20,1.5,0.0025,none,adx20,-0.0709455647830276,-0.07457475358326249,51,0.27450980392156865,0.2060211222883408,-0.5272098370337074,-0.025427654574152414,-0.025046929606856838,20,0.25,0.21884570725781527,-0.48037682608185445,-0.18062476327078153
lb10_atr20_m1.5_r0.0025_tfma100_rfadx20,10,20,1.5,0.0025,ma100,adx20,-0.1046788954706267,-0.10991031065539103,72,0.19444444444444445,0.17501408357531248,-0.5613604873415469,-0.024170343679070894,-0.023847090406837634,25,0.4,0.34097811569391,-0.36636944166002416,-0.1821542347613708
lb30_atr14_m1.5_r0.0025_tfnone_rfadx20,30,14,1.5,0.0025,none,adx20,-0.0722757648414698,-0.07500514768261768,51,0.2549019607843137,0.22894803372872394,-0.5381955200611541,-0.02540398459058446,-0.02508045819123561,20,0.2,0.21271431104053629,-0.4815241440279416,-0.18230582349922006
lb20_atr20_m1.5_r0.0025_tfma100_rfadx20,20,20,1.5,0.0025,ma100,adx20,-0.08114825777275114,-0.08651716389203845,54,0.2222222222222222,0.18886831502876048,-0.5758304475852455,-0.023454628991054327,-0.023073133244550736,20,0.35,0.2533889056673651,-0.44134134923137464,-0.18270711197677822
lb30_atr14_m2.5_r0.005_tfnone_rfnone,30,14,2.5,0.005,none,none,-0.07628505177159739,-0.08338453358447717,42,0.21428571428571427,0.4248917360143963,-0.3524139831620828,-0.039589643351569004,-0.050151071948625114,17,0.23529411764705882,0.22970031379524225,-0.49591095169324695,-0.1832969243787276
lb20_atr10_m2.5_r0.005_tfnone_rfnone,20,10,2.5,0.005,none,none,-0.10644392639333455,-0.11063893363668464,52,0.21153846153846154,0.4009515659255024,-0.4000783388185506,-0.03744243200595454,-0.051306171176758286,20,0.2,0.44053405640830384,-0.39397052197099697,-0.18354881862009909
lb10_atr20_m3.0_r0.005_tfnone_rfnone,10,20,3.0,0.005,none,none,-0.11712742657468167,-0.12335154921427183,67,0.19402985074626866,0.4147288557965907,-0.35323797553104697,-0.04205784039522964,-0.06468563645878722,24,0.25,0.4054270778304874,-0.3468287455492449,-0.18493414955242599
lb30_atr14_m1.5_r0.0025_tfma100_rfadx20,30,14,1.5,0.0025,ma100,adx20,-0.06910062895508451,-0.07372790781412086,44,0.25,0.16466067248665603,-0.595687482723772,-0.02369371029008438,-0.023369616148945505,18,0.2222222222222222,0.22496618713373664,-0.4954600845281349,-0.18704397174597143
lb10_atr20_m2.5_r0.0025_tfnone_rfnone,10,20,2.5,0.0025,none,none,-0.0734764789899256,-0.0781918430993046,79,0.20253164556962025,0.35974462076109837,-0.3674998952921347,-0.04416424713100042,-0.04593430111020591,34,0.23529411764705882,0.18934003010059874,-0.5062041052242042,-0.1871894866221147
lb55_atr14_m2.0_r0.005_tfnone_rfnone,55,14,2.0,0.005,none,none,-0.06429375765922518,-0.07204132896304838,33,0.24242424242424243,0.33156543676002825,-0.37730108478325375,-0.04158050646412337,-0.042052025027783824,15,0.06666666666666667,0.08329587775409214,-0.5325684645404052,-0.18727129576813517
lb55_atr10_m1.5_r0.0025_tfnone_rfnone,55,10,1.5,0.0025,none,none,-0.056126855902885464,-0.05935162122597892,41,0.21951219512195122,0.17049004955815023,-0.5150252310240306,-0.02693775294985079,-0.027544002072364737,18,0.16666666666666666,0.13306473575700978,-0.564510882813197,-0.1879563350932932
lb10_atr10_m3.0_r0.005_tfnone_rfnone,10,10,3.0,0.005,none,none,-0.10262385317493006,-0.10612020039208181,65,0.24615384615384617,0.46571642602393665,-0.29565190420926835,-0.05428968996199168,-0.0685523851879718,27,0.2222222222222222,0.361155475525471,-0.4072950010922703,-0.18884293666138494
lb55_atr10_m1.5_r0.0025_tfma100_rfnone,55,10,1.5,0.0025,ma100,none,-0.05510586819439256,-0.05703141400028078,39,0.20512820512820512,0.14113178780255078,-0.532088042601563,-0.02693775294985079,-0.027544002072364737,18,0.16666666666666666,0.13306473575700978,-0.564510882813197,-0.18897331937434153
lb30_atr10_m1.5_r0.0025_tfnone_rfadx20,30,10,1.5,0.0025,none,adx20,-0.07335031126106772,-0.07571472385045452,51,0.21568627450980393,0.2229500203037257,-0.5497526749123416,-0.026430030023258166,-0.02703659547350934,20,0.15,0.1718777897210676,-0.503241801607515,-0.18936129244574967
lb10_atr10_m2.0_r0.0025_tfnone_rfadx20,10,10,2.0,0.0025,none,adx20,-0.11898882298506241,-0.1237080918866077,90,0.18888888888888888,0.22901154334148477,-0.5282854107602353,-0.028372595778002996,-0.029869841498680993,31,0.22580645161290322,0.2750746843672949,-0.35449479443819093,-0.19029698966244063
lb55_atr14_m2.0_r0.005_tfma100_rfnone,55,14,2.0,0.005,ma100,none,-0.06681139566343275,-0.07204132896304849,32,0.21875,0.3035166585588381,-0.40463231168271596,-0.04158050646412337,-0.042052025027783824,15,0.06666666666666667,0.08329587775409214,-0.5325684645404052,-0.19109022739484408
lb55_atr10_m2.0_r0.005_tfnone_rfnone,55,10,2.0,0.005,none,none,-0.07490813325600887,-0.08200891677373212,34,0.17647058823529413,0.2770646121010133,-0.4292079189820445,-0.037024841720210366,-0.0374356678057165,14,0.07142857142857142,0.06456001175094124,-0.5087679664339566,-0.19134923368937135
lb30_atr10_m1.5_r0.0025_tfma100_rfadx20,30,10,1.5,0.0025,ma100,adx20,-0.06921603538399901,-0.07348294857565385,44,0.22727272727272727,0.16550486497834793,-0.5974782321589895,-0.02434007477412936,-0.024947942333818696,18,0.16666666666666666,0.1842577183145354,-0.5117682363984728,-0.19141919199521246
lb55_atr20_m1.5_r0.005_tfma100_rfadx20,55,20,1.5,0.005,ma100,adx20,-0.07682344207720349,-0.08086424042909879,32,0.25,0.1929831887968371,-0.5001757215802591,-0.0399789310954789,-0.039228557180561174,16,0.25,0.21465096354398996,-0.4755020327274686,-0.19290181824928643
lb55_atr20_m1.5_r0.005_tfnone_rfadx20,55,20,1.5,0.005,none,adx20,-0.0795123185678761,-0.08545756113373693,34,0.2647058823529412,0.218387213041222,-0.48430951212006074,-0.0399789310954789,-0.039228557180561174,16,0.25,0.21465096354398996,-0.4755020327274686,-0.19309984198640504
lb20_atr10_m1.5_r0.0025_tfnone_rfadx20,20,10,1.5,0.0025,none,adx20,-0.10579987286116888,-0.1080814880861366,67,0.1791044776119403,0.18311778021325065,-0.6199997657351836,-0.02596116306364704,-0.026568020633116363,25,0.2,0.2897011122672995,-0.393127623863935,-0.1944889861674678
lb55_atr10_m2.0_r0.005_tfma100_rfnone,55,10,2.0,0.005,ma100,none,-0.07766928441394161,-0.08048576230641824,33,0.15151515151515152,0.24817285064654165,-0.4590288850155075,-0.037024841720210366,-0.0374356678057165,14,0.07142857142857142,0.06456001175094124,-0.5087679664339566,-0.1952912081082171
lb30_atr20_m2.0_r0.005_tfma100_rfadx20,30,20,2.0,0.005,ma100,adx20,-0.09621541474971418,-0.10650235368224037,37,0.24324324324324326,0.2230718685249495,-0.5191318479044451,-0.03298620503410998,-0.03354599454977869,14,0.14285714285714285,0.23593338776452846,-0.45213817769744846,-0.19702517239114203
lb20_atr20_m1.5_r0.0025_tfnone_rfadx20,20,20,1.5,0.0025,none,adx20,-0.10166702760336732,-0.10517620837762631,67,0.22388059701492538,0.17342984605843642,-0.593374827063882,-0.0292385095303197,-0.028859273305891997,26,0.3076923076923077,0.24073846953337946,-0.42519537242075955,-0.19855855474253936
lb20_atr10_m1.5_r0.0025_tfma100_rfadx20,20,10,1.5,0.0025,ma100,adx20,-0.08835893664773853,-0.092538094677042,55,0.2,0.15757576700643836,-0.6190809274140114,-0.024985437517385134,-0.02559290299529815,20,0.2,0.18988442417563003,-0.47303169615123564,-0.19879294010791695
lb20_atr20_m2.5_r0.005_tfnone_rfadx20,20,20,2.5,0.005,none,adx20,-0.10599683268081939,-0.11548770805401909,48,0.1875,0.3418962918508028,-0.42948398564090023,-0.04277718064699587,-0.04322052931209741,19,0.21052631578947367,0.2034667735319697,-0.43951132275876137,-0.2000745663544951
lb30_atr20_m2.0_r0.005_tfnone_rfadx20,30,20,2.0,0.005,none,adx20,-0.09968452886527479,-0.11012272858689076,42,0.23809523809523808,0.281977980852271,-0.4631337820806601,-0.03834429128038641,-0.03890097908176693,16,0.125,0.209110093866949,-0.46312536159953066,-0.20022249631963743
lb55_atr20_m1.5_r0.005_tfma100_rfnone,55,20,1.5,0.005,ma100,none,-0.06956799887050802,-0.07364055472610109,37,0.2972972972972973,0.3508356982660947,-0.3961181424780671,-0.05179703957763726,-0.05105590296033302,18,0.2222222222222222,0.17414599670180514,-0.5496066541322687,-0.2002699806866152
lb10_atr10_m1.5_r0.0025_tfma100_rfadx20,10,10,1.5,0.0025,ma100,adx20,-0.1168339337597687,-0.12088255629917488,75,0.17333333333333334,0.1563309262176661,-0.6044850362342171,-0.02600204280955043,-0.027587599072478097,25,0.28,0.3055885763513365,-0.3956325027008639,-0.20055499777312524
lb10_atr20_m2.5_r0.005_tfnone_rfadx20,10,20,2.5,0.005,none,adx20,-0.12688614892259742,-0.13254099525109175,70,0.21428571428571427,0.3616837897875548,-0.3642565099529248,-0.05003613834886955,-0.052460242023696146,26,0.3076923076923077,0.29079477806553056,-0.37759450699561165,-0.20057741941098162
lb55_atr20_m1.5_r0.005_tfnone_rfnone,55,20,1.5,0.005,none,none,-0.07227800782008131,-0.07826997532649271,39,0.3076923076923077,0.36411255135011195,-0.38762234854364763,-0.05179703957763726,-0.05105590296033302,18,0.2222222222222222,0.17414599670180514,-0.5496066541322687,-0.2012548146713341
lb55_atr14_m1.5_r0.005_tfnone_rfadx20,55,14,1.5,0.005,none,adx20,-0.08780987273549101,-0.09370152308797952,35,0.2571428571428571,0.1907993600545324,-0.5217807088451246,-0.0398164059943833,-0.03917871018671837,16,0.25,0.2064746230846541,-0.47566387143613265,-0.2016396866103423
lb10_atr14_m2.0_r0.0025_tfnone_rfadx20,10,14,2.0,0.0025,none,adx20,-0.11368624106307723,-0.11896699043583492,88,0.20454545454545456,0.2371420485395629,-0.5157224261765223,-0.03553774877126181,-0.03631422939060236,33,0.21212121212121213,0.2430115908724707,-0.41473550677963456,-0.20209316321560997
lb30_atr14_m2.0_r0.005_tfma100_rfadx20,30,14,2.0,0.005,ma100,adx20,-0.09316593231407222,-0.10081077646435443,36,0.25,0.20446037790577226,-0.5157510707680557,-0.03658975995835956,-0.03706373384522654,15,0.13333333333333333,0.14694509139945905,-0.469630948239966,-0.20223010155409807
lb55_atr14_m1.5_r0.005_tfma100_rfadx20,55,14,1.5,0.005,ma100,adx20,-0.0863265111166358,-0.09014459861398583,33,0.24242424242424243,0.15805303092774353,-0.5416439278206632,-0.0398164059943833,-0.03917871018671837,16,0.25,0.2064746230846541,-0.47566387143613265,-0.20255607257168923
lb30_atr14_m2.0_r0.005_tfnone_rfadx20,30,14,2.0,0.005,none,adx20,-0.09697464475320405,-0.10424460538698122,41,0.24390243902439024,0.27172959362589194,-0.4590559520725184,-0.0411687696807409,-0.04164049080866261,17,0.11764705882352941,0.13234227235296672,-0.47036157101348514,-0.20286950187986097
lb30_atr10_m2.0_r0.005_tfma100_rfadx20,30,10,2.0,0.005,ma100,adx20,-0.10168000505360975,-0.10654954267592931,37,0.21621621621621623,0.17498841687281075,-0.5481900353317435,-0.03236765950915288,-0.032780472449585374,14,0.14285714285714285,0.13146067588581184,-0.44666776014429155,-0.20314735137371787
lb30_atr20_m2.5_r0.005_tfma100_rfnone,30,20,2.5,0.005,ma100,none,-0.07354816346758553,-0.08035163593809724,37,0.21621621621621623,0.36624903170269935,-0.38498761572020024,-0.04460358533643094,-0.04615293073730942,16,0.1875,0.14159415301425984,-0.5866495214006052,-0.203287899304944
lb10_atr20_m2.0_r0.0025_tfnone_rfadx20,10,20,2.0,0.0025,none,adx20,-0.11746499189292192,-0.11984751214260358,91,0.18681318681318682,0.2151443082754117,-0.5148000837898729,-0.03468622298561541,-0.03496570658062892,32,0.15625,0.25926540086355326,-0.4192500323787697,-0.2036648514442642
lb20_atr14_m2.5_r0.005_tfnone_rfnone,20,14,2.5,0.005,none,none,-0.11275040475437403,-0.11616873944434192,54,0.2037037037037037,0.35777885900406536,-0.4118772041273822,-0.045471905257700396,-0.0560433313880776,22,0.22727272727272727,0.30805688293247435,-0.4359947143320928,-0.20370672891769664
lb30_atr10_m2.0_r0.005_tfnone_rfadx20,30,10,2.0,0.005,none,adx20,-0.10548546371700918,-0.10863692959755111,42,0.21428571428571427,0.24718955978559287,-0.4931371955761668,-0.03756846007156278,-0.03797905423769132,16,0.125,0.11491331069346139,-0.4572479121423411,-0.20583082635724437
lb30_atr10_m2.0_r0.0025_tfnone_rfnone,30,10,2.0,0.0025,none,none,-0.06789875060659833,-0.06954723331068902,53,0.18867924528301888,0.25758963721915534,-0.49480948555029053,-0.03313789076965856,-0.03334417694427316,20,0.1,0.06864990396991756,-0.624489653881984,-0.20791841078854723
lb10_atr14_m2.5_r0.005_tfma100_rfnone,10,14,2.5,0.005,ma100,none,-0.10346271500831283,-0.11276320205494383,54,0.2037037037037037,0.37078946005815516,-0.3811766301529652,-0.047974284440773673,-0.0585179966496544,20,0.2,0.26525869890554465,-0.4910983070572342,-0.2080362016886848
lb10_atr14_m1.5_r0.0025_tfma100_rfadx20,10,14,1.5,0.0025,ma100,adx20,-0.11704249918911291,-0.12143147043994074,74,0.17567567567567569,0.13236956519752877,-0.6139870676846786,-0.029038164641706055,-0.02962159051025537,26,0.3076923076923077,0.30822490303850014,-0.42115920186351236,-0.2081041072637026
lb30_atr20_m2.0_r0.0025_tfnone_rfnone,30,20,2.0,0.0025,none,none,-0.06146279550314793,-0.06387745635096675,53,0.24528301886792453,0.3134508881764043,-0.44560616139123743,-0.037405895589342375,-0.037684591767979336,21,0.09523809523809523,0.11931859032080216,-0.664259996924954,-0.20828718008429525
lb10_atr20_m2.5_r0.005_tfma100_rfnone,10,20,2.5,0.005,ma100,none,-0.1097419424634043,-0.1196661553680809,56,0.19642857142857142,0.3559403653531683,-0.3919924793734085,-0.05013704860595802,-0.05363401030643222,22,0.2727272727272727,0.2096427226917145,-0.46089013790182204,-0.20902593769853517
lb30_atr10_m2.0_r0.0025_tfma100_rfnone,30,10,2.0,0.0025,ma100,none,-0.06438419792837746,-0.06692394134495216,46,0.1956521739130435,0.19770787409032628,-0.538483046784944,-0.030530385853348108,-0.030737228355705137,18,0.1111111111111111,0.07422937379360946,-0.6348430625212392,-0.20988149123434813
lb30_atr20_m2.0_r0.0025_tfma100_rfnone,30,20,2.0,0.0025,ma100,none,-0.05846383214333595,-0.06304662652339632,46,0.2608695652173913,0.2629599396444541,-0.4865517902553708,-0.03472962767445742,-0.03500909870267788,19,0.10526315789473684,0.12760191730353135,-0.6773362440839906,-0.21073001761873225
lb20_atr20_m2.0_r0.0025_tfma100_rfnone,20,20,2.0,0.0025,ma100,none,-0.07283770318575633,-0.07735053477768206,55,0.21818181818181817,0.25922009005150076,-0.5130675564304241,-0.03476938991204648,-0.03504884942805886,21,0.09523809523809523,0.12755561310996505,-0.6144119094743281,-0.21136810768144204
lb30_atr14_m2.0_r0.0025_tfnone_rfnone,30,14,2.0,0.0025,none,none,-0.06141288673436418,-0.06330912762697682,52,0.25,0.29423143985935085,-0.454278446225861,-0.03908489816431793,-0.03932132949393652,22,0.09090909090909091,0.07438128861027116,-0.6646319568494444,-0.21143150834341307
lb20_atr20_m2.0_r0.005_tfma100_rfadx20,20,20,2.0,0.005,ma100,adx20,-0.12216458042678924,-0.13039338950523383,47,0.2127659574468085,0.24676619970953756,-0.5326136826943348,-0.0356288153850961,-0.036187075133996105,16,0.125,0.22257760940594193,-0.428424832332112,-0.21152504772878622
lb55_atr10_m1.5_r0.005_tfnone_rfadx20,55,10,1.5,0.005,none,adx20,-0.09548952368994135,-0.10133157274013505,36,0.19444444444444445,0.14929840719372053,-0.5483543719079703,-0.04056902729579659,-0.04111470177571541,16,0.1875,0.1672168660807382,-0.4853845900561483,-0.21218713458042965
lb20_atr10_m2.0_r0.0025_tfma100_rfnone,20,10,2.0,0.0025,ma100,none,-0.07828229926630759,-0.08180182134359482,55,0.16363636363636364,0.2132920393509835,-0.5544129654160053,-0.031354308700669575,-0.03156097541385172,20,0.1,0.07242753640145473,-0.5878532478634448,-0.21251539692960794
lb20_atr14_m1.5_r0.0025_tfma100_rfadx20,20,14,1.5,0.0025,ma100,adx20,-0.09377396506706182,-0.09827859865409139,55,0.2,0.12581811211225247,-0.6562854573942996,-0.028006078641830356,-0.027683416032304065,21,0.23809523809523808,0.20850505751715795,-0.5049575933994903,-0.21265196716381152
lb55_atr10_m1.5_r0.005_tfma100_rfadx20,55,10,1.5,0.005,ma100,adx20,-0.09461173970977221,-0.09829431329485094,34,0.17647058823529413,0.11295436304189303,-0.5698869581812538,-0.04056902729579659,-0.04111470177571541,16,0.1875,0.1672168660807382,-0.4853845900561483,-0.21363262922952028
lb30_atr20_m2.5_r0.005_tfnone_rfnone,30,20,2.5,0.005,none,none,-0.08564577179151434,-0.08821559905216547,44,0.20454545454545456,0.37817002129533955,-0.3755270655493101,-0.050478300064478066,-0.05201811856939409,18,0.16666666666666666,0.12672722540232675,-0.5884118271215973,-0.21421213106086776
lb20_atr10_m2.0_r0.0025_tfnone_rfnone,20,10,2.0,0.0025,none,none,-0.09311483357116324,-0.09572080085725798,67,0.14925373134328357,0.23583478445711706,-0.5445452224773606,-0.036616408340937046,-0.036821952351724696,26,0.11538461538461539,0.12850993426849347,-0.5333200584689062,-0.2143453269389343
lb20_atr14_m2.0_r0.0025_tfma100_rfnone,20,14,2.0,0.0025,ma100,none,-0.06945611605816815,-0.07471186129398566,53,0.22641509433962265,0.2514719577768164,-0.5084291431035122,-0.03721686689596515,-0.037453757851117486,22,0.09090909090909091,0.07798046693240471,-0.6295526064222066,-0.21455094054473245
lb30_atr14_m2.0_r0.0025_tfma100_rfnone,30,14,2.0,0.0025,ma100,none,-0.058082874730906675,-0.062064547174203066,45,0.26666666666666666,0.2350762122144187,-0.49401544885514503,-0.03679434929577874,-0.03703134421058141,20,0.1,0.07878237259182011,-0.6835110283529009,-0.21498370922910562
lb20_atr14_m2.0_r0.005_tfma100_rfadx20,20,14,2.0,0.005,ma100,adx20,-0.11543354818075613,-0.12428543357867161,45,0.2222222222222222,0.2410613470132663,-0.5172775341777655,-0.039827347248043155,-0.04029972832245288,17,0.11764705882352941,0.13670736272059855,-0.4522161230410215,-0.21527799425064525
lb20_atr20_m2.0_r0.0025_tfnone_rfnone,20,20,2.0,0.0025,none,none,-0.0868837318868958,-0.08923298995738549,67,0.19402985074626866,0.272376420202084,-0.5066533564039799,-0.04085832966376768,-0.04113602627241031,27,0.1111111111111111,0.15997851512506325,-0.5697356037748283,-0.2156924169307332
lb20_atr10_m2.0_r0.005_tfma100_rfadx20,20,10,2.0,0.005,ma100,adx20,-0.12197751531725487,-0.12825370837265215,46,0.1956521739130435,0.22002763632606254,-0.5353366796044353,-0.03631160331936922,-0.0367227336878444,16,0.125,0.11890351760149515,-0.43929899000063094,-0.2159638302152664
lb20_atr14_m2.0_r0.0025_tfnone_rfnone,20,14,2.0,0.0025,none,none,-0.08438260912921425,-0.08753626885499655,65,0.2,0.26809545388448053,-0.5076819529808251,-0.04288443853248847,-0.043119934992440156,28,0.10714285714285714,0.12255988151346844,-0.5770457345584152,-0.218012058835014
lb20_atr14_m1.5_r0.0025_tfnone_rfadx20,20,14,1.5,0.0025,none,adx20,-0.11081918845830929,-0.11343517579347384,67,0.19402985074626866,0.1606748525534702,-0.6481830381627263,-0.0327528216124352,-0.03243173472929972,27,0.2222222222222222,0.21497218543507116,-0.4616698607879644,-0.21805418698327025
lb20_atr20_m2.5_r0.005_tfma100_rfnone,20,20,2.5,0.005,ma100,none,-0.09937327983494415,-0.10664758233302041,45,0.2,0.3372987618281325,-0.43792270941672573,-0.04652770438900122,-0.04804876477683917,18,0.16666666666666666,0.1365559482190059,-0.543645737709072,-0.21818774517049827
lb10_atr20_m2.0_r0.0025_tfma100_rfnone,10,20,2.0,0.0025,ma100,none,-0.08598649774912037,-0.09043532943972854,69,0.21739130434782608,0.24192050666690118,-0.48471877812547276,-0.04397113468740699,-0.044247930057551454,28,0.14285714285714285,0.13891939172481377,-0.5887893130714003,-0.21988551900314843
lb30_atr20_m1.5_r0.0025_tfma100_rfnone,30,20,1.5,0.0025,ma100,none,-0.06723188582890105,-0.07268210614835124,52,0.28846153846153844,0.28641828141343806,-0.4887731977905013,-0.041287221634470295,-0.040912692341799284,23,0.21739130434782608,0.14601503484809417,-0.6831564549368947,-0.22170100899113646
lb10_atr10_m2.5_r0.005_tfnone_rfnone,10,10,2.5,0.005,none,none,-0.16544534347369366,-0.17004466366192894,81,0.18518518518518517,0.33540986378971316,-0.4093755038745895,-0.04867837458339486,-0.06511100904970013,29,0.27586206896551724,0.467465817692311,-0.3523048188437031,-0.22239112848595768
lb55_atr14_m1.5_r0.005_tfnone_rfnone,55,14,1.5,0.005,none,none,-0.09199997057603193,-0.09786455793947757,40,0.3,0.23277738647591942,-0.481432614987808,-0.05209201298057564,-0.05146246988782954,18,0.2222222222222222,0.16567112992407476,-0.5555181039255924,-0.22385417028871887
lb55_atr14_m1.5_r0.005_tfma100_rfnone,55,14,1.5,0.005,ma100,none,-0.09052342270151614,-0.09432397201280229,38,0.2894736842105263,0.20558094726414047,-0.4965586686319695,-0.05209201298057564,-0.05146246988782954,18,0.2222222222222222,0.16567112992407476,-0.5555181039255924,-0.22430313402104002
lb20_atr20_m1.5_r0.0025_tfma100_rfnone,20,20,1.5,0.0025,ma100,none,-0.08937676819296736,-0.09469759462984484,63,0.23809523809523808,0.23048618773094284,-0.54521210170219,-0.039844041627777216,-0.03946894854457439,25,0.28,0.16509410330849242,-0.6068796737700517,-0.22633792435276495
lb10_atr20_m2.0_r0.005_tfma100_rfadx20,10,20,2.0,0.005,ma100,adx20,-0.15461755254392395,-0.16254214820647572,62,0.1935483870967742,0.21474418358230626,-0.5223678782526174,-0.04133179053405911,-0.041886748917753014,21,0.19047619047619047,0.25591376962765355,-0.3810951273890253,-0.22634685401848786
lb30_atr20_m1.5_r0.005_tfma100_rfadx20,30,20,1.5,0.005,ma100,adx20,-0.11412538930093108,-0.12242196738400069,43,0.2558139534883721,0.18670212121678667,-0.5584817084851571,-0.045687364854709256,-0.04494145277914774,18,0.2777777777777778,0.23277353306618115,-0.48514359163490695,-0.22651185597740445
lb30_atr20_m1.5_r0.0025_tfnone_rfnone,30,20,1.5,0.0025,none,none,-0.07965569068503486,-0.08302208304973435,63,0.30158730158730157,0.27380908664650194,-0.47983811225287887,-0.0434587333729457,-0.04308505239978577,25,0.2,0.13960072406217486,-0.6635020134302937,-0.22678027188984187
lb20_atr10_m2.0_r0.005_tfnone_rfadx20,20,10,2.0,0.005,none,adx20,-0.14738510165172036,-0.15186455466496362,56,0.17857142857142858,0.24198569491936284,-0.5440507911771401,-0.04248639108410368,-0.042894887154212524,21,0.14285714285714285,0.20239201666779166,-0.39334578772908896,-0.2271401597650228
lb10_atr20_m1.5_r0.0025_tfnone_rfadx20,10,20,1.5,0.0025,none,adx20,-0.15134524665288218,-0.1550539200692841,107,0.21495327102803738,0.1745037912875991,-0.5650946023754128,-0.03931930268169903,-0.039736031822579565,38,0.3157894736842105,0.28067283782255725,-0.3954319585952189,-0.22816795538581394
lb20_atr20_m2.0_r0.005_tfnone_rfadx20,20,20,2.0,0.005,none,adx20,-0.14742406269221042,-0.15211077985231125,57,0.19298245614035087,0.25762058162806895,-0.5407128452996232,-0.04455220749269928,-0.04510530162620474,21,0.14285714285714285,0.25878353578047836,-0.41032200874941166,-0.2301058352652985
lb20_atr14_m2.0_r0.005_tfnone_rfadx20,20,14,2.0,0.005,none,adx20,-0.14252856771124733,-0.14770657095012985,55,0.2,0.253703819131877,-0.5336162287238225,-0.04722174764813836,-0.04769049086138255,22,0.13636363636363635,0.20226015747460327,-0.41703617897999906,-0.2310401001594599
lb10_atr10_m1.5_r0.0025_tfnone_rfadx20,10,10,1.5,0.0025,none,adx20,-0.16020023982450549,-0.1624552058459886,109,0.1834862385321101,0.18283524503920215,-0.5920124922858813,-0.03742850858375113,-0.04017783521851337,37,0.2702702702702703,0.3157818318834603,-0.3870380884825913,-0.2324830202761391
lb10_atr10_m2.0_r0.005_tfma100_rfadx20,10,10,2.0,0.005,ma100,adx20,-0.15295174384919985,-0.16160994143537855,61,0.19672131147540983,0.22514871196881348,-0.5157031213942534,-0.042647746715848145,-0.044541697511088385,21,0.23809523809523808,0.16292530376498324,-0.4131571904741972,-0.23321174025465688
lb30_atr20_m1.5_r0.005_tfnone_rfadx20,30,20,1.5,0.005,none,adx20,-0.12758755541399236,-0.13195858623738288,51,0.27450980392156865,0.19217690657930148,-0.5272098370337073,-0.050007379823885145,-0.04926484436853529,20,0.25,0.2166324027281102,-0.48037682608185445,-0.2341514260549561
lb10_atr10_m2.0_r0.0025_tfma100_rfnone,10,10,2.0,0.0025,ma100,none,-0.09180754668811453,-0.09829527411548045,70,0.17142857142857143,0.22955235695642687,-0.5133584819038481,-0.0465828425453223,-0.047563631094929004,28,0.17857142857142858,0.0821408373090815,-0.620263731000891,-0.23476151924908956
lb10_atr14_m2.0_r0.005_tfma100_rfadx20,10,14,2.0,0.005,ma100,adx20,-0.15055356417048327,-0.1616572668955082,60,0.21666666666666667,0.23093731518079386,-0.5141906671313226,-0.0463309793886989,-0.04680016083778149,22,0.22727272727272727,0.18016397087372324,-0.4173918065832961,-0.2349110144260366
lb10_atr14_m2.0_r0.0025_tfma100_rfnone,10,14,2.0,0.0025,ma100,none,-0.08452383303697819,-0.0921347651065062,68,0.22058823529411764,0.2559273540675351,-0.485677965587276,-0.05168069775390982,-0.05191402991104288,30,0.16666666666666666,0.08939670527681164,-0.6429190906189854,-0.23539732476693742
lb55_atr10_m1.5_r0.005_tfnone_rfnone,55,10,1.5,0.005,none,none,-0.10177595523179117,-0.10757740150028139,41,0.21951219512195122,0.17978852495496953,-0.5150252310240306,-0.052809008984724626,-0.05334772199911608,18,0.16666666666666666,0.13342426158590243,-0.564510882813197,-0.23608355228450906
lb55_atr10_m1.5_r0.005_tfma100_rfnone,55,10,1.5,0.005,ma100,none,-0.10090427193154117,-0.10456125128930394,39,0.20512820512820512,0.14854407003860526,-0.532088042601563,-0.052809008984724626,-0.05334772199911608,18,0.16666666666666666,0.13342426158590243,-0.564510882813197,-0.2370900965595156
lb30_atr14_m1.5_r0.0025_tfnone_rfnone,30,14,1.5,0.0025,none,none,-0.08750561008582636,-0.09013633826475353,63,0.2857142857142857,0.2308744572042173,-0.5305139199358526,-0.043846065814501456,-0.04352866143908918,25,0.16,0.13401004394078805,-0.668087854286392,-0.2373762667262625
lb30_atr14_m1.5_r0.005_tfma100_rfadx20,30,14,1.5,0.005,ma100,adx20,-0.12385266633465442,-0.13159015955790931,44,0.25,0.15784869811530103,-0.595687482723772,-0.04659537259282698,-0.045962178964335965,18,0.2222222222222222,0.22503725351629733,-0.4954600845281349,-0.23832322434585748
lb30_atr14_m1.5_r0.005_tfnone_rfadx20,30,14,1.5,0.005,none,adx20,-0.13292325359345214,-0.13697420268444382,51,0.2549019607843137,0.19764602614424998,-0.5381955200611541,-0.04993340024568993,-0.049302423533061135,20,0.2,0.2125348550352085,-0.4815241440279415,-0.23839392120879124
lb20_atr20_m2.5_r0.005_tfnone_rfnone,20,20,2.5,0.005,none,none,-0.11990748649982852,-0.12379651177044093,56,0.17857142857142858,0.3361580870109959,-0.4196004470405614,-0.06203813106952927,-0.06353444790086216,24,0.16666666666666666,0.14787770402279016,-0.5347628880414911,-0.2391305423959814
lb30_atr14_m1.5_r0.0025_tfma100_rfnone,30,14,1.5,0.0025,ma100,none,-0.07897858739258723,-0.0835567652750091,53,0.2830188679245283,0.18898285109607108,-0.5676381622181585,-0.04216815468506496,-0.041850193311124606,23,0.17391304347826086,0.1388399406426989,-0.6952171738307563,-0.23926127796538904
lb20_atr20_m1.5_r0.005_tfma100_rfadx20,20,20,1.5,0.005,ma100,adx20,-0.14611365146959,-0.15411064639312566,54,0.2222222222222222,0.17378387706414247,-0.5758304475852455,-0.046160527373164895,-0.045414985131998487,20,0.35,0.25147773483647023,-0.44134134923137464,-0.2398974067212361
lb20_atr20_m1.5_r0.0025_tfnone_rfnone,20,20,1.5,0.0025,none,none,-0.11479847692947553,-0.11803632565448474,80,0.2375,0.2052707986288627,-0.5619571145307868,-0.04733383357202525,-0.04696166643968325,32,0.25,0.16218480209646882,-0.5644698938453878,-0.24200770019365853
lb10_atr20_m1.5_r0.0025_tfma100_rfnone,10,20,1.5,0.0025,ma100,none,-0.10850161686776205,-0.1137106956609647,81,0.20987654320987653,0.22114241226535475,-0.5188317933419966,-0.05091701235879886,-0.050602619186395636,33,0.30303030303030304,0.1955005729591471,-0.5963700704873334,-0.242079924638957
lb10_atr14_m1.5_r0.0025_tfnone_rfadx20,10,14,1.5,0.0025,none,adx20,-0.15904707981909438,-0.1618954351751829,108,0.19444444444444445,0.17553036014720022,-0.5924620320184938,-0.04303421583923006,-0.04478935181718946,39,0.28205128205128205,0.27080143598642914,-0.42100979720590986,-0.24268142009146149
lb30_atr10_m1.5_r0.0025_tfma100_rfnone,30,10,1.5,0.0025,ma100,none,-0.0809415159305058,-0.0851546770061764,53,0.24528301886792453,0.17475535184804253,-0.5825008151776325,-0.04295470072887464,-0.04355097077701198,23,0.13043478260869565,0.1122786944244724,-0.702344701992097,-0.24436914441857338
lb30_atr10_m1.5_r0.005_tfma100_rfadx20,30,10,1.5,0.005,ma100,adx20,-0.12653192124629098,-0.13394017930351287,44,0.22727272727272727,0.15709191314073034,-0.5974782321589895,-0.04802398234983607,-0.048565416838720954,18,0.16666666666666666,0.18378060525350298,-0.5117682363984728,-0.24493968517204248
lb10_atr14_m2.5_r0.005_tfnone_rfnone,10,14,2.5,0.005,none,none,-0.14829990008457783,-0.15333497750577718,79,0.22784810126582278,0.3453345196635688,-0.3724603752866709,-0.06991163314054494,-0.08021238858099378,31,0.16129032258064516,0.27411767175050394,-0.46200686724330564,-0.24620356285624548
lb20_atr10_m1.5_r0.0025_tfma100_rfnone,20,10,1.5,0.0025,ma100,none,-0.10172806633594444,-0.10584593740930948,65,0.2153846153846154,0.16346701046154094,-0.6062807800434431,-0.04198956866298398,-0.04258644001948553,25,0.16,0.12115152238547139,-0.6317386085919684,-0.246391032111819
lb20_atr10_m1.5_r0.0025_tfnone_rfnone,20,10,1.5,0.0025,none,none,-0.12409781219594163,-0.12633273892724362,80,0.2,0.17822227414950834,-0.612337943099843,-0.04473955741618385,-0.04533471544111434,31,0.16129032258064516,0.18909877885095433,-0.5479304414811293,-0.24698388822733502
lb30_atr10_m1.5_r0.0025_tfnone_rfnone,30,10,1.5,0.0025,none,none,-0.0933202086354219,-0.09563366661128603,63,0.2222222222222222,0.20626237319592838,-0.5705395537717375,-0.045004781699867547,-0.0455997744815263,25,0.12,0.10750101331569388,-0.6802774369118408,-0.2481966482866318
lb30_atr10_m1.5_r0.005_tfnone_rfadx20,30,10,1.5,0.005,none,adx20,-0.13705417243626716,-0.14087879968082684,51,0.21568627450980393,0.19369680631244604,-0.5497526749123416,-0.05209924164607305,-0.05263835833924324,20,0.15,0.17124036932294806,-0.503241801607515,-0.2482451137731523
lb10_atr20_m1.5_r0.005_tfma100_rfadx20,10,20,1.5,0.005,ma100,adx20,-0.18392299795862255,-0.19156589288693604,72,0.19444444444444445,0.1711195999661644,-0.5613604873415469,-0.048785058697331296,-0.04804156784848157,25,0.4,0.3230754121379976,-0.3663694416600242,-0.2494645145854922
lb20_atr14_m1.5_r0.0025_tfma100_rfnone,20,14,1.5,0.0025,ma100,none,-0.1050948607770752,-0.10954322089028612,65,0.23076923076923078,0.14762129058335988,-0.6260354133541038,-0.044765366757926306,-0.044448267553189424,26,0.19230769230769232,0.1401186108305073,-0.6558905008469844,-0.25588420814881147
lb10_atr20_m2.0_r0.0025_tfnone_rfnone,10,20,2.0,0.0025,none,none,-0.12182180823198074,-0.12503414768109344,101,0.19801980198019803,0.2340585668549122,-0.48158811748037084,-0.06401677571903819,-0.06428776735162789,42,0.11904761904761904,0.15697681061270205,-0.5869122157776727,-0.2562421731211187
lb20_atr14_m1.5_r0.0025_tfnone_rfnone,20,14,1.5,0.0025,none,none,-0.12364702096825264,-0.1261735531881848,80,0.225,0.17341092408798658,-0.6081198433179967,-0.05125364275153432,-0.050938697391607946,33,0.18181818181818182,0.147283489405358,-0.5963417125682349,-0.2601621935535561
lb10_atr10_m2.0_r0.0025_tfnone_rfnone,10,10,2.0,0.0025,none,none,-0.13492985517739542,-0.1395637335419685,103,0.1650485436893204,0.22004644256056824,-0.5267522820624649,-0.05990820748978998,-0.06087528812019827,41,0.17073170731707318,0.14962524417046422,-0.5578341596853379,-0.2605451422774626
lb30_atr20_m2.0_r0.005_tfma100_rfnone,30,20,2.0,0.005,ma100,none,-0.11092401365998816,-0.11925819155335526,46,0.2608695652173913,0.26523381116448097,-0.4865517902553708,-0.05816878109206003,-0.058713992799089176,19,0.10526315789473684,0.14708431742955483,-0.6773362440839906,-0.26085774279675067
lb20_atr10_m1.5_r0.005_tfma100_rfadx20,20,10,1.5,0.005,ma100,adx20,-0.16026532825488637,-0.16738747879387417,55,0.2,0.14630948617077252,-0.6190809274140114,-0.04928757267952222,-0.04982828850389076,20,0.2,0.1896208120942288,-0.47303169615123564,-0.26142054106326135
lb10_atr20_m2.5_r0.005_tfnone_rfnone,10,20,2.5,0.005,none,none,-0.1433883734119944,-0.15129210288273454,79,0.20253164556962025,0.34967533475071017,-0.3674998952921347,-0.0849111055837648,-0.08828004508351728,34,0.23529411764705882,0.1917348654600199,-0.5062041052242042,-0.26236356927740756
lb30_atr20_m2.0_r0.005_tfnone_rfnone,30,20,2.0,0.005,none,none,-0.11914791254013213,-0.12338354995805767,53,0.24528301886792453,0.3004503420863661,-0.44560616139123743,-0.06338733425708754,-0.06392952502339799,21,0.09523809523809523,0.13608149170599715,-0.6642599969249541,-0.26349943892653366
lb30_atr10_m2.0_r0.005_tfma100_rfnone,30,10,2.0,0.005,ma100,none,-0.12319391237625144,-0.12794682921566514,46,0.1956521739130435,0.19970830520525323,-0.538483046784944,-0.05372921523205043,-0.05413291486956695,18,0.1111111111111111,0.0827968851873329,-0.6348430625212391,-0.2635432306907972
lb10_atr10_m1.5_r0.0025_tfma100_rfnone,10,10,1.5,0.0025,ma100,none,-0.12481159700787792,-0.12882364822907721,85,0.18823529411764706,0.16670241758722495,-0.5728627904190113,-0.053655827123871846,-0.05519636621752355,33,0.21212121212121213,0.17418823142794204,-0.619795344314659,-0.26375748125558635
lb20_atr10_m1.5_r0.005_tfnone_rfadx20,20,10,1.5,0.005,none,adx20,-0.19134364291112615,-0.19492765599285122,67,0.1791044776119403,0.16027618085940856,-0.6199997657351836,-0.05122698665259107,-0.05176659943907447,25,0.2,0.28830489289745664,-0.393127623863935,-0.2658570427312842
lb30_atr10_m2.0_r0.005_tfnone_rfnone,30,10,2.0,0.005,none,none,-0.13175251091139284,-0.13482180844216796,53,0.18867924528301888,0.24799971290196055,-0.4948094855502906,-0.058815202361331864,-0.059216732206444855,20,0.1,0.07587540954199051,-0.624489653881984,-0.26660022603437195
lb10_atr14_m1.5_r0.0025_tfma100_rfnone,10,14,1.5,0.0025,ma100,none,-0.12232537678168343,-0.12668808810736887,83,0.20481927710843373,0.15552427401016072,-0.574460167473564,-0.056270210518320596,-0.05683727335442179,34,0.23529411764705882,0.18516829018310044,-0.6356163001241529,-0.26681818563244974
lb30_atr14_m2.0_r0.005_tfma100_rfnone,30,14,2.0,0.005,ma100,none,-0.11067356760139468,-0.11817081788860861,45,0.26666666666666666,0.2382939470881584,-0.49401544885514503,-0.06235425053513055,-0.06281554893316177,20,0.1,0.09062757340191227,-0.6835110283529009,-0.2670014701983853
lb20_atr20_m1.5_r0.005_tfnone_rfadx20,20,20,1.5,0.005,none,adx20,-0.18032107487637306,-0.1844278959897504,67,0.22388059701492538,0.16098743002145383,-0.593374827063882,-0.05744272848323839,-0.05670600466251108,26,0.3076923076923077,0.23896026021192124,-0.42519537242075955,-0.2679659033080723
lb10_atr14_m2.0_r0.0025_tfnone_rfnone,10,14,2.0,0.0025,none,none,-0.1238873489417257,-0.1287226867300285,100,0.2,0.24117523709501118,-0.49657742601521265,-0.07019303440442348,-0.07042181163640204,44,0.1590909090909091,0.1370269613569253,-0.6102973673810766,-0.2681058043536764
lb20_atr20_m2.0_r0.005_tfma100_rfnone,20,20,2.0,0.005,ma100,none,-0.13655146657498796,-0.14464541331283065,55,0.21818181818181817,0.2632324949183316,-0.5130675564304241,-0.05824388463805652,-0.058789052868790104,21,0.09523809523809523,0.14710491840766954,-0.6144119094743281,-0.2681206674910058
lb30_atr14_m2.0_r0.005_tfnone_rfnone,30,14,2.0,0.005,none,none,-0.11984708492823148,-0.1234009226063354,52,0.25,0.27952070806212714,-0.45427844622586105,-0.06681080375047088,-0.06726990963511403,22,0.09090909090909091,0.08480871782204692,-0.6646319568494444,-0.2686067555510951
lb10_atr10_m1.5_r0.005_tfma100_rfadx20,10,10,1.5,0.005,ma100,adx20,-0.20311124310420403,-0.20986999903081593,75,0.17333333333333334,0.15014694836459533,-0.6044850362342171,-0.05014797329664644,-0.05189674396342725,25,0.28,0.2897118963960289,-0.395632502700864,-0.2718131954266863
lb20_atr14_m2.0_r0.005_tfma100_rfnone,20,14,2.0,0.005,ma100,none,-0.13238818067455327,-0.14107040051089315,53,0.22641509433962265,0.2506382151875988,-0.5084291431035122,-0.06317454681816104,-0.06363544165081436,22,0.09090909090909091,0.08960773417563579,-0.6295526064222066,-0.2730265494435455
lb10_atr10_m2.0_r0.005_tfnone_rfadx20,10,10,2.0,0.005,none,adx20,-0.2210648807473582,-0.22666535675962962,90,0.18888888888888888,0.22019804027075526,-0.5282854107602353,-0.05612931779158825,-0.058962509777667926,31,0.22580645161290322,0.2730363595702536,-0.35449479443819093,-0.2736078127134903
lb20_atr10_m2.0_r0.005_tfma100_rfnone,20,10,2.0,0.005,ma100,none,-0.14932014018390705,-0.15540088540590824,55,0.16363636363636364,0.21323349564245428,-0.5544129654160053,-0.05533502809772606,-0.05573804266065052,20,0.1,0.08060409678016164,-0.5878532478634448,-0.27410289924535514
lb30_atr20_m1.5_r0.005_tfma100_rfnone,30,20,1.5,0.005,ma100,none,-0.1192534143643098,-0.12750196639511813,52,0.28846153846153844,0.2797268326979489,-0.4887731977905012,-0.06913576563068513,-0.06840818134902182,23,0.21739130434782608,0.1654855260475852,-0.6831564549368947,-0.2749415892395363
lb20_atr14_m1.5_r0.005_tfma100_rfadx20,20,14,1.5,0.005,ma100,adx20,-0.16548501074374677,-0.17285483751370567,55,0.2,0.12117156835642919,-0.6562854573942996,-0.05501362363629769,-0.054386020900456744,21,0.23809523809523808,0.20870715598731557,-0.5049575933994904,-0.27720428596061053
lb10_atr14_m1.5_r0.005_tfma100_rfadx20,10,14,1.5,0.005,ma100,adx20,-0.2020829734480032,-0.2091295937462555,74,0.17567567567567569,0.13256052774441426,-0.6139870676846786,-0.05591650559612882,-0.05560302411468698,26,0.3076923076923077,0.29942480767923707,-0.42115920186351236,-0.28035791495793533
lb20_atr20_m2.0_r0.005_tfnone_rfnone,20,20,2.0,0.005,none,none,-0.16124308553384747,-0.16527630543765848,67,0.19402985074626866,0.2696830510125096,-0.5066533564039799,-0.07128436206446365,-0.07182198136199625,27,0.1111111111111111,0.17618090033085762,-0.5697356037748283,-0.28422519024775234
lb20_atr10_m2.0_r0.005_tfnone_rfnone,20,10,2.0,0.005,none,none,-0.17447992826045966,-0.17882687648655948,67,0.14925373134328357,0.23205736536268637,-0.5445452224773606,-0.06571570302913299,-0.06611428897101757,26,0.11538461538461539,0.13892711106244418,-0.5333200584689062,-0.28605161768975323
lb30_atr20_m1.5_r0.005_tfnone_rfnone,30,20,1.5,0.005,none,none,-0.1402197161787665,-0.14452745633681674,63,0.30158730158730157,0.26744337429488396,-0.47983811225287887,-0.07334963357987534,-0.07262534295154155,25,0.2,0.15716819538456678,-0.6635020134302937,-0.2864895805683858
lb20_atr14_m2.0_r0.005_tfnone_rfnone,20,14,2.0,0.005,none,none,-0.15843888332469835,-0.1631697283618625,65,0.2,0.26026915773828985,-0.5076819529808251,-0.07474030503506546,-0.07519550980221112,28,0.10714285714285714,0.13566481034971242,-0.5770457345584153,-0.2876130725781291
lb10_atr20_m2.0_r0.005_tfma100_rfnone,10,20,2.0,0.005,ma100,none,-0.1589105955007709,-0.16679494827716246,69,0.21739130434782608,0.24718431451623166,-0.48471877812547276,-0.07457754089778135,-0.07511325382438772,28,0.14285714285714285,0.15823478274027497,-0.5887893130714003,-0.2878182971164958
lb10_atr14_m2.0_r0.005_tfnone_rfadx20,10,14,2.0,0.005,none,adx20,-0.21349243807500073,-0.22007127371666446,88,0.20454545454545456,0.22384956857058888,-0.5157224261765223,-0.06863175297075286,-0.07013079563214897,33,0.21212121212121213,0.24528379456011665,-0.4147355067796345,-0.288249824130579
lb20_atr20_m1.5_r0.005_tfma100_rfnone,20,20,1.5,0.005,ma100,none,-0.15838388300031592,-0.16626596218661005,63,0.23809523809523808,0.2236199150802963,-0.54521210170219,-0.06632789672761874,-0.06559811775289126,25,0.28,0.18781134877036948,-0.6068796737700517,-0.2883995113494193
lb10_atr20_m1.5_r0.0025_tfnone_rfnone,10,20,1.5,0.0025,none,none,-0.16138317851537531,-0.16507933082907023,121,0.2231404958677686,0.20164515196286886,-0.5350979814955275,-0.07253989783734194,-0.07223266746065904,49,0.24489795918367346,0.17243550391166856,-0.5779805078074092,-0.2896741134759731
lb10_atr20_m2.0_r0.005_tfnone_rfadx20,10,20,2.0,0.005,none,adx20,-0.2169534787020444,-0.22089435891172626,91,0.18681318681318682,0.21063120100361474,-0.5148000837898729,-0.06832822790513116,-0.0688675584635764,32,0.15625,0.25789799246203426,-0.41925003237876973,-0.28997286534153
lb20_atr14_m1.5_r0.005_tfnone_rfadx20,20,14,1.5,0.005,none,adx20,-0.19637571254181396,-0.20013021419379495,67,0.19402985074626866,0.1404203048324415,-0.6481830381627263,-0.06423753902172447,-0.06361606225200933,27,0.2222222222222222,0.21479678937094693,-0.4616698607879644,-0.2943325409022271
lb30_atr14_m1.5_r0.005_tfma100_rfnone,30,14,1.5,0.005,ma100,none,-0.14016035747645428,-0.1477538330843512,53,0.2830188679245283,0.18271445892697288,-0.5676381622181584,-0.07053353919856065,-0.06991624385096407,23,0.17391304347826086,0.15922715759625508,-0.6952171738307563,-0.29834706600639915
lb30_atr14_m1.5_r0.005_tfnone_rfnone,30,14,1.5,0.005,none,none,-0.1575760952036146,-0.16151186717017674,63,0.2857142857142857,0.2055809717419089,-0.5305139199358526,-0.07378775536174509,-0.07317262126749369,25,0.16,0.1527689722590476,-0.668087854286392,-0.3029757003775438
lb10_atr10_m1.5_r0.0025_tfnone_rfnone,10,10,1.5,0.0025,none,none,-0.17762531769199763,-0.17972366518584748,124,0.1935483870967742,0.17870290257512514,-0.5813822337263226,-0.07255170220205465,-0.07406148099189624,48,0.20833333333333334,0.18931727728072653,-0.5857801751140145,-0.30474428387950825
lb10_atr14_m2.0_r0.005_tfma100_rfnone,10,14,2.0,0.005,ma100,none,-0.16000912186062333,-0.17098922444176368,68,0.22058823529411764,0.2504148497759185,-0.485677965587276,-0.0835762405432684,-0.08402709824981325,30,0.16666666666666666,0.10725363822855664,-0.6429190906189854,-0.30600694644924425
lb10_atr14_m1.5_r0.0025_tfnone_rfnone,10,14,1.5,0.0025,none,none,-0.1706985887077913,-0.17308947090457472,122,0.21311475409836064,0.18291258269650013,-0.5655870622571965,-0.07742151118584684,-0.07797586475211515,50,0.22,0.168703142225689,-0.6037633264442656,-0.3062925619358959
lb30_atr10_m1.5_r0.005_tfma100_rfnone,30,10,1.5,0.005,ma100,none,-0.14596106303915868,-0.15320453419719904,53,0.24528301886792453,0.1685065771975643,-0.5825008151776325,-0.0726009869232398,-0.07312844328908075,23,0.13043478260869565,0.1280674090261518,-0.702344701992097,-0.3069082530833464
lb10_atr10_m2.0_r0.005_tfma100_rfnone,10,10,2.0,0.005,ma100,none,-0.17323734829322812,-0.18168819432634475,70,0.17142857142857143,0.224414381368834,-0.5133584819038481,-0.07635438099126124,-0.07818164921843762,28,0.17857142857142858,0.09710371940571981,-0.620263731000891,-0.3071771422010756
lb10_atr20_m1.5_r0.005_tfma100_rfnone,10,20,1.5,0.005,ma100,none,-0.1893602263167149,-0.19695219937743713,81,0.20987654320987653,0.21836202388948617,-0.5188317933419966,-0.0823147533120262,-0.08159747002156126,33,0.30303030303030304,0.21846595054982385,-0.5963700704873334,-0.31502889736763845
lb20_atr10_m1.5_r0.005_tfma100_rfnone,20,10,1.5,0.005,ma100,none,-0.18251675959807923,-0.1894501861876262,65,0.2153846153846154,0.1541678753768624,-0.6062807800434431,-0.07056217338772286,-0.07109078932475488,25,0.16,0.13884130803875688,-0.6317386085919684,-0.3173292924248705
lb20_atr20_m1.5_r0.005_tfnone_rfnone,20,20,1.5,0.005,none,none,-0.19840558400012487,-0.20242179665497295,80,0.2375,0.20171607748204928,-0.5619571145307867,-0.08187802073204764,-0.08116039608164127,32,0.25,0.17847621392310245,-0.5644698938453878,-0.3190554790018627
lb30_atr10_m1.5_r0.005_tfnone_rfnone,30,10,1.5,0.005,none,none,-0.17018918167463626,-0.17386695258704388,63,0.2222222222222222,0.18386522868448596,-0.5705395537717375,-0.07657103593633419,-0.07709623434460233,25,0.12,0.12176266457918361,-0.6802774369118408,-0.3192479334030729
lb10_atr20_m1.5_r0.005_tfnone_rfadx20,10,20,1.5,0.005,none,adx20,-0.25987491661933326,-0.26404814869236226,107,0.21495327102803738,0.1728681996213691,-0.5650946023754126,-0.07813890995010309,-0.07882911006119098,38,0.3157894736842105,0.26829058045416293,-0.3954319585952189,-0.3240391109487882
lb20_atr14_m1.5_r0.005_tfma100_rfnone,20,14,1.5,0.005,ma100,none,-0.18438617544524338,-0.19158908093590366,65,0.23076923076923078,0.14266764958319492,-0.6260354133541038,-0.07548797115452921,-0.07487396624066578,26,0.19230769230769232,0.159537674549834,-0.6558905008469844,-0.32753317572072393
lb10_atr10_m1.5_r0.005_tfnone_rfadx20,10,10,1.5,0.005,none,adx20,-0.2753197624584919,-0.27853158838262904,109,0.1834862385321101,0.1701830118693821,-0.5920124922858813,-0.07237209045224091,-0.07635654477159914,37,0.2702702702702703,0.30409026771991166,-0.38703808848259136,-0.3295237674775066
lb20_atr10_m1.5_r0.005_tfnone_rfnone,20,10,1.5,0.005,none,none,-0.22010662007022308,-0.2235631539260644,80,0.2,0.15988873166659076,-0.612337943099843,-0.07695651325734088,-0.07748149242614044,31,0.16129032258064516,0.20913497541846637,-0.5479304414811293,-0.32967939396234386
lb10_atr14_m1.5_r0.005_tfnone_rfadx20,10,14,1.5,0.005,none,adx20,-0.2725029887102485,-0.2764025110328884,108,0.19444444444444445,0.16565823806825627,-0.5924620320184937,-0.08298295658259824,-0.0849404198859729,39,0.28205128205128205,0.2631272678625899,-0.42100979720590986,-0.34243195837953955
lb10_atr10_m1.5_r0.005_tfma100_rfnone,10,10,1.5,0.005,ma100,none,-0.21670299576388163,-0.22334647419655618,85,0.18823529411764706,0.16112596356936926,-0.5728627904190113,-0.08486810652871224,-0.0865529540276353,33,0.21212121212121213,0.19209394746816594,-0.619795344314659,-0.34337066413892947
lb20_atr14_m1.5_r0.005_tfnone_rfnone,20,14,1.5,0.005,none,none,-0.21641539674965693,-0.22007627377052896,80,0.225,0.1556352357640713,-0.6081198433179967,-0.08903710027815248,-0.08843209387550466,33,0.18181818181818182,0.1626263290490639,-0.5963417125682349,-0.34547098761651807
lb10_atr14_m1.5_r0.005_tfma100_rfnone,10,14,1.5,0.005,ma100,none,-0.21119131539604963,-0.21815749747188184,83,0.20481927710843373,0.1548179434281821,-0.574460167473564,-0.08921259548964244,-0.08891016992396206,34,0.23529411764705882,0.2090552880364829,-0.6356163001241529,-0.3456124601752236
lb10_atr20_m2.0_r0.005_tfnone_rfnone,10,20,2.0,0.005,none,none,-0.22399092643299645,-0.2293864736773027,101,0.19801980198019803,0.2307321448626945,-0.48158811748037084,-0.11417359783884995,-0.11468638921288599,42,0.11904761904761904,0.16828082352373913,-0.5869122157776727,-0.3573319949800217
lb10_atr10_m2.0_r0.005_tfnone_rfnone,10,10,2.0,0.005,none,none,-0.2474621374845365,-0.2528728195082043,103,0.1650485436893204,0.2132179527354148,-0.5267522820624649,-0.10460677116632067,-0.10637814707522442,41,0.17073170731707318,0.16338638417292858,-0.5578341596853379,-0.36326625161446385
lb10_atr14_m2.0_r0.005_tfnone_rfnone,10,14,2.0,0.005,none,none,-0.22991712155112531,-0.23569998894671906,100,0.2,0.23049755346636502,-0.49657742601521265,-0.11960996581240857,-0.12004309582195127,44,0.1590909090909091,0.15286335965544176,-0.6102973673810766,-0.3706801764121572
lb10_atr20_m1.5_r0.005_tfnone_rfnone,10,20,1.5,0.005,none,none,-0.27370740201734456,-0.2781575374961762,121,0.2231404958677686,0.2015682019911719,-0.5350979814955275,-0.12469021418796333,-0.12400605250441299,49,0.24489795918367346,0.18396671138324575,-0.5779805078074092,-0.397970666518479
lb10_atr10_m1.5_r0.005_tfnone_rfnone,10,10,1.5,0.005,none,none,-0.3003970051081889,-0.3034976872010532,124,0.1935483870967742,0.16846506427717287,-0.5813822337263226,-0.12186978862408027,-0.12348651240009623,48,0.20833333333333334,0.2015546232697499,-0.5857801751140145,-0.4171642310525117
lb10_atr14_m1.5_r0.005_tfnone_rfnone,10,14,1.5,0.005,none,none,-0.2892939766204534,-0.292614367729203,122,0.21311475409836064,0.173992054152377,-0.5655870622571965,-0.13061099169000556,-0.130322312398513,50,0.22,0.1815138004076038,-0.6037633264442656,-0.4191021204325585
