key,breakout_lookback,atr_period,atr_mult,risk_per_trade,trend_filter,regime_filter,is_return,is_mdd,is_trades,is_win_rate,is_pf,is_avg_r,oos_return,oos_mdd,oos_trades,oos_win_rate,oos_pf,oos_avg_r,rank_score
lb55_atr14_m3.0_r0.0025_tfnone_rfadx20,55,14,3.0,0.0025,none,adx20,0.0013941308443570222,-0.017700919261296244,19,0.2631578947368421,1.0683988888655709,0.027907356703183613,0.0008155766823751964,-0.0069027260328468065,6,0.5,1.150286305425603,0.05071672162164309,0.04101951002168233
lb55_atr14_m3.0_r0.0025_tfma100_rfadx20,55,14,3.0,0.0025,ma100,adx20,0.00013199552942877446,-0.017700919261296577,18,0.2222222222222222,1.006135898034172,0.002596534822821719,0.0008155766823751964,-0.0069027260328468065,6,0.5,1.150286305425603,0.05071672162164309,0.03769880164409958
lb55_atr14_m3.0_r0.005_tfnone_rfadx20,55,14,3.0,0.005,none,adx20,0.00247784046459687,-0.03512612465047704,19,0.2631578947368421,1.0602155650523077,0.027907356703183648,0.0016016508650307237,-0.013732899452206238,6,0.5,1.1470697072942335,0.050716721621643084,0.03751597065661421
lb55_atr14_m3.0_r0.005_tfma100_rfadx20,55,14,3.0,0.005,ma100,adx20,-4.895551975336865e-05,-0.03512612465047793,18,0.2222222222222222,0.998870861609008,0.002596534822821745,0.0016016508650307237,-0.013732899452206238,6,0.5,1.1470697072942335,0.050716721621643084,0.03369533408288339
lb55_atr20_m3.0_r0.0025_tfnone_rfadx20,55,20,3.0,0.0025,none,adx20,-0.0113050794216778,-0.023405164773930398,22,0.18181818181818182,0.628503667986521,-0.1952187254056873,0.0011981943893808467,-0.007190026205213806,6,0.5,1.2364791244218438,0.07436491098080814,0.01613888229416672
lb55_atr20_m3.0_r0.0025_tfma100_rfadx20,55,20,3.0,0.0025,ma100,adx20,-0.012655821990663507,-0.023405164773931175,21,0.14285714285714285,0.6008611043593624,-0.22934130600567385,0.0011981943893808467,-0.007190026205213806,6,0.5,1.2364791244218438,0.07436491098080814,0.012255075417539056
lb55_atr10_m3.0_r0.0025_tfnone_rfadx20,55,10,3.0,0.0025,none,adx20,-0.004263902754153448,-0.020875504772728704,21,0.2857142857142857,0.819167031383629,-0.07861174764768004,-0.00023309569960350274,-0.006792791126767339,6,0.5,0.9593990738051505,-0.016678554859560556,0.010985087449585441
lb55_atr10_m2.5_r0.0025_tfnone_rfadx20,55,10,2.5,0.0025,none,adx20,-0.009472825347459302,-0.02509461690843806,24,0.16666666666666666,0.7142594056274716,-0.14925766663752615,0.00023890941870052806,-0.006602915766116935,6,0.3333333333333333,1.0369552020703254,0.01651279849880356,0.00798225843228871
lb55_atr20_m3.0_r0.005_tfnone_rfadx20,55,20,3.0,0.005,none,adx20,-0.022789547444608038,-0.04631557289900623,22,0.18181818181818182,0.6253923873625024,-0.19521872540568727,0.0023686742420279128,-0.014300426203250005,6,0.5,1.2328553211757736,0.07436491098080816,0.0064551418559534125
lb55_atr10_m3.0_r0.0025_tfma100_rfadx20,55,10,3.0,0.0025,ma100,adx20,-0.00611627937846515,-0.020875504772728926,20,0.25,0.7558914428723426,-0.11784419629222946,-0.00023309569960350274,-0.006792791126767339,6,0.5,0.9593990738051505,-0.016678554859560556,0.0060542850328785605
lb55_atr10_m3.0_r0.005_tfnone_rfadx20,55,10,3.0,0.005,none,adx20,-0.008824456364842859,-0.041357116565698626,21,0.2857142857142857,0.8138691414622123,-0.07861174764768002,-0.0004938980274522553,-0.013519738977442852,6,0.5,0.9570950772592729,-0.0166785548595606,0.004072409175447475
lb55_atr10_m2.5_r0.0025_tfma100_rfadx20,55,10,2.5,0.0025,ma100,adx20,-0.012004574354504971,-0.025094616908438283,23,0.08695652173913043,0.6538819871692374,-0.19759275101863458,0.00023890941870052806,-0.006602915766116935,6,0.3333333333333333,1.0369552020703254,0.01651279849880356,0.0019796886019596872
lb55_atr20_m3.0_r0.005_tfma100_rfadx20,55,20,3.0,0.005,ma100,adx20,-0.02546047796942552,-0.04631557289900612,21,0.14285714285714285,0.5978243321745533,-0.22934130600567385,0.0023686742420279128,-0.014300426203250005,6,0.5,1.2328553211757736,0.07436491098080816,0.001978032737813275
lb55_atr10_m2.5_r0.005_tfnone_rfadx20,55,10,2.5,0.005,none,adx20,-0.019322636834513074,-0.04960684997148501,24,0.16666666666666666,0.7090245896946726,-0.14925766663752615,0.00043775488560804376,-0.013133903044495132,6,0.3333333333333333,1.0337909060497557,0.016512798498803532,-0.0015872303909867658
lb55_atr10_m3.0_r0.005_tfma100_rfadx20,55,10,3.0,0.005,ma100,adx20,-0.012511534227689025,-0.041357116565698515,20,0.25,0.7511358663649472,-0.11784419629222946,-0.0004938980274522553,-0.013519738977442852,6,0.5,0.9570950772592729,-0.0166785548595606,-0.0016783145077526483
lb55_atr10_m2.5_r0.005_tfma100_rfadx20,55,10,2.5,0.005,ma100,adx20,-0.024331286868070068,-0.04960684997148479,23,0.08695652173913043,0.6488992117292344,-0.19759275101863458,0.00043775488560804376,-0.013133903044495132,6,0.3333333333333333,1.0337909060497557,0.016512798498803532,-0.008701759258071469
lb55_atr14_m3.0_r0.0025_tfnone_rfnone,55,14,3.0,0.0025,none,none,0.0008109914731551093,-0.015244617559671547,20,0.25,1.037898548839158,0.016438885877260515,-0.0051057873970862255,-0.012778424475684336,8,0.375,0.5500788938605982,-0.24504215108402677,-0.025839703345359073
lb55_atr14_m3.0_r0.0025_tfma100_rfnone,55,14,3.0,0.0025,ma100,none,-0.00045040886563196825,-0.015244617559671214,19,0.21052631578947367,0.9800061617756748,-0.008143391210762529,-0.0051057873970862255,-0.012778424475684336,8,0.375,0.5500788938605982,-0.24504215108402677,-0.028913872739424383
lb30_atr14_m3.0_r0.0025_tfma100_rfadx20,30,14,3.0,0.0025,ma100,adx20,-0.01665912358280608,-0.03190971155382727,26,0.23076923076923078,0.5726130223030094,-0.24407565698633252,-0.0017867060194205475,-0.00948493989667576,8,0.5,0.8110743284983822,-0.08753405834453973,-0.0291652562410073
lb10_atr20_m3.0_r0.0025_tfma100_rfadx20,10,20,3.0,0.0025,ma100,adx20,-0.03448611162462045,-0.045301064880780895,40,0.2,0.46074757196874994,-0.33394995888169077,7.587367212780194e-05,-0.011280971642929072,10,0.4,1.0065442225539178,-0.0007277722907899631,-0.02962564397580783
lb10_atr14_m3.0_r0.0025_tfma100_rfadx20,10,14,3.0,0.0025,ma100,adx20,-0.028211214089974734,-0.04267405624069032,38,0.23684210526315788,0.5045941279719838,-0.2886801328776545,-0.0014995165198959937,-0.011401782904250868,10,0.4,0.8897264733547595,-0.05625700859542795,-0.034211982804661464
lb55_atr14_m3.0_r0.005_tfnone_rfnone,55,14,3.0,0.005,none,none,0.0013068316129665192,-0.030289094371729886,20,0.25,1.0303488834689787,0.016438885877260518,-0.010232801551310677,-0.025386166058900983,8,0.375,0.5497091726233663,-0.24504215108402677,-0.03503172454191195
lb10_atr10_m3.0_r0.0025_tfma100_rfadx20,10,10,3.0,0.0025,ma100,adx20,-0.029651350892293427,-0.04275362609331679,39,0.23076923076923078,0.5077547386131526,-0.2965962414228443,-0.0014567312190070236,-0.012245848810621074,10,0.4,0.9012696519717437,-0.05476697660688418,-0.03525936027004219
lb30_atr20_m3.0_r0.0025_tfma100_rfadx20,30,20,3.0,0.0025,ma100,adx20,-0.022387081162569156,-0.03125266678294136,27,0.14814814814814814,0.48638775003757556,-0.31425730105926497,-0.001545389860909574,-0.00991062420758626,8,0.5,0.8254460182169046,-0.0775627296992924,-0.03677447527843712
lb55_atr14_m3.0_r0.005_tfma100_rfnone,55,14,3.0,0.005,ma100,none,-0.0012170127844802758,-0.030289094371729997,19,0.21052631578947367,0.9731121153635873,-0.00814339121076247,-0.010232801551310677,-0.025386166058900983,8,0.375,0.5497091726233663,-0.24504215108402677,-0.03841462095158229
lb20_atr10_m2.5_r0.0025_tfma100_rfadx20,20,10,2.5,0.0025,ma100,adx20,-0.03948145022655469,-0.050217468309666224,38,0.15789473684210525,0.40485504262127703,-0.40238506838132243,5.9720723179612634e-05,-0.011826006849293358,9,0.3333333333333333,1.0047312258355463,0.0004592888840956692,-0.03912983573675397
lb10_atr10_m2.5_r0.0025_tfma100_rfadx20,10,10,2.5,0.0025,ma100,adx20,-0.05216782467933612,-0.06058763090767838,48,0.14583333333333334,0.35262322777028976,-0.4214616771373542,0.000680863274908905,-0.011697403953663588,11,0.45454545454545453,1.04694140836353,0.027558462773561544,-0.042906384853666726
lb20_atr10_m3.0_r0.0025_tfma100_rfadx20,20,10,3.0,0.0025,ma100,adx20,-0.029256518014527888,-0.045219847503069954,34,0.20588235294117646,0.4748165191345503,-0.3368033721296684,-0.0016118196569722132,-0.012369946452161162,9,0.4444444444444444,0.8623458666506789,-0.07283167145177889,-0.043103022467523
lb30_atr14_m3.0_r0.005_tfma100_rfadx20,30,14,3.0,0.005,ma100,adx20,-0.03339697404755593,-0.06288012464526194,26,0.23076923076923078,0.5712196012029392,-0.24407565698633255,-0.0036142375512800973,-0.018868932465623156,8,0.5,0.8094703463205887,-0.08753405834453981,-0.044524035767412394
lb20_atr14_m3.0_r0.0025_tfma100_rfadx20,20,14,3.0,0.0025,ma100,adx20,-0.0283133381660281,-0.04338318146447728,32,0.21875,0.4455764647214505,-0.3431059435106194,-0.0018153747548715904,-0.011495599312621452,9,0.4444444444444444,0.8415222621728734,-0.07923997543980847,-0.04461198859040223
lb30_atr14_m3.0_r0.0025_tfnone_rfadx20,30,14,3.0,0.0025,none,adx20,-0.013569890736657375,-0.03242132815387844,29,0.3103448275862069,0.6685650190026169,-0.17785299376459324,-0.0049962204482078,-0.012669702508537606,10,0.4,0.605342018515535,-0.19824622493712746,-0.04564052711787758
lb30_atr10_m3.0_r0.0025_tfma100_rfadx20,30,10,3.0,0.0025,ma100,adx20,-0.018709370183964458,-0.034846141574623735,27,0.25925925925925924,0.5552739030123925,-0.26789040540696196,-0.003033874291075156,-0.009575193180228148,8,0.5,0.6878739666702787,-0.14829946368128957,-0.04575101247980016
lb55_atr20_m3.0_r0.0025_tfnone_rfnone,55,20,3.0,0.0025,none,none,-0.014436355286231772,-0.023454190422832366,24,0.16666666666666666,0.5743810148030214,-0.22836809265749022,-0.004026230302568878,-0.012370679716750432,8,0.375,0.60877085307472,-0.19523980517886094,-0.04901739408947536
lb30_atr10_m2.5_r0.0025_tfma100_rfadx20,30,10,2.5,0.0025,ma100,adx20,-0.028112109340705738,-0.03897520612455896,31,0.12903225806451613,0.4595158878873805,-0.34576250573136685,-0.002365765169855538,-0.009189773882997576,8,0.375,0.7811869674316675,-0.11250930347069385,-0.05027640849150309
lb55_atr10_m3.0_r0.0025_tfnone_rfnone,55,10,3.0,0.0025,none,none,-0.005339785973029976,-0.018946369680239994,22,0.2727272727272727,0.7868882809204277,-0.09276599370574509,-0.006142824038126715,-0.012663744409033728,8,0.375,0.47275837434912316,-0.2953968400873995,-0.05052502553741763
lb20_atr20_m3.0_r0.0025_tfma100_rfadx20,20,20,3.0,0.0025,ma100,adx20,-0.03477690592379612,-0.04353013311464515,34,0.17647058823529413,0.406569554724219,-0.39642005362349936,-0.0016093369365853816,-0.011281232924995388,9,0.4444444444444444,0.8461767187826866,-0.07153982942734648,-0.05110463281051265
lb55_atr20_m3.0_r0.0025_tfma100_rfnone,55,20,3.0,0.0025,ma100,none,-0.015782819945502236,-0.023454190422832477,23,0.13043478260869565,0.5515014026966044,-0.26096476917277367,-0.004026230302568878,-0.012370679716750432,8,0.375,0.60877085307472,-0.19523980517886094,-0.05271574830835176
lb10_atr20_m3.0_r0.005_tfma100_rfadx20,10,20,3.0,0.005,ma100,adx20,-0.06816908156897383,-0.08867937738063558,40,0.2,0.46092284315495446,-0.3339499588816907,7.53669419051306e-05,-0.022413784009291504,10,0.4,1.003232521597775,-0.0007277722907900075,-0.05381349193881285
lb30_atr20_m3.0_r0.005_tfma100_rfadx20,30,20,3.0,0.005,ma100,adx20,-0.04462253555040718,-0.061618779546699476,27,0.14814814814814814,0.48496263416154844,-0.31425730105926497,-0.003129510574720995,-0.01970717780053366,8,0.5,0.8238136973575346,-0.07756272969929241,-0.05449684984010898
lb55_atr10_m2.5_r0.0025_tfnone_rfnone,55,10,2.5,0.0025,none,none,-0.01013743385824839,-0.022666029179785774,25,0.16,0.7045071080311943,-0.15228556070937654,-0.0058580710474666065,-0.012658191721379608,8,0.25,0.5336606113479457,-0.2767776424824033,-0.05474580515489562
lb55_atr10_m3.0_r0.0025_tfma100_rfnone,55,10,3.0,0.0025,ma100,none,-0.0071901611223212925,-0.018946369680240105,21,0.23809523809523808,0.7289786110494842,-0.13080424222712855,-0.006142824038126715,-0.012663744409033728,8,0.375,0.47275837434912316,-0.2953968400873995,-0.05513348502084535
lb10_atr14_m3.0_r0.0025_tfnone_rfadx20,10,14,3.0,0.0025,none,adx20,-0.04018291956250819,-0.05513508549468504,57,0.2807017543859649,0.5079197817793593,-0.2803128828181064,-0.005182346993882203,-0.01693485734575817,18,0.3333333333333333,0.757344382611539,-0.11364416942572292,-0.05594776113757293
lb30_atr10_m3.0_r0.0025_tfnone_rfadx20,30,10,3.0,0.0025,none,adx20,-0.013145330903683194,-0.0339913147054407,30,0.3,0.69365330553611,-0.1699484380341527,-0.006412580371578214,-0.01293173081053467,10,0.4,0.5102370075065038,-0.2526538977683117,-0.0562571175413592
lb10_atr14_m3.0_r0.005_tfma100_rfadx20,10,14,3.0,0.005,ma100,adx20,-0.05606763033236728,-0.08365391275435385,38,0.23684210526315788,0.5046725132483393,-0.2886801328776545,-0.0030819122287411016,-0.0226548149296546,10,0.4,0.8871511665056908,-0.05625700859542796,-0.0563300514302759
lb10_atr10_m3.0_r0.005_tfma100_rfadx20,10,10,3.0,0.005,ma100,adx20,-0.058830162230602334,-0.08381607118148127,39,0.23076923076923078,0.5079468512693484,-0.2965962414228443,-0.0024514743938535144,-0.024304647345935626,10,0.4,0.9156821171460209,-0.054766976606884156,-0.05753790379618311
lb10_atr10_m3.0_r0.0025_tfnone_rfadx20,10,10,3.0,0.0025,none,adx20,-0.04099466324923118,-0.05924699502995068,59,0.2711864406779661,0.5373849206108707,-0.28001543268869805,-0.005938138162233542,-0.016916388693540396,19,0.3157894736842105,0.7472966886452388,-0.12517252944724797,-0.05903347411633864
lb30_atr20_m3.0_r0.0025_tfnone_rfadx20,30,20,3.0,0.0025,none,adx20,-0.018759650353998736,-0.03138191448991123,30,0.23333333333333334,0.5862748007824083,-0.23611594128660043,-0.005688234776121015,-0.014018759614497722,10,0.4,0.5621315493444692,-0.2253520215709,-0.05977111506193932
lb55_atr10_m2.5_r0.0025_tfma100_rfnone,55,10,2.5,0.0025,ma100,none,-0.012667484151738906,-0.022666029179784886,24,0.08333333333333333,0.6465106373309683,-0.19873284549426593,-0.0058580710474666065,-0.012658191721379608,8,0.25,0.5336606113479457,-0.2767776424824033,-0.06055742814799642
lb55_atr14_m2.5_r0.0025_tfnone_rfadx20,55,14,2.5,0.0025,none,adx20,-0.009421974217294515,-0.020594891878031985,22,0.22727272727272727,0.6660888350670932,-0.16499937593425387,-0.006632296260637993,-0.010488555678158873,9,0.3333333333333333,0.3016655994411249,-0.28548976500969975,-0.061451080931396215
lb30_atr10_m2.5_r0.0025_tfnone_rfadx20,30,10,2.5,0.0025,none,adx20,-0.0226177653207168,-0.038608704999058885,34,0.23529411764705882,0.5813194902675788,-0.25292693276974915,-0.005624653133017188,-0.012426370430047573,10,0.3,0.6000201725927282,-0.21910492988280864,-0.061839038339104306
lb30_atr14_m3.0_r0.005_tfnone_rfadx20,30,14,3.0,0.005,none,adx20,-0.0275516297142383,-0.06388805959633348,29,0.3103448275862069,0.6644094289775775,-0.17785299376459324,-0.01001656705729237,-0.025173242121256045,10,0.4,0.6047659948142087,-0.19824622493712746,-0.062404629151474794
lb55_atr10_m3.0_r0.005_tfnone_rfnone,55,10,3.0,0.005,none,none,-0.010969821465507734,-0.037571343608180485,22,0.2727272727272727,0.7816647701069258,-0.09276599370574506,-0.012292764600865924,-0.025164839446705556,8,0.375,0.472647114751969,-0.2953968400873996,-0.06245978731798411
lb30_atr10_m3.0_r0.005_tfma100_rfadx20,30,10,3.0,0.005,ma100,adx20,-0.03744065706796529,-0.0685598361220453,27,0.25925925925925924,0.5543662559599541,-0.26789040540696196,-0.006099607220654613,-0.01905239301248407,8,0.5,0.6868245691661578,-0.14829946368128963,-0.06308022742727576
lb20_atr10_m2.5_r0.0025_tfnone_rfadx20,20,10,2.5,0.0025,none,adx20,-0.04118773471625936,-0.05812033060443367,45,0.2222222222222222,0.46423825855461687,-0.35803991595094203,-0.004145917942043442,-0.015981661424159244,14,0.2857142857142857,0.7828013079735299,-0.11670736097403851,-0.06326112532902409
lb55_atr20_m3.0_r0.005_tfnone_rfnone,55,20,3.0,0.005,none,none,-0.0289812656694608,-0.04641350094229135,24,0.16666666666666666,0.5713878836992178,-0.22836809265749017,-0.008078983451105692,-0.02457434237793832,8,0.375,0.6081959297385604,-0.1952398051788609,-0.0642215126399018
lb20_atr10_m3.0_r0.0025_tfnone_rfadx20,20,10,3.0,0.0025,none,adx20,-0.028431466342949463,-0.05143323504889863,41,0.21951219512195122,0.5554536916781297,-0.27623059896701657,-0.0065930375783856965,-0.01729748928501873,14,0.2857142857142857,0.6416816398202623,-0.1864619616721522,-0.06424352108561328
lb20_atr10_m2.5_r0.005_tfma100_rfadx20,20,10,2.5,0.005,ma100,adx20,-0.07789936554442534,-0.0980401078802765,38,0.15789473684210525,0.4049581075574765,-0.40238506838132243,3.6679260295713334e-07,-0.023458973413633788,9,0.3333333333333333,1.000014460864389,0.00045928888409565066,-0.06626117787333434
lb20_atr10_m3.0_r0.005_tfma100_rfadx20,20,10,3.0,0.005,ma100,adx20,-0.058060605143998356,-0.08851314908516239,34,0.20588235294117646,0.47569610004085733,-0.33680337212966843,-0.0033031671743445346,-0.02454936068200042,9,0.4444444444444444,0.8595140343978581,-0.07283167145177914,-0.06626879786100445
lb55_atr14_m2.5_r0.0025_tfma100_rfadx20,55,14,2.5,0.0025,ma100,adx20,-0.011422127389954073,-0.020594891878032207,21,0.14285714285714285,0.609822850220682,-0.20930611930780882,-0.006632296260637993,-0.010488555678158873,9,0.3333333333333333,0.3016655994411249,-0.28548976500969975,-0.06681878274516642
lb20_atr14_m3.0_r0.005_tfma100_rfadx20,20,14,3.0,0.005,ma100,adx20,-0.05620063024247435,-0.08498822784508131,32,0.21875,0.4464496959222105,-0.3431059435106194,-0.0036956124101737986,-0.022840335852631233,9,0.4444444444444444,0.8393167920484299,-0.07923997543980847,-0.06700357646872504
lb55_atr10_m3.0_r0.005_tfma100_rfnone,55,10,3.0,0.005,ma100,none,-0.0146489187761486,-0.03757134360817982,21,0.23809523809523808,0.7241106552444978,-0.13080424222712855,-0.012292764600865924,-0.025164839446705556,8,0.375,0.472647114751969,-0.2953968400873996,-0.0677834574323773
lb55_atr20_m3.0_r0.005_tfma100_rfnone,55,20,3.0,0.005,ma100,none,-0.03163527287017254,-0.04641350094229091,23,0.13043478260869565,0.5485130559602569,-0.2609647691727738,-0.008078983451105692,-0.02457434237793832,8,0.375,0.6081959297385604,-0.1952398051788609,-0.06850821076656845
lb55_atr10_m2.5_r0.005_tfnone_rfnone,55,10,2.5,0.005,none,none,-0.020643442089226638,-0.04486145639290362,25,0.16,0.6989033355694724,-0.1522855607093765,-0.011739997451002848,-0.025146455409130963,8,0.25,0.5328770834242677,-0.27677764248240333,-0.06913699515479241
lb10_atr10_m2.5_r0.0025_tfnone_rfadx20,10,10,2.5,0.0025,none,adx20,-0.07526246358870003,-0.08380071559047497,71,0.18309859154929578,0.35495937112236114,-0.421414276901858,-0.0016770993474150009,-0.014374017435656028,20,0.4,0.9282261355494423,-0.03508980489996967,-0.07100821745708906
lb30_atr10_m2.5_r0.005_tfma100_rfadx20,30,10,2.5,0.005,ma100,adx20,-0.0558992317721575,-0.07652050628541385,31,0.12903225806451613,0.4580438805396177,-0.34576250573136685,-0.004781823661202056,-0.018282674252986908,8,0.375,0.7792792479227642,-0.11250930347069388,-0.07178259848218901
lb30_atr10_m3.0_r0.005_tfnone_rfadx20,30,10,3.0,0.005,none,adx20,-0.026530867489958143,-0.06692087638919086,30,0.3,0.691931623401081,-0.1699484380341527,-0.012830067429914105,-0.025695139996148586,10,0.4,0.5100238644353424,-0.2526538977683117,-0.07376108586355776
lb10_atr10_m2.5_r0.005_tfma100_rfadx20,10,10,2.5,0.005,ma100,adx20,-0.10229309829879218,-0.117277666731327,48,0.14583333333333334,0.3506093314887149,-0.4214616771373543,0.002790769843637575,-0.023205478845091276,11,0.45454545454545453,1.1009863077807838,0.027558462773561464,-0.07419828422902329
lb20_atr14_m3.0_r0.0025_tfnone_rfadx20,20,14,3.0,0.0025,none,adx20,-0.03100144346053746,-0.050477368174843495,39,0.2564102564102564,0.48165813008619024,-0.3111299678495424,-0.007500275634498843,-0.017125368991355083,14,0.2857142857142857,0.6011245947737648,-0.2108651658265082,-0.07430535030809576
lb55_atr14_m2.5_r0.005_tfnone_rfadx20,55,14,2.5,0.005,none,adx20,-0.01898648215083687,-0.04082107085299291,22,0.22727272727272727,0.6636384721983524,-0.16499937593425387,-0.013244454562883479,-0.020883331378889092,9,0.3333333333333333,0.3018958849499995,-0.2854897650096997,-0.07494734154910841
lb55_atr10_m2.5_r0.005_tfma100_rfnone,55,10,2.5,0.005,ma100,none,-0.02564534632489679,-0.044861456392903065,24,0.08333333333333333,0.6410397918816594,-0.19873284549426584,-0.011739997451002848,-0.025146455409130963,8,0.25,0.5328770834242677,-0.27677764248240333,-0.07605955668824375
lb20_atr20_m3.0_r0.005_tfma100_rfadx20,20,20,3.0,0.005,ma100,adx20,-0.06872724141621889,-0.0852946607043733,34,0.17647058823529413,0.4070672042487913,-0.3964200536234993,-0.0032756566840538293,-0.022417036658414546,9,0.4444444444444444,0.8440711864207869,-0.07153982942734646,-0.07607693503751048
lb10_atr20_m3.0_r0.0025_tfnone_rfadx20,10,20,3.0,0.0025,none,adx20,-0.048652094544163194,-0.05881702447870141,59,0.22033898305084745,0.45639451443892226,-0.325139346433973,-0.0074763777914391705,-0.01955651626517063,18,0.3333333333333333,0.6661532878484389,-0.16352637394598313,-0.0765651250506692
lb30_atr20_m3.0_r0.005_tfnone_rfadx20,30,20,3.0,0.005,none,adx20,-0.03767006485475077,-0.06188188398373351,30,0.23333333333333334,0.5835733759495237,-0.23611594128660043,-0.011393757829457174,-0.027833993019399372,10,0.4,0.5618601466434199,-0.22535202157089995,-0.07931445299443791
lb55_atr14_m2.5_r0.005_tfma100_rfadx20,55,14,2.5,0.005,ma100,adx20,-0.022944934870245626,-0.04082107085299269,21,0.14285714285714285,0.6074248160762558,-0.2093061193078089,-0.013244454562883479,-0.020883331378889092,9,0.3333333333333333,0.3018958849499995,-0.2854897650096997,-0.0811957287073104
lb30_atr10_m2.5_r0.005_tfnone_rfadx20,30,10,2.5,0.005,none,adx20,-0.04578111148870956,-0.0758370673049098,34,0.23529411764705882,0.5744801969562706,-0.25292693276974915,-0.011278100645879419,-0.024690824566490077,10,0.3,0.5990353828902845,-0.21910492988280866,-0.08386368502403585
lb20_atr20_m3.0_r0.0025_tfnone_rfadx20,20,20,3.0,0.0025,none,adx20,-0.036519355193981196,-0.050138437398366875,41,0.21951219512195122,0.455159175227413,-0.34872170366379,-0.008398938118491905,-0.018005059937667656,14,0.2857142857142857,0.5509427956546076,-0.23565923202590494,-0.08603904104166553
lb10_atr14_m3.0_r0.005_tfnone_rfadx20,10,14,3.0,0.005,none,adx20,-0.08220808164777937,-0.10740026693945415,57,0.2807017543859649,0.4896875046314247,-0.2803128828181064,-0.010459094643568978,-0.033604642227333614,18,0.3333333333333333,0.7558219084629065,-0.11364416942572292,-0.08963369191070163
lb55_atr20_m2.5_r0.0025_tfnone_rfadx20,55,20,2.5,0.0025,none,adx20,-0.016630784645040864,-0.025284496230684295,24,0.16666666666666666,0.494130908527001,-0.26183508993146243,-0.008719302274212581,-0.01010992228892127,9,0.2222222222222222,0.17637044748414632,-0.3691372814154586,-0.09271565894204127
lb20_atr10_m3.0_r0.005_tfnone_rfadx20,20,10,3.0,0.005,none,adx20,-0.06025991646711637,-0.1003645126601812,41,0.21951219512195122,0.5261835982270443,-0.27623059896701657,-0.013242431303619795,-0.03427675343568848,14,0.2857142857142857,0.6405732111210182,-0.1864619616721523,-0.09381742807599251
lb30_atr14_m2.5_r0.0025_tfma100_rfadx20,30,14,2.5,0.0025,ma100,adx20,-0.027222633877239333,-0.03467884215932682,29,0.1724137931034483,0.4183506038924419,-0.35909799536480547,-0.008936767025473746,-0.012784080473585924,11,0.36363636363636365,0.3553309616709843,-0.3140779073791595,-0.09648140538428542
lb10_atr10_m3.0_r0.005_tfnone_rfadx20,10,10,3.0,0.005,none,adx20,-0.08888921337522548,-0.11516964522140039,59,0.2711864406779661,0.489523518392196,-0.280015432688698,-0.011987469874309764,-0.033551946939138544,19,0.3157894736842105,0.7454623916617331,-0.12517252944724797,-0.09660588379981093
lb20_atr10_m2.5_r0.005_tfnone_rfadx20,20,10,2.5,0.005,none,adx20,-0.08350231442609668,-0.11302690494329015,45,0.2222222222222222,0.4496844092602805,-0.35803991595094203,-0.008416880533980375,-0.031678757744010744,14,0.2857142857142857,0.7800589487719413,-0.11670736097403857,-0.09662617249663902
lb55_atr20_m2.5_r0.0025_tfma100_rfadx20,55,20,2.5,0.0025,ma100,adx20,-0.018807720322793875,-0.025284496230684295,23,0.13043478260869565,0.4530996529551205,-0.30953258399812283,-0.008719302274212581,-0.01010992228892127,9,0.2222222222222222,0.17637044748414632,-0.3691372814154586,-0.09829963891136766
lb20_atr14_m2.5_r0.0025_tfma100_rfadx20,20,14,2.5,0.0025,ma100,adx20,-0.03870321647585673,-0.04663331991945574,37,0.21621621621621623,0.3767132067362653,-0.40672197801353577,-0.00842149684340765,-0.013180029828353423,12,0.3333333333333333,0.4614431749733938,-0.27162141613322544,-0.09877676583722698
lb30_atr14_m2.5_r0.0025_tfnone_rfadx20,30,14,2.5,0.0025,none,adx20,-0.025478154207059345,-0.03784347169551472,33,0.24242424242424243,0.5004027527756248,-0.29665427853649984,-0.012084997424928079,-0.01592008942364076,13,0.3076923076923077,0.2891269719190487,-0.36318219091777026,-0.1016313778039217
lb20_atr14_m3.0_r0.005_tfnone_rfadx20,20,14,3.0,0.005,none,adx20,-0.06285603284742325,-0.09854078361594332,39,0.2564102564102564,0.47127030146796844,-0.31112996784954233,-0.015033712299662105,-0.03396056579248263,14,0.2857142857142857,0.600432029329387,-0.21086516582650816,-0.10401191225473798
lb55_atr14_m2.5_r0.0025_tfnone_rfnone,55,14,2.5,0.0025,none,none,-0.009173444288724464,-0.02052251836687924,25,0.24,0.712726750564178,-0.1402121953526597,-0.0155310722495543,-0.01935278656501227,12,0.25,0.1557402641397959,-0.4993602667673436,-0.10474058674901429
lb20_atr14_m2.5_r0.0025_tfnone_rfadx20,20,14,2.5,0.0025,none,adx20,-0.0419217584416971,-0.05600796025704946,45,0.24444444444444444,0.42360434769488864,-0.3666050057471628,-0.013220246928869361,-0.01795575096502744,17,0.29411764705882354,0.4134490984433499,-0.3030478978763302,-0.10745865513387465
lb10_atr14_m2.5_r0.0025_tfma100_rfadx20,10,14,2.5,0.0025,ma100,adx20,-0.04854665956222526,-0.05699096925697378,47,0.19148936170212766,0.35997934273914217,-0.402461705108434,-0.010551109612928378,-0.016902341774813423,14,0.2857142857142857,0.4926333790462465,-0.28920993046311194,-0.10884833055462066
lb55_atr14_m2.5_r0.0025_tfma100_rfnone,55,14,2.5,0.0025,ma100,none,-0.011174099287501016,-0.020522518366879017,24,0.16666666666666666,0.661211424587486,-0.17794779661362045,-0.0155310722495543,-0.01935278656501227,12,0.25,0.1557402641397959,-0.4993602667673436,-0.10908352653179773
lb55_atr20_m2.5_r0.005_tfnone_rfadx20,55,20,2.5,0.005,none,adx20,-0.03320578510260508,-0.04998334755477707,24,0.16666666666666666,0.49316699663637265,-0.26183508993146243,-0.017385905948751,-0.020138967917002093,9,0.2222222222222222,0.17586326851857717,-0.36913728141545854,-0.1110264432822955
lb30_atr14_m3.0_r0.0025_tfma100_rfnone,30,14,3.0,0.0025,ma100,none,-0.018576815040611483,-0.02797501441361505,29,0.20689655172413793,0.5809652977297239,-0.24414102435118942,-0.015113846011519771,-0.02134339234848004,12,0.3333333333333333,0.33577363351008105,-0.4690903197297387,-0.11107976121032488
lb55_atr20_m2.5_r0.0025_tfnone_rfnone,55,20,2.5,0.0025,none,none,-0.015735045652717883,-0.023768486514898823,27,0.2222222222222222,0.5643337937957382,-0.21870754399898906,-0.013974987115702775,-0.015358234182922037,11,0.18181818181818182,0.11785887287683791,-0.4860355135954694,-0.11198167066022689
lb10_atr20_m3.0_r0.005_tfnone_rfadx20,10,20,3.0,0.005,none,adx20,-0.09567435629473686,-0.11435635417428003,59,0.22033898305084745,0.4561611220085489,-0.325139346433973,-0.015008884639622466,-0.03874703434518023,18,0.3333333333333333,0.665571147215313,-0.16352637394598316,-0.11464686482597655
lb20_atr14_m3.0_r0.0025_tfma100_rfnone,20,14,3.0,0.0025,ma100,none,-0.029899280734320688,-0.039189055126526706,35,0.2,0.46692069643598666,-0.3311717233778417,-0.014380737799042698,-0.02061492115070873,13,0.3076923076923077,0.4003688231738408,-0.41124642414312385,-0.11530563969116683
lb20_atr10_m3.0_r0.0025_tfma100_rfnone,20,10,3.0,0.0025,ma100,none,-0.032228989995389035,-0.042386818723614494,37,0.1891891891891892,0.47812822114577,-0.34026182973694885,-0.013995095698374094,-0.021020058079287418,13,0.3076923076923077,0.4181844056078497,-0.4039269331277198,-0.11583581235780539
lb20_atr10_m2.5_r0.0025_tfma100_rfnone,20,10,2.5,0.0025,ma100,none,-0.041703376666865855,-0.04648955967005597,41,0.17073170731707318,0.41195500552965075,-0.3932280184204903,-0.012784687497446656,-0.02068577745557909,13,0.23076923076923078,0.49691277350880364,-0.35989954690962844,-0.11656073945906821
lb10_atr20_m3.0_r0.0025_tfma100_rfnone,10,20,3.0,0.0025,ma100,none,-0.04299371511656935,-0.047918097849774854,45,0.17777777777777778,0.4085112337295977,-0.37093974701770543,-0.01393853340689577,-0.025136231343669935,15,0.26666666666666666,0.45549833180184474,-0.35283179898452005,-0.11687812879930852
lb55_atr20_m2.5_r0.0025_tfma100_rfnone,55,20,2.5,0.0025,ma100,none,-0.01791396427455716,-0.023768486514898712,26,0.19230769230769232,0.5238690275826822,-0.2592427292913243,-0.013974987115702775,-0.015358234182922037,11,0.18181818181818182,0.11785887287683791,-0.4860355135954694,-0.11693389279837096
lb30_atr14_m3.0_r0.0025_tfnone_rfnone,30,14,3.0,0.0025,none,none,-0.019814679324224982,-0.029787181070520696,34,0.2647058823529412,0.6077353082409107,-0.22268323196579815,-0.018280510231481917,-0.02449002696257152,14,0.2857142857142857,0.2945622959762033,-0.4936624013837015,-0.11708823619715111
lb55_atr20_m2.5_r0.005_tfma100_rfadx20,55,20,2.5,0.005,ma100,adx20,-0.0374836596975332,-0.0499833475547774,23,0.13043478260869565,0.4519929488326665,-0.30953258399812283,-0.017385905948751,-0.020138967917002093,9,0.2222222222222222,0.17586326851857717,-0.36913728141545854,-0.11755734508278488
lb20_atr20_m3.0_r0.005_tfnone_rfadx20,20,20,3.0,0.005,none,adx20,-0.07395009338729197,-0.09791708644125519,41,0.21951219512195122,0.44225724925439813,-0.34872170366379,-0.016808578365149707,-0.035690068232683725,14,0.2857142857142857,0.5507262827444961,-0.23565923202590486,-0.11893498061148952
lb10_atr10_m2.5_r0.005_tfnone_rfadx20,10,10,2.5,0.005,none,adx20,-0.1507641019786995,-0.16043827653319864,71,0.18309859154929578,0.329424504022576,-0.42141427690185795,-0.0035432532404154893,-0.028548319673006084,20,0.4,0.9245115250987032,-0.0350898048999697,-0.12076546749576855
lb30_atr14_m2.5_r0.005_tfma100_rfadx20,30,14,2.5,0.005,ma100,adx20,-0.05323648740326781,-0.06825486653793333,29,0.1724137931034483,0.4215908999136604,-0.35909799536480547,-0.01783417828585987,-0.025437524180046633,11,0.36363636363636365,0.3555498018808735,-0.3140779073791596,-0.12103346394857967
lb10_atr14_m3.0_r0.0025_tfma100_rfnone,10,14,3.0,0.0025,ma100,none,-0.03607975430444865,-0.044703048781547294,42,0.21428571428571427,0.4373710396854291,-0.33312079089084345,-0.016386169652812588,-0.026140803054176986,15,0.26666666666666666,0.4244493076517174,-0.41113035925888036,-0.12139091353616283
lb30_atr20_m2.5_r0.0025_tfma100_rfadx20,30,20,2.5,0.0025,ma100,adx20,-0.03426614786145743,-0.03964967083138127,31,0.1935483870967742,0.33804503695180965,-0.42162681885926423,-0.011056555214777553,-0.012443896409747301,11,0.2727272727272727,0.24159019746643415,-0.3847936425022525,-0.12144807070692334
lb10_atr14_m2.5_r0.0025_tfnone_rfadx20,10,14,2.5,0.0025,none,adx20,-0.06425315903337037,-0.07229538584508499,69,0.2318840579710145,0.38185056156894365,-0.37109682845665726,-0.01776926578082727,-0.02422441866748115,24,0.20833333333333334,0.45646945174848447,-0.2886020535411448,-0.12156494160115285
lb10_atr20_m2.5_r0.0025_tfma100_rfadx20,10,20,2.5,0.0025,ma100,adx20,-0.05260651169937158,-0.058163006453278654,49,0.1836734693877551,0.3456375585939955,-0.4179007199354984,-0.013200378816081604,-0.017380210454381873,16,0.3125,0.2962942361586067,-0.31901030599133867,-0.12259336998277924
lb30_atr20_m3.0_r0.0025_tfma100_rfnone,30,20,3.0,0.0025,ma100,none,-0.029403047637004964,-0.03231475666127548,31,0.12903225806451613,0.4222015416671171,-0.3606033354288606,-0.01407772083117742,-0.020626978275721686,12,0.3333333333333333,0.34095087824584913,-0.43895384887568767,-0.12266233215709178
lb30_atr10_m3.0_r0.0025_tfma100_rfnone,30,10,3.0,0.0025,ma100,none,-0.021890466452042068,-0.03215680943660548,30,0.23333333333333334,0.5471245569437875,-0.28142906300954507,-0.01609807252920603,-0.022141286874522437,12,0.3333333333333333,0.29265686262546886,-0.5046026533995244,-0.12413469522463434
lb20_atr20_m3.0_r0.0025_tfma100_rfnone,20,20,3.0,0.0025,ma100,none,-0.041312771489346534,-0.044188752346190796,38,0.15789473684210525,0.3684007076783084,-0.42147762604380384,-0.013252595856057425,-0.019807334418130096,13,0.3076923076923077,0.39964897520098075,-0.38069148840992717,-0.12429630386662267
lb30_atr10_m3.0_r0.0025_tfnone_rfnone,30,10,3.0,0.0025,none,none,-0.0204343363094468,-0.0324150998119791,35,0.2571428571428571,0.6156443514967996,-0.22575365639523365,-0.019432504200693757,-0.02545523816605766,14,0.2857142857142857,0.2551025347799534,-0.5282410792162209,-0.12519365973477803
lb20_atr10_m3.0_r0.0025_tfnone_rfnone,20,10,3.0,0.0025,none,none,-0.035326667126394984,-0.049608738767407234,46,0.1956521739130435,0.521187585407534,-0.304302404359898,-0.021269378928691185,-0.028242514421301768,19,0.21052631578947367,0.3557432016762338,-0.42863822916844896,-0.12575414633653173
lb55_atr14_m2.5_r0.005_tfnone_rfnone,55,14,2.5,0.005,none,none,-0.01851916447940538,-0.040683041749989934,25,0.24,0.7100074462089474,-0.1402121953526597,-0.030870620790718117,-0.0383730462706503,12,0.25,0.15649892250793443,-0.49936026676734363,-0.12636317785721
lb20_atr10_m2.5_r0.0025_tfnone_rfnone,20,10,2.5,0.0025,none,none,-0.046923847836795596,-0.054959896435843536,50,0.22,0.44682674131246863,-0.36639417764428583,-0.019234030699176174,-0.027083503912549434,19,0.21052631578947367,0.43575863913992924,-0.3805129024735406,-0.12713440787820168
lb30_atr20_m2.5_r0.0025_tfnone_rfadx20,30,20,2.5,0.0025,none,adx20,-0.03181908262031541,-0.042244034871880776,35,0.2,0.4223428517575236,-0.34762065391231384,-0.015030555112137134,-0.016412321373782235,13,0.23076923076923078,0.18945849467156206,-0.4468737604899877,-0.12767151363746507
lb30_atr14_m2.5_r0.005_tfnone_rfadx20,30,14,2.5,0.005,none,adx20,-0.05108437421609391,-0.07437152160890592,33,0.24242424242424243,0.4921563837201814,-0.29665427853649984,-0.02406961293488663,-0.03162468778828886,13,0.3076923076923077,0.28928504686710105,-0.36318219091777026,-0.12902634231474286
lb10_atr10_m3.0_r0.0025_tfma100_rfnone,10,10,3.0,0.0025,ma100,none,-0.03621732649851139,-0.04348090050640263,43,0.20930232558139536,0.465673169306841,-0.32781208640879844,-0.019165406235223115,-0.027985154823708225,16,0.25,0.40895507397524683,-0.44960295295274877,-0.12908208187411574
lb20_atr14_m2.5_r0.005_tfma100_rfadx20,20,14,2.5,0.005,ma100,adx20,-0.07552046657185019,-0.09125654280333384,37,0.21621621621621623,0.3798295486112695,-0.40672197801353577,-0.01682595389458963,-0.02621525666675828,12,0.3333333333333333,0.46162973979840394,-0.2716214161332254,-0.12956703033652708
lb55_atr14_m2.0_r0.0025_tfnone_rfadx20,55,14,2.0,0.0025,none,adx20,-0.033102917830665435,-0.03776242259288576,29,0.20689655172413793,0.2444760102567324,-0.43442641526403347,-0.011937381356913579,-0.013958294866284637,11,0.09090909090909091,0.13804009898136702,-0.4127074324747356,-0.13019625767325504
lb55_atr14_m2.5_r0.005_tfma100_rfnone,55,14,2.5,0.005,ma100,none,-0.02247950285571365,-0.040683041749990045,24,0.16666666666666666,0.6585296666633478,-0.17794779661362048,-0.030870620790718117,-0.0383730462706503,12,0.25,0.15649892250793443,-0.49936026676734363,-0.13119564424684993
lb30_atr20_m3.0_r0.0025_tfnone_rfnone,30,20,3.0,0.0025,none,none,-0.02964941746806926,-0.03333594251480543,36,0.19444444444444445,0.4742859685931461,-0.3135334038884285,-0.01816856588269178,-0.02469064877405447,14,0.2857142857142857,0.285997538590839,-0.4928903260444937,-0.13139344587915688
lb30_atr10_m2.5_r0.0025_tfma100_rfnone,30,10,2.5,0.0025,ma100,none,-0.030635999386571022,-0.035477458065099055,34,0.14705882352941177,0.46161136153592924,-0.3429609464758759,-0.01606664236995825,-0.0209814453412559,12,0.25,0.34354106747940194,-0.4938459622329321,-0.1317579545127894
lb20_atr14_m3.0_r0.0025_tfnone_rfnone,20,14,3.0,0.0025,none,none,-0.03634827788625783,-0.04711357531200211,44,0.22727272727272727,0.46917381184032814,-0.3233375211897357,-0.022185093157928826,-0.028369912841376577,19,0.21052631578947367,0.33630172448561124,-0.4457147734641104,-0.13176707930834206
lb30_atr10_m2.5_r0.0025_tfnone_rfnone,30,10,2.5,0.0025,none,none,-0.029015282975046852,-0.03592919130749295,39,0.23076923076923078,0.536940736390142,-0.2831503757857071,-0.019280774828313252,-0.024179523025541272,14,0.21428571428571427,0.3034546837946777,-0.5155090298469801,-0.13196869742932407
lb20_atr20_m2.5_r0.0025_tfma100_rfadx20,20,20,2.5,0.0025,ma100,adx20,-0.04493064867597629,-0.05025472194868741,39,0.20512820512820512,0.33630081225101577,-0.4470851369830486,-0.013071170166168877,-0.01445568515471718,13,0.23076923076923078,0.21226362226880544,-0.3862886406309223,-0.13242362913428918
lb10_atr14_m3.0_r0.0025_tfnone_rfnone,10,14,3.0,0.0025,none,none,-0.052912694271957106,-0.05627989262837463,64,0.25,0.44626707992633996,-0.3275895316704025,-0.024721817415938485,-0.03624349367705282,25,0.24,0.39432659900554917,-0.38176568587558823,-0.13303604028126154
lb55_atr20_m2.0_r0.0025_tfnone_rfadx20,55,20,2.0,0.0025,none,adx20,-0.03521071764315331,-0.0393578309835243,29,0.20689655172413793,0.22721716650250115,-0.4598789622206454,-0.011966924332089679,-0.013966368469695345,11,0.09090909090909091,0.1650047952760297,-0.41497675202245055,-0.13363774110367832
lb55_atr20_m2.5_r0.005_tfnone_rfnone,55,20,2.5,0.005,none,none,-0.03146984851404688,-0.04704414528264489,27,0.2222222222222222,0.5629115697575248,-0.21870754399898906,-0.0277918852296406,-0.0305157920026079,11,0.18181818181818182,0.11777055852623494,-0.4860355135954694,-0.13387783865333153
lb55_atr10_m2.0_r0.0025_tfnone_rfadx20,55,10,2.0,0.0025,none,adx20,-0.03734115558364692,-0.04104995884490681,30,0.16666666666666666,0.20431675848205116,-0.47508533807886016,-0.010480942104852176,-0.012424856307723053,10,0.1,0.10938549563652747,-0.4006025488239997,-0.13393503318543118
lb30_atr14_m3.0_r0.005_tfma100_rfnone,30,14,3.0,0.005,ma100,none,-0.03719460832496402,-0.055260512294780795,29,0.20689655172413793,0.578567448585425,-0.24414102435118948,-0.02717577494799528,-0.039414952819534776,12,0.3333333333333333,0.35956258069111124,-0.46909031972973875,-0.13417169747516755
lb10_atr10_m3.0_r0.0025_tfnone_rfnone,10,10,3.0,0.0025,none,none,-0.048664802512850214,-0.056518916482020676,65,0.24615384615384617,0.509924988709541,-0.299571196437336,-0.028590376333490708,-0.03732537478444087,27,0.2222222222222222,0.3789186714203292,-0.408362319852757,-0.13506934405583332
lb10_atr10_m2.5_r0.0025_tfma100_rfnone,10,10,2.5,0.0025,ma100,none,-0.05688543755561837,-0.05941867624469488,53,0.1509433962264151,0.35097016425410393,-0.4175554338740465,-0.017570663278439813,-0.0268012527287802,17,0.29411764705882354,0.46273740268629426,-0.3786381195138785,-0.13590548089484378
lb20_atr20_m2.5_r0.0025_tfnone_rfadx20,20,20,2.5,0.0025,none,adx20,-0.046956057669076845,-0.05889203874848681,47,0.19148936170212766,0.39258695941652755,-0.3926838646686557,-0.018918512887483474,-0.02029482492015877,18,0.2222222222222222,0.21950111188490862,-0.4064878432387083,-0.13706862587239815
lb55_atr14_m2.0_r0.0025_tfma100_rfadx20,55,14,2.0,0.0025,ma100,adx20,-0.03615409687304161,-0.03758160998225324,28,0.14285714285714285,0.19100836263536133,-0.492009736231767,-0.011937381356913579,-0.013958294866284637,11,0.09090909090909091,0.13804009898136702,-0.4127074324747356,-0.13714392536153686
lb10_atr20_m3.0_r0.0025_tfnone_rfnone,10,20,3.0,0.0025,none,none,-0.06159340647081135,-0.06410385834375099,67,0.19402985074626866,0.40969046078579935,-0.36360448864931266,-0.022871117047863487,-0.034763884079925145,24,0.25,0.39406988684408417,-0.3699169454253252,-0.13825008107381537
lb55_atr20_m2.5_r0.005_tfma100_rfnone,55,20,2.5,0.005,ma100,none,-0.03575540428757151,-0.04704414528264522,26,0.19230769230769232,0.5223305427339547,-0.2592427292913243,-0.0277918852296406,-0.0305157920026079,11,0.18181818181818182,0.11777055852623494,-0.4860355135954694,-0.13977926824824444
lb55_atr20_m2.0_r0.0025_tfma100_rfadx20,55,20,2.0,0.0025,ma100,adx20,-0.0381007494568788,-0.03899420974380163,28,0.14285714285714285,0.18803374097603373,-0.5160878668714123,-0.011966924332089679,-0.013966368469695345,11,0.09090909090909091,0.1650047952760297,-0.41497675202245055,-0.14021705357126366
lb10_atr20_m2.5_r0.0025_tfnone_rfadx20,10,20,2.5,0.0025,none,adx20,-0.06751104706928768,-0.07212550952270846,70,0.18571428571428572,0.3537176481955334,-0.38172314336845187,-0.0226846008647148,-0.026824259756154878,25,0.32,0.3095894193760185,-0.3522430807795154,-0.14081762721407737
lb55_atr10_m2.0_r0.0025_tfma100_rfadx20,55,10,2.0,0.0025,ma100,adx20,-0.04108928992640992,-0.04108928992640992,29,0.13793103448275862,0.16399322761614835,-0.5411113915053289,-0.010480942104852176,-0.012424856307723053,10,0.1,0.10938549563652747,-0.4006025488239997,-0.14182787673999295
lb20_atr20_m3.0_r0.0025_tfnone_rfnone,20,20,3.0,0.0025,none,none,-0.04599048665026928,-0.050839296615258656,47,0.19148936170212766,0.39988356112328344,-0.38333991291844427,-0.021843383791320004,-0.028341055703182794,19,0.21052631578947367,0.3194889699316835,-0.4414202007735269,-0.14203996878741063
lb30_atr14_m3.0_r0.005_tfnone_rfnone,30,14,3.0,0.005,none,none,-0.03986707536667622,-0.058799304178212,34,0.2647058823529412,0.603506174681581,-0.22268323196579815,-0.033426708547154016,-0.04558724293283756,14,0.2857142857142857,0.31300227832421246,-0.4936624013837015,-0.14367402312380656
lb55_atr20_m2.0_r0.0025_tfnone_rfnone,55,20,2.0,0.0025,none,none,-0.03281649789010288,-0.03697390270122225,33,0.24242424242424243,0.337257578642265,-0.3748412034381023,-0.01732950436296632,-0.019318096455767764,13,0.07692307692307693,0.12007549848367821,-0.5086387711396018,-0.14406743172169223
lb20_atr14_m3.0_r0.005_tfma100_rfnone,20,14,3.0,0.005,ma100,none,-0.05930896353225745,-0.07695991779262756,35,0.2,0.46664786429625027,-0.33117172337784173,-0.025746605073657225,-0.03889701289225167,13,0.3076923076923077,0.426955162203659,-0.4112464241431239,-0.14431691970371746
lb20_atr14_m2.5_r0.005_tfnone_rfadx20,20,14,2.5,0.005,none,adx20,-0.08490413140627373,-0.10907198177860977,45,0.24444444444444444,0.4044987319848348,-0.3666050057471628,-0.026346105635522643,-0.035644491049277804,17,0.29411764705882354,0.4133545645462662,-0.3030478978763302,-0.14625043306746566
lb10_atr14_m2.5_r0.005_tfma100_rfadx20,10,14,2.5,0.005,ma100,adx20,-0.09522064466679037,-0.11054958893393452,47,0.19148936170212766,0.3581934243605878,-0.402461705108434,-0.020922420048315682,-0.03342898966423746,14,0.2857142857142857,0.49465378867764564,-0.28920993046311194,-0.14733033395232528
lb20_atr10_m3.0_r0.005_tfma100_rfnone,20,10,3.0,0.005,ma100,none,-0.06384640953322573,-0.08310482163064281,37,0.1891891891891892,0.4781011799476469,-0.34026182973694885,-0.026321064439475572,-0.04110406523058985,13,0.3076923076923077,0.4326987333755892,-0.40392693312771966,-0.14748255076486969
lb55_atr20_m2.0_r0.0025_tfma100_rfnone,55,20,2.0,0.0025,ma100,none,-0.03571370160279297,-0.0366093790995321,32,0.1875,0.297871352113251,-0.42136656504556885,-0.01732950436296632,-0.019318096455767764,13,0.07692307692307693,0.12007549848367821,-0.5086387711396018,-0.14980466460737413
lb20_atr10_m2.5_r0.005_tfma100_rfnone,20,10,2.5,0.005,ma100,none,-0.08218063028401756,-0.09094798078172761,41,0.17073170731707318,0.411072030050558,-0.3932280184204903,-0.02162626088358721,-0.03927171363081006,13,0.23076923076923078,0.5381847591286723,-0.35989954690962833,-0.1498993588333009
lb30_atr20_m3.0_r0.005_tfma100_rfnone,30,20,3.0,0.005,ma100,none,-0.058306940485252645,-0.06367844290485936,31,0.12903225806451613,0.42058861861045665,-0.36060333542886064,-0.025660557443321075,-0.038530447821607194,12,0.3333333333333333,0.36180770152948155,-0.4389538488756876,-0.15069568986957835
lb30_atr20_m2.5_r0.005_tfma100_rfadx20,30,20,2.5,0.005,ma100,adx20,-0.06747096911954764,-0.0778274295021073,31,0.1935483870967742,0.338299276391618,-0.42162681885926423,-0.02202818625143821,-0.024768241602519114,11,0.2727272727272727,0.2410442513322802,-0.3847936425022525,-0.15098182974274765
lb30_atr10_m3.0_r0.005_tfma100_rfnone,30,10,3.0,0.005,ma100,none,-0.04369826237216856,-0.06337115914921354,30,0.23333333333333334,0.545385409488695,-0.28142906300954507,-0.03043386833933104,-0.042280395169252416,12,0.3333333333333333,0.30389698362988893,-0.5046026533995244,-0.15123814688934722
lb30_atr14_m2.0_r0.0025_tfnone_rfadx20,30,14,2.0,0.0025,none,adx20,-0.047553688356064217,-0.05454060288848883,41,0.24390243902439024,0.29903389079979686,-0.444650833772743,-0.018842716000533444,-0.020849505826036063,16,0.125,0.1418080177969469,-0.453877864497229,-0.1515761982151565
lb10_atr10_m2.5_r0.0025_tfnone_rfnone,10,10,2.5,0.0025,none,none,-0.08455315215346404,-0.08711362906671061,80,0.175,0.35403232399420986,-0.42154208658570047,-0.02497146723017174,-0.034394233573912913,28,0.2857142857142857,0.46280988120782623,-0.3375720668370898,-0.15191989559599417
lb30_atr20_m2.0_r0.0025_tfnone_rfadx20,30,20,2.0,0.0025,none,adx20,-0.05102592428906916,-0.05724623383172134,42,0.23809523809523808,0.2852521499747119,-0.46574753957252796,-0.017499708546077963,-0.019487956203288692,15,0.13333333333333333,0.22007154707066134,-0.4490715116444081,-0.1521083345919202
lb30_atr20_m2.0_r0.0025_tfma100_rfadx20,30,20,2.0,0.0025,ma100,adx20,-0.05618572790342591,-0.05706238995495905,38,0.21052631578947367,0.1817184455861698,-0.5663092691420936,-0.013730003251144263,-0.015725879514459473,13,0.15384615384615385,0.2650582249072763,-0.4033062681439101,-0.15292519317109662
lb55_atr20_m1.5_r0.0025_tfnone_rfadx20,55,20,1.5,0.0025,none,adx20,-0.047494889270346285,-0.05112588590691247,35,0.2571428571428571,0.1973261886175818,-0.5064373209537083,-0.016944451440627173,-0.019240772755699687,14,0.2857142857142857,0.23739234992737795,-0.45347244477682197,-0.154153835463065
lb30_atr10_m3.0_r0.005_tfnone_rfnone,30,10,3.0,0.005,none,none,-0.040895104780757086,-0.0638839999486287,35,0.2571428571428571,0.6136544729971664,-0.22575365639523365,-0.03699954264311045,-0.04876584757350755,14,0.2857142857142857,0.26390183477226864,-0.5282410792162209,-0.15437858852966077
lb10_atr20_m3.0_r0.005_tfma100_rfnone,10,20,3.0,0.005,ma100,none,-0.08454311857563745,-0.09367634906162658,45,0.17777777777777778,0.40843568657714135,-0.37093974701770543,-0.026602692646850223,-0.048491921903133894,15,0.26666666666666666,0.4674865577122787,-0.3528317989845201,-0.15478630549283132
lb20_atr20_m2.0_r0.0025_tfma100_rfadx20,20,20,2.0,0.0025,ma100,adx20,-0.06743674569449298,-0.06830295723618518,47,0.19148936170212766,0.21904250613771117,-0.5556792832319478,-0.015076478485817502,-0.017069629939527875,15,0.13333333333333333,0.24736886958553925,-0.38452295436135625,-0.15662239462221647
lb30_atr14_m2.0_r0.0025_tfma100_rfadx20,30,14,2.0,0.0025,ma100,adx20,-0.052431980928935085,-0.05383538552369993,37,0.21621621621621623,0.18045286984320147,-0.5422153903596914,-0.015790859133576363,-0.017803891011611617,14,0.14285714285714285,0.16498769925481688,-0.4303889231341717,-0.15671536097477817
lb30_atr10_m2.0_r0.0025_tfnone_rfadx20,30,10,2.0,0.0025,none,adx20,-0.0524442314726522,-0.05609484762283212,42,0.21428571428571427,0.26446800924443736,-0.4806427237757944,-0.017599153340643436,-0.01952908378866902,15,0.13333333333333333,0.11882013955060487,-0.4533526968777114,-0.15684242370700455
lb55_atr14_m2.0_r0.0025_tfnone_rfnone,55,14,2.0,0.0025,none,none,-0.031559322450732785,-0.03622626584334765,33,0.24242424242424243,0.338685587128945,-0.36249629526092786,-0.02115507553830187,-0.023157135826890274,14,0.07142857142857142,0.08287809390372576,-0.5759093256441077,-0.15706088893847803
lb20_atr14_m2.0_r0.0025_tfnone_rfadx20,20,14,2.0,0.0025,none,adx20,-0.06860299925554025,-0.07360042249764864,54,0.2037037037037037,0.2849495777180274,-0.4950981140007276,-0.021109079041738088,-0.02311123340831256,21,0.14285714285714285,0.22529250862259237,-0.3863302407692912,-0.1575088975896748
lb10_atr14_m3.0_r0.005_tfma100_rfnone,10,14,3.0,0.005,ma100,none,-0.07130469127461558,-0.08753028700376198,42,0.21428571428571427,0.4372670393275493,-0.3331207908908434,-0.031510986136351504,-0.050525729140599496,15,0.26666666666666666,0.43411834472938066,-0.4111303592588804,-0.15770922415300753
lb20_atr20_m3.0_r0.005_tfma100_rfnone,20,20,3.0,0.005,ma100,none,-0.08131620213739466,-0.08655645764656805,38,0.15789473684210525,0.3684314804246846,-0.42147762604380395,-0.024042610282576815,-0.036933871860351686,13,0.3076923076923077,0.423019569499229,-0.38069148840992706,-0.15816068436720765
lb20_atr14_m2.0_r0.0025_tfma100_rfadx20,20,14,2.0,0.0025,ma100,adx20,-0.06069845365117177,-0.0626046509367797,45,0.2,0.23539068176164724,-0.5232044081168655,-0.017443855361977012,-0.019453506318250935,16,0.125,0.15176401751258398,-0.4167909244985175,-0.1588088978072512
lb55_atr20_m1.5_r0.0025_tfma100_rfadx20,55,20,1.5,0.0025,ma100,adx20,-0.048814370585294586,-0.048814370585294586,33,0.24242424242424243,0.16101037784667202,-0.5523283895802822,-0.016944451440627173,-0.019240772755699687,14,0.2857142857142857,0.23739234992737795,-0.45347244477682197,-0.158820774427685
lb20_atr10_m2.0_r0.0025_tfnone_rfadx20,20,10,2.0,0.0025,none,adx20,-0.07217181427724773,-0.07624614478144864,55,0.18181818181818182,0.26247230010880634,-0.511391019271481,-0.019684134461864233,-0.021609968956020187,20,0.15,0.2155295294106504,-0.37885893105821766,-0.15894914808531968
lb55_atr14_m2.0_r0.005_tfnone_rfadx20,55,14,2.0,0.005,none,adx20,-0.06489289182026348,-0.07387724060585654,29,0.20689655172413793,0.24678043844611666,-0.4344264152640335,-0.023766204996270912,-0.027751493106938807,11,0.09090909090909091,0.13785006806283814,-0.4127074324747356,-0.15962941414152948
lb20_atr20_m2.0_r0.0025_tfnone_rfadx20,20,20,2.0,0.0025,none,adx20,-0.0749306894825259,-0.07890706789859114,56,0.19642857142857142,0.26289198560846466,-0.5210161708981246,-0.01961788139366971,-0.02160184258680664,20,0.15,0.282471321861337,-0.376324413186791,-0.15964518908328199
lb20_atr14_m2.5_r0.0025_tfma100_rfnone,20,14,2.5,0.0025,ma100,none,-0.04329780991228782,-0.04791985999523718,42,0.19047619047619047,0.3810355374281846,-0.39954812827297154,-0.024205691274521546,-0.027993730666602712,17,0.23529411764705882,0.22860696356160418,-0.5352119392787759,-0.16025798745840514
lb30_atr20_m2.5_r0.005_tfnone_rfadx20,30,20,2.5,0.005,none,adx20,-0.06390135139715747,-0.08281917654858251,35,0.2,0.4125017901620685,-0.3476206539123139,-0.029880482627433147,-0.03259853762390175,13,0.23076923076923078,0.18895366585845055,-0.4468737604899878,-0.16027810608883405
lb30_atr10_m2.5_r0.005_tfma100_rfnone,30,10,2.5,0.005,ma100,none,-0.06081724929939625,-0.06978867072335648,34,0.14705882352941177,0.4591309201256387,-0.3429609464758758,-0.02806413531829366,-0.0377097653912567,12,0.25,0.3740136372123986,-0.49384596223293215,-0.1605229006053161
lb30_atr14_m2.5_r0.0025_tfma100_rfnone,30,14,2.5,0.0025,ma100,none,-0.03166933798908966,-0.036347567915854806,35,0.17142857142857143,0.42543266704289195,-0.34497784764237394,-0.025649120141279513,-0.02943155613379378,16,0.25,0.1602060234711302,-0.6036115650745872,-0.16178046280749087
lb30_atr10_m2.0_r0.0025_tfma100_rfadx20,30,10,2.0,0.0025,ma100,adx20,-0.05725438670335148,-0.05725438670335148,38,0.21052631578947367,0.16088468804419506,-0.5791798677749589,-0.01456094713305145,-0.016496846149495203,13,0.15384615384615385,0.1404141965512515,-0.4293205821233742,-0.16209325604516817
lb30_atr20_m3.0_r0.005_tfnone_rfnone,30,20,3.0,0.005,none,none,-0.05894165173096022,-0.06566704933090217,36,0.19444444444444445,0.47169234541145294,-0.3135334038884285,-0.033738018004896064,-0.046501214527404744,14,0.2857142857142857,0.30097081490907757,-0.4928903260444937,-0.16307050616999694
lb30_atr10_m2.5_r0.005_tfnone_rfnone,30,10,2.5,0.005,none,none,-0.05826287064045521,-0.07068164368907637,39,0.23076923076923078,0.5299908593697517,-0.2831503757857071,-0.03440843723964948,-0.043991105555949206,14,0.21428571428571427,0.3272151683550506,-0.5155090298469801,-0.1630763252561073
lb55_atr14_m2.0_r0.0025_tfma100_rfnone,55,14,2.0,0.0025,ma100,none,-0.03461537252432778,-0.03604516457581863,32,0.1875,0.2875382942210381,-0.41063388485759766,-0.02115507553830187,-0.023157135826890274,14,0.07142857142857142,0.08287809390372576,-0.5759093256441077,-0.16315984295938335
lb55_atr20_m2.0_r0.005_tfnone_rfadx20,55,20,2.0,0.005,none,adx20,-0.06839211808185297,-0.07636680763269288,29,0.20689655172413793,0.23086103478266887,-0.45987896222064545,-0.02383088751953577,-0.02776670041352336,11,0.09090909090909091,0.16489462766465085,-0.41497675202245055,-0.16382778174194756
lb20_atr10_m2.0_r0.0025_tfma100_rfadx20,20,10,2.0,0.0025,ma100,adx20,-0.06457402230763731,-0.06507978106218615,46,0.1956521739130435,0.216916638019266,-0.5455297408383387,-0.016569096616284584,-0.018501050614923242,15,0.13333333333333333,0.12554192876173725,-0.4237735177062586,-0.1639641123265449
lb30_atr14_m2.5_r0.0025_tfnone_rfnone,30,14,2.5,0.0025,none,none,-0.03399652017667665,-0.04049016324898924,41,0.21951219512195122,0.4627352804051456,-0.31793131837262606,-0.02874426176054734,-0.03251468239462696,18,0.2222222222222222,0.1451995623317989,-0.6069053634418696,-0.16398121833245152
lb10_atr20_m2.5_r0.005_tfma100_rfadx20,10,20,2.5,0.005,ma100,adx20,-0.10236720473655503,-0.11281512974547714,49,0.1836734693877551,0.3447976320367,-0.41790071993549843,-0.02627698735599293,-0.034501403360335914,16,0.3125,0.2965828314273159,-0.31901030599133867,-0.16428381558403066
lb55_atr10_m2.0_r0.005_tfnone_rfadx20,55,10,2.0,0.005,none,adx20,-0.07299347681620305,-0.08010895677800789,30,0.16666666666666666,0.20635345400276003,-0.47508533807886016,-0.020875820072893014,-0.024715264314985164,10,0.1,0.1094280911592919,-0.4006025488239997,-0.16433731049936484
lb20_atr14_m2.5_r0.0025_tfnone_rfnone,20,14,2.5,0.0025,none,none,-0.049835256167103714,-0.05759247967636327,52,0.21153846153846154,0.4051451439410418,-0.37586209817494437,-0.031027013735795195,-0.034788572712938226,23,0.21739130434782608,0.22944272935675578,-0.5151259321954654,-0.16446643922817192
lb55_atr10_m2.0_r0.0025_tfnone_rfnone,55,10,2.0,0.0025,none,none,-0.03706293601624944,-0.04077281116465281,34,0.17647058823529413,0.2802043484846706,-0.41478772600839314,-0.019647645713370077,-0.021573551889820464,13,0.07692307692307693,0.06148922802644078,-0.5777627085125852,-0.16484102395749536
lb55_atr14_m1.5_r0.0025_tfnone_rfadx20,55,14,1.5,0.0025,none,adx20,-0.05153790268772007,-0.05502321134671917,36,0.25,0.17479745106951106,-0.537551175480337,-0.017883167545878154,-0.020559679320688917,14,0.21428571428571427,0.2020505389968981,-0.4795603426006555,-0.16526548935209345
lb10_atr20_m2.0_r0.0025_tfma100_rfadx20,10,20,2.0,0.0025,ma100,adx20,-0.08719218481150715,-0.08804004651012398,61,0.16393442622950818,0.17862108599982163,-0.5576047108020005,-0.017626528244921058,-0.020809041749923485,19,0.21052631578947367,0.28388639435324875,-0.3563848935591443,-0.1659586823719318
lb10_atr10_m3.0_r0.005_tfma100_rfnone,10,10,3.0,0.005,ma100,none,-0.07155118765139934,-0.08521766760690752,43,0.20930232558139536,0.4654521200296852,-0.32781208640879844,-0.03609056246060993,-0.05330822728986451,16,0.25,0.4233269674045295,-0.44960295295274877,-0.16644037064768852
lb10_atr20_m2.5_r0.0025_tfma100_rfnone,10,20,2.5,0.0025,ma100,none,-0.057032685734305866,-0.0597724577859563,55,0.18181818181818182,0.35143130663137023,-0.40350067147279,-0.027389242228978095,-0.031508973458916234,21,0.23809523809523808,0.16829019479007143,-0.49791724496855644,-0.16653544253895147
lb20_atr10_m3.0_r0.005_tfnone_rfnone,20,10,3.0,0.005,none,none,-0.0735860883257704,-0.09690972005860099,46,0.1956521739130435,0.4951945573475986,-0.304302404359898,-0.04024519373262825,-0.05481678970965176,19,0.21052631578947367,0.36746159815642204,-0.42863822916844896,-0.16698345103741985
lb30_atr20_m2.5_r0.0025_tfma100_rfnone,30,20,2.5,0.0025,ma100,none,-0.037632184897653964,-0.03941588006169938,37,0.21621621621621623,0.3640944694759355,-0.3868383802311187,-0.023970500853941035,-0.025339725695676107,15,0.2,0.1273534554778699,-0.5993363290921369,-0.1671589379995049
lb55_atr14_m2.0_r0.005_tfma100_rfadx20,55,14,2.0,0.005,ma100,adx20,-0.0707839825458001,-0.0735362235257222,28,0.14285714285714285,0.19232688134081852,-0.492009736231767,-0.023766204996270912,-0.027751493106938807,11,0.09090909090909091,0.13785006806283814,-0.4127074324747356,-0.16784296551108444
lb30_atr20_m1.5_r0.0025_tfma100_rfadx20,30,20,1.5,0.0025,ma100,adx20,-0.06997010355583955,-0.07039079136227555,44,0.25,0.18396334435062092,-0.6033733706527106,-0.01776014213396382,-0.02005455807560319,16,0.25,0.34440191789071795,-0.41531879280873296,-0.16796054191316406
lb20_atr20_m1.5_r0.0025_tfma100_rfadx20,20,20,1.5,0.0025,ma100,adx20,-0.08413252632601409,-0.08454680793132485,54,0.2222222222222222,0.1831949820744883,-0.5987419451498822,-0.018000899003818627,-0.020294752561030305,18,0.3333333333333333,0.36093677055773105,-0.37440794556327195,-0.16914271709204845
lb20_atr20_m2.5_r0.005_tfma100_rfadx20,20,20,2.5,0.005,ma100,adx20,-0.08809954772405493,-0.09822691169246389,39,0.20512820512820512,0.33645020630500533,-0.4470851369830487,-0.026012768504837136,-0.028741659959605537,13,0.23076923076923078,0.2119582088366183,-0.3862886406309223,-0.16940235972995252
lb55_atr20_m1.5_r0.0025_tfnone_rfnone,55,20,1.5,0.0025,none,none,-0.04116952576908428,-0.04482463500445921,39,0.3076923076923077,0.34679499222776455,-0.3911314940149306,-0.026487514311203775,-0.028761543967668723,17,0.23529411764705882,0.1660562054167041,-0.5865326814334985,-0.16950399283470083
lb55_atr14_m1.5_r0.0025_tfma100_rfadx20,55,14,1.5,0.0025,ma100,adx20,-0.05258334195856207,-0.05258334195856207,34,0.23529411764705882,0.13689769515841235,-0.581840638613024,-0.017883167545878154,-0.020559679320688917,14,0.21428571428571427,0.2020505389968981,-0.4795603426006555,-0.16966763077080704
lb20_atr10_m2.5_r0.005_tfnone_rfnone,20,10,2.5,0.005,none,none,-0.09446318478199223,-0.10706577097060699,50,0.22,0.4326771111548148,-0.36639417764428583,-0.034195554055043154,-0.051614313402948864,19,0.21052631578947367,0.46378882684934614,-0.3805129024735406,-0.17003076270795947
lb30_atr20_m1.5_r0.0025_tfnone_rfadx20,30,20,1.5,0.0025,none,adx20,-0.07074543680356682,-0.07470653594988308,51,0.27450980392156865,0.2068085719500082,-0.5264883253048653,-0.02119316232329571,-0.023479559066582167,18,0.2222222222222222,0.3051513086770154,-0.444538229442177,-0.17023853645356532
lb20_atr20_m2.5_r0.0025_tfma100_rfnone,20,20,2.5,0.0025,ma100,none,-0.04866695906516261,-0.05043020188966574,44,0.20454545454545456,0.3475761462402607,-0.4280517473729786,-0.024915691773479853,-0.02628359065233321,17,0.17647058823529413,0.12312027481156207,-0.5515603130428282,-0.17053040775914394
lb10_atr14_m2.5_r0.0025_tfma100_rfnone,10,14,2.5,0.0025,ma100,none,-0.053408283817174884,-0.05853925091951939,53,0.16981132075471697,0.3635950807317807,-0.39288547773240196,-0.028581176093304683,-0.0348166739921838,20,0.2,0.26333842442248423,-0.5432713699219414,-0.1707074342257253
lb30_atr20_m2.5_r0.0025_tfnone_rfnone,30,20,2.5,0.0025,none,none,-0.03878565615011309,-0.042573987299870386,43,0.20930232558139536,0.41236427745020643,-0.3445689138524262,-0.027892606966155586,-0.02925632967386138,17,0.17647058823529413,0.11119585731161352,-0.6215690444251244,-0.17101808858648868
lb20_atr14_m3.0_r0.005_tfnone_rfnone,20,14,3.0,0.005,none,none,-0.07320684783537867,-0.09215390337404705,44,0.22727272727272727,0.45915109012888256,-0.32333752118973574,-0.041089470679037676,-0.054032781513554395,19,0.21052631578947367,0.35266442533836956,-0.4457147734641104,-0.1715150011168502
lb55_atr20_m2.0_r0.005_tfma100_rfadx20,55,20,2.0,0.005,ma100,adx20,-0.07396594729209283,-0.07568464466303448,28,0.14285714285714285,0.19058839097093036,-0.5160878668714123,-0.02383088751953577,-0.02776670041352336,11,0.09090909090909091,0.16489462766465085,-0.41497675202245055,-0.17158164398776865
lb55_atr10_m2.0_r0.0025_tfma100_rfnone,55,10,2.0,0.0025,ma100,none,-0.04081215361329338,-0.04081215361329338,33,0.15151515151515152,0.23989735442029345,-0.4709834210780031,-0.019647645713370077,-0.021573551889820464,13,0.07692307692307693,0.06148922802644078,-0.5777627085125852,-0.17187402657524165
lb55_atr20_m1.5_r0.0025_tfma100_rfnone,55,20,1.5,0.0025,ma100,none,-0.042497769450613454,-0.042497769450613454,37,0.2972972972972973,0.31491785637382924,-0.42582861863113014,-0.026487514311203775,-0.028761543967668723,17,0.23529411764705882,0.1660562054167041,-0.5865326814334985,-0.17314664964423435
lb20_atr20_m2.5_r0.0025_tfnone_rfnone,20,20,2.5,0.0025,none,none,-0.05319751511987225,-0.058603576672613955,54,0.18518518518518517,0.3856378080373082,-0.38631365247429766,-0.03246636785153334,-0.03382367425007038,23,0.17391304347826086,0.13970809614499696,-0.5403155870642368,-0.17362426279169044
lb10_atr14_m2.0_r0.0025_tfma100_rfadx20,10,14,2.0,0.0025,ma100,adx20,-0.08140981598424646,-0.08573148359445215,59,0.1864406779661017,0.21624249773748197,-0.5386569135016221,-0.02134382765307896,-0.02400521839950054,20,0.25,0.19176242271422225,-0.4057033781694618,-0.17366665230395636
lb55_atr10_m2.0_r0.005_tfma100_rfadx20,55,10,2.0,0.005,ma100,adx20,-0.08020534229250775,-0.08020534229250775,29,0.13793103448275862,0.16510264423075643,-0.5411113915053289,-0.020875820072893014,-0.024715264314985164,10,0.1,0.1094280911592919,-0.4006025488239997,-0.173806557113154
lb10_atr10_m2.0_r0.0025_tfma100_rfadx20,10,10,2.0,0.0025,ma100,adx20,-0.08342607059030271,-0.08673482926610743,60,0.18333333333333332,0.21314166075568852,-0.5426710373229043,-0.020646025595249973,-0.023580376977246797,19,0.2631578947368421,0.16641430811884964,-0.412169119931326,-0.17614895126270522
lb10_atr20_m1.5_r0.0025_tfma100_rfadx20,10,20,1.5,0.0025,ma100,adx20,-0.11015316832398359,-0.11055567980572523,71,0.18309859154929578,0.15055284238003672,-0.602005809384429,-0.018837281873737677,-0.02165050276354763,22,0.36363636363636365,0.43674937697200095,-0.32346199690923017,-0.17617702179061528
lb10_atr14_m2.5_r0.005_tfnone_rfadx20,10,14,2.5,0.005,none,adx20,-0.13032386881221314,-0.13923243514179406,69,0.2318840579710145,0.35175095472382945,-0.37109682845665726,-0.03536216159956529,-0.04797754488823314,24,0.20833333333333334,0.45621776379351603,-0.2886020535411448,-0.17684080720786838
lb55_atr20_m2.0_r0.005_tfnone_rfnone,55,20,2.0,0.005,none,none,-0.06379939092970643,-0.07181339484653759,33,0.24242424242424243,0.3412145555124798,-0.3748412034381023,-0.034413351163014916,-0.03830649665816188,13,0.07692307692307693,0.12028719388518168,-0.5086387711396018,-0.1771746859650406
lb55_atr10_m1.5_r0.0025_tfnone_rfadx20,55,10,1.5,0.0025,none,adx20,-0.054074334506624355,-0.05744114163467362,37,0.1891891891891892,0.13823815385758417,-0.5504349729150094,-0.019370858579763617,-0.021937777573368122,14,0.14285714285714285,0.14881967037421978,-0.5226629484051671,-0.17747530980288204
lb30_atr14_m1.5_r0.0025_tfnone_rfadx20,30,14,1.5,0.0025,none,adx20,-0.07172856054040044,-0.07514201315978597,51,0.2549019607843137,0.23087842669358027,-0.53485343946617,-0.023465802990745188,-0.026127100700376604,19,0.21052631578947367,0.22074006485334385,-0.4688281537693562,-0.17875256810844545
lb20_atr20_m1.5_r0.0025_tfnone_rfadx20,20,20,1.5,0.0025,none,adx20,-0.09666633774920685,-0.10051694482728502,66,0.22727272727272727,0.18162675942721773,-0.5720133409217463,-0.0236795838035867,-0.025960172510234858,24,0.2916666666666667,0.3270247851229315,-0.37138091445915805,-0.17946214185397977
lb10_atr10_m2.5_r0.005_tfma100_rfnone,10,10,2.5,0.005,ma100,none,-0.11122841971897246,-0.1150834423063185,53,0.1509433962264151,0.3486606478322315,-0.4175554338740465,-0.02939046003768364,-0.05063612466002465,17,0.29411764705882354,0.5073551101734287,-0.3786381195138785,-0.18000504966311862
lb20_atr20_m2.5_r0.005_tfnone_rfadx20,20,20,2.5,0.005,none,adx20,-0.095652345054131,-0.11458413019396718,47,0.19148936170212766,0.36836784340844897,-0.3926838646686557,-0.03754514170358947,-0.040241722062629215,18,0.2222222222222222,0.21868400739667124,-0.4064878432387083,-0.18247992135954583
lb55_atr10_m1.5_r0.0025_tfma100_rfadx20,55,10,1.5,0.0025,ma100,adx20,-0.055955888218742755,-0.05609111093793995,35,0.17142857142857143,0.09933640621096122,-0.6030455213206143,-0.019370858579763617,-0.021937777573368122,14,0.14285714285714285,0.14881967037421978,-0.5226629484051671,-0.18314489601157258
lb10_atr14_m2.5_r0.0025_tfnone_rfnone,10,14,2.5,0.0025,none,none,-0.0764252027626976,-0.07843354358051868,79,0.21518987341772153,0.3629365854856905,-0.38616367705845595,-0.04029487981068769,-0.0464551879220928,32,0.15625,0.2686650143622328,-0.48854818775237585,-0.18374117042482158
lb55_atr20_m2.0_r0.005_tfma100_rfnone,55,20,2.0,0.005,ma100,none,-0.06940069852141184,-0.07112786888644795,32,0.1875,0.3008088764129693,-0.4213665650455688,-0.034413351163014916,-0.03830649665816188,13,0.07692307692307693,0.12028719388518168,-0.5086387711396018,-0.18409452951809366
lb20_atr10_m1.5_r0.0025_tfnone_rfadx20,20,10,1.5,0.0025,none,adx20,-0.09905785099332443,-0.10283311136145856,66,0.18181818181818182,0.19428282118456836,-0.5885203470240529,-0.024218730629443352,-0.02677295971376692,24,0.20833333333333334,0.3012221111939665,-0.38167964352454925,-0.18485861155599698
lb30_atr14_m1.5_r0.0025_tfma100_rfadx20,30,14,1.5,0.0025,ma100,adx20,-0.07453420863964277,-0.07453654863467996,45,0.24444444444444444,0.1541159284137152,-0.6309485978488235,-0.020837184301446543,-0.023505645648479345,17,0.23529411764705882,0.24227096358660036,-0.4605642080224025,-0.1852546150082244
lb10_atr14_m3.0_r0.005_tfnone_rfnone,10,14,3.0,0.005,none,none,-0.10643267282102142,-0.10957007457956613,64,0.25,0.4296432787476225,-0.3275895316704025,-0.047852141085170996,-0.07012305829132193,25,0.24,0.4012892024465683,-0.38176568587558823,-0.18614980006457185
lb20_atr20_m3.0_r0.005_tfnone_rfnone,20,20,3.0,0.005,none,none,-0.09209118162003271,-0.0992466515170004,47,0.19148936170212766,0.38804480012392745,-0.3833399129184442,-0.04151913360551629,-0.05417955064438018,19,0.21052631578947367,0.32978699891413227,-0.4414202007735269,-0.18702547771790276
lb30_atr10_m1.5_r0.0025_tfnone_rfadx20,30,10,1.5,0.0025,none,adx20,-0.07171857447702656,-0.07560839590464641,51,0.21568627450980393,0.22749217005216354,-0.5380183134870624,-0.025317630733118546,-0.027868983309464745,19,0.15789473684210525,0.17238183858949752,-0.5078997270129255,-0.18788936093666395
lb10_atr10_m2.0_r0.0025_tfnone_rfadx20,10,10,2.0,0.0025,none,adx20,-0.11787607211802997,-0.12390329085040797,87,0.1724137931034483,0.22099277288905972,-0.5420747626185028,-0.02659958791739958,-0.03001375146754892,30,0.23333333333333334,0.2868761876887035,-0.34313063176712993,-0.18809980152431585
lb55_atr14_m1.5_r0.0025_tfnone_rfnone,55,14,1.5,0.0025,none,none,-0.051279682370750757,-0.05476593991058476,40,0.3,0.22285415265018074,-0.4802779890345805,-0.027652256973433542,-0.03030214555839761,17,0.17647058823529413,0.14060395646189713,-0.6116620155147521,-0.19016804364273066
lb10_atr10_m3.0_r0.005_tfnone_rfnone,10,10,3.0,0.005,none,none,-0.10344889373156341,-0.11004637237858916,65,0.24615384615384617,0.4659184069095699,-0.29957119643733604,-0.054707918321192595,-0.07159303386653038,27,0.2222222222222222,0.3879534479505103,-0.408362319852757,-0.1907761593509143
lb55_atr20_m1.5_r0.005_tfnone_rfadx20,55,20,1.5,0.005,none,adx20,-0.08571630293436017,-0.09162147522804065,35,0.2571428571428571,0.20604900835759596,-0.5064373209537083,-0.033398432998772876,-0.03765506432458754,14,0.2857142857142857,0.23465786589091436,-0.45347244477682197,-0.19082199261316105
lb30_atr20_m2.0_r0.0025_tfnone_rfnone,30,20,2.0,0.0025,none,none,-0.05877136601159605,-0.05971712440605492,52,0.25,0.312200631728853,-0.43329142507561696,-0.031044620133343304,-0.03300545747936656,19,0.10526315789473684,0.13634113619951244,-0.6126434650079645,-0.1919942761089073
lb10_atr20_m2.5_r0.0025_tfnone_rfnone,10,20,2.5,0.0025,none,none,-0.07857979129018466,-0.08057362424890468,80,0.175,0.33635124276801526,-0.3899485223460795,-0.043290414338586825,-0.047342792257028976,33,0.24242424242424243,0.18878003765323312,-0.5109027077414252,-0.1926893542784414
lb20_atr20_m2.0_r0.0025_tfma100_rfnone,20,20,2.0,0.0025,ma100,none,-0.072745213515928,-0.0736064942863568,54,0.2037037037037037,0.24458794416991403,-0.5214468461846019,-0.02736695179703197,-0.029335231497543357,19,0.10526315789473684,0.15233113967543818,-0.5358103214590054,-0.1928763846007723
lb55_atr14_m2.0_r0.005_tfnone_rfnone,55,14,2.0,0.005,none,none,-0.06193873038279418,-0.07095146224503257,33,0.24242424242424243,0.3407932430590078,-0.36249629526092786,-0.04192411626424308,-0.045835278168400606,14,0.07142857142857142,0.08310720361256314,-0.5759093256441076,-0.19288584138561393
lb10_atr20_m3.0_r0.005_tfnone_rfnone,10,20,3.0,0.005,none,none,-0.12015811412308663,-0.12483069603170194,67,0.19402985074626866,0.40882343421196393,-0.3636044886493126,-0.044725601819869176,-0.06774758274970716,24,0.25,0.39906591002430164,-0.36991694542532527,-0.19361336639940988
lb55_atr14_m1.5_r0.0025_tfma100_rfnone,55,14,1.5,0.0025,ma100,none,-0.05232540626410209,-0.05232540626410209,38,0.2894736842105263,0.18811821501015644,-0.5168910251824711,-0.027652256973433542,-0.03030214555839761,17,0.17647058823529413,0.14060395646189713,-0.6116620155147521,-0.19386531269239185
lb30_atr20_m2.0_r0.0025_tfma100_rfnone,30,20,2.0,0.0025,ma100,none,-0.06071124870878497,-0.06158370722952733,46,0.2391304347826087,0.23715587101461788,-0.5051105642752389,-0.02732688461935895,-0.029295245402260583,17,0.11764705882352941,0.15243037884836938,-0.5968902733150608,-0.19431764603090634
lb30_atr10_m1.5_r0.0025_tfma100_rfadx20,30,10,1.5,0.0025,ma100,adx20,-0.07421347620079632,-0.07493232714628562,45,0.2222222222222222,0.15565716759080464,-0.6284259557112216,-0.022647503263685254,-0.025205845231460966,17,0.17647058823529413,0.18923574098612642,-0.5037460649903422,-0.19441774612277463
lb30_atr20_m2.0_r0.005_tfma100_rfadx20,30,20,2.0,0.005,ma100,adx20,-0.10728955963000297,-0.10894640916203635,38,0.21052631578947367,0.1806998414412537,-0.5663092691420936,-0.027330136600755672,-0.0312518408843836,13,0.15384615384615385,0.2647127553261871,-0.4033062681439101,-0.19471993543586652
lb20_atr20_m2.0_r0.0025_tfnone_rfnone,20,20,2.0,0.0025,none,none,-0.08203475056100373,-0.08295713361346102,65,0.2,0.27577304259179625,-0.491815508561762,-0.03349372653654037,-0.035449607721114273,25,0.12,0.1858838873050384,-0.5062914557028879,-0.1949539498621345
lb30_atr14_m2.0_r0.005_tfnone_rfadx20,30,14,2.0,0.005,none,adx20,-0.09393023159188685,-0.10587612899659737,41,0.24390243902439024,0.2801463764192392,-0.444650833772743,-0.03738400324825364,-0.04131369929711748,16,0.125,0.1416962722159622,-0.453877864497229,-0.19535151255496422
lb55_atr20_m1.5_r0.005_tfma100_rfadx20,55,20,1.5,0.005,ma100,adx20,-0.08788472466665764,-0.08788472466665764,33,0.24242424242424243,0.1723651899865069,-0.5523283895802822,-0.033398432998772876,-0.03765506432458754,14,0.2857142857142857,0.23465786589091436,-0.45347244477682197,-0.19564378591182294
lb30_atr20_m2.0_r0.005_tfnone_rfadx20,30,20,2.0,0.005,none,adx20,-0.10010574813638473,-0.11059581339452873,42,0.23809523809523808,0.267102853425867,-0.46574753957252796,-0.03475900282578892,-0.03865075468918311,15,0.13333333333333333,0.2196561057042466,-0.4490715116444081,-0.19633680464258677
lb30_atr14_m2.5_r0.005_tfma100_rfnone,30,14,2.5,0.005,ma100,none,-0.0619073798432872,-0.07147960155600608,35,0.17142857142857143,0.4279572189900197,-0.34497784764237394,-0.045646766532626004,-0.053034803846553236,16,0.25,0.17580860843782137,-0.6036115650745872,-0.1971108580697637
lb20_atr10_m1.5_r0.0025_tfma100_rfadx20,20,10,1.5,0.0025,ma100,adx20,-0.08983941221762892,-0.09054613000002798,55,0.2,0.15535881521331574,-0.6310228635264132,-0.02329398558002782,-0.025850635299769387,19,0.21052631578947367,0.19505740044799658,-0.46381519856252745,-0.19778663440138838
lb30_atr14_m2.0_r0.005_tfma100_rfadx20,30,14,2.0,0.005,ma100,adx20,-0.10025536556533199,-0.10292031538092006,37,0.21621621621621623,0.18255035258585695,-0.5422153903596914,-0.03138070548432392,-0.03533490885031387,14,0.14285714285714285,0.16492060455028548,-0.4303889231341717,-0.19821953915008184
lb10_atr20_m2.5_r0.005_tfnone_rfadx20,10,20,2.5,0.005,none,adx20,-0.13227565577388312,-0.14002765891914914,70,0.18571428571428572,0.34390723427699055,-0.38172314336845187,-0.04495803598998038,-0.0530246651151306,25,0.32,0.3089175256530191,-0.3522430807795155,-0.19864660803261996
lb55_atr14_m2.0_r0.005_tfma100_rfnone,55,14,2.0,0.005,ma100,none,-0.06784843205983937,-0.07060936783429173,32,0.1875,0.28876838087298584,-0.4106338848575976,-0.04192411626424308,-0.045835278168400606,14,0.07142857142857142,0.08310720361256314,-0.5759093256441076,-0.20025561406544237
lb20_atr14_m2.5_r0.005_tfma100_rfnone,20,14,2.5,0.005,ma100,none,-0.08437009871281809,-0.09371311264725424,42,0.19047619047619047,0.38364136802545457,-0.39954812827297154,-0.04282516307484252,-0.05023504357104236,17,0.23529411764705882,0.25034092133737,-0.5352119392787759,-0.20072385023735823
lb10_atr14_m2.0_r0.0025_tfnone_rfadx20,10,14,2.0,0.0025,none,adx20,-0.11540325386873929,-0.12217580739078027,86,0.18604651162790697,0.2230910691299416,-0.536676283234249,-0.03301048180334043,-0.036179397813113856,32,0.21875,0.2547085879366012,-0.39678041994858415,-0.20072520503290237
lb30_atr10_m2.0_r0.005_tfnone_rfadx20,30,10,2.0,0.005,none,adx20,-0.10281841006069747,-0.10970496098095195,42,0.21428571428571427,0.25200931675661986,-0.4806427237757944,-0.034931161839146574,-0.03871549080360437,15,0.13333333333333333,0.11885493828046585,-0.4533526968777114,-0.2016674281357114
lb55_atr10_m1.5_r0.0025_tfnone_rfnone,55,10,1.5,0.0025,none,none,-0.05472527359115853,-0.05808976384968034,41,0.21951219512195122,0.17412089288143287,-0.5017878287436357,-0.029039859390374234,-0.03158146856930821,17,0.11764705882352941,0.10435358985559884,-0.6457815138004159,-0.20192481117789904
lb55_atr10_m2.0_r0.005_tfnone_rfnone,55,10,2.0,0.005,none,none,-0.07248717396559679,-0.07960654018677304,34,0.17647058823529413,0.282121500237248,-0.4147877260083932,-0.03896051041778659,-0.04272903907875203,13,0.07692307692307693,0.06177139487273454,-0.5777627085125852,-0.20231552300744496
lb30_atr14_m2.5_r0.005_tfnone_rfnone,30,14,2.5,0.005,none,none,-0.06764622929731556,-0.07946400454816072,41,0.21951219512195122,0.45555244006739165,-0.317931318372626,-0.051705628577924156,-0.05904676177155199,18,0.2222222222222222,0.1579072145390828,-0.6069053634418696,-0.20393463821168517
lb30_atr20_m2.5_r0.005_tfma100_rfnone,30,20,2.5,0.005,ma100,none,-0.07399507630297919,-0.07739703529537278,37,0.21621621621621623,0.3640693266642165,-0.3868383802311187,-0.04288676253879142,-0.045568376887004436,15,0.2,0.1390393192765302,-0.5993363290921369,-0.20427538375647777
lb10_atr20_m2.0_r0.0025_tfnone_rfadx20,10,20,2.0,0.0025,none,adx20,-0.12131775256876876,-0.12489052179076743,89,0.16853932584269662,0.18965853243339048,-0.5452060916672672,-0.03205418487520406,-0.03518995830284122,31,0.16129032258064516,0.27136918081900147,-0.399994804069549,-0.2042784276124208
lb55_atr14_m1.5_r0.005_tfnone_rfadx20,55,14,1.5,0.005,none,adx20,-0.09306647195887285,-0.09892417100697692,36,0.25,0.18286164665177887,-0.537551175480337,-0.035184316178451525,-0.03943308299571735,14,0.21428571428571427,0.20259975924872994,-0.4795603426006555,-0.2044268127314465
lb20_atr20_m2.0_r0.005_tfma100_rfadx20,20,20,2.0,0.005,ma100,adx20,-0.12711995576521473,-0.12874000054951484,47,0.19148936170212766,0.22147115795336342,-0.5556792832319478,-0.029988203592655194,-0.033899190825102066,15,0.13333333333333333,0.2473063415704776,-0.3845229543613563,-0.20449387830914678
lb30_atr10_m2.0_r0.005_tfma100_rfadx20,30,10,2.0,0.005,ma100,adx20,-0.10990088085915783,-0.10990088085915783,38,0.21052631578947367,0.16195609469912267,-0.5791798677749589,-0.02894827825790791,-0.0327560679318325,13,0.15384615384615385,0.1405318723186012,-0.42932058212337415,-0.2052815729318326
lb20_atr14_m1.5_r0.0025_tfnone_rfadx20,20,14,1.5,0.0025,none,adx20,-0.10486511650435237,-0.10815671892029044,66,0.19696969696969696,0.16921918378572917,-0.6213943106607703,-0.02982768629334387,-0.03247164629425603,26,0.23076923076923078,0.2270729507301329,-0.4361003473328996,-0.20621268322907077
lb20_atr14_m2.0_r0.005_tfma100_rfadx20,20,14,2.0,0.005,ma100,adx20,-0.11647436529423283,-0.11909127612333248,45,0.2,0.2324525514893879,-0.5232044081168654,-0.034635798056652956,-0.0385767131285949,16,0.125,0.15185092235092434,-0.41679092449851757,-0.20627294354901834
lb55_atr10_m1.5_r0.0025_tfma100_rfnone,55,10,1.5,0.0025,ma100,none,-0.05660553251141742,-0.05674066217705176,39,0.20512820512820512,0.13756939299673893,-0.5465076981244927,-0.029039859390374234,-0.03158146856930821,17,0.11764705882352941,0.10435358985559884,-0.6457815138004159,-0.2068788327774618
lb10_atr10_m1.5_r0.0025_tfma100_rfadx20,10,10,1.5,0.0025,ma100,adx20,-0.12140495607036239,-0.12208716396796626,74,0.16216216216216217,0.13230793246726905,-0.6395874425320439,-0.024734662237440808,-0.02826558258514944,23,0.2608695652173913,0.3042172046527961,-0.40898185313210894,-0.20777953246379538
lb20_atr14_m1.5_r0.0025_tfma100_rfadx20,20,14,1.5,0.0025,ma100,adx20,-0.09580830794704498,-0.09581059415156168,55,0.2,0.12347123908426161,-0.6723835893098832,-0.025162169997154593,-0.027818844686268496,20,0.25,0.22162712625604752,-0.4757709738131857,-0.20812748521113347
lb55_atr14_m1.5_r0.005_tfma100_rfadx20,55,14,1.5,0.005,ma100,adx20,-0.09561412864449548,-0.09561412864449548,34,0.23529411764705882,0.14530843039631158,-0.581840638613024,-0.035184316178451525,-0.03943308299571735,14,0.21428571428571427,0.20259975924872994,-0.4795603426006555,-0.2093794891040218
lb55_atr20_m1.5_r0.005_tfnone_rfnone,55,20,1.5,0.005,none,none,-0.07311699602315425,-0.07910354467554104,39,0.3076923076923077,0.36188102354128593,-0.3911314940149306,-0.05210425158561538,-0.056278507943201106,17,0.23529411764705882,0.1642295104970181,-0.5865326814334985,-0.20980023515969048
lb30_atr10_m2.0_r0.0025_tfnone_rfnone,30,10,2.0,0.0025,none,none,-0.06377012326114662,-0.06432129045942481,52,0.19230769230769232,0.26934153567788144,-0.47270734908759354,-0.03483485012753085,-0.03673092097930808,20,0.1,0.06325001818400623,-0.6585390442479963,-0.21072376941285545
lb55_atr10_m2.0_r0.005_tfma100_rfnone,55,10,2.0,0.005,ma100,none,-0.07970297834411788,-0.07970297834411788,33,0.15151515151515152,0.24090926554491984,-0.4709834210780031,-0.03896051041778659,-0.04272903907875203,13,0.07692307692307693,0.06177139487273454,-0.5777627085125852,-0.21092598810266805
lb30_atr14_m2.0_r0.0025_tfnone_rfnone,30,14,2.0,0.0025,none,none,-0.05710761226688155,-0.058510468886598055,51,0.2549019607843137,0.3103988375324449,-0.42951651315709216,-0.04034815205575748,-0.04231095618093206,22,0.09090909090909091,0.07081266200796743,-0.6875117040107507,-0.21174553550167588
lb20_atr14_m2.0_r0.005_tfnone_rfadx20,20,14,2.0,0.005,none,adx20,-0.13030044719694145,-0.13865637140359943,54,0.2037037037037037,0.27440753506716326,-0.4950981140007276,-0.041851019742220275,-0.04576248004897532,21,0.14285714285714285,0.2246342218998367,-0.3863302407692912,-0.21180150156090374
lb30_atr20_m2.5_r0.005_tfnone_rfnone,30,20,2.5,0.005,none,none,-0.07736849417833203,-0.08346986383411481,43,0.20930232558139536,0.40367125759076156,-0.3445689138524263,-0.05057158197865452,-0.053231665204669154,17,0.17647058823529413,0.11993244519278487,-0.6215690444251244,-0.21273372515370717
lb20_atr10_m2.0_r0.005_tfma100_rfadx20,20,10,2.0,0.005,ma100,adx20,-0.1239895996235395,-0.12451782138671708,46,0.1956521739130435,0.21634125654845748,-0.5455297408383387,-0.03290615902223004,-0.036698428639737934,15,0.13333333333333333,0.1257734801636751,-0.42377351770625854,-0.21274067662696272
lb20_atr10_m2.0_r0.0025_tfnone_rfnone,20,10,2.0,0.0025,none,none,-0.08698026238433587,-0.0880111192708235,65,0.15384615384615385,0.24865468662658788,-0.5231814436247315,-0.037899448875440056,-0.03978949931054654,26,0.11538461538461539,0.12338749871144547,-0.5530731749029645,-0.21328847827754394
lb20_atr10_m2.0_r0.005_tfnone_rfadx20,20,10,2.0,0.005,none,adx20,-0.13643379366321395,-0.143579042137708,55,0.18181818181818182,0.2581873619325329,-0.5113910192714811,-0.03904613042581673,-0.04281432334464286,20,0.15,0.21504525761116774,-0.37885893105821766,-0.21351030951103733
lb20_atr14_m2.0_r0.0025_tfnone_rfnone,20,14,2.0,0.0025,none,none,-0.07802379987574204,-0.07990106952596465,63,0.20634920634920634,0.2851096861765456,-0.4827984771235334,-0.043340031933001066,-0.04529671667834256,28,0.10714285714285714,0.12222687506600415,-0.5833169642518959,-0.21356782124784007
lb10_atr14_m1.5_r0.0025_tfma100_rfadx20,10,14,1.5,0.0025,ma100,adx20,-0.12199198734060335,-0.12199420734096611,73,0.1643835616438356,0.10881690199678665,-0.6518590369059363,-0.02701732933215495,-0.030563481580316854,24,0.2916666666666667,0.30589313912983435,-0.42390362499617834,-0.21359613078172474
lb55_atr20_m1.5_r0.005_tfma100_rfnone,55,20,1.5,0.005,ma100,none,-0.07531529973957429,-0.07531529973957429,37,0.2972972972972973,0.33226661864653145,-0.42582861863113014,-0.05210425158561538,-0.056278507943201106,17,0.23529411764705882,0.1642295104970181,-0.5865326814334985,-0.21360606719635655
lb20_atr20_m2.5_r0.005_tfma100_rfnone,20,20,2.5,0.005,ma100,none,-0.09525331970509854,-0.0985771801145866,44,0.20454545454545456,0.3474642895012783,-0.4280517473729786,-0.04473840970350629,-0.047414836156065565,17,0.17647058823529413,0.13406299968718594,-0.5515603130428282,-0.21441925705177362
lb20_atr20_m2.0_r0.005_tfnone_rfadx20,20,20,2.0,0.005,none,adx20,-0.1398000369049679,-0.14716346500650213,56,0.19642857142857142,0.25902931799788725,-0.5210161708981246,-0.03894521577719989,-0.0428200892629641,20,0.15,0.28157412262088305,-0.376324413186791,-0.21459712246033083
lb20_atr14_m2.0_r0.0025_tfma100_rfnone,20,14,2.0,0.0025,ma100,none,-0.06749121370244737,-0.0693836259146442,52,0.21153846153846154,0.25085185157468853,-0.5029634535713804,-0.037785455202379636,-0.03975350088673646,22,0.09090909090909091,0.07541872929402943,-0.6394815161086264,-0.21502310327839155
lb30_atr20_m1.5_r0.005_tfma100_rfadx20,30,20,1.5,0.005,ma100,adx20,-0.1261382780455489,-0.1261382780455489,44,0.25,0.17129087538663174,-0.6033733706527106,-0.03503089954830385,-0.03928034196765451,16,0.25,0.342487163823081,-0.41531879280873296,-0.2157088875874527
lb20_atr14_m2.5_r0.005_tfnone_rfnone,20,14,2.5,0.005,none,none,-0.09999792088677217,-0.11206312139987817,52,0.21153846153846154,0.3882428692465104,-0.3758620981749444,-0.05638125003811456,-0.06368618734053333,23,0.21739130434782608,0.24512861709401004,-0.5151259321954654,-0.21599533703618132
lb20_atr10_m2.0_r0.0025_tfma100_rfnone,20,10,2.0,0.0025,ma100,none,-0.07667727373827804,-0.07717648860211224,54,0.16666666666666666,0.21603245413561623,-0.5528669951791387,-0.03267274901267847,-0.034573067320865625,20,0.1,0.06730239023029938,-0.6140773915642355,-0.21685119187636714
lb30_atr10_m2.0_r0.0025_tfma100_rfnone,30,10,2.0,0.0025,ma100,none,-0.06515866898298994,-0.06515866898298994,46,0.1956521739130435,0.1943298787818328,-0.5448138222798535,-0.031849947620915975,-0.03375188232577464,18,0.1111111111111111,0.068915950757905,-0.6639809999665621,-0.2169203724732344
lb30_atr14_m2.0_r0.0025_tfma100_rfnone,30,14,2.0,0.0025,ma100,none,-0.05827439787373434,-0.05966914950151436,45,0.24444444444444444,0.2263970969324484,-0.4953677971183345,-0.03736318712730258,-0.0393320964889623,20,0.1,0.07618528759732064,-0.6944328290079628,-0.21768049231624884
lb10_atr20_m2.5_r0.005_tfma100_rfnone,10,20,2.5,0.005,ma100,none,-0.11077045596744006,-0.11510228179479087,55,0.18181818181818182,0.3505446353700649,-0.40350067147279,-0.051644847905768065,-0.0596549978040497,21,0.23809523809523808,0.17591264914259602,-0.49791724496855655,-0.21898283614543734
lb55_atr10_m1.5_r0.005_tfnone_rfadx20,55,10,1.5,0.005,none,adx20,-0.09859969374618638,-0.10467867342791093,37,0.1891891891891892,0.14528026313303602,-0.5504349729150094,-0.03827944055217203,-0.04251457734460018,14,0.14285714285714285,0.14854659406538906,-0.5226629484051671,-0.2198060467777131
lb10_atr10_m2.5_r0.005_tfnone_rfnone,10,10,2.5,0.005,none,none,-0.167796344357511,-0.17156853531842187,80,0.175,0.3302007466759342,-0.42154208658570047,-0.045319170050645674,-0.06526757901235447,28,0.2857142857142857,0.4857271246867795,-0.3375720668370898,-0.22022467064231266
lb10_atr20_m2.0_r0.0025_tfma100_rfnone,10,20,2.0,0.0025,ma100,none,-0.08929842746643346,-0.09014433278119238,68,0.19117647058823528,0.2130458599268634,-0.5121301873907503,-0.04045663928570231,-0.04356519198170794,26,0.15384615384615385,0.14597568568882333,-0.5798760381341451,-0.22034034066496744
lb30_atr20_m1.5_r0.005_tfnone_rfadx20,30,20,1.5,0.005,none,adx20,-0.12747411411920195,-0.13310958121038907,51,0.27450980392156865,0.19354291755724098,-0.5264883253048653,-0.041771156457150016,-0.0459909167513296,18,0.2222222222222222,0.30298928000847575,-0.444538229442177,-0.22129516628388674
lb30_atr20_m1.5_r0.0025_tfma100_rfnone,30,20,1.5,0.0025,ma100,none,-0.06967980699179543,-0.07010062611038093,52,0.28846153846153844,0.278572709015369,-0.5067804149482957,-0.039477280194309405,-0.04172096703208128,22,0.18181818181818182,0.18914333042697049,-0.6789878990919266,-0.22179546785939921
lb10_atr20_m1.5_r0.0025_tfnone_rfadx20,10,20,1.5,0.0025,none,adx20,-0.15454841656530505,-0.15854421808310692,104,0.19230769230769232,0.14719823852450187,-0.596050055131117,-0.03374829470758922,-0.0372556248849486,36,0.3055555555555556,0.34257312368044485,-0.3571131192859782,-0.2219505068369512
lb30_atr20_m1.5_r0.0025_tfnone_rfnone,30,20,1.5,0.0025,none,none,-0.07307407733571547,-0.07372451021702842,61,0.3114754098360656,0.29259203804803186,-0.45342437625774645,-0.04283439695453628,-0.04507024189691877,24,0.16666666666666666,0.17659136443550544,-0.6789300510434101,-0.22196696566076005
lb10_atr14_m2.5_r0.005_tfma100_rfnone,10,14,2.5,0.005,ma100,none,-0.10447519503008085,-0.11347252544674624,53,0.16981132075471697,0.36198263851242596,-0.39288547773240196,-0.05301160174058439,-0.06510826963577421,20,0.2,0.27772715117453234,-0.5432713699219415,-0.22242710215032035
lb20_atr20_m1.5_r0.0025_tfma100_rfnone,20,20,1.5,0.0025,ma100,none,-0.08954786822650695,-0.08995970026722444,62,0.24193548387096775,0.23018640212170077,-0.5550460026764903,-0.038031375626769615,-0.04027843995575542,24,0.25,0.20878240219702526,-0.5998802983635458,-0.2238394093757085
lb20_atr20_m1.5_r0.005_tfma100_rfadx20,20,20,1.5,0.005,ma100,adx20,-0.1521540180482015,-0.1521540180482015,54,0.2222222222222222,0.16818710990626046,-0.5987419451498822,-0.03550934570209796,-0.03975668118415876,18,0.3333333333333333,0.35947312400778064,-0.37440794556327195,-0.22409326867495297
lb10_atr20_m2.0_r0.005_tfma100_rfadx20,10,20,2.0,0.005,ma100,adx20,-0.16176730209507761,-0.16332304222138694,61,0.16393442622950818,0.1817150137198026,-0.5576047108020004,-0.03501770328532383,-0.041246749782205105,19,0.21052631578947367,0.284098663221313,-0.3563848935591443,-0.22489942942574304
lb55_atr10_m1.5_r0.005_tfma100_rfadx20,55,10,1.5,0.005,ma100,adx20,-0.10284689883660958,-0.10310436935662015,35,0.17142857142857143,0.10433254389491645,-0.6030455213206144,-0.03827944055217203,-0.04251457734460018,14,0.14285714285714285,0.14854659406538906,-0.5226629484051671,-0.22653026053591352
lb20_atr20_m2.5_r0.005_tfnone_rfnone,20,20,2.5,0.005,none,none,-0.1074947583399044,-0.1140529189703906,54,0.18518518518518517,0.36362471230347526,-0.38631365247429766,-0.060285779178155585,-0.06291864542547643,23,0.17391304347826086,0.14658225231300415,-0.5403155870642368,-0.2287833903575706
lb20_atr20_m1.5_r0.0025_tfnone_rfnone,20,20,1.5,0.0025,none,none,-0.10635904259645712,-0.10698611909585232,77,0.24675324675324675,0.21958544581114448,-0.5395300784773742,-0.04540086942444033,-0.0476307193389266,31,0.22580645161290322,0.19985457282846586,-0.5559263918740278,-0.2315382002485158
lb10_atr10_m2.0_r0.0025_tfma100_rfnone,10,10,2.0,0.0025,ma100,none,-0.09377796512734426,-0.09704935429070549,69,0.15942028985507245,0.21497809010271798,-0.5332401240359244,-0.042045544498756304,-0.04491577840177241,26,0.19230769230769232,0.08881510577211398,-0.608630936002167,-0.23216201921164126
lb10_atr10_m1.5_r0.0025_tfnone_rfadx20,10,10,1.5,0.0025,none,adx20,-0.16177719951165004,-0.16548974358608626,106,0.16037735849056603,0.1602403903646225,-0.6167018794403404,-0.035589744327764405,-0.040263629812277046,36,0.2777777777777778,0.32634069416822353,-0.3779899189086117,-0.23334981565232735
lb10_atr14_m2.0_r0.005_tfma100_rfadx20,10,14,2.0,0.005,ma100,adx20,-0.1544961565514088,-0.1594676156119792,59,0.1864406779661017,0.20944255147716295,-0.5386569135016221,-0.04093030875327286,-0.04612931328592407,20,0.25,0.19750652478626318,-0.4057033781694618,-0.23336278276253852
lb30_atr14_m1.5_r0.005_tfnone_rfadx20,30,14,1.5,0.005,none,adx20,-0.13222769750219243,-0.1378324621659176,51,0.2549019607843137,0.20010675915216672,-0.5348534394661701,-0.04614440338585968,-0.05034490517632095,19,0.21052631578947367,0.22096103972728967,-0.4688281537693562,-0.2338424954823117
lb10_atr10_m2.0_r0.005_tfma100_rfadx20,10,10,2.0,0.005,ma100,adx20,-0.15768766361044162,-0.16080148780604897,60,0.18333333333333332,0.20742109112962018,-0.5426710373229043,-0.03839801045854574,-0.044080680305695896,19,0.2631578947368421,0.17511051117714924,-0.412169119931326,-0.23492016087900583
lb55_atr14_m1.5_r0.005_tfnone_rfnone,55,14,1.5,0.005,none,none,-0.09182923733510073,-0.09769492742979624,40,0.3,0.2339765248736403,-0.4802779890345805,-0.05408793161014436,-0.05825345241957747,17,0.17647058823529413,0.14161384145041875,-0.6116620155147521,-0.23609588479785298
lb30_atr14_m1.5_r0.0025_tfnone_rfnone,30,14,1.5,0.0025,none,none,-0.08078521752139511,-0.08084194315748905,61,0.29508196721311475,0.24652260861590508,-0.5043926501131575,-0.04517396368891835,-0.047776101280529115,25,0.16,0.12685271932760697,-0.6917877926356465,-0.23642644405935745
lb30_atr14_m1.5_r0.005_tfma100_rfadx20,30,14,1.5,0.005,ma100,adx20,-0.13394167637311438,-0.13394167637311438,45,0.24444444444444444,0.14772957313104115,-0.6309485978488235,-0.04099771537155472,-0.04522088167464844,17,0.23529411764705882,0.24282592056414942,-0.4605642080224025,-0.2370951818964368
lb55_atr14_m1.5_r0.005_tfma100_rfnone,55,14,1.5,0.005,ma100,none,-0.0943803695224732,-0.0943803695224732,38,0.2894736842105263,0.1990641096112739,-0.5168910251824711,-0.05408793161014436,-0.05825345241957747,17,0.17647058823529413,0.14161384145041875,-0.6116620155147521,-0.24035007719834062
lb10_atr14_m1.5_r0.0025_tfnone_rfadx20,10,14,1.5,0.0025,none,adx20,-0.16159627421477796,-0.16505210983825658,105,0.17142857142857143,0.15020204486931535,-0.6211766303692815,-0.04011828130380435,-0.044796796335834665,38,0.2894736842105263,0.282498949236851,-0.40208715688391705,-0.24214410770811762
lb30_atr20_m2.0_r0.005_tfma100_rfnone,30,20,2.0,0.005,ma100,none,-0.11511013820619953,-0.11675247292876256,46,0.2391304347826087,0.23834101782809283,-0.5051105642752388,-0.046882779801351915,-0.0507256498499723,17,0.11764705882352941,0.17211764139439334,-0.596890273315061,-0.24245207534794805
lb10_atr20_m1.5_r0.005_tfma100_rfadx20,10,20,1.5,0.005,ma100,adx20,-0.19439407855235113,-0.19439407855235113,71,0.18309859154929578,0.14529519916395234,-0.6020058093844292,-0.03837194234288932,-0.04348394189038962,22,0.36363636363636365,0.4177069124570355,-0.3234619969092302,-0.24267009796073138
lb30_atr14_m1.5_r0.0025_tfma100_rfnone,30,14,1.5,0.0025,ma100,none,-0.08044639744627136,-0.08044872249262813,53,0.2830188679245283,0.18581360605830619,-0.5786534033995309,-0.04260377866952736,-0.045212920652306754,23,0.17391304347826086,0.1337467763272343,-0.7050674535067059,-0.24329766662793523
lb20_atr20_m1.5_r0.005_tfnone_rfadx20,20,20,1.5,0.005,none,adx20,-0.1719583631116084,-0.1773065154934792,66,0.22727272727272727,0.1695274768385541,-0.5720133409217463,-0.04664906992876605,-0.050847349314992796,24,0.2916666666666667,0.325281843823924,-0.37138091445915805,-0.24335900632092491
lb10_atr14_m2.0_r0.0025_tfma100_rfnone,10,14,2.0,0.0025,ma100,none,-0.08646219669853483,-0.09076009450315459,67,0.19402985074626866,0.23668225585804195,-0.5053305670634022,-0.05219736843539213,-0.05477485501786672,29,0.1724137931034483,0.08743932487974322,-0.6699804057690761,-0.24346242672275145
lb20_atr10_m1.5_r0.0025_tfnone_rfnone,20,10,1.5,0.0025,none,none,-0.11455865875494409,-0.11524618263757413,77,0.19480519480519481,0.19129783663113278,-0.5858726384519587,-0.04623288320739416,-0.048729487503718305,31,0.16129032258064516,0.1816662883669288,-0.5672234368097218,-0.2436701589623629
lb30_atr20_m2.0_r0.005_tfnone_rfnone,30,20,2.0,0.005,none,none,-0.1140244631163545,-0.11577803477761861,52,0.25,0.29860286532408825,-0.43329142507561696,-0.05416231070085631,-0.05797583043382937,19,0.10526315789473684,0.1517926194229782,-0.6126434650079645,-0.24375519666275247
lb30_atr10_m1.5_r0.005_tfnone_rfadx20,30,10,1.5,0.005,none,adx20,-0.1343399165022675,-0.14068983020781645,51,0.21568627450980393,0.19791962754340106,-0.5380183134870624,-0.04992953279681578,-0.05411336598154226,19,0.15789473684210525,0.17192879874141614,-0.5078997270129255,-0.24585979725361937
lb20_atr20_m2.0_r0.005_tfma100_rfnone,20,20,2.0,0.005,ma100,none,-0.13632013214219918,-0.13792310161603416,54,0.2037037037037037,0.24801084860412784,-0.5214468461846018,-0.046958783316153885,-0.05080134692646365,19,0.10526315789473684,0.17208516628892637,-0.5358103214590054,-0.24642497634026322
lb30_atr10_m1.5_r0.0025_tfnone_rfnone,30,10,1.5,0.0025,none,none,-0.08547570390601489,-0.08618581000285264,61,0.22950819672131148,0.22210978085820185,-0.538350146104884,-0.04711281765639597,-0.049607118614633405,25,0.12,0.09947032596871584,-0.7143262684434746,-0.24825181305976943
lb10_atr20_m1.5_r0.0025_tfma100_rfnone,10,20,1.5,0.0025,ma100,none,-0.1132755567372512,-0.11367665584425402,80,0.2,0.1990622572780871,-0.550762472789973,-0.04927303020928653,-0.05199898475536702,31,0.25806451612903225,0.22625889329170934,-0.6105047463220085,-0.2484051705273024
lb30_atr10_m1.5_r0.005_tfma100_rfadx20,30,10,1.5,0.005,ma100,adx20,-0.135683508629451,-0.13644604742555355,45,0.2222222222222222,0.14725284191141969,-0.6284259557112217,-0.04471311711741477,-0.048919921875070105,17,0.17647058823529413,0.1889468938101046,-0.5037460649903421,-0.24908680704122238
lb20_atr10_m1.5_r0.0025_tfma100_rfnone,20,10,1.5,0.0025,ma100,none,-0.10044612853894119,-0.10114461046149581,64,0.21875,0.1652230989104707,-0.6079972563295343,-0.043538826477535486,-0.04604248280311052,25,0.16,0.11345870051984243,-0.6564512828663231,-0.25120420959450107
lb30_atr10_m1.5_r0.0025_tfma100_rfnone,30,10,1.5,0.0025,ma100,none,-0.08189387808104953,-0.08260676537940059,53,0.24528301886792453,0.1726647554541219,-0.5894515953229541,-0.04450239776877685,-0.04700353182640715,23,0.13043478260869565,0.10491849329591889,-0.7292063044642216,-0.2513285778519373
lb55_atr10_m1.5_r0.005_tfnone_rfnone,55,10,1.5,0.005,none,none,-0.09928999080505407,-0.10536431517241251,41,0.21951219512195122,0.18349526789188753,-0.5017878287436357,-0.05690262804977353,-0.06105575375718475,17,0.11764705882352941,0.1048539967133167,-0.6457815138004159,-0.2514770191495168
lb20_atr10_m1.5_r0.005_tfnone_rfadx20,20,10,1.5,0.005,none,adx20,-0.18065697956764992,-0.1866671417250262,66,0.18181818181818182,0.169978966745015,-0.5885203470240529,-0.04782441887032163,-0.052017522362680424,24,0.20833333333333334,0.30003880846436926,-0.38167964352454914,-0.25313996336138594
lb10_atr10_m2.0_r0.0025_tfnone_rfnone,10,10,2.0,0.0025,none,none,-0.13446232127954105,-0.13890048138729294,101,0.1485148514851485,0.21214594019756158,-0.5369220060687124,-0.055802048545745775,-0.05863106505677007,40,0.175,0.1584346562389385,-0.5369472115455793,-0.2548069048233702
lb20_atr14_m1.5_r0.0025_tfnone_rfnone,20,14,1.5,0.0025,none,none,-0.11518717373053389,-0.11524177638853195,77,0.23376623376623376,0.1851632518542958,-0.5867163950453682,-0.05159215347432233,-0.05417679990809321,33,0.18181818181818182,0.1433890937067124,-0.6020619915698342,-0.254862185984933
lb55_atr10_m1.5_r0.005_tfma100_rfnone,55,10,1.5,0.005,ma100,none,-0.10353394336365196,-0.10379121671139446,39,0.20512820512820512,0.14464644889182812,-0.5465076981244927,-0.05690262804977353,-0.06105575375718475,17,0.11764705882352941,0.1048539967133167,-0.6457815138004159,-0.25748746518666893
lb20_atr14_m1.5_r0.0025_tfma100_rfnone,20,14,1.5,0.0025,ma100,none,-0.10451950654433839,-0.10452177072301483,64,0.234375,0.14838525943640427,-0.6323501264099028,-0.045199809524749224,-0.04780187668005165,26,0.19230769230769232,0.13535680802946146,-0.6646042097910936,-0.25808652619286226
lb20_atr20_m2.0_r0.005_tfnone_rfnone,20,20,2.0,0.005,none,none,-0.15224284842061808,-0.15392077614520583,65,0.2,0.2733097707107618,-0.4918155085617619,-0.0601373619688943,-0.06392679091316855,25,0.12,0.2001540559340988,-0.5062914557028879,-0.2582881670376182
lb10_atr20_m2.0_r0.0025_tfnone_rfnone,10,20,2.0,0.0025,none,none,-0.1278414027215652,-0.1285143883312262,100,0.18,0.20705383099375088,-0.5127451373286942,-0.06109635659442558,-0.06413804451754912,41,0.12195121951219512,0.16102707755567505,-0.5721100457495609,-0.25831852200536715
lb10_atr14_m2.5_r0.005_tfnone_rfnone,10,14,2.5,0.005,none,none,-0.15285705297412389,-0.15566208846438923,79,0.21518987341772153,0.33620200440697423,-0.3861636770584559,-0.0761070019209068,-0.08790865312275453,32,0.15625,0.2775528351544345,-0.48854818775237585,-0.2595294680123764
lb20_atr10_m1.5_r0.005_tfma100_rfadx20,20,10,1.5,0.005,ma100,adx20,-0.16406604993791607,-0.16480354838236988,55,0.2,0.14325685846522404,-0.6310228635264132,-0.045981102071768976,-0.0501823229935795,19,0.21052631578947367,0.19498230987125217,-0.4638151985625274,-0.2605173476319952
lb30_atr14_m2.0_r0.005_tfnone_rfnone,30,14,2.0,0.005,none,none,-0.11168710520664105,-0.11431225399630263,51,0.2549019607843137,0.29562344040804384,-0.42951651315709216,-0.06902614377212934,-0.07282666682260763,22,0.09090909090909091,0.08085009650925423,-0.6875117040107507,-0.2677849491477976
lb30_atr10_m2.0_r0.005_tfnone_rfnone,30,10,2.0,0.005,none,none,-0.12390179002351542,-0.12491063685817971,52,0.19230769230769232,0.25965963981666307,-0.47270734908759354,-0.06212317289383562,-0.06580087369772392,20,0.1,0.0696761510655681,-0.6585390442479963,-0.2688086434953552
lb10_atr20_m2.5_r0.005_tfnone_rfnone,10,20,2.5,0.005,none,none,-0.152803447327427,-0.15567641082152295,80,0.175,0.3273477668765752,-0.3899485223460795,-0.08323044003146696,-0.0909738066186715,33,0.24242424242424243,0.19167084178114654,-0.5109027077414252,-0.2699536332968439
lb30_atr14_m2.0_r0.005_tfma100_rfnone,30,14,2.0,0.005,ma100,none,-0.11097636499050145,-0.11360956032337588,45,0.24444444444444444,0.22938400341372456,-0.4953677971183346,-0.06322018034722321,-0.0670444051350586,20,0.1,0.08795418150903209,-0.6944328290079628,-0.27011372560346425
lb10_atr10_m2.0_r0.005_tfnone_rfadx20,10,10,2.0,0.005,none,adx20,-0.21908088412862659,-0.22698696057990342,87,0.1724137931034483,0.2129022714687529,-0.5420747626185027,-0.05267624883565192,-0.05924016728172943,30,0.23333333333333334,0.2849841296105849,-0.34313063176712993,-0.270136557705376
lb20_atr14_m1.5_r0.005_tfma100_rfadx20,20,14,1.5,0.005,ma100,adx20,-0.16967801270025662,-0.16967801270025662,55,0.2,0.11913756489764114,-0.6723835893098832,-0.0494653918975424,-0.05365126902339101,20,0.25,0.22224728530219057,-0.4757709738131857,-0.2718269037973209
lb30_atr10_m2.0_r0.005_tfma100_rfnone,30,10,2.0,0.005,ma100,none,-0.12451873034249394,-0.12451873034249394,46,0.1956521739130435,0.19610050525158318,-0.5448138222798535,-0.056308864475370535,-0.06000936495414855,18,0.1111111111111111,0.07664144446443714,-0.6639809999665621,-0.2720529197234592
lb20_atr14_m2.0_r0.005_tfma100_rfnone,20,14,2.0,0.005,ma100,none,-0.12865660028800197,-0.13123742860695653,52,0.21153846153846154,0.2501593802893283,-0.5029634535713804,-0.06403971907442174,-0.06786059825184854,22,0.09090909090909091,0.0869731657784603,-0.6394815161086264,-0.272736709500417
lb30_atr20_m1.5_r0.005_tfma100_rfnone,30,20,1.5,0.005,ma100,none,-0.12374902429457713,-0.12374902429457713,52,0.28846153846153844,0.27161841394265257,-0.5067804149482957,-0.06555636746579108,-0.06967138462926736,22,0.18181818181818182,0.21503788269609567,-0.6789878990919266,-0.27481607429503735
lb10_atr14_m2.0_r0.0025_tfnone_rfnone,10,14,2.0,0.0025,none,none,-0.1285427082216598,-0.13193672349587193,99,0.18181818181818182,0.22406934404746223,-0.5226923954227881,-0.07088742849391627,-0.07341408869395405,44,0.1590909090909091,0.13430875554386287,-0.61532266158116,-0.27514487698207973
lb10_atr10_m1.5_r0.0025_tfma100_rfnone,10,10,1.5,0.0025,ma100,none,-0.12863277008409313,-0.12930936575814,84,0.17857142857142858,0.14523684917200538,-0.5997399231307745,-0.055687155976016034,-0.059106013702690086,32,0.1875,0.16112846532248176,-0.6612133336852669,-0.27724097510119394
lb20_atr14_m1.5_r0.005_tfnone_rfadx20,20,14,1.5,0.005,none,adx20,-0.18642311288393243,-0.19167784039137448,66,0.19696969696969696,0.1489589650571078,-0.6213943106607703,-0.05855881595198753,-0.06270464829101752,26,0.23076923076923078,0.2272904259852307,-0.4361003473328996,-0.2784779319664217
lb20_atr10_m2.0_r0.005_tfma100_rfnone,20,10,2.0,0.005,ma100,none,-0.146240477899774,-0.1467552827010633,54,0.16666666666666666,0.21609958101616292,-0.5528669951791387,-0.0579102996998776,-0.061604520463193646,20,0.1,0.07469134090345828,-0.6140773915642355,-0.2786597062474859
lb30_atr20_m1.5_r0.005_tfnone_rfnone,30,20,1.5,0.005,none,none,-0.12963051680706794,-0.12963051680706794,61,0.3114754098360656,0.285637441332767,-0.45342437625774645,-0.07208340563433713,-0.07616967962577481,24,0.16666666666666666,0.19867645385595292,-0.6789300510434102,-0.27905937695067884
lb10_atr14_m1.5_r0.0025_tfma100_rfnone,10,14,1.5,0.0025,ma100,none,-0.1268851297032868,-0.12688733733157775,82,0.1951219512195122,0.13371279388154073,-0.6057186285379669,-0.05759818510332404,-0.061032881748305234,33,0.21212121212121213,0.16965071357585565,-0.6702300323258356,-0.27961067365382253
lb20_atr14_m2.0_r0.005_tfnone_rfnone,20,14,2.0,0.005,none,none,-0.1466390171515456,-0.1491608757943722,63,0.20634920634920634,0.27813320615529286,-0.4827984771235334,-0.07538330661803516,-0.07915787776474104,28,0.10714285714285714,0.13563536319047081,-0.5833169642518959,-0.28038053238055716
lb10_atr10_m1.5_r0.005_tfma100_rfadx20,10,10,1.5,0.005,ma100,adx20,-0.21266753509447145,-0.21336215512766044,74,0.16216216216216217,0.12382784377472678,-0.6395874425320439,-0.04766924839680564,-0.05321697569044015,23,0.2608695652173913,0.2876477355812257,-0.40898185313210894,-0.28113972196019515
lb20_atr10_m2.0_r0.005_tfnone_rfnone,20,10,2.0,0.005,none,none,-0.16314685146758534,-0.16461453615854005,65,0.15384615384615385,0.24552954164899532,-0.5231814436247316,-0.0682077577892326,-0.07186159908181367,26,0.11538461538461539,0.1330852270094119,-0.5530731749029645,-0.2831399458928563
lb20_atr20_m1.5_r0.005_tfma100_rfnone,20,20,1.5,0.005,ma100,none,-0.15920187913603856,-0.15920187913603856,62,0.24193548387096775,0.22312263968128895,-0.5550460026764903,-0.06273770162754522,-0.066865131373117,24,0.25,0.23819722547073427,-0.5998802983635458,-0.28487921884735934
lb10_atr14_m2.0_r0.005_tfnone_rfadx20,10,14,2.0,0.005,none,adx20,-0.21648353512375995,-0.22569605506549317,86,0.18604651162790697,0.21062755788376936,-0.536676283234249,-0.06373439680842274,-0.06985092895136757,32,0.21875,0.2576651431892549,-0.39678041994858415,-0.28643013166152076
lb10_atr20_m2.0_r0.005_tfma100_rfnone,10,20,2.0,0.005,ma100,none,-0.16494054128526592,-0.16649039195444604,68,0.19117647058823528,0.2175274082527032,-0.5121301873907503,-0.06685738914070649,-0.07288090763534927,26,0.15384615384615385,0.17030496025708483,-0.5798760381341451,-0.2866887615463942
lb10_atr14_m1.5_r0.005_tfma100_rfadx20,10,14,1.5,0.005,ma100,adx20,-0.21156112289295648,-0.21156112289295648,73,0.1643835616438356,0.10771917269332391,-0.6518590369059363,-0.051752169360350764,-0.05743418185198723,24,0.2916666666666667,0.29980767817037945,-0.42390362499617834,-0.28716234669010005
lb10_atr20_m1.5_r0.0025_tfnone_rfnone,10,20,1.5,0.0025,none,none,-0.16368866601668364,-0.16466458931153205,118,0.211864406779661,0.1813290762312264,-0.5588401300659246,-0.07062487361921554,-0.07328960748211366,48,0.22916666666666666,0.19641898274930422,-0.5716502014507865,-0.2906694642995221
lb10_atr20_m2.0_r0.005_tfnone_rfadx20,10,20,2.0,0.005,none,adx20,-0.2237258153404308,-0.23001145755657193,89,0.16853932584269662,0.18518096312869353,-0.5452060916672672,-0.0632285946483716,-0.0692755373340046,31,0.16129032258064516,0.27030864260544446,-0.39999480406954896,-0.29115485776308964
lb30_atr14_m1.5_r0.005_tfnone_rfnone,30,14,1.5,0.005,none,none,-0.14635627695079145,-0.14635627695079145,61,0.29508196721311475,0.2203439141500463,-0.5043926501131575,-0.07643517379008657,-0.08050228386405633,25,0.16,0.14428767656724625,-0.6917877926356465,-0.30074279518672625
lb30_atr14_m1.5_r0.005_tfma100_rfnone,30,14,1.5,0.005,ma100,none,-0.14289124702027645,-0.14289124702027645,53,0.2830188679245283,0.17981187535039161,-0.5786534033995309,-0.07145192471301365,-0.0755409795622145,23,0.17391304347826086,0.15339919676859284,-0.705067453506706,-0.3035713739844284
lb20_atr20_m1.5_r0.005_tfnone_rfnone,20,20,1.5,0.005,none,none,-0.18528793157843548,-0.18528793157843548,77,0.24675324675324675,0.2159654223430477,-0.5395300784773742,-0.07808801158756296,-0.0821478430460355,31,0.22580645161290322,0.22027635392045614,-0.5559263918740278,-0.30461061990665467
lb10_atr10_m2.0_r0.005_tfma100_rfnone,10,10,2.0,0.005,ma100,none,-0.1767122021776496,-0.1797556972733002,69,0.15942028985507245,0.21019045478776655,-0.5332401240359244,-0.07256761035602277,-0.07804835200716409,26,0.19230769230769232,0.10023856649897664,-0.608630936002167,-0.3062904319473735
lb10_atr10_m1.5_r0.0025_tfnone_rfnone,10,10,1.5,0.0025,none,none,-0.1791492091712804,-0.18032933789948236,122,0.1721311475409836,0.16092012177978823,-0.5987431656265814,-0.07397955571414983,-0.07733218632914163,48,0.20833333333333334,0.18579200916558652,-0.59571846819489,-0.3105400481379417
lb10_atr14_m1.5_r0.0025_tfnone_rfnone,10,14,1.5,0.0025,none,none,-0.17294177362104868,-0.1729438647973659,119,0.20168067226890757,0.1629519987783969,-0.590007000963981,-0.07783180652220623,-0.08119275930283498,50,0.22,0.16612891205284758,-0.6066237060769211,-0.311205005256698
lb10_atr14_m2.0_r0.005_tfma100_rfnone,10,14,2.0,0.005,ma100,none,-0.1635048531137453,-0.16842334214171828,67,0.19402985074626866,0.2313854444803861,-0.5053305670634022,-0.08432463496745002,-0.08928840393720328,29,0.1724137931034483,0.10526834857922372,-0.669980405769076,-0.31535594664797995
lb30_atr10_m1.5_r0.005_tfma100_rfnone,30,10,1.5,0.005,ma100,none,-0.1475742685182838,-0.14832631675239805,53,0.24528301886792453,0.16621454785534767,-0.5894515953229542,-0.07560359868313427,-0.07967437077128947,23,0.13043478260869565,0.11932256059012984,-0.7292063044642216,-0.3154724172370284
lb10_atr20_m1.5_r0.005_tfnone_rfadx20,10,20,1.5,0.005,none,adx20,-0.2661088172057089,-0.27147098000716885,104,0.19230769230769232,0.14473958511592344,-0.596050055131117,-0.06742848386214184,-0.0738044617361584,36,0.3055555555555556,0.3294304054284029,-0.3571131192859782,-0.31627133427752496
lb30_atr10_m1.5_r0.005_tfnone_rfnone,30,10,1.5,0.005,none,none,-0.15731470605926923,-0.15805816084226876,61,0.22950819672131148,0.197726893704015,-0.538350146104884,-0.08065133457087148,-0.0846998779026934,25,0.12,0.11222094302684381,-0.7143262684434746,-0.31821917814659473
lb10_atr20_m1.5_r0.005_tfma100_rfnone,10,20,1.5,0.005,ma100,none,-0.1985454917538938,-0.1985454917538938,80,0.2,0.19481691181745867,-0.550762472789973,-0.07901960964191057,-0.08391552683284376,31,0.25806451612903225,0.2552159089937523,-0.6105047463220085,-0.3227971122613751
lb20_atr10_m1.5_r0.005_tfma100_rfnone,20,10,1.5,0.005,ma100,none,-0.18114887745688524,-0.18187130466428603,64,0.21875,0.15506126378889767,-0.6079972563295343,-0.07357138615259173,-0.07765110751189808,25,0.16,0.1296262593280674,-0.6564512828663231,-0.32334976591354836
lb20_atr10_m1.5_r0.005_tfnone_rfnone,20,10,1.5,0.005,none,none,-0.2055708371073306,-0.2062717181659579,77,0.19480519480519481,0.17105533467931744,-0.5858726384519586,-0.07984563956012414,-0.08389773093773745,31,0.16129032258064516,0.20040805266074302,-0.5672234368097218,-0.3248470553485217
lb20_atr14_m1.5_r0.005_tfma100_rfnone,20,14,1.5,0.005,ma100,none,-0.18362717669810547,-0.18362717669810547,64,0.234375,0.14382848244991037,-0.6323501264099028,-0.07640146130294889,-0.08046871983687753,26,0.19230769230769232,0.15417012575339717,-0.6646042097910936,-0.3300950087600962
lb10_atr10_m1.5_r0.005_tfnone_rfadx20,10,10,1.5,0.005,none,adx20,-0.2796190526947022,-0.28515873646524825,106,0.16037735849056603,0.14583715170587364,-0.6167018794403404,-0.0688198672464676,-0.07652057940374168,36,0.2777777777777778,0.31480043962616094,-0.37798991890861167,-0.33121195205633813
lb20_atr14_m1.5_r0.005_tfnone_rfnone,20,14,1.5,0.005,none,none,-0.20265762938483045,-0.20265762938483045,77,0.23376623376623376,0.167135181204622,-0.5867163950453682,-0.08975867507540358,-0.09376711233642043,33,0.18181818181818182,0.15842509878264655,-0.6020619915698342,-0.33764327120364884
lb10_atr14_m1.5_r0.005_tfnone_rfadx20,10,14,1.5,0.005,none,adx20,-0.27768677843960987,-0.2828494617645463,105,0.17142857142857143,0.1392812016184802,-0.6211766303692815,-0.07716200759785563,-0.08495368596959318,38,0.2894736842105263,0.2771819423055447,-0.40208715688391705,-0.3419096551347722
lb10_atr10_m2.0_r0.005_tfnone_rfnone,10,10,2.0,0.005,none,none,-0.2479461925238,-0.25300548673191536,101,0.1485148514851485,0.204990852491153,-0.5369220060687124,-0.10163457239593543,-0.10694354032933384,40,0.175,0.1669048160372763,-0.5369472115455793,-0.3595284396248544
lb10_atr20_m2.0_r0.005_tfnone_rfnone,10,20,2.0,0.005,none,none,-0.23456362338892855,-0.23572191262005293,100,0.18,0.20362846469688933,-0.5127451373286942,-0.10777112380365972,-0.11353054050447242,41,0.12195121951219512,0.1747608205733257,-0.5721100457495609,-0.35963390398506817
lb10_atr10_m1.5_r0.005_tfma100_rfnone,10,10,1.5,0.005,ma100,none,-0.2247582643763928,-0.22544221742562076,84,0.17857142857142858,0.13763592833383947,-0.5997399231307745,-0.0887090653860223,-0.09401771847938167,32,0.1875,0.17621331159893794,-0.6612133336852669,-0.3609807953500292
lb10_atr14_m1.5_r0.005_tfma100_rfnone,10,14,1.5,0.005,ma100,none,-0.2197767258993033,-0.2197767258993033,82,0.1951219512195122,0.13191995665538697,-0.6057186285379669,-0.09153406677898435,-0.09697770146392304,33,0.21212121212121213,0.19271735036777668,-0.6702300323258354,-0.3619958197626175
lb10_atr14_m2.0_r0.005_tfnone_rfnone,10,14,2.0,0.005,none,none,-0.23880039904928618,-0.24204442502457113,99,0.18181818181818182,0.21346246642689967,-0.5226923954227882,-0.12068302499570105,-0.12544969938903083,44,0.1590909090909091,0.15013529982880916,-0.61532266158116,-0.38089550752669055
lb10_atr20_m1.5_r0.005_tfnone_rfnone,10,20,1.5,0.005,none,none,-0.279239150384637,-0.2796942626678084,118,0.211864406779661,0.18025955763843018,-0.5588401300659246,-0.12096409170398792,-0.12563703269158122,48,0.22916666666666666,0.21073833339842107,-0.5716502014507865,-0.39980023964363276
lb10_atr14_m1.5_r0.005_tfnone_rfnone,10,14,1.5,0.005,none,none,-0.29557376628782583,-0.29557376628782583,119,0.20168067226890757,0.15235368120757511,-0.590007000963981,-0.13115485104924607,-0.13636107333641512,50,0.22,0.1802660885451869,-0.6066237060769211,-0.42706463169690784
lb10_atr10_m1.5_r0.005_tfnone_rfnone,10,10,1.5,0.005,none,none,-0.3068965098710854,-0.30828534529965157,122,0.1721311475409836,0.14796085671982998,-0.5987431656265814,-0.12449159893974715,-0.1295918037206929,48,0.20833333333333334,0.19755167762423603,-0.59571846819489,-0.4272160575329455
