key,breakout_lookback,atr_period,atr_mult,risk_per_trade,trend_filter,regime_filter,is_return,is_mdd,is_trades,is_win_rate,is_pf,is_avg_r,oos_return,oos_mdd,oos_trades,oos_win_rate,oos_pf,oos_avg_r,rank_score
lb55_atr14_m3.0_r0.0025_tfnone_rfadx20,55,14,3.0,0.0025,none,adx20,0.0011103436015105217,-0.018010741033080757,19,0.2631578947368421,1.0537306244802147,0.022045367559401865,0.0028530942845292895,-0.006181260803444277,6,0.6666666666666666,1.6583362691702832,0.18194087959413116,0.07283631632500077
lb55_atr14_m3.0_r0.005_tfnone_rfadx20,55,14,3.0,0.005,none,adx20,0.0019086216564339065,-0.035735815393340475,19,0.2631578947368421,1.0457548384127717,0.022045367559401882,0.005684402577204928,-0.012300037508276573,6,0.6666666666666666,1.652939408753354,0.1819408795941312,0.07049138412515689
lb55_atr14_m3.0_r0.0025_tfma100_rfadx20,55,14,3.0,0.0025,ma100,adx20,-0.002159144576121319,-0.018010741033080202,18,0.2222222222222222,0.9091213792111907,-0.04464514008124267,0.0028530942845292895,-0.006181260803444277,6,0.6666666666666666,1.6583362691702832,0.18194087959413116,0.06401123015118537
lb55_atr14_m3.0_r0.005_tfma100_rfadx20,55,14,3.0,0.005,ma100,adx20,-0.004635042863351813,-0.03573581539334092,18,0.2222222222222222,0.9029592663458951,-0.04464514008124262,0.005684402577204928,-0.012300037508276573,6,0.6666666666666666,1.652939408753354,0.1819408795941312,0.06021196216599465
lb55_atr10_m3.0_r0.0025_tfnone_rfadx20,55,10,3.0,0.0025,none,adx20,-0.0019274473939856485,-0.01860494412375968,20,0.3,0.9092886233019067,-0.03699762224033144,0.001969400107430408,-0.006574247188546822,6,0.6666666666666666,1.4379394965484533,0.1250084010000889,0.05056574622929496
lb55_atr20_m3.0_r0.0025_tfnone_rfadx20,55,20,3.0,0.0025,none,adx20,-0.008346795903374948,-0.020521112423829813,21,0.19047619047619047,0.6962871432862652,-0.1498662030546483,0.002581619180760164,-0.006058425869937989,6,0.6666666666666666,1.6719714133737196,0.16429636968840353,0.04671501079975648
lb55_atr10_m3.0_r0.005_tfnone_rfadx20,55,10,3.0,0.005,none,adx20,-0.0041620496147766195,-0.03690061893122776,20,0.3,0.9026856042979695,-0.036997622240331436,0.003915488993062599,-0.013081861076704282,6,0.6666666666666666,1.4337881045314658,0.1250084010000889,0.046226866189197656
lb55_atr10_m3.0_r0.0025_tfma100_rfadx20,55,10,3.0,0.0025,ma100,adx20,-0.005205165667464984,-0.01860494412375968,19,0.2631578947368421,0.7842219838301773,-0.10400824906506001,0.001969400107430408,-0.006574247188546822,6,0.6666666666666666,1.4379394965484533,0.1250084010000889,0.04191414344461235
lb55_atr20_m3.0_r0.005_tfnone_rfadx20,55,20,3.0,0.005,none,adx20,-0.016924422488390656,-0.04066623465220476,21,0.19047619047619047,0.6923341481128277,-0.14986620305464832,0.005142153903190394,-0.012051336971466098,6,0.6666666666666666,1.666264744926577,0.16429636968840344,0.039732112451425855
lb55_atr20_m3.0_r0.0025_tfma100_rfadx20,55,20,3.0,0.0025,ma100,adx20,-0.01107663594507391,-0.0205211124238297,20,0.15,0.6321491026754553,-0.20933376001887027,0.002581619180760164,-0.006058425869937989,6,0.6666666666666666,1.6719714133737196,0.16429636968840353,0.03960972212020904
lb55_atr10_m3.0_r0.005_tfma100_rfadx20,55,10,3.0,0.005,ma100,adx20,-0.0107016490920534,-0.0369006189312282,19,0.2631578947368421,0.778791775574643,-0.10400824906506,0.003915488993062599,-0.013081861076704282,6,0.6666666666666666,1.4337881045314658,0.1250084010000889,0.03611973137566437
lb55_atr20_m3.0_r0.005_tfma100_rfadx20,55,20,3.0,0.005,ma100,adx20,-0.02233858564305713,-0.0406662346522042,20,0.15,0.6284205137588602,-0.20933376001887033,0.005142153903190394,-0.012051336971466098,6,0.6666666666666666,1.666264744926577,0.16429636968840344,0.03142123463673994
lb55_atr10_m2.5_r0.0025_tfnone_rfadx20,55,10,2.5,0.0025,none,adx20,-0.00709120225953741,-0.02275055484903543,23,0.17391304347826086,0.7695859844596016,-0.11538975593541498,0.00012659831255423803,-0.006774866710528293,7,0.42857142857142855,1.0150230164024365,0.007002298521899526,0.010846916553643867
lb55_atr10_m2.5_r0.005_tfnone_rfadx20,55,10,2.5,0.005,none,adx20,-0.014595350465437584,-0.045025546525374605,23,0.17391304347826086,0.7634540370033911,-0.11538975593541496,0.0002023632673853193,-0.013486276913509454,7,0.42857142857142855,1.0119705652104938,0.00700229852189962,0.002524346852150227
lb55_atr10_m2.5_r0.0025_tfma100_rfadx20,55,10,2.5,0.0025,ma100,adx20,-0.011251158584148047,-0.022750554849036098,22,0.09090909090909091,0.6680936022976536,-0.19173828790416367,0.00012659831255423803,-0.006774866710528293,7,0.42857142857142855,1.0150230164024365,0.007002298521899526,0.0012287696476030237
lb55_atr14_m3.0_r0.0025_tfnone_rfnone,55,14,3.0,0.0025,none,none,0.0005273694874330381,-0.015555214060619327,20,0.25,1.0243236893219034,0.010869996190667827,-0.0029401285889671946,-0.010664695093052123,8,0.5,0.7095988858577146,-0.13989135596493685,-0.004212448428060778
lb55_atr10_m2.5_r0.005_tfma100_rfadx20,55,10,2.5,0.005,ma100,adx20,-0.022844837196363543,-0.04502554652537483,22,0.09090909090909091,0.6625011841643013,-0.19173828790416358,0.0002023632673853193,-0.013486276913509454,7,0.42857142857142855,1.0119705652104938,0.00700229852189962,-0.008928423678842435
lb55_atr14_m3.0_r0.005_tfnone_rfnone,55,14,3.0,0.005,none,none,0.0007382777175195532,-0.030901841568559685,20,0.25,1.016923848965849,0.010869996190667846,-0.005917955740444958,-0.02120724890764092,8,0.5,0.7084404311060918,-0.13989135596493676,-0.011382971768447412
lb55_atr14_m3.0_r0.0025_tfma100_rfnone,55,14,3.0,0.0025,ma100,none,-0.0027402147772239704,-0.01555521406061977,19,0.21052631578947367,0.8893805302050136,-0.05289866217250766,-0.0029401285889671946,-0.010664695093052123,8,0.5,0.7095988858577146,-0.13989135596493685,-0.01202600527173029
lb55_atr14_m3.0_r0.005_tfma100_rfnone,55,14,3.0,0.005,ma100,none,-0.005797743053182036,-0.030901841568560018,19,0.21052631578947367,0.8832532112446163,-0.05289866217250765,-0.005917955740444958,-0.02120724890764092,8,0.5,0.7084404311060918,-0.13989135596493676,-0.020000276263973653
lb55_atr10_m3.0_r0.0025_tfnone_rfnone,55,10,3.0,0.0025,none,none,-0.0030058551302714065,-0.016671335424237266,21,0.2857142857142857,0.8677509574696682,-0.05380750503484476,-0.0038344340025558976,-0.010413555926601537,8,0.5,0.6276575011507102,-0.18341062419833473,-0.021830477581702337
lb30_atr14_m3.0_r0.0025_tfma100_rfadx20,30,14,3.0,0.0025,ma100,adx20,-0.01549998294564714,-0.02884927800692738,25,0.24,0.5896881834326428,-0.23370380162077822,-0.001659523750255576,-0.009394011541442482,8,0.5,0.82366949016573,-0.08113222822692161,-0.02574886105434503
lb10_atr20_m3.0_r0.0025_tfma100_rfadx20,10,20,3.0,0.0025,ma100,adx20,-0.034548324756950355,-0.04262767843247717,40,0.2,0.45960964850117453,-0.33358882969974146,0.0001729689778617871,-0.011218823118415377,10,0.4,1.014993963937006,0.0031723548522431923,-0.028391613523342383
lb55_atr20_m3.0_r0.0025_tfnone_rfnone,55,20,3.0,0.0025,none,none,-0.011487440888362177,-0.020570282853897615,23,0.17391304347826086,0.6292025920498128,-0.18840054473922854,-0.002693967288419974,-0.011101131127240649,8,0.5,0.7045138584497518,-0.12992396385531502,-0.029670208435900194
lb55_atr10_m3.0_r0.0025_tfma100_rfnone,55,10,3.0,0.0025,ma100,none,-0.006280031860870894,-0.016671335424238265,20,0.25,0.7546721935593858,-0.11830809465806255,-0.0038344340025558976,-0.010413555926601537,8,0.5,0.6276575011507102,-0.18341062419833473,-0.02996926994910487
lb55_atr10_m3.0_r0.005_tfnone_rfnone,55,10,3.0,0.005,none,none,-0.006317506333209155,-0.03309724683588566,21,0.2857142857142857,0.8615079941192239,-0.05380750503484476,-0.007697861798167005,-0.02071518378757231,8,0.5,0.6268412341282336,-0.1834106241983347,-0.03061548039274624
lb55_atr14_m2.5_r0.0025_tfnone_rfadx20,55,14,2.5,0.0025,none,adx20,-0.006438810779906601,-0.017683132014830072,21,0.23809523809523808,0.7449799853519286,-0.11780955974026568,-0.004161687069868525,-0.0080077654738413,9,0.4444444444444444,0.5249329590101061,-0.1792430034971263,-0.031120892243324563
lb10_atr14_m3.0_r0.0025_tfma100_rfadx20,10,14,3.0,0.0025,ma100,adx20,-0.028329891703857468,-0.03965537147786269,38,0.23684210526315788,0.5027754607863592,-0.2885246781980499,-0.0013941695036713275,-0.011311030513410869,10,0.4,0.8971275283720237,-0.05192534083014875,-0.03291851251985999
lb30_atr20_m3.0_r0.0025_tfma100_rfadx20,30,20,3.0,0.0025,ma100,adx20,-0.020967467815454444,-0.028533913779343112,26,0.15384615384615385,0.502415148698397,-0.30371960362131545,-0.0014305754741184007,-0.009848389546294856,8,0.5,0.837347823760484,-0.07188719157113581,-0.03343099856137638
lb10_atr10_m3.0_r0.0025_tfma100_rfadx20,10,10,3.0,0.0025,ma100,adx20,-0.029894805733897023,-0.039905387161322414,39,0.23076923076923078,0.5049462316870537,-0.29736177249348333,-0.0013005593108769142,-0.012134345135405789,10,0.4,0.9116018918778561,-0.04850749216019186,-0.03373310438390532
lb55_atr20_m3.0_r0.0025_tfma100_rfnone,55,20,3.0,0.0025,ma100,none,-0.01420863530838401,-0.02057028285389728,22,0.13636363636363635,0.5771235910463128,-0.2442135211469113,-0.002693967288419974,-0.011101131127240649,8,0.5,0.7045138584497518,-0.12992396385531502,-0.036325210871118965
lb30_atr14_m3.0_r0.0025_tfnone_rfadx20,30,14,3.0,0.0025,none,adx20,-0.010735637250058883,-0.029672090153610275,28,0.32142857142857145,0.7182886536817189,-0.14424861186381288,-0.004869447102998192,-0.012579066511530956,10,0.4,0.6139593858156951,-0.19312476084303296,-0.03942417087169137
lb55_atr10_m3.0_r0.005_tfma100_rfnone,55,10,3.0,0.005,ma100,none,-0.012842951074141462,-0.03309724683588555,20,0.25,0.749194245944754,-0.11830809465806262,-0.007697861798167005,-0.02071518378757231,8,0.5,0.6268412341282336,-0.1834106241983347,-0.04009895538103769
lb30_atr14_m3.0_r0.005_tfma100_rfadx20,30,14,3.0,0.005,ma100,adx20,-0.03111684636047818,-0.05693748746660987,25,0.24,0.5874952785532509,-0.2337038016207782,-0.0033604257468941023,-0.01868905452635783,8,0.5,0.8220046877866023,-0.0811322282269216,-0.04011649533723033
lb55_atr14_m2.5_r0.005_tfnone_rfadx20,55,14,2.5,0.005,none,adx20,-0.013060297400289245,-0.03510105612885206,21,0.23809523809523808,0.7417799336849987,-0.11780955974026572,-0.008332453761185743,-0.01597020019941353,9,0.4444444444444444,0.5245787108863831,-0.17924300349712627,-0.04094373368824844
lb30_atr10_m3.0_r0.0025_tfma100_rfadx20,30,10,3.0,0.0025,ma100,adx20,-0.017152239034823547,-0.031959802488012556,26,0.2692307692307692,0.5762701402380358,-0.2532708128677602,-0.002877949047712658,-0.009463388025219177,8,0.5,0.702614477394657,-0.14047510812292416,-0.0414728151910003
lb55_atr14_m2.5_r0.0025_tfma100_rfadx20,55,14,2.5,0.0025,ma100,adx20,-0.010638958947582933,-0.017683132014829628,20,0.15,0.6262558882222633,-0.20215864369318104,-0.004161687069868525,-0.0080077654738413,9,0.4444444444444444,0.5249329590101061,-0.1792430034971263,-0.04163810678452042
lb55_atr20_m3.0_r0.005_tfnone_rfnone,55,20,3.0,0.005,none,none,-0.023153302821964816,-0.040764742791613795,23,0.17391304347826086,0.6255426158053942,-0.1884005447392286,-0.005422258211290831,-0.022063902088819698,8,0.5,0.7033902207063273,-0.12992396385531502,-0.04215829184145435
lb20_atr10_m3.0_r0.0025_tfma100_rfadx20,20,10,3.0,0.0025,ma100,adx20,-0.03075387409631347,-0.04236453148354036,34,0.20588235294117646,0.46128022823129944,-0.35233337781944657,-0.0014556720046335903,-0.01225845678583981,9,0.4444444444444444,0.8752324406534522,-0.06587668873323207,-0.043381753607084364
lb55_atr10_m2.5_r0.0025_tfnone_rfnone,55,10,2.5,0.0025,none,none,-0.007757408754726858,-0.02031612782515335,24,0.16666666666666666,0.7570789871627785,-0.11995497520618038,-0.005815256432430416,-0.01267571914364185,9,0.3333333333333333,0.5951388736525055,-0.24502029504894823,-0.043586490724894005
lb20_atr14_m3.0_r0.0025_tfma100_rfadx20,20,14,3.0,0.0025,ma100,adx20,-0.030133927563136487,-0.04035901911318074,32,0.21875,0.4290209076608481,-0.3634945311163207,-0.0016881961383878874,-0.011404855534040248,9,0.4444444444444444,0.8520378583359286,-0.07354945977970341,-0.04574240131311087
lb55_atr20_m3.0_r0.005_tfma100_rfnone,55,20,3.0,0.005,ma100,none,-0.028533161213938563,-0.04076474279161468,22,0.13636363636363635,0.5735135311573006,-0.2442135211469114,-0.005422258211290831,-0.022063902088819698,8,0.5,0.7033902207063273,-0.12992396385531502,-0.05000916894231989
lb30_atr10_m3.0_r0.0025_tfnone_rfadx20,30,10,3.0,0.0025,none,adx20,-0.010414635002726325,-0.031344346294824965,29,0.3103448275862069,0.740793152580996,-0.13853846125140745,-0.006257183556970025,-0.012820304561837137,10,0.4,0.5205481883130703,-0.24639441332161938,-0.050081714124969486
lb30_atr20_m3.0_r0.005_tfma100_rfadx20,30,20,3.0,0.005,ma100,adx20,-0.04184472546645479,-0.05633701375731648,26,0.15384615384615385,0.5003303272711842,-0.30371960362131545,-0.0029002244624717344,-0.019584067944648398,8,0.5,0.8356592470766748,-0.07188719157113585,-0.050112599698729096
lb20_atr20_m3.0_r0.0025_tfma100_rfadx20,20,20,3.0,0.0025,ma100,adx20,-0.03632867253932315,-0.040845836359152954,34,0.17647058823529413,0.39501835163757254,-0.41316508563608645,-0.001494529903202868,-0.011219084416905778,9,0.4444444444444444,0.8563565769116577,-0.0664949066467628,-0.051915994509418584
lb10_atr20_m3.0_r0.005_tfma100_rfadx20,10,20,3.0,0.005,ma100,adx20,-0.06829015602309085,-0.08356133199150417,40,0.2,0.4590982554408291,-0.3335888296997415,0.00026972379773937405,-0.022291014061943892,10,0.4,1.011625904975463,0.0031723548522431646,-0.052202750362637856
lb55_atr10_m2.5_r0.0025_tfma100_rfnone,55,10,2.5,0.0025,ma100,none,-0.011914573896571579,-0.020316127825152908,23,0.08695652173913043,0.660085657324911,-0.19318249357936462,-0.005815256432430416,-0.01267571914364185,9,0.3333333333333333,0.5951388736525055,-0.24502029504894823,-0.052883052859675296
lb55_atr14_m2.5_r0.005_tfma100_rfadx20,55,14,2.5,0.005,ma100,adx20,-0.021397415524838648,-0.03510105612885217,20,0.15,0.6232825820920129,-0.20215864369318104,-0.008332453761185743,-0.01597020019941353,9,0.4444444444444444,0.5245787108863831,-0.17924300349712627,-0.05332020388190213
lb10_atr14_m3.0_r0.0025_tfnone_rfadx20,10,14,3.0,0.0025,none,adx20,-0.03936268690412281,-0.05457074002077611,56,0.26785714285714285,0.5094516943866084,-0.27939777837601104,-0.004966842419711681,-0.016735374229600586,18,0.3333333333333333,0.7658683037442939,-0.10883650258693552,-0.05428563590450636
lb30_atr14_m3.0_r0.005_tfnone_rfadx20,30,14,3.0,0.005,none,adx20,-0.02194783352118168,-0.05855358515633424,28,0.32142857142857145,0.7130845166652384,-0.1442486118638129,-0.00976438613410291,-0.02499451999721991,10,0.4,0.6133383833517728,-0.19312476084303293,-0.05450005585418423
lb10_atr14_m3.0_r0.005_tfma100_rfadx20,10,14,3.0,0.005,ma100,adx20,-0.056299364303453836,-0.07785787965778745,38,0.23684210526315788,0.5021015227071468,-0.2885246781980499,-0.002871462137666869,-0.02247563108392947,10,0.4,0.8945090501042703,-0.05192534083014875,-0.054626570107953146
lb30_atr20_m3.0_r0.0025_tfnone_rfadx20,30,20,3.0,0.0025,none,adx20,-0.016383930187665263,-0.029073678495518562,29,0.2413793103448276,0.6186568849814925,-0.21169157672775096,-0.005573896783743759,-0.013956783180819166,10,0.4,0.5690116755373174,-0.22081159106837464,-0.05495076197889975
lb10_atr10_m3.0_r0.005_tfma100_rfadx20,10,10,3.0,0.005,ma100,adx20,-0.059303946773213934,-0.07834798834581191,39,0.23076923076923078,0.5044139053532696,-0.29736177249348333,-0.0021395433155995125,-0.02408462108159759,10,0.4,0.9262036932040003,-0.048507492160191776,-0.05563854926667866
lb55_atr20_m2.5_r0.0025_tfnone_rfadx20,55,20,2.5,0.0025,none,adx20,-0.006617861500769262,-0.021315345129097607,23,0.17391304347826086,0.7795540281750983,-0.10405935501850737,-0.007053954749314251,-0.00884112984665919,9,0.3333333333333333,0.2665672398383195,-0.2964176102785438,-0.05611745027708005
lb55_atr10_m2.5_r0.005_tfnone_rfnone,55,10,2.5,0.005,none,none,-0.015922522569138398,-0.040257278110253814,24,0.16666666666666666,0.7506963982123992,-0.11995497520618041,-0.011664585836029584,-0.02519081648632604,9,0.3333333333333333,0.5942897247331673,-0.24502029504894818,-0.056607185050276766
lb10_atr10_m3.0_r0.0025_tfnone_rfadx20,10,10,3.0,0.0025,none,adx20,-0.03998934614781535,-0.05852946550496496,58,0.25862068965517243,0.5424915878195424,-0.2777471340131155,-0.005669706424226595,-0.01669370391574021,19,0.3157894736842105,0.7575643285965283,-0.11954591193912895,-0.05690845132514765
lb30_atr10_m3.0_r0.005_tfma100_rfadx20,30,10,3.0,0.005,ma100,adx20,-0.03438173906515318,-0.06297240162031781,26,0.2692307692307692,0.5746232209612365,-0.25327081286776015,-0.005788816904956695,-0.018831182327314955,8,0.5,0.7015059302756611,-0.14047510812292413,-0.057643367244427306
lb10_atr10_m2.5_r0.0025_tfma100_rfadx20,10,10,2.5,0.0025,ma100,adx20,-0.05227466054789964,-0.05770040059091397,48,0.14583333333333334,0.35150223161834004,-0.420775193938852,-0.002014195503147187,-0.014419068418669134,12,0.4166666666666667,0.883667710534417,-0.061147032153127,-0.0622903470519867
lb20_atr10_m2.5_r0.0025_tfma100_rfadx20,20,10,2.5,0.0025,ma100,adx20,-0.041216630609892446,-0.047281154431678796,38,0.15789473684210525,0.39340275032645794,-0.4184174053423111,-0.002633665178190747,-0.014547317157654782,10,0.3,0.8293211552771692,-0.10327738763898404,-0.06348927075633631
lb55_atr20_m2.5_r0.0025_tfma100_rfadx20,55,20,2.5,0.0025,ma100,adx20,-0.010383254718323576,-0.02131534512909805,22,0.13636363636363635,0.6860317523096716,-0.17326990677953547,-0.007053954749314251,-0.00884112984665919,9,0.3333333333333333,0.2665672398383195,-0.2964176102785438,-0.06476256575094749
lb20_atr10_m3.0_r0.0025_tfnone_rfadx20,20,10,3.0,0.0025,none,adx20,-0.030097962872400186,-0.050117978411291286,41,0.21951219512195122,0.5405822868784871,-0.29147456237037905,-0.006411545972809574,-0.017160715467863796,14,0.2857142857142857,0.6507519165160266,-0.1812606868526808,-0.06514184601353287
lb30_atr10_m3.0_r0.005_tfnone_rfadx20,30,10,3.0,0.005,none,adx20,-0.021128781759876203,-0.06179342895936568,29,0.3103448275862069,0.7382373976903466,-0.1385384612514075,-0.012521381713297197,-0.02547542729782515,10,0.4,0.5202872726457027,-0.24639441332161932,-0.06593351591792494
lb55_atr14_m2.5_r0.0025_tfnone_rfnone,55,14,2.5,0.0025,none,none,-0.00618953239399489,-0.01761054333808021,24,0.25,0.7863106153444007,-0.09788830699202027,-0.010062671770894371,-0.013885959678130888,11,0.36363636363636365,0.3134213961179199,-0.3509880544591897,-0.06640301953631922
lb20_atr10_m3.0_r0.005_tfma100_rfadx20,20,10,3.0,0.005,ma100,adx20,-0.06097180838413763,-0.08304540861596443,34,0.20588235294117646,0.4612958231626683,-0.3523333778194466,-0.0029915024184197225,-0.024329389602265716,9,0.4444444444444444,0.8723261185830042,-0.0658766887332321,-0.06671480562859208
lb55_atr10_m2.5_r0.005_tfma100_rfnone,55,10,2.5,0.005,ma100,none,-0.024160898647537676,-0.0402572781102537,23,0.08695652173913043,0.6540364667847611,-0.19318249357936462,-0.011664585836029584,-0.02519081648632604,9,0.3333333333333333,0.5942897247331673,-0.24502029504894818,-0.06773679142320026
lb55_atr20_m2.5_r0.005_tfnone_rfadx20,55,20,2.5,0.005,none,adx20,-0.013621921428180528,-0.0422369704189135,23,0.17391304347826086,0.7738990294973117,-0.10405935501850744,-0.014081189106532332,-0.01761532760245277,9,0.3333333333333333,0.26575368544558353,-0.29641761027854385,-0.06842445178070211
lb20_atr14_m3.0_r0.005_tfma100_rfadx20,20,14,3.0,0.005,ma100,adx20,-0.0597428232263133,-0.07918578664293141,32,0.21875,0.42896096227327907,-0.3634945311163207,-0.0034418213346070203,-0.02266118601981526,9,0.4444444444444444,0.8497712855963865,-0.07354945977970344,-0.06843811919491812
lb30_atr10_m2.5_r0.0025_tfma100_rfadx20,30,10,2.5,0.0025,ma100,adx20,-0.026704897230428126,-0.03600413606884301,30,0.13333333333333333,0.47188816814043943,-0.3372973116878176,-0.005052618691835931,-0.011918344054496433,9,0.3333333333333333,0.6288191855843663,-0.21522021156802798,-0.07020549180612835
lb30_atr20_m3.0_r0.005_tfnone_rfadx20,30,20,3.0,0.005,none,adx20,-0.032998268697943534,-0.0573994143102986,29,0.2413793103448276,0.615287400078558,-0.2116915767277509,-0.011166372542985914,-0.027711903767794532,10,0.4,0.5687083125815182,-0.2208115910683747,-0.07308630551190985
lb30_atr10_m2.5_r0.0025_tfnone_rfadx20,30,10,2.5,0.0025,none,adx20,-0.019898502640049887,-0.03593326464276381,33,0.24242424242424243,0.6121279335967189,-0.22779537321015364,-0.008302729736267445,-0.015146027410541163,11,0.2727272727272727,0.5073585657568765,-0.29345061592498073,-0.07378643662837037
lb55_atr14_m2.5_r0.0025_tfma100_rfnone,55,14,2.5,0.0025,ma100,none,-0.010390734352990094,-0.01761054333808043,23,0.17391304347826086,0.6769754572231793,-0.1703691950924577,-0.010062671770894371,-0.013885959678130888,11,0.36363636363636365,0.3134213961179199,-0.3509880544591897,-0.0750090294115483
lb20_atr14_m3.0_r0.0025_tfnone_rfadx20,20,14,3.0,0.0025,none,adx20,-0.03291339197272802,-0.04948305965454336,39,0.2564102564102564,0.4659873610386576,-0.33004443810208006,-0.0073624495663996425,-0.017023880938431213,14,0.2857142857142857,0.6075097471770217,-0.20688752319777978,-0.07597301453758899
lb10_atr20_m3.0_r0.0025_tfnone_rfadx20,10,20,3.0,0.0025,none,adx20,-0.04819646872716066,-0.058514128337463944,58,0.20689655172413793,0.4546183849927433,-0.32755180425680963,-0.0074309903362028695,-0.019545240397255803,18,0.3333333333333333,0.6680177092603297,-0.16245827647548122,-0.07630961050940163
lb20_atr20_m3.0_r0.005_tfma100_rfadx20,20,20,3.0,0.005,ma100,adx20,-0.07172681397934333,-0.08014615680941817,34,0.17647058823529413,0.3946679967310655,-0.4131650856360864,-0.003046404186274443,-0.022294267119550515,9,0.4444444444444444,0.8541939668607389,-0.06649490664676283,-0.07712613100135306
lb20_atr10_m2.5_r0.0025_tfnone_rfadx20,20,10,2.5,0.0025,none,adx20,-0.04171684184688029,-0.05557031505604393,45,0.2222222222222222,0.46028820342324445,-0.36150842022499263,-0.0068019369215827075,-0.018665798430712255,15,0.26666666666666666,0.6891879887177494,-0.17737769210803478,-0.07733026565910028
lb55_atr20_m2.5_r0.005_tfma100_rfadx20,55,20,2.5,0.005,ma100,adx20,-0.021095071102190777,-0.04223697041891339,22,0.13636363636363635,0.6809566296095121,-0.17326990677953555,-0.014081189106532332,-0.01761532760245277,9,0.3333333333333333,0.26575368544558353,-0.29641761027854385,-0.07872733407624821
lb55_atr14_m2.5_r0.005_tfnone_rfnone,55,14,2.5,0.005,none,none,-0.0125901567189729,-0.03496220389631832,24,0.25,0.782915704509779,-0.09788830699202027,-0.020067577179101126,-0.02761494060799552,11,0.36363636363636365,0.31373742885939143,-0.3509880544591896,-0.08153510611894176
lb10_atr10_m2.5_r0.0025_tfnone_rfadx20,10,10,2.5,0.0025,none,adx20,-0.07512530814136176,-0.08392924696611659,71,0.18309859154929578,0.35543073124523983,-0.42052873836597365,-0.0042310617568126485,-0.016955286811475068,21,0.38095238095238093,0.8377565852919308,-0.08029331166732552,-0.08206759343779503
lb10_atr14_m3.0_r0.005_tfnone_rfadx20,10,14,3.0,0.005,none,adx20,-0.08063266817023529,-0.10632877900763515,56,0.26785714285714285,0.49087377857569636,-0.27939777837601104,-0.010030627697735883,-0.033213033544210124,18,0.3333333333333333,0.7642715837696716,-0.10883650258693552,-0.08739873041264876
lb55_atr20_m2.5_r0.0025_tfnone_rfnone,55,20,2.5,0.0025,none,none,-0.009312768330753562,-0.020796838235122017,25,0.2,0.7192513430480382,-0.1357472054103871,-0.012361985389155672,-0.013738239443055633,11,0.2727272727272727,0.17168035052699826,-0.42807953391156167,-0.08862407952942346
lb20_atr20_m3.0_r0.0025_tfnone_rfadx20,20,20,3.0,0.0025,none,adx20,-0.039055567785564405,-0.04977153429817749,41,0.21951219512195122,0.43777139976459273,-0.37292818093704416,-0.008280868878697056,-0.01793933049126717,14,0.2857142857142857,0.5558966288559833,-0.23230112239575898,-0.08870528837734397
lb55_atr14_m2.5_r0.005_tfma100_rfnone,55,14,2.5,0.005,ma100,none,-0.020931246330722075,-0.034962203896318655,23,0.17391304347826086,0.6737416647386301,-0.17036919509245765,-0.020067577179101126,-0.02761494060799552,11,0.36363636363636365,0.31373742885939143,-0.3509880544591896,-0.0912815174785886
lb30_atr10_m2.5_r0.005_tfma100_rfadx20,30,10,2.5,0.005,ma100,adx20,-0.05316223096104822,-0.07079319053816313,30,0.13333333333333333,0.46972389859528657,-0.3372973116878178,-0.010143704634045458,-0.023690749867766647,9,0.3333333333333333,0.6278208978081911,-0.21522021156802795,-0.09288487383213723
lb20_atr10_m2.5_r0.005_tfma100_rfadx20,20,10,2.5,0.005,ma100,adx20,-0.08123664644554485,-0.09244625427693653,38,0.15789473684210525,0.3926280014472781,-0.4184174053423111,-0.005387278918679073,-0.028838533877940553,10,0.3,0.8261269851272581,-0.10327738763898395,-0.09312201694641349
lb10_atr10_m3.0_r0.005_tfnone_rfadx20,10,10,3.0,0.005,none,adx20,-0.08697295030222163,-0.11381545840459883,58,0.25862068965517243,0.49387423451448376,-0.27774713401311546,-0.011454950125956542,-0.033115334192246326,19,0.3157894736842105,0.755636487351282,-0.11954591193912893,-0.0937906952224077
lb30_atr14_m2.5_r0.0025_tfma100_rfadx20,30,14,2.5,0.0025,ma100,adx20,-0.026543217114385786,-0.031899073286096646,28,0.17857142857142858,0.4239654911062202,-0.36021767116347103,-0.008823082766288515,-0.01265115815402107,11,0.36363636363636365,0.36160665954791144,-0.3096843640604848,-0.0948921024718642
lb20_atr10_m3.0_r0.005_tfnone_rfadx20,20,10,3.0,0.005,none,adx20,-0.06348672176129033,-0.09786470153232185,41,0.21951219512195122,0.5116261740897464,-0.29147456237037905,-0.012882506372809965,-0.034008707169803976,14,0.2857142857142857,0.6495780818955654,-0.18126068685268085,-0.09511776377236317
lb10_atr10_m2.5_r0.005_tfma100_rfadx20,10,10,2.5,0.005,ma100,adx20,-0.1024966849366088,-0.1118353173155111,48,0.14583333333333334,0.3488402843974187,-0.420775193938852,-0.002611909565160775,-0.028586435758007456,12,0.4166666666666667,0.9214944554726733,-0.061147032153126994,-0.09577173353020854
lb55_atr14_m2.0_r0.0025_tfnone_rfadx20,55,14,2.0,0.0025,none,adx20,-0.027457701587666028,-0.03219092386431677,28,0.25,0.29694657817141135,-0.3715955387140691,-0.008764820985275867,-0.010769755669396974,11,0.18181818181818182,0.35636490709742114,-0.3017232584140468,-0.09596106744196313
lb55_atr20_m2.5_r0.0025_tfma100_rfnone,55,20,2.5,0.0025,ma100,none,-0.013067946563049992,-0.02079683823512135,24,0.16666666666666666,0.6391062232017883,-0.2005105382909913,-0.012361985389155672,-0.013738239443055633,11,0.2727272727272727,0.17168035052699826,-0.42807953391156167,-0.09621238170771484
lb30_atr10_m2.5_r0.005_tfnone_rfadx20,30,10,2.5,0.005,none,adx20,-0.04045675594677123,-0.07067913209587617,33,0.24242424242424243,0.6043869887276362,-0.22779537321015364,-0.0166049819927242,-0.030063599020194176,11,0.2727272727272727,0.5069861623973188,-0.2934506159249806,-0.09643542120602841
lb30_atr14_m2.5_r0.0025_tfnone_rfadx20,30,14,2.5,0.0025,none,adx20,-0.023044315213056832,-0.03547697628584601,32,0.25,0.5254441649028708,-0.27558594358758903,-0.011971674297332369,-0.015787589347655562,13,0.3076923076923077,0.2940524652448586,-0.3594645773404301,-0.09730148969779631
lb55_atr10_m2.0_r0.0025_tfnone_rfadx20,55,10,2.0,0.0025,none,adx20,-0.03466505175822232,-0.03838416515443055,29,0.1724137931034483,0.21673617087621364,-0.45509217684095044,-0.0069505258082663834,-0.008901375528271749,10,0.2,0.3901953582175493,-0.2657770638214879,-0.10023500230984997
lb20_atr14_m2.5_r0.0025_tfma100_rfadx20,20,14,2.5,0.0025,ma100,adx20,-0.041070759169298254,-0.04388797553273205,37,0.21621621621621623,0.36167078459488927,-0.42989697850238234,-0.008307753477894142,-0.013108880682170643,12,0.3333333333333333,0.4673046639401524,-0.2675940014244403,-0.10079375825632353
lb55_atr10_m2.0_r0.0025_tfma100_rfadx20,55,10,2.0,0.0025,ma100,adx20,-0.03524132988431383,-0.03524132988431383,27,0.14814814814814814,0.18670969439654533,-0.4968809105818479,-0.0069505258082663834,-0.008901375528271749,10,0.2,0.3901953582175493,-0.2657770638214879,-0.10402612273413986
lb20_atr14_m3.0_r0.005_tfnone_rfadx20,20,14,3.0,0.005,none,adx20,-0.06655686108286607,-0.09664953549758293,39,0.2564102564102564,0.4555467796232691,-0.33004443810208006,-0.01476060910549537,-0.03376168256133005,14,0.2857142857142857,0.6067691675348984,-0.20688752319777984,-0.10626076583151597
lb30_atr20_m2.5_r0.0025_tfma100_rfadx20,30,20,2.5,0.0025,ma100,adx20,-0.026146359381716833,-0.03590828479502739,30,0.2,0.4846740874048611,-0.327066623721899,-0.010934710882582466,-0.012312953815299066,11,0.2727272727272727,0.24689216205326114,-0.38022974131514664,-0.10651066803206238
lb55_atr20_m2.5_r0.005_tfnone_rfnone,55,20,2.5,0.005,none,none,-0.018980099257549288,-0.041225036544397575,25,0.2,0.7140136235484089,-0.13574720541038712,-0.024608315305716166,-0.027322910641156883,11,0.2727272727272727,0.17139730708458253,-0.42807953391156156,-0.10667813737522086
lb55_atr14_m2.0_r0.0025_tfma100_rfadx20,55,14,2.0,0.0025,ma100,adx20,-0.0329693508519584,-0.03366216122000776,27,0.18518518518518517,0.22177267305240508,-0.4622563339502909,-0.008764820985275867,-0.010769755669396974,11,0.18181818181818182,0.35636490709742114,-0.3017232584140468,-0.10736942842761041
lb30_atr14_m3.0_r0.0025_tfma100_rfnone,30,14,3.0,0.0025,ma100,none,-0.017419934936042103,-0.02490214206914787,28,0.21428571428571427,0.5960701268653831,-0.23488277375211797,-0.014849840115004564,-0.021070386137855612,12,0.3333333333333333,0.34207558411984307,-0.4603339818915108,-0.10739828760825199
lb10_atr14_m2.5_r0.0025_tfma100_rfadx20,10,14,2.5,0.0025,ma100,adx20,-0.048846339959021434,-0.054283363165809395,47,0.19148936170212766,0.35789102391312544,-0.4037560324896386,-0.010462803755466599,-0.01676997395283597,14,0.2857142857142857,0.4958621564633895,-0.28640303622455276,-0.10813723754522622
lb20_atr14_m2.5_r0.0025_tfnone_rfadx20,20,14,2.5,0.0025,none,adx20,-0.044687221384433484,-0.0557854892323304,45,0.24444444444444444,0.4073275246135362,-0.39060182858330034,-0.013095793782738618,-0.017873740417999495,17,0.29411764705882354,0.41790315723010407,-0.2999440503830776,-0.11026159481856718
lb30_atr14_m3.0_r0.0025_tfnone_rfnone,30,14,3.0,0.0025,none,none,-0.0169983686332299,-0.027030458513730093,33,0.2727272727272727,0.6436209158503539,-0.19552891514699072,-0.01801735318234232,-0.024217898537664984,14,0.2857142857142857,0.2997745231594661,-0.4861569689509347,-0.11134918956862958
lb30_atr20_m2.5_r0.0025_tfnone_rfadx20,30,20,2.5,0.0025,none,adx20,-0.022635684585313842,-0.039006557470536385,34,0.20588235294117646,0.5735489362924274,-0.2505967982613721,-0.014909200402848377,-0.01628190496296944,13,0.23076923076923078,0.19343670464654686,-0.44301199794705204,-0.11220272156379286
lb20_atr10_m2.5_r0.005_tfnone_rfadx20,20,10,2.5,0.005,none,adx20,-0.08451642139286897,-0.10821099740718954,45,0.2222222222222222,0.4451592713071571,-0.36150842022499263,-0.013708137194701986,-0.03696320064668135,15,0.26666666666666666,0.6873277736102644,-0.17737769210803472,-0.112710634692138
lb10_atr20_m2.5_r0.0025_tfma100_rfadx20,10,20,2.5,0.0025,ma100,adx20,-0.046228389337584885,-0.05528479591705948,48,0.16666666666666666,0.4274359794414093,-0.3718305086787108,-0.013096642908094647,-0.017266757828001467,16,0.3125,0.2999050025335569,-0.31626996890738346,-0.11382797138833183
lb10_atr20_m3.0_r0.005_tfnone_rfadx20,10,20,3.0,0.005,none,adx20,-0.09480283975761361,-0.11378175433905935,58,0.20689655172413793,0.45437683035167076,-0.32755180425680963,-0.014919099915300826,-0.03872549988637719,18,0.3333333333333333,0.6674171251908131,-0.16245827647548125,-0.11413952056209109
lb55_atr20_m2.5_r0.005_tfma100_rfnone,55,20,2.5,0.005,ma100,none,-0.02641265347859023,-0.041225036544397686,24,0.16666666666666666,0.6341406603408767,-0.20051053829099127,-0.024608315305716166,-0.027322910641156883,11,0.2727272727272727,0.17139730708458253,-0.42807953391156156,-0.11540260130578789
lb20_atr10_m3.0_r0.0025_tfma100_rfnone,20,10,3.0,0.0025,ma100,none,-0.03372176108733904,-0.03952303039510785,37,0.1891891891891892,0.4657392101920065,-0.35453264577620447,-0.013723151799530875,-0.020792655797051585,13,0.3076923076923077,0.42569553878811633,-0.3955913303260624,-0.11577571371161176
lb20_atr14_m3.0_r0.0025_tfma100_rfnone,20,14,3.0,0.0025,ma100,none,-0.031716898648606606,-0.036151633841535746,35,0.2,0.45104288497622447,-0.3498127177601971,-0.014116535387539542,-0.02034171172563759,13,0.3076923076923077,0.40685428869824897,-0.4031636507539904,-0.11583986977117498
lb10_atr20_m3.0_r0.0025_tfma100_rfnone,10,20,3.0,0.0025,ma100,none,-0.04305538005930898,-0.04537774921489224,45,0.17777777777777778,0.40749348357187704,-0.37061874330041716,-0.013886248410345248,-0.025117908522965138,15,0.26666666666666666,0.45724585875288115,-0.35136918233297826,-0.11622755510314435
lb55_atr14_m2.0_r0.0025_tfnone_rfnone,55,14,2.0,0.0025,none,none,-0.025373167524131768,-0.03011653492565991,31,0.2903225806451613,0.402136387382129,-0.3085667254463717,-0.014859909957312789,-0.016852516330714495,13,0.15384615384615385,0.2458540468427102,-0.43236382206014573,-0.11643096857834549
lb55_atr20_m2.0_r0.0025_tfnone_rfadx20,55,20,2.0,0.0025,none,adx20,-0.034800457692293785,-0.03894933452086513,29,0.20689655172413793,0.22941192160301177,-0.4551890497190054,-0.009870181512933951,-0.011879724880175413,11,0.18181818181818182,0.281156066828254,-0.34036083167622655,-0.1168767496132298
lb30_atr14_m2.5_r0.005_tfma100_rfadx20,30,14,2.5,0.005,ma100,adx20,-0.05191516966450349,-0.06287343059287875,28,0.17857142857142858,0.42663958442021915,-0.3602176711634711,-0.0176091083959371,-0.025175406760499452,11,0.36363636363636365,0.36180397789985186,-0.3096843640604848,-0.11870258418869795
lb10_atr14_m3.0_r0.0025_tfma100_rfnone,10,14,3.0,0.0025,ma100,none,-0.0361974709897932,-0.041690761932519305,42,0.21428571428571427,0.43581218007160183,-0.33298014141882026,-0.01614405359807569,-0.025914437843904015,15,0.26666666666666666,0.42928030344934515,-0.40465181987417487,-0.11968724123000245
lb30_atr10_m3.0_r0.0025_tfnone_rfnone,30,10,3.0,0.0025,none,none,-0.01772380959632247,-0.0297638124018611,34,0.2647058823529412,0.648715536264031,-0.20060412379704157,-0.01916205995977538,-0.025186455018049836,14,0.2857142857142857,0.260977445969919,-0.520500876614682,-0.1197515893648069
lb55_atr14_m2.0_r0.005_tfnone_rfadx20,55,14,2.0,0.005,none,adx20,-0.05393062029833828,-0.06311049416156078,28,0.25,0.2994300586768996,-0.3715955387140691,-0.01749557944319058,-0.021462107099309624,11,0.18181818181818182,0.35544807733108313,-0.3017232584140468,-0.11977635086214612
lb30_atr10_m3.0_r0.0025_tfma100_rfnone,30,10,3.0,0.0025,ma100,none,-0.02033838312862779,-0.029262427772741018,29,0.2413793103448276,0.56493476898103,-0.2687886923744877,-0.015826708639362974,-0.02187158972615655,12,0.3333333333333333,0.29968908172199704,-0.49557241703106225,-0.11991409155895212
lb30_atr20_m3.0_r0.0025_tfma100_rfnone,30,20,3.0,0.0025,ma100,none,-0.02799362233002034,-0.02959898437302666,30,0.13333333333333333,0.43388701196022245,-0.3530155321282909,-0.014007791887261756,-0.02055104193520807,12,0.3333333333333333,0.34379979070406214,-0.43659199192835035,-0.12036369250715177
lb10_atr14_m2.5_r0.0025_tfnone_rfadx20,10,14,2.5,0.0025,none,adx20,-0.06424244574206883,-0.0725939450881471,68,0.22058823529411764,0.3745180888722711,-0.37649025232834754,-0.017546902835177236,-0.023959214599133638,24,0.20833333333333334,0.4605824070317892,-0.2847544960582033,-0.12125415106930348
lb20_atr20_m3.0_r0.005_tfnone_rfadx20,20,20,3.0,0.005,none,adx20,-0.07882695952716168,-0.09721942535779626,41,0.21951219512195122,0.4249888212314041,-0.37292818093704416,-0.01657462187359371,-0.03556129985215328,14,0.2857142857142857,0.5556500336881175,-0.232301122395759,-0.12252742127080479
lb30_atr14_m2.5_r0.005_tfnone_rfadx20,30,14,2.5,0.005,none,adx20,-0.04633226159890258,-0.06980645180169431,32,0.25,0.5164901069185431,-0.275585943587589,-0.02384597193666338,-0.03136423446252712,13,0.3076923076923077,0.2941812456906506,-0.3594645773404301,-0.12325948996528681
lb20_atr20_m2.5_r0.0025_tfma100_rfadx20,20,20,2.5,0.0025,ma100,adx20,-0.04078016062993506,-0.04737850691512502,38,0.18421052631578946,0.41490984679234383,-0.41279853542065087,-0.012949574047776857,-0.014325009308494008,13,0.23076923076923078,0.2168135625259808,-0.3824268780879866,-0.12551065307610254
lb55_atr10_m2.0_r0.0025_tfnone_rfnone,55,10,2.0,0.0025,none,none,-0.034386058765791594,-0.03810624702889187,33,0.18181818181818182,0.295661981598666,-0.3953907778880947,-0.013071781309578201,-0.015010605798322474,12,0.16666666666666666,0.2534703941578739,-0.41383303435053803,-0.1256982759107891
lb20_atr20_m3.0_r0.0025_tfma100_rfnone,20,20,3.0,0.0025,ma100,none,-0.04285403054651715,-0.043396281132461856,38,0.15789473684210525,0.3588959866653055,-0.4364600231076975,-0.013182608388138228,-0.019731334525982414,13,0.3076923076923077,0.4024502350520322,-0.37851131276623123,-0.1258225275976446
lb20_atr10_m3.0_r0.0025_tfnone_rfnone,20,10,3.0,0.0025,none,none,-0.03698133656616731,-0.04829095233333913,46,0.1956521739130435,0.5089840245437479,-0.3178894152194168,-0.020973701152500857,-0.027991234156554023,19,0.21052631578947367,0.3616564889699733,-0.42239686919859515,-0.12627377257986913
lb55_atr10_m2.0_r0.005_tfnone_rfadx20,55,10,2.0,0.005,none,adx20,-0.06782543714242117,-0.07498058573850297,29,0.1724137931034483,0.21876619959208551,-0.4550921768409505,-0.0138864734611025,-0.017753325060866687,10,0.2,0.3894745573968288,-0.26577706382148786,-0.12638969301653152
lb55_atr20_m2.0_r0.0025_tfma100_rfadx20,55,20,2.0,0.0025,ma100,adx20,-0.03948903641464918,-0.03948903641464918,28,0.14285714285714285,0.1824801532457123,-0.5354750648408957,-0.009870181512933951,-0.011879724880175413,11,0.18181818181818182,0.281156066828254,-0.34036083167622655,-0.12657997819433656
lb55_atr14_m2.0_r0.0025_tfma100_rfnone,55,14,2.0,0.0025,ma100,none,-0.03089663038322288,-0.03159092571168398,30,0.23333333333333334,0.3243727820562584,-0.3880604807167147,-0.014859909957312789,-0.016852516330714495,13,0.15384615384615385,0.2458540468427102,-0.43236382206014573,-0.12689516301705653
lb10_atr10_m3.0_r0.0025_tfma100_rfnone,10,10,3.0,0.0025,ma100,none,-0.0364591339749617,-0.040634825543219066,43,0.20930232558139536,0.46325781109639513,-0.3285064052868199,-0.0188948883276705,-0.027717069436326236,16,0.25,0.4144487097169429,-0.44283027567640215,-0.1274523859024666
lb30_atr20_m3.0_r0.0025_tfnone_rfnone,30,20,3.0,0.0025,none,none,-0.02730006295144405,-0.03103236300771972,35,0.2,0.49486508831094195,-0.29550800075686257,-0.018098927091944272,-0.02461502751294231,14,0.2857142857142857,0.2883464596885602,-0.49086587723249037,-0.12778769192847828
lb20_atr10_m2.5_r0.0025_tfma100_rfnone,20,10,2.5,0.0025,ma100,none,-0.043434543131705916,-0.043541720722370836,41,0.17073170731707318,0.40100216568420555,-0.40808725755506514,-0.015290511319276279,-0.02323095334588665,14,0.21428571428571427,0.45453045813936255,-0.40403588574383237,-0.1283808142019713
lb55_atr10_m2.0_r0.0025_tfma100_rfnone,55,10,2.0,0.0025,ma100,none,-0.03496250344294216,-0.03496250344294216,31,0.16129032258064516,0.26997622631101476,-0.4279357137944986,-0.013071781309578201,-0.015010605798322474,12,0.16666666666666666,0.2534703941578739,-0.41383303435053803,-0.12863493423580458
lb30_atr14_m3.0_r0.005_tfma100_rfnone,30,14,3.0,0.005,ma100,none,-0.034923438908065485,-0.049269556226698485,28,0.21428571428571427,0.5929231846775351,-0.23488277375211797,-0.02665347854250366,-0.038878295840542476,12,0.3333333333333333,0.36648083883906457,-0.4603339818915107,-0.12936550046149023
lb55_atr10_m2.0_r0.005_tfma100_rfadx20,55,10,2.0,0.005,ma100,adx20,-0.06893523727230744,-0.06893523727230744,27,0.14814814814814814,0.18818964675673208,-0.4968809105818479,-0.0138864734611025,-0.017753325060866687,10,0.2,0.3894745573968288,-0.26577706382148786,-0.1300203222968127
lb10_atr14_m3.0_r0.0025_tfnone_rfnone,10,14,3.0,0.0025,none,none,-0.0521044085787874,-0.05571729530637959,63,0.23809523809523808,0.4466394911159744,-0.3275332946729134,-0.02451054562276156,-0.03604792866029449,25,0.24,0.397432324145887,-0.3783041657516613,-0.13179461198850526
lb55_atr20_m2.0_r0.0025_tfnone_rfnone,55,20,2.0,0.0025,none,none,-0.03260184443119163,-0.036760171922775364,33,0.24242424242424243,0.3369509155510663,-0.3729464672316175,-0.01551122905180602,-0.01750932348633738,13,0.15384615384615385,0.19912987389869535,-0.45346351206397595,-0.1318004735870177
lb30_atr20_m2.5_r0.005_tfma100_rfadx20,30,20,2.5,0.005,ma100,adx20,-0.05192877130777074,-0.07063541519335637,30,0.2,0.48319099226915896,-0.32706662372189904,-0.021787376269140846,-0.02450982251009004,11,0.2727272727272727,0.24633165997406084,-0.38022974131514664,-0.13214120576727473
lb20_atr14_m2.5_r0.005_tfma100_rfadx20,20,14,2.5,0.005,ma100,adx20,-0.080079422871417,-0.08600795654324744,37,0.21621621621621623,0.3637023658964636,-0.4298969785023823,-0.016600652963281393,-0.02607531903131366,12,0.3333333333333333,0.4674737553823259,-0.2675940014244402,-0.13215219406470038
lb55_atr20_m1.5_r0.0025_tfnone_rfadx20,55,20,1.5,0.0025,none,adx20,-0.04415689708536252,-0.047800618313387666,34,0.2647058823529412,0.21048285411317313,-0.48329356628268294,-0.014119322742963791,-0.016406873037262626,14,0.2857142857142857,0.36601773305423274,-0.3752002081669201,-0.13250490986471916
lb20_atr14_m3.0_r0.0025_tfnone_rfnone,20,14,3.0,0.0025,none,none,-0.03824967646309829,-0.046115744339690456,44,0.22727272727272727,0.45574994944869623,-0.3401026198226669,-0.021911777674989974,-0.028087732416845257,19,0.21052631578947367,0.3408975323844819,-0.4399490676788479,-0.13284067314716255
lb20_atr20_m2.5_r0.0025_tfnone_rfadx20,20,20,2.5,0.0025,none,adx20,-0.04413312887836973,-0.058832124260741914,46,0.17391304347826086,0.453165970104977,-0.3754414977960608,-0.018793442488932777,-0.02016073443447408,18,0.2222222222222222,0.22278682849516646,-0.40360519887805996,-0.1330089797467286
lb55_atr20_m1.5_r0.0025_tfma100_rfadx20,55,20,1.5,0.0025,ma100,adx20,-0.04217767355912905,-0.04217767355912905,31,0.25806451612903225,0.1837798998985564,-0.5056073557683001,-0.014119322742963791,-0.016406873037262626,14,0.2857142857142857,0.36601773305423274,-0.3752002081669201,-0.1330598846115629
lb10_atr10_m3.0_r0.0025_tfnone_rfnone,10,10,3.0,0.0025,none,none,-0.047667525952896694,-0.05579930620162499,64,0.234375,0.5141091644341587,-0.29782110957116187,-0.028328061498158807,-0.03706541870655222,27,0.2222222222222222,0.3831606507488845,-0.4044028482729696,-0.13338476325039425
lb55_atr14_m2.0_r0.005_tfma100_rfadx20,55,14,2.0,0.005,ma100,adx20,-0.06441033464126433,-0.0657530334145906,27,0.18518518518518517,0.22354352764745644,-0.4622563339502909,-0.01749557944319058,-0.021462107099309624,11,0.18181818181818182,0.35544807733108313,-0.3017232584140468,-0.1335918059708656
lb10_atr10_m2.5_r0.005_tfnone_rfadx20,10,10,2.5,0.005,none,adx20,-0.15051174296557956,-0.1606743531209437,71,0.18309859154929578,0.32990084590650254,-0.42052873836597365,-0.008644797070512023,-0.033639565926729786,21,0.38095238095238093,0.8348949400956127,-0.08029331166732546,-0.13382513684025463
lb10_atr20_m2.5_r0.0025_tfnone_rfadx20,10,20,2.5,0.0025,none,adx20,-0.06119448260669935,-0.07153528871278336,68,0.16176470588235295,0.41038053728167523,-0.3547625801793216,-0.022585545339283364,-0.02671556533670616,25,0.32,0.3115392406641462,-0.3505435718394695,-0.1345415998721498
lb20_atr10_m2.5_r0.0025_tfnone_rfnone,20,10,2.5,0.0025,none,none,-0.04744978957366475,-0.05240132442686618,50,0.22,0.44329977182034747,-0.36951583149093137,-0.021697834673325533,-0.029586609705534506,20,0.2,0.4086363245506552,-0.4098704144611517,-0.13462843999422067
lb30_atr10_m2.5_r0.0025_tfnone_rfnone,30,10,2.5,0.0025,none,none,-0.026313819401412863,-0.033246294175687474,38,0.23684210526315788,0.5611292109808835,-0.26212095414226777,-0.021770109794898684,-0.02665642362266918,15,0.2,0.2810890709067341,-0.5463289805630803,-0.1357408796752887
lb55_atr14_m1.5_r0.0025_tfnone_rfadx20,55,14,1.5,0.0025,none,adx20,-0.04857583421387268,-0.052072027570246315,35,0.2571428571428571,0.18513236247042653,-0.5195016627500022,-0.013574516755728405,-0.016970746849813367,14,0.21428571428571427,0.3931641960793042,-0.3627333673824066,-0.13581756371345963
lb30_atr14_m3.0_r0.005_tfnone_rfnone,30,14,3.0,0.005,none,none,-0.03433424772019966,-0.053435831245044585,33,0.2727272727272727,0.6386533568576063,-0.19552891514699072,-0.03290776818488761,-0.045054034271696186,14,0.2857142857142857,0.3186333439716414,-0.4861569689509347,-0.13593482633616197
lb55_atr14_m1.5_r0.0025_tfma100_rfadx20,55,14,1.5,0.0025,ma100,adx20,-0.04644897667131276,-0.04644897667131276,32,0.25,0.15449801425734458,-0.5432375297910326,-0.013574516755728405,-0.016970746849813367,14,0.21428571428571427,0.3931641960793042,-0.3627333673824066,-0.1364717997157845
lb30_atr14_m2.0_r0.0025_tfnone_rfadx20,30,14,2.0,0.0025,none,adx20,-0.04256375696069303,-0.049632251653958126,40,0.275,0.3322361857520738,-0.4062221508107511,-0.016731879110297943,-0.018720699121026252,15,0.13333333333333333,0.22972146997737172,-0.4282154685540856,-0.13733352436702082
lb10_atr20_m3.0_r0.0025_tfnone_rfnone,10,20,3.0,0.0025,none,none,-0.06114435689537656,-0.06369159347906717,66,0.18181818181818182,0.40768138643861496,-0.3663096503244095,-0.022826433583969963,-0.03475278310864882,24,0.25,0.39507938570812007,-0.3691158723224488,-0.138070766846291
lb55_atr20_m1.5_r0.0025_tfma100_rfnone,55,20,1.5,0.0025,ma100,none,-0.03609654597058598,-0.03609654597058598,35,0.3142857142857143,0.3498029031050184,-0.38009189156115547,-0.020058263939609522,-0.022332034040224102,16,0.25,0.2887789698605489,-0.4677558066575428,-0.13809957483845767
lb30_atr10_m2.5_r0.0025_tfma100_rfnone,30,10,2.5,0.0025,ma100,none,-0.029232441657288333,-0.03249557449594609,33,0.15151515151515152,0.4728870874193402,-0.33518041979217994,-0.01856413568820059,-0.02346646353861115,13,0.23076923076923078,0.3145946709218743,-0.5310738336448977,-0.13854340852199343
lb55_atr20_m1.5_r0.0025_tfnone_rfnone,55,20,1.5,0.0025,none,none,-0.03808833540852985,-0.04175519029409569,38,0.3157894736842105,0.362676751161965,-0.3700360376166937,-0.020058263939609522,-0.022332034040224102,16,0.25,0.2887789698605489,-0.4677558066575428,-0.1387730276660854
lb55_atr20_m2.0_r0.0025_tfma100_rfnone,55,20,2.0,0.0025,ma100,none,-0.037301103195239604,-0.037301103195239604,32,0.1875,0.2866856399336652,-0.4406266497605405,-0.01551122905180602,-0.01750932348633738,13,0.15384615384615385,0.19912987389869535,-0.45346351206397595,-0.14044067177424774
lb30_atr20_m2.5_r0.005_tfnone_rfadx20,30,20,2.5,0.005,none,adx20,-0.04625916763909399,-0.07661658132083538,34,0.20588235294117646,0.5615706747409182,-0.25059679826137204,-0.029641606148049227,-0.03234219342082456,13,0.23076923076923078,0.19291213601518836,-0.443011997947052,-0.14051319127054088
lb55_atr14_m2.0_r0.005_tfnone_rfnone,55,14,2.0,0.005,none,none,-0.04990475177218767,-0.05912368932994727,31,0.2903225806451613,0.40438343823546524,-0.3085667254463717,-0.02955982915292721,-0.033477651501341965,13,0.15384615384615385,0.245427795407813,-0.43236382206014573,-0.14392339167754242
lb30_atr14_m2.0_r0.0025_tfma100_rfadx20,30,14,2.0,0.0025,ma100,adx20,-0.04936564329058679,-0.050046706852669876,36,0.25,0.20067803836030287,-0.5216115055054966,-0.013673456555899466,-0.015668462724653387,13,0.15384615384615385,0.26801862122897435,-0.39897162463338637,-0.1439556930722005
lb10_atr10_m2.5_r0.0025_tfma100_rfnone,10,10,2.5,0.0025,ma100,none,-0.05699174167364385,-0.06051121211444188,53,0.1509433962264151,0.34989252312453756,-0.4169337132414407,-0.020064338978202034,-0.029330534884610127,18,0.2777777777777778,0.4317831359698784,-0.41192535124024543,-0.14410510579811703
lb20_atr20_m3.0_r0.0025_tfnone_rfnone,20,20,3.0,0.0025,none,none,-0.04850176796483563,-0.05047266423601382,47,0.19148936170212766,0.38643040159249326,-0.4044562016036233,-0.021770017680554088,-0.02826175597833025,19,0.21052631578947367,0.32149115558139874,-0.4398438053437987,-0.14475147411401446
lb20_atr14_m3.0_r0.005_tfma100_rfnone,20,14,3.0,0.005,ma100,none,-0.06283949056597726,-0.07110656599189313,35,0.2,0.44984347000765523,-0.3498127177601972,-0.02522354136584215,-0.03844964691093167,13,0.3076923076923077,0.434055433413408,-0.4031636507539904,-0.1450378146065091
lb55_atr20_m2.0_r0.005_tfnone_rfadx20,55,20,2.0,0.005,none,adx20,-0.06759782321498842,-0.07557931203738666,29,0.20689655172413793,0.2332028327998672,-0.4551890497190055,-0.019685398867714032,-0.023649508961902543,11,0.18181818181818182,0.2806523718181132,-0.3403608316762266,-0.1451922918422643
lb55_atr10_m1.5_r0.0025_tfnone_rfadx20,55,10,1.5,0.0025,none,adx20,-0.051267496260950174,-0.05464429369094104,36,0.19444444444444445,0.1448939223607422,-0.5348873326024802,-0.014554929090770385,-0.017660616536467555,14,0.14285714285714285,0.35997707907842214,-0.3927394248219081,-0.14539940464302467
lb30_atr10_m3.0_r0.005_tfma100_rfnone,30,10,3.0,0.005,ma100,none,-0.040659230417589676,-0.05775259930647125,29,0.2413793103448276,0.5625126555324687,-0.2687886923744877,-0.029898435074256713,-0.041751504030943076,12,0.3333333333333333,0.3112365954617029,-0.49557241703106225,-0.1457555797854289
lb10_atr14_m2.5_r0.005_tfma100_rfadx20,10,14,2.5,0.005,ma100,adx20,-0.09579238612173946,-0.10542744671701276,47,0.19148936170212766,0.3554660993159614,-0.4037560324896387,-0.020747608859921995,-0.03316902162183466,14,0.2857142857142857,0.49787984731359963,-0.28640303622455276,-0.14632964195369907
lb30_atr10_m2.0_r0.0025_tfma100_rfadx20,30,10,2.0,0.0025,ma100,adx20,-0.05083420012877826,-0.05083420012877826,36,0.2222222222222222,0.17808065161723136,-0.540284267208547,-0.012599579392656324,-0.01453933152398168,12,0.16666666666666666,0.23945441869004228,-0.4004038097972202,-0.14650345740453477
lb30_atr10_m2.0_r0.0025_tfnone_rfadx20,30,10,2.0,0.0025,none,adx20,-0.04951349397015703,-0.053175401273864664,41,0.21951219512195122,0.2758037332393058,-0.46345630309412367,-0.015643832691265236,-0.017577604374637623,14,0.14285714285714285,0.20173941460736758,-0.430283471652032,-0.14654354646284803
lb30_atr10_m3.0_r0.005_tfnone_rfnone,30,10,3.0,0.005,none,none,-0.03557273071147782,-0.05873986430458267,34,0.2647058823529412,0.646142427690663,-0.20060412379704154,-0.036467735206450524,-0.04824053796186545,14,0.2857142857142857,0.2699804756606045,-0.520500876614682,-0.14709524347142716
lb55_atr10_m1.5_r0.0025_tfma100_rfadx20,55,10,1.5,0.0025,ma100,adx20,-0.049766550693620015,-0.04990265995936671,33,0.18181818181818182,0.1108824072676463,-0.5669047577428875,-0.014554929090770385,-0.017660616536467555,14,0.14285714285714285,0.35997707907842214,-0.3927394248219081,-0.14721879602356885
lb20_atr14_m2.0_r0.0025_tfnone_rfadx20,20,14,2.0,0.0025,none,adx20,-0.06687311303701737,-0.07192442146448497,54,0.2222222222222222,0.29633176563688113,-0.4814313243480375,-0.018772567964493447,-0.020757260349457574,20,0.15,0.3052779980067429,-0.35917324863049277,-0.1473106092256057
lb30_atr20_m3.0_r0.005_tfma100_rfnone,30,20,3.0,0.005,ma100,none,-0.05556891852634627,-0.05840827012184402,30,0.13333333333333333,0.4316690529498258,-0.3530155321282909,-0.02552252476867567,-0.038381542738310404,12,0.3333333333333333,0.364830768779288,-0.43659199192835035,-0.1473880935910594
lb20_atr10_m3.0_r0.005_tfma100_rfnone,20,10,3.0,0.005,ma100,none,-0.06673973088778218,-0.0776046382020491,37,0.1891891891891892,0.46484648010317964,-0.3545326457762045,-0.025783359919301585,-0.04065815112509108,13,0.3076923076923077,0.4405341435168613,-0.3955913303260624,-0.14748338933966929
lb20_atr14_m2.5_r0.005_tfnone_rfadx20,20,14,2.5,0.005,none,adx20,-0.09018771611810217,-0.10865138557438236,45,0.24444444444444444,0.3885524950072317,-0.39060182858330034,-0.026101220324739605,-0.03548435216155854,17,0.29411764705882354,0.4177748282589952,-0.2999440503830776,-0.15006942681383406
lb20_atr14_m2.0_r0.0025_tfma100_rfadx20,20,14,2.0,0.0025,ma100,adx20,-0.060791663896150094,-0.061979920583209225,45,0.2222222222222222,0.24267134333792154,-0.5219658819677181,-0.015330008998451605,-0.017321664519933888,15,0.13333333333333333,0.2463033873544237,-0.3886560658887933,-0.15044623557989284
lb20_atr10_m2.0_r0.0025_tfnone_rfadx20,20,10,2.0,0.0025,none,adx20,-0.07257144060318876,-0.07664401624613948,55,0.18181818181818182,0.2608474030850298,-0.5132250820607093,-0.0173695613408702,-0.01929994282331049,19,0.15789473684210525,0.29753535671042125,-0.3504734822676893,-0.15127685277799938
lb30_atr14_m2.5_r0.0025_tfma100_rfnone,30,14,2.5,0.0025,ma100,none,-0.03099302693717887,-0.033572604357287594,34,0.17647058823529413,0.43016918685081834,-0.3454846351317918,-0.0225555404790867,-0.026330579035079738,15,0.26666666666666666,0.18056400213780843,-0.5622814877429398,-0.15146139737300782
lb30_atr20_m2.0_r0.0025_tfnone_rfadx20,30,20,2.0,0.0025,none,adx20,-0.051386024035578015,-0.05760351663456942,42,0.23809523809523808,0.2837878762937871,-0.4691614470106528,-0.017371394937694684,-0.019365714024844105,15,0.13333333333333333,0.2235125923225859,-0.44550517890492336,-0.15188550594114836
lb30_atr14_m2.5_r0.0025_tfnone_rfnone,30,14,2.5,0.0025,none,none,-0.03158395554543214,-0.03813017757368187,40,0.225,0.48104317716832634,-0.30160857640940053,-0.025660509222611094,-0.029423555919007582,17,0.23529411764705882,0.1619615746338371,-0.5706314009943738,-0.15222355849891905
lb10_atr20_m2.5_r0.005_tfma100_rfadx20,10,20,2.5,0.005,ma100,adx20,-0.0904908330453903,-0.10739509247923384,48,0.16666666666666666,0.4257795022689886,-0.3718305086787108,-0.026072432679618007,-0.03427864367383582,16,0.3125,0.3001764761772757,-0.31626996890738335,-0.1526133865440613
lb20_atr14_m2.5_r0.0025_tfma100_rfnone,20,14,2.5,0.0025,ma100,none,-0.04565403674957924,-0.046200841514240976,42,0.19047619047619047,0.3673997645507885,-0.41996420013219343,-0.02110752870253907,-0.024888159699343215,16,0.25,0.25569108625260617,-0.4921900151681182,-0.15297656792420716
lb20_atr10_m2.0_r0.0025_tfma100_rfadx20,20,10,2.0,0.0025,ma100,adx20,-0.06144136040479797,-0.06194881290232612,45,0.2,0.22557871536462165,-0.5287264349786048,-0.014611725794423047,-0.01654752505598056,14,0.14285714285714285,0.21358524997385317,-0.39859149396833254,-0.15316144363463566
lb55_atr14_m1.5_r0.0025_tfma100_rfnone,55,14,1.5,0.0025,ma100,none,-0.04620642648456641,-0.04620642648456641,36,0.3055555555555556,0.20985633325005795,-0.4791344372722801,-0.020007161827601094,-0.022648308068284884,16,0.1875,0.3049996852065297,-0.4666856919397646,-0.15376399356971218
lb55_atr14_m1.5_r0.0025_tfnone_rfnone,55,14,1.5,0.0025,none,none,-0.04833382502564787,-0.051830907691907124,39,0.3076923076923077,0.23457000695144023,-0.4627640252497211,-0.020007161827601094,-0.022648308068284884,16,0.1875,0.3049996852065297,-0.4666856919397646,-0.1538168456563881
lb10_atr20_m3.0_r0.005_tfma100_rfnone,10,20,3.0,0.005,ma100,none,-0.0846620655219058,-0.08909595623076338,45,0.17777777777777778,0.40674996140782677,-0.3706187433004172,-0.026499505335276896,-0.0484564724851132,15,0.26666666666666666,0.4692736672181585,-0.35136918233297826,-0.1538496952000554
lb30_atr20_m2.0_r0.0025_tfma100_rfadx20,30,20,2.0,0.0025,ma100,adx20,-0.057698264584481906,-0.057698264584481906,38,0.21052631578947367,0.17753179926280063,-0.5815667585625517,-0.013601197322816616,-0.015603168311230653,13,0.15384615384615385,0.2693728751588225,-0.3991912688291199,-0.15421827599441226
lb10_atr14_m3.0_r0.005_tfma100_rfnone,10,14,3.0,0.005,ma100,none,-0.0715326845702523,-0.08175877258387954,42,0.21428571428571427,0.43496565064655707,-0.33298014141882026,-0.031033286070761834,-0.05008377599445535,15,0.26666666666666666,0.43907038365338164,-0.4046518198741749,-0.1554886966065045
lb55_atr10_m2.0_r0.005_tfnone_rfnone,55,10,2.0,0.005,none,none,-0.06731631166527063,-0.074475368186529,33,0.18181818181818182,0.2975312583504842,-0.39539077788809474,-0.026024757797461384,-0.029844011485888444,12,0.16666666666666666,0.2531702238925185,-0.4138330343505381,-0.15657561513900714
lb55_atr14_m2.0_r0.005_tfma100_rfnone,55,14,2.0,0.005,ma100,none,-0.060429061102584725,-0.06177747354643848,30,0.23333333333333334,0.3262037265028801,-0.3880604807167147,-0.02955982915292721,-0.033477651501341965,13,0.15384615384615385,0.245427795407813,-0.43236382206014573,-0.15680745122587705
lb55_atr20_m2.0_r0.005_tfma100_rfadx20,55,20,2.0,0.005,ma100,adx20,-0.07664368839107039,-0.07664368839107039,28,0.14285714285714285,0.18485543185496303,-0.5354750648408957,-0.019685398867714032,-0.023649508961902543,11,0.18181818181818182,0.2806523718181132,-0.3403608316762266,-0.15694461789410377
lb10_atr10_m2.5_r0.0025_tfnone_rfnone,10,10,2.5,0.0025,none,none,-0.08441737468473798,-0.08697823136342331,80,0.175,0.3544539020144985,-0.42075617113510316,-0.02746583675645997,-0.03692307173167364,29,0.27586206896551724,0.44101160657859534,-0.3598752178776881,-0.15784537544531052
lb30_atr20_m3.0_r0.005_tfnone_rfnone,30,20,3.0,0.005,none,none,-0.05437312215060308,-0.06120266574768152,35,0.2,0.4917607709525629,-0.2955080007568625,-0.033601129647555794,-0.04635354389576274,14,0.2857142857142857,0.30343026843473,-0.49086587723249026,-0.1581110976785268
lb55_atr10_m2.0_r0.005_tfma100_rfnone,55,10,2.0,0.005,ma100,none,-0.06842671793433264,-0.06842671793433264,31,0.16129032258064516,0.2713938859537886,-0.4279357137944986,-0.026024757797461384,-0.029844011485888444,12,0.16666666666666666,0.2531702238925185,-0.4138330343505381,-0.1593506112267532
lb20_atr14_m2.5_r0.0025_tfnone_rfnone,20,14,2.5,0.0025,none,none,-0.052577877045636656,-0.057370382076042836,52,0.21153846153846154,0.3915500431502513,-0.39662857947544805,-0.02793941809037792,-0.03169366329554124,22,0.22727272727272727,0.2503998697772493,-0.48272260384393345,-0.15945228148273793
lb20_atr20_m3.0_r0.005_tfma100_rfnone,20,20,3.0,0.005,ma100,none,-0.08427522642845942,-0.08531409735820683,38,0.15789473684210525,0.35810356278283595,-0.43646002310769755,-0.023904348396668995,-0.036799710412469544,13,0.3076923076923077,0.42599062040263913,-0.3785113127662311,-0.1602145776877306
lb30_atr20_m1.5_r0.0025_tfma100_rfadx20,30,20,1.5,0.0025,ma100,adx20,-0.06359839029188863,-0.06402196026596951,42,0.2619047619047619,0.2000732109758057,-0.5716791649880237,-0.017604596272521977,-0.019884059646494534,16,0.25,0.3510143059556305,-0.4114196073764042,-0.16036679898029826
lb20_atr20_m2.5_r0.005_tfma100_rfadx20,20,20,2.5,0.005,ma100,adx20,-0.08036393973786682,-0.09276320319074882,38,0.18421052631578946,0.4136578621509135,-0.4127985354206508,-0.025772939662453864,-0.028484293752458645,13,0.23076923076923078,0.21650053276316894,-0.3824268780879866,-0.16043072611587217
lb30_atr20_m2.5_r0.0025_tfma100_rfnone,30,20,2.5,0.0025,ma100,none,-0.03305419719018521,-0.03666099874390716,35,0.2,0.4301720244189655,-0.3552525953082163,-0.023893255795271462,-0.025253441251761988,15,0.2,0.12968218909479884,-0.5971202191355424,-0.16078514272783462
lb20_atr20_m2.0_r0.0025_tfma100_rfadx20,20,20,2.0,0.0025,ma100,adx20,-0.07203570745092036,-0.07203570745092036,48,0.1875,0.20714969533671873,-0.5818216964842051,-0.01494784840588137,-0.016947086264051947,15,0.13333333333333333,0.2513346312819263,-0.3809566216218715,-0.16086737879282023
lb10_atr20_m2.5_r0.0025_tfma100_rfnone,10,20,2.5,0.0025,ma100,none,-0.053289204094677634,-0.05685327508156435,54,0.16666666666666666,0.39512452741898574,-0.38155431978777415,-0.027329854675830934,-0.03143982781151511,21,0.23809523809523808,0.1698980157204666,-0.49663704831931665,-0.16177308014559563
lb10_atr14_m2.5_r0.0025_tfma100_rfnone,10,14,2.5,0.0025,ma100,none,-0.053706432942362325,-0.05769188575000839,53,0.16981132075471697,0.36162563116183727,-0.3940332774855457,-0.02552171558335381,-0.03173290240561999,19,0.21052631578947367,0.28691151362681083,-0.5079419542397433,-0.16215889272639147
lb20_atr20_m2.0_r0.0025_tfnone_rfadx20,20,20,2.0,0.0025,none,adx20,-0.07838872168231825,-0.0823502358666498,57,0.19298245614035087,0.25363034141151497,-0.5361597887217758,-0.019485361098461995,-0.02147538973137242,20,0.15,0.2856139220387126,-0.3735598005164721,-0.1624893667451914
lb55_atr20_m2.0_r0.005_tfnone_rfnone,55,20,2.0,0.005,none,none,-0.06338072000965422,-0.07139830780622303,33,0.24242424242424243,0.3410336318273064,-0.37294646723161745,-0.030839971172301084,-0.034758975386583346,13,0.15384615384615385,0.19907511339887235,-0.45346351206397606,-0.16337422359019077
lb30_atr20_m2.5_r0.0025_tfnone_rfnone,30,20,2.5,0.0025,none,none,-0.03318137489270867,-0.04032128899055076,41,0.1951219512195122,0.48036436833748636,-0.30608012170308285,-0.027815672311338413,-0.029170391957935582,17,0.17647058823529413,0.11321581328238428,-0.6196136532869528,-0.1636772159222949
lb55_atr20_m1.5_r0.005_tfma100_rfadx20,55,20,1.5,0.005,ma100,adx20,-0.07509180544104987,-0.07509180544104987,31,0.25806451612903225,0.1990508768179552,-0.5056073557683001,-0.0277283469573516,-0.03200994768802545,14,0.2857142857142857,0.3636651390738583,-0.3752002081669201,-0.16390651547397142
lb10_atr14_m2.0_r0.0025_tfma100_rfadx20,10,14,2.0,0.0025,ma100,adx20,-0.07897400112686936,-0.0849011633876039,59,0.2033898305084746,0.22783746322161072,-0.5208086565741368,-0.019265070559813302,-0.02192047538226316,19,0.2631578947368421,0.26421456692013445,-0.38343437467926345,-0.16405394170548926
lb55_atr10_m1.5_r0.0025_tfnone_rfnone,55,10,1.5,0.0025,none,none,-0.05192036687222534,-0.05529484055785905,40,0.225,0.18203108387420075,-0.48657877385807513,-0.020995515738807202,-0.02355818198981674,16,0.125,0.2801338217188826,-0.4933371498278679,-0.16414709739971078
lb20_atr10_m2.5_r0.005_tfma100_rfnone,20,10,2.5,0.005,ma100,none,-0.08550241636546796,-0.08550241636546796,41,0.17073170731707318,0.39924472580836795,-0.40808725755506525,-0.02659410370744686,-0.04426638488451351,14,0.21428571428571427,0.4888273079944283,-0.40403588574383237,-0.16422170710725717
lb10_atr10_m3.0_r0.005_tfma100_rfnone,10,10,3.0,0.005,ma100,none,-0.07201856843459642,-0.07975794995329033,43,0.20930232558139536,0.46231386280268716,-0.3285064052868199,-0.03555825304867399,-0.052785426162299864,16,0.25,0.4290327071807277,-0.44283027567640215,-0.1643395156785574
lb55_atr20_m1.5_r0.005_tfnone_rfadx20,55,20,1.5,0.005,none,adx20,-0.07928776688501504,-0.08523445978448707,34,0.2647058823529412,0.22086345963393247,-0.48329356628268294,-0.0277283469573516,-0.03200994768802545,14,0.2857142857142857,0.3636651390738583,-0.3752002081669201,-0.16503318103227768
lb55_atr10_m1.5_r0.0025_tfma100_rfnone,55,10,1.5,0.0025,ma100,none,-0.050420454181123175,-0.05055646978323014,37,0.21621621621621623,0.15257939111782906,-0.5112179455715946,-0.020995515738807202,-0.02355818198981674,16,0.125,0.2801338217188826,-0.4933371498278679,-0.1652739350791416
lb20_atr20_m1.5_r0.0025_tfma100_rfadx20,20,20,1.5,0.0025,ma100,adx20,-0.08118974661668132,-0.08160535935290048,53,0.22641509433962265,0.18925536257803516,-0.5866864607529808,-0.017845391268231703,-0.020124295922801405,18,0.3333333333333333,0.367280600038139,-0.3709420029567575,-0.16547140621291428
lb30_atr20_m1.5_r0.0025_tfnone_rfadx20,30,20,1.5,0.0025,none,adx20,-0.06841059968324992,-0.07238165145362696,50,0.28,0.213015723970192,-0.5178191329871312,-0.021038160109190462,-0.023309656545432822,18,0.2222222222222222,0.31105863547993007,-0.44107228683566246,-0.167230812076461
lb10_atr10_m2.0_r0.0025_tfma100_rfadx20,10,10,2.0,0.0025,ma100,adx20,-0.08037731366456524,-0.0861647551287611,59,0.1864406779661017,0.2195783597803429,-0.5299030576599105,-0.018696769285347137,-0.021636961051001213,18,0.2777777777777778,0.2337896380680592,-0.39193841270322066,-0.16733372873677696
lb30_atr10_m2.5_r0.005_tfnone_rfnone,30,10,2.5,0.005,none,none,-0.05300816088347493,-0.06549493504621917,38,0.23684210526315788,0.5534492635082552,-0.26212095414226777,-0.039311376601216974,-0.048845387448366195,15,0.2,0.30137619427755363,-0.5463289805630804,-0.16737001094497897
lb10_atr20_m2.0_r0.0025_tfma100_rfadx20,10,20,2.0,0.0025,ma100,adx20,-0.08956749176967838,-0.09134071821487488,62,0.16129032258064516,0.17433296127579376,-0.5639386596801788,-0.01751426518809074,-0.020686964273561426,19,0.21052631578947367,0.2870116699330708,-0.35388885463405745,-0.1675288763539729
lb20_atr10_m3.0_r0.005_tfnone_rfnone,20,10,3.0,0.005,none,none,-0.07676713526328915,-0.09440030912158304,46,0.1956521739130435,0.48308035639282626,-0.31788941521941677,-0.03966520424779918,-0.054328041020208606,19,0.21052631578947367,0.37357081789726415,-0.42239686919859515,-0.1678002475323949
lb20_atr20_m2.5_r0.0025_tfma100_rfnone,20,20,2.5,0.0025,ma100,none,-0.0471686049832819,-0.0478165349414259,43,0.18604651162790697,0.3827802301126376,-0.4219160468647777,-0.02483852151923771,-0.026197389766624002,17,0.17647058823529413,0.1253703080683816,-0.5496049219046566,-0.16815723579583808
lb30_atr10_m2.5_r0.005_tfma100_rfnone,30,10,2.5,0.005,ma100,none,-0.05809450609553979,-0.0640196048906021,33,0.15151515151515152,0.4697329856099194,-0.33518041979217994,-0.03299928884660752,-0.042595941752437305,13,0.23076923076923078,0.33991735684835983,-0.5310738336448977,-0.16839702604060947
lb55_atr14_m1.5_r0.005_tfma100_rfadx20,55,14,1.5,0.005,ma100,adx20,-0.08385686258571057,-0.08385686258571057,32,0.25,0.16549723712950518,-0.5432375297910326,-0.026738402493159286,-0.03241429667096585,14,0.21428571428571427,0.39381106758341283,-0.3627333673824065,-0.169669806679878
lb55_atr20_m1.5_r0.005_tfma100_rfnone,55,20,1.5,0.005,ma100,none,-0.06288695618504059,-0.06288695618504059,35,0.3142857142857143,0.3730849763016397,-0.3800918915611555,-0.03942497059036776,-0.04365506280267961,16,0.25,0.28633748910448237,-0.4677558066575428,-0.1699047401073201
lb55_atr14_m1.5_r0.005_tfnone_rfadx20,55,14,1.5,0.005,none,adx20,-0.08739524330115167,-0.09328957166075735,35,0.2571428571428571,0.19441478066428466,-0.5195016627500023,-0.026738402493159286,-0.03241429667096585,14,0.21428571428571427,0.39381106758341283,-0.3627333673824065,-0.17020213469912773
lb30_atr14_m1.5_r0.0025_tfnone_rfadx20,30,14,1.5,0.0025,none,adx20,-0.06951452814291526,-0.07293612223295831,50,0.26,0.23730702021097366,-0.5272702144703468,-0.02153768667918421,-0.02417470805303168,18,0.16666666666666666,0.2834486830605179,-0.45201391940426233,-0.17119317918171822
lb55_atr20_m1.5_r0.005_tfnone_rfnone,55,20,1.5,0.005,none,none,-0.06713828645070008,-0.07316345037122796,38,0.3157894736842105,0.38002615287027774,-0.3700360376166937,-0.03942497059036776,-0.04365506280267961,16,0.25,0.28633748910448237,-0.4677558066575428,-0.17230377833882202
lb10_atr20_m1.5_r0.0025_tfma100_rfadx20,10,20,1.5,0.0025,ma100,adx20,-0.10730021645935994,-0.10770401843946797,70,0.18571428571428572,0.15447714275941588,-0.5929426751566216,-0.018703881903848973,-0.02149017312720758,22,0.36363636363636365,0.441343656250387,-0.3209848300898315,-0.173052547718374
lb20_atr14_m3.0_r0.005_tfnone_rfnone,20,14,3.0,0.005,none,none,-0.07686680018652847,-0.09024925567529529,44,0.22727272727272727,0.4455726367332817,-0.34010261982266693,-0.04055302522915272,-0.05357113501302735,19,0.21052631578947367,0.35752965768410633,-0.4399490676788479,-0.1730579765796569
lb30_atr14_m1.5_r0.0025_tfma100_rfadx20,30,14,1.5,0.0025,ma100,adx20,-0.06856600576371197,-0.0685683608490586,43,0.2558139534883721,0.16680654548968085,-0.6042744451808039,-0.0189038779181121,-0.021547997582719414,16,0.1875,0.3113126439523523,-0.4411316977524873,-0.1731897348923943
lb20_atr20_m2.5_r0.0025_tfnone_rfnone,20,20,2.5,0.0025,none,none,-0.053012803227358685,-0.058694276087287944,53,0.16981132075471697,0.409441468873229,-0.39119233245155854,-0.032385658570165954,-0.033734010031231665,23,0.17391304347826086,0.14150485123734002,-0.5387970507693487,-0.1733812847434767
lb55_atr20_m2.0_r0.005_tfma100_rfnone,55,20,2.0,0.005,ma100,none,-0.07246749816082232,-0.07246749816082232,32,0.1875,0.2893444695368885,-0.4406266497605405,-0.030839971172301084,-0.034758975386583346,13,0.15384615384615385,0.19907511339887235,-0.45346351206397606,-0.1740777125831905
lb10_atr14_m2.5_r0.005_tfnone_rfadx20,10,14,2.5,0.005,none,adx20,-0.13029736831182015,-0.1397811393917796,68,0.22058823529411764,0.3442458353933359,-0.37649025232834754,-0.03492575428963529,-0.0474607467824576,24,0.20833333333333334,0.46028780978961065,-0.2847544960582033,-0.17637744340356765
lb30_atr14_m2.0_r0.005_tfnone_rfadx20,30,14,2.0,0.005,none,adx20,-0.08440112334548389,-0.0965596364402933,40,0.275,0.3124948666558853,-0.4062221508107511,-0.03324561977183316,-0.03714856199338168,15,0.13333333333333333,0.2290130398651231,-0.4282154685540855,-0.1768250730586192
lb20_atr20_m2.5_r0.005_tfnone_rfadx20,20,20,2.5,0.005,none,adx20,-0.09049234391672833,-0.11448462836089346,46,0.17391304347826086,0.4292948351735915,-0.3754414977960608,-0.03730016411190895,-0.03997943698755424,18,0.2222222222222222,0.2219501996059165,-0.4036051988780599,-0.17726049782456882
lb10_atr14_m2.5_r0.0025_tfnone_rfnone,10,14,2.5,0.0025,none,none,-0.07641493220520379,-0.07845871531984228,78,0.20512820512820512,0.3564845855120914,-0.3910603709011554,-0.03731115445104927,-0.04344719705665312,31,0.16129032258064516,0.285101950016849,-0.4655935838249634,-0.17776250947212865
lb20_atr10_m1.5_r0.0025_tfnone_rfadx20,20,10,1.5,0.0025,none,adx20,-0.09965796546515449,-0.10343071114532099,66,0.18181818181818182,0.19289138274020712,-0.5909463186939037,-0.022080635107427304,-0.024648934974910608,23,0.17391304347826086,0.3624647206118622,-0.3610006096974045,-0.17915643681306753
lb20_atr10_m2.5_r0.005_tfnone_rfnone,20,10,2.5,0.005,none,none,-0.09546516351847667,-0.1022174968721129,50,0.22,0.42855790078606565,-0.36951583149093137,-0.039049845858790344,-0.05649599179422149,20,0.2,0.43328096431867524,-0.4098704144611517,-0.17942388707716836
lb20_atr20_m1.5_r0.0025_tfnone_rfadx20,20,20,1.5,0.0025,none,adx20,-0.09769199340046641,-0.10153822845403648,66,0.22727272727272727,0.18012462428491954,-0.5773208402491239,-0.02352407431215997,-0.025789802653035654,24,0.2916666666666667,0.33215070494504323,-0.3687664631760863,-0.17989221506174463
lb30_atr10_m1.5_r0.0025_tfnone_rfadx20,30,10,1.5,0.0025,none,adx20,-0.0687738877257612,-0.07267604841312247,50,0.22,0.23495775952481485,-0.5247353403774025,-0.023670221299850525,-0.026225886175705093,18,0.1111111111111111,0.2253629071073644,-0.4990090387878626,-0.18110192629747704
lb30_atr14_m2.0_r0.005_tfma100_rfadx20,30,14,2.0,0.005,ma100,adx20,-0.0942060420600237,-0.09550597992941667,36,0.25,0.20334604403737894,-0.5216115055054966,-0.02721651322397045,-0.03114379591398242,13,0.15384615384615385,0.26753939335719923,-0.39897162463338637,-0.18195176942974656
lb55_atr10_m1.5_r0.005_tfnone_rfadx20,55,10,1.5,0.005,none,adx20,-0.09344261396377906,-0.09955637262549366,36,0.19444444444444445,0.1524455239471843,-0.5348873326024802,-0.028838028131806803,-0.03409037148102678,14,0.14285714285714285,0.35893810456213077,-0.3927394248219081,-0.1827343076047005
lb30_atr10_m1.5_r0.0025_tfma100_rfadx20,30,10,1.5,0.0025,ma100,adx20,-0.06744997887201254,-0.06817408151033222,43,0.23255813953488372,0.16919309099550994,-0.5949694469801672,-0.020995580777427136,-0.02355824685818997,16,0.125,0.2475537410243002,-0.493484436860735,-0.1832167977097738
lb10_atr10_m2.0_r0.0025_tfnone_rfadx20,10,10,2.0,0.0025,none,adx20,-0.12054053932547903,-0.12654955276248192,88,0.17045454545454544,0.2166924718261256,-0.5484057549629272,-0.024090476162367924,-0.027513440323027494,29,0.2413793103448276,0.34791402223901746,-0.3204079982934292,-0.18335564535060572
lb30_atr14_m2.5_r0.005_tfma100_rfnone,30,14,2.5,0.005,ma100,none,-0.060598163335548016,-0.06611679055925157,34,0.17647058823529413,0.4321037477892805,-0.3454846351317918,-0.03956826344253195,-0.04696543410005205,15,0.26666666666666666,0.20016442752181732,-0.5622814877429398,-0.18365943358249456
lb55_atr10_m1.5_r0.005_tfma100_rfadx20,55,10,1.5,0.005,ma100,adx20,-0.09165529271100425,-0.0919159750670383,33,0.18181818181818182,0.11669220554921786,-0.5669047577428874,-0.028838028131806803,-0.03409037148102678,14,0.14285714285714285,0.35893810456213077,-0.3927394248219081,-0.18403729192573234
lb10_atr14_m3.0_r0.005_tfnone_rfnone,10,14,3.0,0.005,none,none,-0.10490085195569132,-0.1085031936981391,63,0.23809523809523808,0.4297852225420618,-0.3275332946729135,-0.04743986516723553,-0.06974624782583261,25,0.24,0.4044203110549792,-0.3783041657516613,-0.18435643009075772
lb30_atr10_m2.0_r0.005_tfma100_rfadx20,30,10,2.0,0.005,ma100,adx20,-0.09771382136120477,-0.09771382136120477,36,0.2222222222222222,0.17956686618072018,-0.540284267208547,-0.025084754428883804,-0.02890769415693184,12,0.16666666666666666,0.23927319349666246,-0.4004038097972202,-0.18475298312451285
lb30_atr10_m2.0_r0.005_tfnone_rfadx20,30,10,2.0,0.005,none,adx20,-0.09724917883215267,-0.10417847783693335,41,0.21951219512195122,0.2626820807042373,-0.4634563030941238,-0.03109144211114423,-0.03489082778659247,14,0.14285714285714285,0.20131734972295795,-0.430283471652032,-0.1883086662544816
lb10_atr10_m3.0_r0.005_tfnone_rfnone,10,10,3.0,0.005,none,none,-0.10156325281585565,-0.10868434465928645,64,0.234375,0.4694964735821604,-0.29782110957116187,-0.0541984240727823,-0.07109264037059737,27,0.2222222222222222,0.3922537700364884,-0.4044028482729696,-0.18840864019933073
lb30_atr14_m2.5_r0.005_tfnone_rfnone,30,14,2.5,0.005,none,none,-0.06297705745837334,-0.07492405015242598,40,0.225,0.4732763542345121,-0.30160857640940053,-0.04566571582353973,-0.05301592437628799,17,0.23529411764705882,0.17755932196689325,-0.5706314009943739,-0.1884158715179809
lb10_atr20_m2.5_r0.0025_tfnone_rfnone,10,20,2.5,0.0025,none,none,-0.07488398517858297,-0.07692792269831816,78,0.15384615384615385,0.3628844993806727,-0.37999915129594247,-0.04323560325788367,-0.047278367381664466,33,0.24242424242424243,0.18968851508202433,-0.5101291786568222,-0.1891763638017277
lb10_atr20_m2.5_r0.005_tfnone_rfadx20,10,20,2.5,0.005,none,adx20,-0.12071485420745764,-0.1378807025518256,68,0.16176470588235295,0.40058862081945257,-0.3547625801793216,-0.0447649067928132,-0.05281361697103215,25,0.32,0.3108467587561126,-0.3505435718394695,-0.18971458577438313
lb20_atr10_m1.5_r0.0025_tfma100_rfadx20,20,10,1.5,0.0025,ma100,adx20,-0.08662920160960552,-0.08733841204324966,54,0.2037037037037037,0.1603022112976691,-0.6174832409800423,-0.02164315577903797,-0.024204126751526722,18,0.16666666666666666,0.25144331605389236,-0.4524753698679979,-0.1903780403518722
lb10_atr10_m2.5_r0.005_tfma100_rfnone,10,10,2.5,0.005,ma100,none,-0.11142997995814574,-0.11711319371649842,53,0.1509433962264151,0.3469378957155025,-0.4169337132414407,-0.03431887894866781,-0.05557171417554263,18,0.2777777777777778,0.4705143402261294,-0.4119253512402455,-0.1904650591546274
lb20_atr20_m3.0_r0.005_tfnone_rfnone,20,20,3.0,0.005,none,none,-0.09687251116051376,-0.09855001870466551,47,0.19148936170212766,0.37457986162238016,-0.4044562016036234,-0.04137572806584311,-0.05404027277866785,19,0.21052631578947367,0.33183578822425974,-0.43984380534379863,-0.190657403590828
lb55_atr14_m1.5_r0.005_tfma100_rfnone,55,14,1.5,0.005,ma100,none,-0.08263986615864749,-0.08263986615864749,36,0.3055555555555556,0.2240844222919492,-0.47913443727228017,-0.03918120711962325,-0.04341237279514998,16,0.1875,0.3064496852631217,-0.46668569193976456,-0.19102643478097373
lb20_atr14_m2.5_r0.005_tfma100_rfnone,20,14,2.5,0.005,ma100,none,-0.08888541414772566,-0.08993080913870388,42,0.19047619047619047,0.3689458287293473,-0.41996420013219343,-0.036728688520163644,-0.04414772936324307,16,0.25,0.28259738510392257,-0.49219001516811817,-0.19161110273162982
lb55_atr14_m1.5_r0.005_tfnone_rfnone,55,14,1.5,0.005,none,none,-0.08618294722768216,-0.09208510556085925,39,0.3076923076923077,0.2471950847660915,-0.4627640252497211,-0.03918120711962325,-0.04341237279514998,16,0.1875,0.3064496852631217,-0.46668569193976456,-0.19226808177039656
lb10_atr14_m2.0_r0.0025_tfnone_rfadx20,10,14,2.0,0.0025,none,adx20,-0.11312350529394544,-0.11995580784084592,86,0.19767441860465115,0.23135398273207486,-0.5254751689948421,-0.030710716150271322,-0.03387567200757846,31,0.22580645161290322,0.30317209817524077,-0.3796190464301274,-0.1927240586834539
lb10_atr20_m3.0_r0.005_tfnone_rfnone,10,20,3.0,0.005,none,none,-0.11931089964508279,-0.12405464570437541,66,0.18181818181818182,0.40681757773745564,-0.3663096503244095,-0.04463852585831507,-0.06772669797536512,24,0.25,0.4000698771908888,-0.3691158723224488,-0.1931781624188862
lb30_atr20_m2.0_r0.0025_tfnone_rfnone,30,20,2.0,0.0025,none,none,-0.0593197208148718,-0.06026492821551288,52,0.25,0.3090338134154466,-0.4374619112320555,-0.031180911734818628,-0.03314720336297605,19,0.10526315789473684,0.13728774852592687,-0.6152751368360202,-0.19323689947692851
lb30_atr14_m2.0_r0.0025_tfnone_rfnone,30,14,2.0,0.0025,none,none,-0.05165014941615087,-0.05310663361574053,49,0.2857142857142857,0.34000028886747985,-0.4024576678091677,-0.03519645105543712,-0.037147923460366106,20,0.1,0.12277188251986645,-0.653263436351205,-0.19510030372178422
lb30_atr20_m2.5_r0.005_tfma100_rfnone,30,20,2.5,0.005,ma100,none,-0.06535388428218769,-0.07209008434393782,35,0.2,0.42822146546067263,-0.35525259530821635,-0.04273563723089735,-0.04539978273750078,15,0.2,0.14158361851734377,-0.5971202191355423,-0.19566983547444877
lb20_atr14_m2.0_r0.005_tfma100_rfadx20,20,14,2.0,0.005,ma100,adx20,-0.11644811768168695,-0.1177161351390027,45,0.2222222222222222,0.2397338571872793,-0.5219658819677181,-0.030485599768310556,-0.03439968463252452,15,0.13333333333333333,0.24613844177224453,-0.38865606588879337,-0.19610463001732573
lb30_atr20_m2.0_r0.005_tfnone_rfadx20,30,20,2.0,0.005,none,adx20,-0.1007881569750465,-0.11127026739490198,42,0.23809523809523808,0.26571787814212694,-0.4691614470106529,-0.03450730787709788,-0.03841148243727366,15,0.13333333333333333,0.22308201802715338,-0.44550517890492336,-0.19620459395361253
lb30_atr20_m2.0_r0.005_tfma100_rfadx20,30,20,2.0,0.005,ma100,adx20,-0.11015490932745231,-0.11015490932745231,38,0.21052631578947367,0.1763034302401913,-0.5815667585625517,-0.027076504510864075,-0.0310107271011294,13,0.15384615384615385,0.26901625132354084,-0.39919126882912,-0.19660493267108997
lb30_atr10_m2.0_r0.0025_tfnone_rfnone,30,10,2.0,0.0025,none,none,-0.0608744161145609,-0.06142728804245168,51,0.19607843137254902,0.27859391633220487,-0.45873521923197197,-0.029888130263354684,-0.03179391896636963,18,0.1111111111111111,0.1158997655934938,-0.6220997270272596,-0.19674345392776277
lb30_atr20_m2.0_r0.0025_tfma100_rfnone,30,20,2.0,0.0025,ma100,none,-0.06240709953255208,-0.06240709953255208,46,0.2391304347826087,0.23054311108015402,-0.5193119939646078,-0.027463699151134113,-0.029437535143427174,17,0.11764705882352941,0.15339326770476658,-0.599831553593476,-0.197079537938879
lb30_atr10_m2.0_r0.0025_tfma100_rfnone,30,10,2.0,0.0025,ma100,none,-0.05879231131651008,-0.05879231131651008,44,0.20454545454545456,0.21150159835162596,-0.5114280561121028,-0.026887929362963137,-0.02879961197281622,16,0.125,0.12756117316386534,-0.623667012558054,-0.1983513587304082
lb20_atr20_m2.0_r0.0025_tfma100_rfnone,20,20,2.0,0.0025,ma100,none,-0.07750549429796771,-0.07750549429796771,55,0.2,0.23109323544267643,-0.5462204723825883,-0.027503760693026513,-0.02947751537738974,19,0.10526315789473684,0.15329575186761085,-0.5384419932870611,-0.19839483312414424
lb20_atr10_m2.0_r0.005_tfma100_rfadx20,20,10,2.0,0.005,ma100,adx20,-0.11810094741282928,-0.11863271994920799,45,0.2,0.22491402526451437,-0.5287264349786047,-0.02905838241480363,-0.032865740336781024,14,0.14285714285714285,0.21367018839823415,-0.3985914939683325,-0.19878772483580634
lb20_atr20_m2.0_r0.0025_tfnone_rfnone,20,20,2.0,0.0025,none,none,-0.08565206891905064,-0.08657081724442994,66,0.19696969696969696,0.265702273165546,-0.5064498728953686,-0.033625254986154984,-0.03558658563477601,25,0.12,0.18657283053554408,-0.5082196357996459,-0.19888175856732587
lb20_atr14_m2.0_r0.005_tfnone_rfadx20,20,14,2.0,0.005,none,adx20,-0.12706677136671696,-0.13553699258072105,54,0.2222222222222222,0.2858059117748069,-0.4814313243480375,-0.03729070724606398,-0.041177318801813745,20,0.15,0.30393474833938344,-0.35917324863049277,-0.19893442206678524
lb20_atr14_m2.0_r0.0025_tfnone_rfnone,20,14,2.0,0.0025,none,none,-0.07580701001702617,-0.077733117645152,62,0.22580645161290322,0.29642720385886046,-0.47540611486173023,-0.0379783548717193,-0.039924200422832734,26,0.11538461538461539,0.17617287202648177,-0.5454703829976842,-0.1999532939098558
lb20_atr14_m1.5_r0.0025_tfma100_rfadx20,20,14,1.5,0.0025,ma100,adx20,-0.09325351197624354,-0.09325580464043692,54,0.2037037037037037,0.1272818332997596,-0.6642454085113902,-0.023237403074591656,-0.025869843599076514,19,0.21052631578947367,0.2801769396854134,-0.46020711073277193,-0.20063184323106512
lb10_atr10_m1.5_r0.0025_tfma100_rfadx20,10,10,1.5,0.0025,ma100,adx20,-0.1183326394378319,-0.1190172329153284,73,0.1643835616438356,0.13535690534930575,-0.6297877602786309,-0.02308626747004816,-0.026623155784011643,22,0.22727272727272727,0.3501224979521013,-0.39721138668065675,-0.20093621111129312
lb20_atr10_m2.0_r0.0025_tfnone_rfnone,20,10,2.0,0.0025,none,none,-0.0873735105404817,-0.08840392342499082,65,0.15384615384615385,0.2472679330262493,-0.5247333429079246,-0.032610670115580054,-0.034511110378012355,24,0.125,0.18229231171997576,-0.5110440058736162,-0.20141119136815863
lb20_atr10_m2.0_r0.0025_tfma100_rfnone,20,10,2.0,0.0025,ma100,none,-0.07358514459330567,-0.07408603128518687,53,0.16981132075471697,0.22317001622634075,-0.5387384761348514,-0.027714947823679115,-0.02962500575241156,18,0.1111111111111111,0.12426931881548721,-0.5726978907119699,-0.20186756926078023
lb20_atr14_m1.5_r0.0025_tfnone_rfadx20,20,14,1.5,0.0025,none,adx20,-0.10599597938021643,-0.10928342337149377,66,0.19696969696969696,0.16794370628980093,-0.6274319818320017,-0.027912131191626166,-0.030531973011190372,25,0.2,0.2757839330667778,-0.42268498633257373,-0.20273326820990872
lb30_atr20_m2.5_r0.005_tfnone_rfnone,30,20,2.5,0.005,none,none,-0.06676215507465977,-0.079145729813628,41,0.1951219512195122,0.4697457701031905,-0.30608012170308285,-0.050421670080687875,-0.05306442472529249,17,0.17647058823529413,0.1221060441186223,-0.6196136532869528,-0.20280787179221216
lb30_atr14_m2.0_r0.0025_tfma100_rfnone,30,14,2.0,0.0025,ma100,none,-0.05471105178890867,-0.05538828573666421,43,0.27906976744186046,0.24655645663297987,-0.48382505416521615,-0.032195461933583025,-0.0341530043280609,18,0.1111111111111111,0.13307935925713907,-0.6571482121637132,-0.20289900491280768
lb20_atr14_m2.0_r0.0025_tfma100_rfnone,20,14,2.0,0.0025,ma100,none,-0.06707458302290947,-0.06825489075936864,51,0.23529411764705882,0.25849372752420663,-0.5077499531939234,-0.03261999687124084,-0.03457668057462382,20,0.1,0.13164683619294687,-0.6004302296588682,-0.2033869180744733
lb20_atr10_m2.0_r0.005_tfnone_rfadx20,20,10,2.0,0.005,none,adx20,-0.1371775812611956,-0.1443166755495241,55,0.18181818181818182,0.2560698268699315,-0.5132250820607093,-0.034519937789803,-0.03830587928905549,19,0.15789473684210525,0.2964408095283433,-0.3504734822676893,-0.2042695471248921
lb30_atr20_m1.5_r0.005_tfma100_rfadx20,30,20,1.5,0.005,ma100,adx20,-0.11410154534119932,-0.11410154534119932,42,0.2619047619047619,0.18797396618385767,-0.5716791649880238,-0.034612335991721976,-0.03886362164287327,16,0.25,0.34883691671131956,-0.4114196073764042,-0.20456280478821826
lb30_atr20_m1.5_r0.0025_tfma100_rfnone,30,20,1.5,0.0025,ma100,none,-0.06357768124251717,-0.06400126058408695,50,0.3,0.296492530448209,-0.47830488681419503,-0.03575178497499565,-0.03798914121793828,21,0.19047619047619047,0.20842331459790722,-0.6421045451330935,-0.20612703146982084
lb55_atr10_m1.5_r0.005_tfnone_rfnone,55,10,1.5,0.005,none,none,-0.09413686034125801,-0.10024593705468232,40,0.225,0.1920383781305937,-0.48657877385807513,-0.04122766854454596,-0.0454498222009474,16,0.125,0.2806367654399661,-0.49333714982786786,-0.20614229947612775
lb10_atr20_m2.0_r0.0025_tfnone_rfadx20,10,20,2.0,0.0025,none,adx20,-0.12402909846007715,-0.1275908432040248,90,0.16666666666666666,0.18664592093857765,-0.5522771951974549,-0.03194681109340558,-0.03507290377679606,31,0.16129032258064516,0.2730079013329636,-0.39850232080635,-0.20616295890389957
lb10_atr14_m1.5_r0.0025_tfma100_rfadx20,10,14,1.5,0.0025,ma100,adx20,-0.11951921417932099,-0.11952144043196966,72,0.16666666666666666,0.11148967006098831,-0.6454936512801962,-0.025131088774290267,-0.028619982862988724,23,0.2608695652173913,0.35359384708602193,-0.4093345439679072,-0.2067117787393912
lb55_atr10_m1.5_r0.005_tfma100_rfnone,55,10,1.5,0.005,ma100,none,-0.09235090782842803,-0.09261139055255352,37,0.21621621621621623,0.16073559954718494,-0.5112179455715946,-0.04122766854454596,-0.0454498222009474,16,0.125,0.2806367654399661,-0.49333714982786786,-0.20675439103511498
lb20_atr14_m2.5_r0.005_tfnone_rfnone,20,14,2.5,0.005,none,none,-0.10519435700785607,-0.1116439372760255,52,0.21153846153846154,0.374803995922105,-0.39662857947544805,-0.05034989338611495,-0.057664024767002275,22,0.22727272727272727,0.26890306550116755,-0.48272260384393345,-0.20962107176824862
lb20_atr20_m2.0_r0.005_tfma100_rfadx20,20,20,2.0,0.005,ma100,adx20,-0.1357238471829556,-0.1357238471829556,48,0.1875,0.20874693509152717,-0.5818216964842052,-0.02973526461675058,-0.03365873594638835,15,0.13333333333333333,0.25126677230715944,-0.38095662162187144,-0.21090604130068902
lb20_atr20_m2.5_r0.005_tfma100_rfnone,20,20,2.5,0.005,ma100,none,-0.09259452528001177,-0.0938304652423736,43,0.18604651162790697,0.380964478456721,-0.4219160468647777,-0.044587576765142356,-0.04724656817160322,17,0.17647058823529413,0.13651558064094155,-0.5496049219046565,-0.21117734951926354
lb30_atr20_m1.5_r0.0025_tfnone_rfnone,30,20,1.5,0.0025,none,none,-0.07101451070788889,-0.07166638880701615,60,0.31666666666666665,0.2970596592361935,-0.4466584192191933,-0.0391219226895243,-0.04135145916309879,23,0.17391304347826086,0.19357552804277656,-0.6452514301223661,-0.21130038097092604
lb10_atr14_m2.5_r0.005_tfma100_rfnone,10,14,2.5,0.005,ma100,none,-0.10504108841824977,-0.11163937207917218,53,0.16981132075471697,0.35936284087883114,-0.3940332774855457,-0.0470282282287231,-0.05911628217142617,19,0.21052631578947367,0.30355765900067827,-0.5079419542397433,-0.2114595559338676
lb20_atr20_m1.5_r0.0025_tfma100_rfnone,20,20,1.5,0.0025,ma100,none,-0.08688730481166507,-0.08730034032615352,61,0.2459016393442623,0.23421766496794288,-0.5455038637766784,-0.03430027230423949,-0.03654099650875575,23,0.2608695652173913,0.22993365988266914,-0.562764731673812,-0.21192500879809734
lb10_atr20_m2.5_r0.005_tfma100_rfnone,10,20,2.5,0.005,ma100,none,-0.10393193688747027,-0.10983165035150755,54,0.16666666666666666,0.3928970395101879,-0.38155431978777415,-0.051529394267964324,-0.059521107587945155,21,0.23809523809523808,0.17757459293831537,-0.49663704831931665,-0.21246385732498388
lb30_atr20_m1.5_r0.005_tfnone_rfadx20,30,20,1.5,0.005,none,adx20,-0.12307417800026232,-0.12873806338321925,50,0.28,0.1997828712818018,-0.5178191329871312,-0.04135551654434355,-0.045577107195449496,18,0.2222222222222222,0.30852048468885407,-0.4410722868356624,-0.21687184209125213
lb20_atr20_m1.5_r0.005_tfma100_rfadx20,20,20,1.5,0.005,ma100,adx20,-0.146037138449011,-0.146037138449011,53,0.22641509433962265,0.17490127747428544,-0.5866864607529808,-0.03509098967560509,-0.03934016747556457,18,0.3333333333333333,0.36562568306405474,-0.37094200295675744,-0.21833737611327592
lb20_atr20_m2.0_r0.005_tfnone_rfadx20,20,20,2.0,0.005,none,adx20,-0.14622828903593044,-0.15353669042923912,57,0.19298245614035087,0.24929335340144768,-0.5361597887217758,-0.03868613155874667,-0.042573408158697146,20,0.15,0.28470083807743046,-0.3735598005164721,-0.21909252774869112
lb10_atr10_m2.0_r0.0025_tfma100_rfnone,10,10,2.0,0.0025,ma100,none,-0.09076364122348468,-0.09648571863819755,68,0.16176470588235295,0.22065734165061685,-0.52202333413293,-0.03713578129954598,-0.040020725890224984,24,0.20833333333333334,0.1323114056585895,-0.5771424390661286,-0.21974742119332785
lb30_atr14_m1.5_r0.005_tfma100_rfadx20,30,14,1.5,0.005,ma100,adx20,-0.12272519675928806,-0.12272519675928806,43,0.2558139534883721,0.1611360870316361,-0.6042744451808039,-0.037237985475048196,-0.04147770853182464,16,0.1875,0.3116528446475906,-0.44113169775248723,-0.22046171777117018
lb10_atr14_m2.0_r0.005_tfma100_rfadx20,10,14,2.0,0.005,ma100,adx20,-0.14985858167262334,-0.15732807797242887,59,0.2033898305084746,0.22114113052984957,-0.5208086565741369,-0.03685960714786907,-0.04205792499711447,19,0.2631578947368421,0.271640143161658,-0.3834343746792634,-0.22093001577279983
lb10_atr20_m2.0_r0.0025_tfma100_rfnone,10,20,2.0,0.0025,ma100,none,-0.09185283533590527,-0.09362161067504904,69,0.18840579710144928,0.20695200597604377,-0.5195455572688934,-0.040607264124175924,-0.04370538997768081,26,0.15384615384615385,0.14660540900820312,-0.5820326541437096,-0.22314693907913058
lb10_atr10_m2.0_r0.005_tfma100_rfadx20,10,10,2.0,0.005,ma100,adx20,-0.15206396892946972,-0.15895623974015494,59,0.1864406779661017,0.2136730086757127,-0.5299030576599104,-0.03457208428237324,-0.04027736377005575,18,0.2777777777777778,0.24626049432876546,-0.39193841270322066,-0.22318028389641242
lb30_atr14_m1.5_r0.005_tfnone_rfadx20,30,14,1.5,0.005,none,adx20,-0.12808440831529233,-0.1337159336404945,50,0.26,0.20615319965601675,-0.5272702144703468,-0.04240485087277124,-0.04662182056160469,18,0.16666666666666666,0.2832659770329014,-0.45201391940426233,-0.2237026662984104
lb10_atr20_m1.5_r0.0025_tfnone_rfadx20,10,20,1.5,0.0025,none,adx20,-0.1577612538702462,-0.16174187076904556,105,0.19047619047619047,0.1452890462917345,-0.603334464619114,-0.033615185283886295,-0.03709612206391699,36,0.3055555555555556,0.34563837475894044,-0.3555797768300279,-0.2240777658872225
lb30_atr14_m1.5_r0.0025_tfnone_rfnone,30,14,1.5,0.0025,none,none,-0.07860926245099864,-0.07866612236739146,60,0.3,0.2521929968463228,-0.4976649752007205,-0.03997827287227251,-0.0425655956330252,23,0.13043478260869565,0.17390761179692313,-0.6620654306039586,-0.22453462308500055
lb20_atr20_m1.5_r0.0025_tfnone_rfnone,20,20,1.5,0.0025,none,none,-0.1076324928489335,-0.10825867575597536,77,0.24675324675324675,0.2158078449545641,-0.5453854174153946,-0.04169746525732432,-0.04392102566980449,30,0.23333333333333334,0.21693202022233984,-0.5259939983996992,-0.22464300095097378
lb30_atr14_m1.5_r0.0025_tfma100_rfnone,30,14,1.5,0.0025,ma100,none,-0.07453287054001279,-0.07453521053843348,51,0.29411764705882354,0.19891628678348972,-0.554229532630404,-0.03739410217780059,-0.03998838945140393,21,0.14285714285714285,0.18416543572564714,-0.6737791199359106,-0.22724280276041084
lb10_atr20_m2.0_r0.005_tfma100_rfadx20,10,20,2.0,0.005,ma100,adx20,-0.16613083742833057,-0.16937273515972762,62,0.16129032258064516,0.17703111569233912,-0.5639386596801789,-0.03479758933676347,-0.0410081236530182,19,0.21052631578947367,0.2872119695677032,-0.35388885463405745,-0.22766395752882548
lb10_atr10_m2.5_r0.005_tfnone_rfnone,10,10,2.5,0.005,none,none,-0.16754904664701198,-0.1713223585525161,80,0.175,0.3306338430549284,-0.42075617113510316,-0.0502068343808616,-0.07016638461736979,29,0.27586206896551724,0.4619949905003063,-0.3598752178776881,-0.2280545503111108
lb20_atr20_m2.5_r0.005_tfnone_rfnone,20,20,2.5,0.005,none,none,-0.10733695973128587,-0.1142234716828362,53,0.16981132075471697,0.38721903685964193,-0.39119233245155854,-0.06012960214726182,-0.06274533881794042,23,0.17391304347826086,0.1484613394385108,-0.5387970507693487,-0.22850104102178756
lb10_atr10_m1.5_r0.0025_tfnone_rfadx20,10,10,1.5,0.0025,none,adx20,-0.16456098719920276,-0.16826120169434589,107,0.1588785046728972,0.15758619428190523,-0.6218960170761894,-0.03347452394285089,-0.03815866056042172,35,0.2571428571428571,0.3661580413211213,-0.36427172653259154,-0.23075657260111812
lb10_atr14_m2.0_r0.0025_tfma100_rfnone,10,14,2.0,0.0025,ma100,none,-0.08353959851011183,-0.08943737936734542,66,0.21212121212121213,0.2486895171104758,-0.49395428088509474,-0.04713521785567554,-0.04971516240714868,27,0.18518518518518517,0.12631166349698905,-0.6436830505648865,-0.23170954241384745
lb20_atr10_m1.5_r0.0025_tfnone_rfnone,20,10,1.5,0.0025,none,none,-0.1151484481919508,-0.11583551411728377,77,0.19480519480519481,0.19005399584596638,-0.5879520427404022,-0.04093384175850456,-0.04344431695624129,29,0.13793103448275862,0.231981374791216,-0.5331264521502392,-0.23340255748798555
lb30_atr10_m1.5_r0.005_tfma100_rfadx20,30,10,1.5,0.005,ma100,adx20,-0.1235894032358833,-0.12436261199450405,43,0.23255813953488372,0.16042299428170745,-0.5949694469801671,-0.041493572212700225,-0.045714554906916005,16,0.125,0.24695606325470726,-0.4934844368607349,-0.23348420905537065
lb30_atr10_m1.5_r0.0025_tfma100_rfnone,30,10,1.5,0.0025,ma100,none,-0.07518649128775778,-0.07590458671045941,51,0.2549019607843137,0.18582862613110238,-0.5597147601031134,-0.03967401636824197,-0.04218778931594991,21,0.09523809523809523,0.1466965521604189,-0.7065643276389276,-0.23623005885247877
lb30_atr10_m1.5_r0.005_tfnone_rfadx20,30,10,1.5,0.005,none,adx20,-0.1290256845442116,-0.13541457996439432,50,0.22,0.20446567936587276,-0.5247353403774025,-0.04672756845854964,-0.05092550216015068,18,0.1111111111111111,0.2244610910713346,-0.4990090387878625,-0.2364398226305696
lb30_atr10_m1.5_r0.0025_tfnone_rfnone,30,10,1.5,0.0025,none,none,-0.08257465740828906,-0.08328701609788347,60,0.23333333333333334,0.22815659553054868,-0.5272865323904645,-0.0422976273960628,-0.04480453271492446,23,0.08695652173913043,0.13849470349322998,-0.6923592429924891,-0.23728130926040505
lb10_atr20_m1.5_r0.005_tfma100_rfadx20,10,20,1.5,0.005,ma100,adx20,-0.1885384898558159,-0.1885384898558159,70,0.18571428571428572,0.1498500273698512,-0.5929426751566216,-0.03798560443910082,-0.043069044912836696,22,0.36363636363636365,0.4224987147766113,-0.3209848300898315,-0.23755811187404904
lb10_atr20_m1.5_r0.0025_tfma100_rfnone,10,20,1.5,0.0025,ma100,none,-0.1106905285474753,-0.1110927969608011,79,0.20253164556962025,0.20161234502772432,-0.5433561868416142,-0.04560690175285953,-0.04831680456837184,30,0.26666666666666666,0.24238492347776522,-0.5826666033548443,-0.2383934483359214
lb20_atr10_m1.5_r0.0025_tfma100_rfnone,20,10,1.5,0.0025,ma100,none,-0.09727332868426108,-0.09797427420951088,63,0.2222222222222222,0.16980573859726658,-0.5960263797469801,-0.03870557589712054,-0.041221883858458486,23,0.13043478260869565,0.1564765181087825,-0.6294516499738462,-0.2390991018340827
lb10_atr14_m1.5_r0.0025_tfnone_rfadx20,10,14,1.5,0.0025,none,adx20,-0.1648992008915412,-0.16834142210549352,106,0.16981132075471697,0.14767019419697233,-0.628683962682013,-0.038255640192854545,-0.04288004253047839,37,0.2702702702702703,0.31525012654336965,-0.39242124188164473,-0.24104223669373648
lb20_atr20_m1.5_r0.005_tfnone_rfadx20,20,20,1.5,0.005,none,adx20,-0.17321012568952454,-0.17855019319170518,66,0.22727272727272727,0.16830268151872854,-0.5773208402491239,-0.0462337881776147,-0.05043389634352824,24,0.2916666666666667,0.3301452818020861,-0.3687664631760863,-0.24371809279095524
lb30_atr14_m2.0_r0.005_tfnone_rfnone,30,14,2.0,0.005,none,none,-0.10136384015234856,-0.10410575085885276,49,0.2857142857142857,0.32466686464044836,-0.4024576678091677,-0.05900191158901791,-0.06280087153661995,20,0.1,0.14137944118113685,-0.653263436351205,-0.2441722643208934
lb30_atr20_m2.0_r0.005_tfnone_rfnone,30,20,2.0,0.005,none,none,-0.11505491725804806,-0.11680644938762541,52,0.25,0.2954432131060648,-0.4374619112320555,-0.05443001189288199,-0.05825362477214313,19,0.10526315789473684,0.1527399813774997,-0.6152751368360201,-0.24538960825641468
lb20_atr10_m1.5_r0.005_tfnone_rfadx20,20,10,1.5,0.005,none,adx20,-0.18067873213749397,-0.18668873473230752,66,0.18181818181818182,0.1693525019110052,-0.5909463186939037,-0.04368041151132096,-0.047891764003206494,23,0.17391304347826086,0.3606432749599843,-0.3610006096974044,-0.24547759412621506
lb20_atr14_m1.5_r0.0025_tfma100_rfnone,20,14,1.5,0.0025,ma100,none,-0.10200538189736796,-0.10200765243288579,63,0.23809523809523808,0.1521055075586974,-0.6248337187651308,-0.040004259348352944,-0.04259151207381473,24,0.16666666666666666,0.18260026090045714,-0.6338549809403465,-0.24577620085303556
lb30_atr20_m2.0_r0.005_tfma100_rfnone,30,20,2.0,0.005,ma100,none,-0.11830766811292037,-0.11830766811292037,46,0.2391304347826087,0.23135833005921505,-0.5193119939646078,-0.047152541324786856,-0.05100558220043383,17,0.11764705882352941,0.17305939949482774,-0.599831553593476,-0.24610537946244074
lb30_atr10_m2.0_r0.005_tfma100_rfnone,30,10,2.0,0.005,ma100,none,-0.11253181552231384,-0.11253181552231384,44,0.20454545454545456,0.21372546551455276,-0.5114280561121028,-0.046607088348402104,-0.05034563244744028,16,0.125,0.14327608085992985,-0.6236670125580541,-0.24617537767194214
lb20_atr14_m1.5_r0.0025_tfnone_rfnone,20,14,1.5,0.0025,none,none,-0.11632079812544716,-0.11637533082638363,77,0.23376623376623376,0.18368527755180988,-0.5919689644180854,-0.0464313872706007,-0.04900131845646638,31,0.16129032258064516,0.1842151318681819,-0.5742211551549811,-0.24650184288319993
lb10_atr10_m2.0_r0.0025_tfnone_rfnone,10,10,2.0,0.0025,none,none,-0.13707668949795848,-0.14150144408331733,102,0.14705882352941177,0.20848131927216693,-0.5424345559006648,-0.05040650225360055,-0.05325168496104904,38,0.18421052631578946,0.20040937737166797,-0.5073457239707024,-0.2468733938505408
lb30_atr14_m2.0_r0.005_tfma100_rfnone,30,14,2.0,0.005,ma100,none,-0.10402111805970404,-0.10530696995637512,43,0.27906976744186046,0.25012111912612883,-0.48382505416521604,-0.05313343263262993,-0.056956084569390386,18,0.1111111111111111,0.15544830679315463,-0.6571482121637132,-0.24904821183951623
lb30_atr10_m2.0_r0.005_tfnone_rfnone,30,10,2.0,0.005,none,none,-0.11846343332406317,-0.119478542549039,51,0.19607843137254902,0.2684268113151117,-0.45873521923197197,-0.05248117174671585,-0.056196681774955404,18,0.1111111111111111,0.12855895811695836,-0.6220997270272596,-0.2494164787975139
lb20_atr10_m1.5_r0.005_tfma100_rfadx20,20,10,1.5,0.005,ma100,adx20,-0.15743645052520594,-0.1581797978997741,54,0.2037037037037037,0.14871543759010816,-0.6174832409800421,-0.042765830579128306,-0.046981210618639246,18,0.16666666666666666,0.25115313504808096,-0.4524753698679979,-0.24982592898284747
lb10_atr14_m2.5_r0.005_tfnone_rfnone,10,14,2.5,0.005,none,none,-0.15283179505194577,-0.15570190122532213,78,0.20512820512820512,0.32968247909659076,-0.39106037090115536,-0.0703459671272364,-0.0821382451676762,31,0.16129032258064516,0.2949338284922367,-0.4655935838249634,-0.25128266374779135
lb30_atr20_m1.5_r0.005_tfma100_rfnone,30,20,1.5,0.005,ma100,none,-0.11219179332549645,-0.11219179332549645,50,0.3,0.2910916188801217,-0.47830488681419503,-0.05817105046474991,-0.062318590409867425,21,0.19047619047619047,0.23940421352706687,-0.6421045451330935,-0.25285889134257156
lb20_atr20_m2.0_r0.005_tfma100_rfnone,20,20,2.0,0.005,ma100,none,-0.14517973122969907,-0.14517973122969907,55,0.2,0.23351722231211194,-0.5462204723825883,-0.047228523328254,-0.051081256954548016,19,0.10526315789473684,0.17303093171860823,-0.538441993287061,-0.25437793730407854
lb20_atr14_m2.0_r0.005_tfma100_rfnone,20,14,2.0,0.005,ma100,none,-0.12767853304837884,-0.1289304333279453,51,0.23529411764705882,0.2577200622501087,-0.5077499531939234,-0.05396179571770843,-0.05778110342006382,20,0.1,0.15359078402480428,-0.6004302296588682,-0.2565046273535636
lb20_atr10_m2.0_r0.005_tfma100_rfnone,20,10,2.0,0.005,ma100,none,-0.14050139889446855,-0.14101966427845192,53,0.16981132075471697,0.22314208774582633,-0.5387384761348514,-0.04822498739824965,-0.05195718722215037,18,0.1111111111111111,0.13922986462532444,-0.5726978907119699,-0.25814604386926016
lb10_atr20_m2.0_r0.0025_tfnone_rfnone,10,20,2.0,0.0025,none,none,-0.130709721610765,-0.13138049393336748,101,0.1782178217821782,0.20306558917607098,-0.5200968854057725,-0.06124688394162314,-0.06427835915522662,41,0.12195121951219512,0.16133093777311308,-0.5735058939121502,-0.26103584668457236
lb20_atr14_m1.5_r0.005_tfma100_rfadx20,20,14,1.5,0.005,ma100,adx20,-0.1644111157212763,-0.1644111157212763,54,0.2037037037037037,0.12351630275677214,-0.6642454085113902,-0.0457388591863811,-0.049941146875192244,19,0.21052631578947367,0.2805524766098862,-0.46020711073277193,-0.2612810632815958
lb20_atr14_m2.0_r0.005_tfnone_rfnone,20,14,2.0,0.005,none,none,-0.1425301203200836,-0.1451464248364719,62,0.22580645161290322,0.2894626306479049,-0.47540611486173023,-0.06499908836336876,-0.06877383674811544,26,0.11538461538461539,0.19689781950151022,-0.5454703829976842,-0.26144785696094913
lb20_atr20_m2.0_r0.005_tfnone_rfnone,20,20,2.0,0.005,none,none,-0.15891894118682448,-0.16058365522029383,66,0.19696969696969696,0.26263155351597883,-0.5064498728953686,-0.06039508269613203,-0.06419457454592314,25,0.12,0.2008018019203738,-0.508219635799646,-0.2641299083761469
lb30_atr20_m1.5_r0.005_tfnone_rfnone,30,20,1.5,0.005,none,none,-0.12574604362283648,-0.12574604362283648,60,0.31666666666666665,0.2901668244341969,-0.4466584192191933,-0.06474967467259707,-0.06886824427580762,23,0.17391304347826086,0.2196069358356609,-0.6452514301223661,-0.26431511249032136
lb10_atr14_m2.0_r0.0025_tfnone_rfnone,10,14,2.0,0.0025,none,none,-0.12581967282340167,-0.1292661409544794,98,0.19387755102040816,0.2321628541837668,-0.5161236182470408,-0.065688180140553,-0.06821789131698974,42,0.16666666666666666,0.16557650270733804,-0.5934342655471967,-0.26450869630019225
lb10_atr20_m2.5_r0.005_tfnone_rfnone,10,20,2.5,0.005,none,none,-0.14621101395813807,-0.14918407635305597,78,0.15384615384615385,0.3535328728592869,-0.37999915129594247,-0.08312603148062492,-0.09085151486690712,33,0.24242424242424243,0.19257487849793728,-0.5101291786568222,-0.2647000501247258
lb10_atr10_m2.0_r0.005_tfnone_rfadx20,10,10,2.0,0.005,none,adx20,-0.22379708892125716,-0.23165541820526314,88,0.17045454545454544,0.20845073226259683,-0.5484057549629272,-0.047816780761038125,-0.05441437001088645,29,0.2413793103448276,0.3452319573573514,-0.3204079982934292,-0.2647184616094167
lb10_atr10_m1.5_r0.0025_tfma100_rfnone,10,10,1.5,0.0025,ma100,none,-0.12558572804577428,-0.12626468967460003,83,0.18072289156626506,0.148320903392515,-0.5906408348910104,-0.050915294108730524,-0.05435142822523542,30,0.16666666666666666,0.1944284591115209,-0.6408310851889641,-0.2667928172312794
lb20_atr10_m2.0_r0.005_tfnone_rfnone,20,10,2.0,0.005,none,none,-0.16386763116998992,-0.16533405174747784,65,0.15384615384615385,0.24365413909754646,-0.5247333429079246,-0.05794251615626511,-0.061636610589039575,24,0.125,0.19784326768689792,-0.5110440058736162,-0.26732361018872575
lb20_atr20_m1.5_r0.005_tfma100_rfnone,20,20,1.5,0.005,ma100,none,-0.1536243454601005,-0.1536243454601005,61,0.2459016393442623,0.22796964789771593,-0.5455038637766783,-0.05533010747675371,-0.05949015810603564,23,0.2608695652173913,0.2652337799559046,-0.562764731673812,-0.26815248100663075
lb10_atr14_m1.5_r0.0025_tfma100_rfnone,10,14,1.5,0.0025,ma100,none,-0.124441793922209,-0.1244440077283554,81,0.19753086419753085,0.1364906830810671,-0.599564472624099,-0.052503985285477506,-0.05589491631911414,31,0.1935483870967742,0.2054216411256064,-0.6471900980144222,-0.26902224660459784
lb10_atr10_m1.5_r0.005_tfma100_rfadx20,10,10,1.5,0.005,ma100,adx20,-0.20633834358547032,-0.20703854751543993,73,0.1643835616438356,0.12740702933676296,-0.6297877602786309,-0.04445966636038623,-0.050026090819721425,22,0.22727272727272727,0.3355231904844573,-0.39721138668065675,-0.27107005471446727
lb20_atr14_m1.5_r0.005_tfnone_rfadx20,20,14,1.5,0.005,none,adx20,-0.18793590633565882,-0.19318086301813064,66,0.19696969696969696,0.1479823707857089,-0.6274319818320017,-0.05486793364419529,-0.05903001955221132,25,0.2,0.27556166475318883,-0.42268498633257373,-0.27380098859487334
lb10_atr14_m2.0_r0.005_tfnone_rfadx20,10,14,2.0,0.005,none,adx20,-0.21243668559563345,-0.2217717139841069,86,0.19767441860465115,0.21919174148442017,-0.5254751689948421,-0.05930403571811771,-0.06542731257937362,31,0.22580645161290322,0.30619877681814917,-0.37961904643012734,-0.275667652289816
lb10_atr14_m1.5_r0.005_tfma100_rfadx20,10,14,1.5,0.005,ma100,adx20,-0.2064991803354016,-0.2064991803354016,72,0.16666666666666666,0.11088308037995587,-0.6454936512801962,-0.04807807799338304,-0.05373889046142666,23,0.2608695652173913,0.34926716156890675,-0.40933454396790714,-0.2772721467014374
lb30_atr14_m1.5_r0.005_tfma100_rfnone,30,14,1.5,0.005,ma100,none,-0.13182171824772027,-0.13182171824772027,51,0.29411764705882354,0.19390879862837526,-0.554229532630404,-0.061338103026822965,-0.06547169619634396,21,0.14285714285714285,0.2132660620305237,-0.6737791199359107,-0.2803228719415097
lb30_atr14_m1.5_r0.005_tfnone_rfnone,30,14,1.5,0.005,none,none,-0.14231111471141245,-0.14231111471141245,60,0.3,0.2258192648264521,-0.49766497520072056,-0.0663756300609829,-0.07048703943098378,23,0.13043478260869565,0.1993706666390756,-0.6620654306039586,-0.2836692719883963
lb10_atr20_m1.5_r0.0025_tfnone_rfnone,10,20,1.5,0.0025,none,none,-0.1671088588895293,-0.16808079103208562,119,0.21008403361344538,0.1775560525012713,-0.5664273663427447,-0.06703940398198871,-0.06968845137195268,47,0.23404255319148937,0.20659242436207578,-0.5530395314024122,-0.2872593943731399
lb10_atr10_m2.0_r0.005_tfma100_rfnone,10,10,2.0,0.005,ma100,none,-0.1712155247463666,-0.17795212613825218,68,0.16176470588235295,0.215681771386858,-0.52202333413293,-0.0630329850125072,-0.06857007235399937,24,0.20833333333333334,0.15064178589995542,-0.5771424390661286,-0.2887171590244052
lb10_atr20_m2.0_r0.005_tfma100_rfnone,10,20,2.0,0.005,ma100,none,-0.1696240453760166,-0.17285236229230594,69,0.18840579710144928,0.2108884699642444,-0.5195455572688934,-0.06715195441695565,-0.07315430660230049,26,0.15384615384615385,0.17090672067197138,-0.5820326541437096,-0.29097737835770704
lb30_atr10_m1.5_r0.005_tfma100_rfnone,30,10,1.5,0.005,ma100,none,-0.1356465467408361,-0.13640911814637557,51,0.2549019607843137,0.17938416138612662,-0.5597147601031134,-0.066239171285158,-0.07035118157980014,21,0.09523809523809523,0.16830685633915515,-0.7065643276389276,-0.293487301348634
lb10_atr20_m2.0_r0.005_tfnone_rfadx20,10,20,2.0,0.005,none,adx20,-0.2285150894022795,-0.23476195194002503,90,0.16666666666666666,0.18232687508801304,-0.5522771951974549,-0.06302154961150275,-0.06905047862726255,31,0.16129032258064516,0.27193169742687784,-0.39850232080634995,-0.29417722165460497
lb20_atr20_m1.5_r0.005_tfnone_rfnone,20,20,1.5,0.005,none,none,-0.18698878521127804,-0.18698878521127804,77,0.24675324675324675,0.21204935710913528,-0.5453854174153946,-0.07080002525244466,-0.07489195087669887,30,0.23333333333333334,0.2406286863609792,-0.5259939983996992,-0.2950117755215535
lb10_atr14_m2.0_r0.005_tfma100_rfnone,10,14,2.0,0.005,ma100,none,-0.1579976040034372,-0.16539558938062038,66,0.21212121212121213,0.24346808138626047,-0.49395428088509474,-0.07451551467140394,-0.0795105938467634,27,0.18518518518518517,0.1533637495538944,-0.6436830505648865,-0.2981830791076474
lb30_atr10_m1.5_r0.005_tfnone_rfnone,30,10,1.5,0.005,none,none,-0.1521415148667754,-0.1528895336711995,60,0.23333333333333334,0.20315534597759052,-0.5272865323904644,-0.07133804233112162,-0.07542759868511073,23,0.08695652173913043,0.15736675187479712,-0.6923592429924891,-0.3021594811203844
lb10_atr10_m1.5_r0.0025_tfnone_rfnone,10,10,1.5,0.0025,none,none,-0.18187530338333846,-0.18305151283396714,123,0.17073170731707318,0.15851240921602797,-0.6034076488855212,-0.06883270624563842,-0.07220397088237929,46,0.1956521739130435,0.21578396592585722,-0.5754434307410836,-0.3045376783243642
lb20_atr10_m1.5_r0.005_tfma100_rfnone,20,10,1.5,0.005,ma100,none,-0.17465475801036134,-0.17538291462137057,63,0.2222222222222222,0.16023197432988837,-0.5960263797469801,-0.06418637180006559,-0.06830742202480111,23,0.13043478260869565,0.18045505660097072,-0.6294516499738461,-0.30544757538256684
lb10_atr14_m1.5_r0.0025_tfnone_rfnone,10,14,1.5,0.0025,none,none,-0.17621491527929822,-0.17621699817963665,120,0.2,0.1602889166803356,-0.5969485529754485,-0.07284524694712424,-0.07616337998017753,48,0.20833333333333334,0.19179646640256742,-0.589078203171229,-0.3063695979172807
lb10_atr20_m1.5_r0.005_tfma100_rfnone,10,20,1.5,0.005,ma100,none,-0.19318574271174171,-0.19318574271174171,79,0.20253164556962025,0.19795332391844006,-0.5433561868416142,-0.07177039415139075,-0.07667531030344021,30,0.26666666666666666,0.27628663994667174,-0.5826666033548443,-0.3081497756757867
lb20_atr10_m1.5_r0.005_tfnone_rfnone,20,10,1.5,0.005,none,none,-0.20559192824428008,-0.20629279069535988,77,0.19480519480519481,0.1704096935839603,-0.5879520427404022,-0.06961459170880657,-0.07371173763657435,29,0.13793103448275862,0.2575180263257577,-0.5331264521502392,-0.3101183845508446
lb20_atr14_m1.5_r0.005_tfma100_rfnone,20,14,1.5,0.005,ma100,none,-0.17847813706184168,-0.17847813706184168,63,0.23809523809523808,0.1481474781748109,-0.6248337187651308,-0.06634155037467482,-0.07045310982167252,24,0.16666666666666666,0.20963151564437024,-0.6338549809403465,-0.3121387838450471
lb10_atr20_m1.5_r0.005_tfnone_rfadx20,10,20,1.5,0.005,none,adx20,-0.27110598922598217,-0.2764316402794502,105,0.19047619047619047,0.1428634106934396,-0.603334464619114,-0.06705047548993248,-0.07339939524925032,36,0.3055555555555556,0.33243346782195693,-0.35557977683002784,-0.31925069002932566
lb20_atr14_m1.5_r0.005_tfnone_rfnone,20,14,1.5,0.005,none,none,-0.20416869222293976,-0.20416869222293976,77,0.23376623376623376,0.1658397670694584,-0.5919689644180854,-0.07984425201352496,-0.08389634950148883,31,0.16129032258064516,0.20442126299252864,-0.5742211551549811,-0.32556760780604355
lb10_atr10_m1.5_r0.005_tfnone_rfadx20,10,10,1.5,0.005,none,adx20,-0.2834252292415622,-0.2889356437559968,107,0.1588785046728972,0.14364007826924016,-0.6218960170761894,-0.06476329419405291,-0.07249755356772747,35,0.2571428571428571,0.35529828135779523,-0.36427172653259154,-0.32763503876628947
lb10_atr14_m1.5_r0.005_tfnone_rfadx20,10,14,1.5,0.005,none,adx20,-0.28291882620359743,-0.2880441138324007,106,0.16981132075471697,0.1368540168544354,-0.628683962682013,-0.07358291325292832,-0.08136285649948127,37,0.2702702702702703,0.31051607385344365,-0.39242124188164473,-0.3405508606304603
lb10_atr10_m1.5_r0.005_tfma100_rfnone,10,10,1.5,0.005,ma100,none,-0.21852626756533666,-0.2192157187618209,83,0.18072289156626506,0.1412872510103543,-0.5906408348910104,-0.07947740050343421,-0.08483983192869005,30,0.16666666666666666,0.21771237485061,-0.6408310851889641,-0.34488516456037904
lb10_atr14_m1.5_r0.005_tfma100_rfnone,10,14,1.5,0.005,ma100,none,-0.21479560566393718,-0.21479560566393718,81,0.19753086419753085,0.1352170473397335,-0.599564472624099,-0.08168092284678741,-0.08714190862872329,31,0.1935483870967742,0.23745932773987163,-0.6471900980144222,-0.34589085754488164
lb10_atr10_m2.0_r0.005_tfnone_rfnone,10,10,2.0,0.005,none,none,-0.252488071060322,-0.25751681067308096,102,0.14705882352941177,0.2011640290903491,-0.5424345559006648,-0.09135828377207933,-0.09672798031891494,38,0.18421052631578946,0.21157463958561729,-0.5073457239707023,-0.34873709243811685
lb10_atr20_m2.0_r0.005_tfnone_rfnone,10,20,2.0,0.005,none,none,-0.23959489969130665,-0.24074557539198227,101,0.1782178217821782,0.1997325267217522,-0.5200968854057726,-0.10805908892539384,-0.11379822672188356,41,0.12195121951219512,0.17502969156823767,-0.5735058939121502,-0.36373503799019224
lb10_atr14_m2.0_r0.005_tfnone_rfnone,10,14,2.0,0.005,none,none,-0.23403264780114885,-0.23737041676637172,98,0.19387755102040816,0.22185020302400507,-0.5161236182470408,-0.11083194476807767,-0.11563101477572557,42,0.16666666666666666,0.1856794118858992,-0.5934342655471967,-0.36521189240644886
lb10_atr20_m1.5_r0.005_tfnone_rfnone,10,20,1.5,0.005,none,none,-0.28456076813092457,-0.2850125201683168,119,0.21008403361344538,0.17625482111415017,-0.5664273663427447,-0.1140418537620641,-0.11872340064889231,47,0.23404255319148937,0.22261573258947268,-0.5530395314024122,-0.39478483822101657
lb10_atr10_m1.5_r0.005_tfnone_rfnone,10,10,1.5,0.005,none,none,-0.31055856431400797,-0.31194006174612166,123,0.17073170731707318,0.14593087243669967,-0.6034076488855212,-0.11475323200213494,-0.11991016686762779,46,0.1956521739130435,0.2319230245113898,-0.5754434307410837,-0.4179668372068698
lb10_atr14_m1.5_r0.005_tfnone_rfnone,10,14,1.5,0.005,none,none,-0.3007015608608059,-0.3007015608608059,120,0.2,0.1497316219837894,-0.5969485529754485,-0.121728154162968,-0.12695099030142531,48,0.20833333333333334,0.20981103922905942,-0.589078203171229,-0.4196663722807584
