key,breakout_lookback,atr_period,atr_mult,risk_per_trade,trend_filter,regime_filter,is_return,is_mdd,is_trades,is_win_rate,is_pf,is_avg_r,oos_return,oos_mdd,oos_trades,oos_win_rate,oos_pf,oos_avg_r,rank_score
lb55_atr14_m3.0_r0.0025_tfnone_rfadx20,55,14,3.0,0.0025,none,adx20,0.0019978334679002785,-0.017608413902644116,19,0.2631578947368421,1.1010014692963455,0.04009422485143263,0.0028683110692233615,-0.006187720291088383,6,0.6666666666666666,1.6608435896801974,0.18276839884999693,0.07555768584057515
lb55_atr14_m3.0_r0.005_tfnone_rfadx20,55,14,3.0,0.005,none,adx20,0.0036881647123911954,-0.034944094546168536,19,0.2631578947368421,1.0923298200598341,0.04009422485143263,0.005714859310534948,-0.012312896571182286,6,0.6666666666666666,1.6554323948065224,0.18276839884999696,0.07366782469337958
lb55_atr14_m3.0_r0.0025_tfma100_rfadx20,55,14,3.0,0.0025,ma100,adx20,-0.001274553129116951,-0.017608413902644338,18,0.2222222222222222,0.9442859224017575,-0.025593568495210064,0.0028683110692233615,-0.006187720291088383,6,0.6666666666666666,1.6608435896801974,0.18276839884999693,0.06669191671169296
lb55_atr14_m3.0_r0.005_tfma100_rfadx20,55,14,3.0,0.005,ma100,adx20,-0.0028671223570998494,-0.03494409454616787,18,0.2222222222222222,0.9376805842428165,-0.025593568495210127,0.005714859310534948,-0.012312896571182286,6,0.6666666666666666,1.6554323948065224,0.18276839884999696,0.06334644661819877
lb55_atr10_m3.0_r0.0025_tfnone_rfadx20,55,10,3.0,0.0025,none,adx20,-0.0010502322328272973,-0.01809631695491576,20,0.3,0.9484469591535573,-0.019894102960962622,0.0017914878328531003,-0.006583684766834574,6,0.6666666666666666,1.3978826841933096,0.11371801613941562,0.050223320416684425
lb55_atr20_m3.0_r0.0025_tfnone_rfadx20,55,20,3.0,0.0025,none,adx20,-0.010716932579530991,-0.023395866425600875,22,0.18181818181818182,0.640902319901181,-0.18486329483098168,0.0029279600786824567,-0.006066537574906605,6,0.6666666666666666,1.7640070384120137,0.18636319031248907,0.04717112904949181
lb55_atr10_m3.0_r0.005_tfnone_rfadx20,55,10,3.0,0.005,none,adx20,-0.0024087091715760955,-0.035900574403443075,20,0.3,0.941279115832275,-0.01989410296096263,0.00355928653506421,-0.01311111160725753,6,0.6666666666666666,1.3938842599942447,0.11371801613941572,0.04624133643240458
lb55_atr10_m2.5_r0.0025_tfnone_rfadx20,55,10,2.5,0.0025,none,adx20,-0.009900193739295515,-0.02551524519247328,24,0.16666666666666666,0.7051591767593901,-0.15610574261292526,0.00288541440157708,-0.006676654394211168,6,0.5,1.5225202665696727,0.18485849111592637,0.04529739515053255
lb55_atr10_m3.0_r0.0025_tfma100_rfadx20,55,10,3.0,0.0025,ma100,adx20,-0.004330831323092976,-0.018096316954916092,19,0.2631578947368421,0.8137228974815885,-0.08600454456046124,0.0017914878328531003,-0.006583684766834574,6,0.6666666666666666,1.3978826841933096,0.11371801613941562,0.04154778453855302
lb55_atr20_m3.0_r0.0025_tfma100_rfadx20,55,20,3.0,0.0025,ma100,adx20,-0.01344024806811328,-0.023395866425600986,21,0.14285714285714285,0.5860308832802683,-0.2431655915481613,0.0029279600786824567,-0.006066537574906605,6,0.6666666666666666,1.7640070384120137,0.18636319031248907,0.04026803603235697
lb55_atr20_m3.0_r0.005_tfnone_rfadx20,55,20,3.0,0.005,none,adx20,-0.021625267939636483,-0.04629734983877687,22,0.18181818181818182,0.6376190714630979,-0.18486329483098166,0.005836571887129827,-0.012067479919734558,6,0.6666666666666666,1.7579376150315573,0.18636319031248916,0.03894283408007173
lb55_atr10_m2.5_r0.005_tfnone_rfadx20,55,10,2.5,0.005,none,adx20,-0.020170973378598522,-0.05042898910786242,24,0.16666666666666666,0.7000613425214394,-0.15610574261292523,0.00573692616501309,-0.01328905342302178,6,0.5,1.51787510259712,0.18485849111592642,0.0368926199301275
lb55_atr10_m3.0_r0.005_tfma100_rfadx20,55,10,3.0,0.005,ma100,adx20,-0.008959822715213672,-0.03590057440344285,19,0.2631578947368421,0.8078947965001531,-0.08600454456046124,0.00355928653506421,-0.01311111160725753,6,0.6666666666666666,1.3938842599942447,0.11371801613941572,0.0361081363448243
lb55_atr10_m2.5_r0.0025_tfma100_rfadx20,55,10,2.5,0.0025,ma100,adx20,-0.014048381327543824,-0.02551524519247339,23,0.08695652173913043,0.6170958676783593,-0.23090503348205488,0.00288541440157708,-0.006676654394211168,6,0.5,1.5225202665696727,0.18485849111592637,0.03596110803942113
lb55_atr20_m3.0_r0.005_tfma100_rfadx20,55,20,3.0,0.005,ma100,adx20,-0.027013541788515782,-0.04629734983877698,21,0.14285714285714285,0.5828580431377318,-0.2431655915481614,0.005836571887129827,-0.012067479919734558,6,0.6666666666666666,1.7579376150315573,0.18636319031248916,0.030841669087906455
lb55_atr10_m2.5_r0.005_tfma100_rfadx20,55,10,2.5,0.005,ma100,adx20,-0.028373782810750203,-0.05042898910786153,23,0.08695652173913043,0.6123300214324283,-0.2309050334820548,0.00573692616501309,-0.01328905342302178,6,0.5,1.51787510259712,0.18485849111592642,0.025735238863175913
lb55_atr14_m3.0_r0.0025_tfnone_rfnone,55,14,3.0,0.0025,none,none,0.0014143425440400481,-0.015151880885451496,20,0.25,1.068005980163868,0.02801641061809703,-0.0029249997077016587,-0.0106670610852031,8,0.5,0.7112836221578721,-0.13927071652303746,-0.001830825432993227
lb55_atr14_m3.0_r0.005_tfnone_rfnone,55,14,3.0,0.005,none,none,0.0025157420635180117,-0.030106151728332975,20,0.25,1.0601017433962254,0.028016410618097103,-0.005887850379704851,-0.021211926024202743,8,0.5,0.7101197513243359,-0.13927071652303744,-0.008718566326583636
lb55_atr14_m3.0_r0.0025_tfma100_rfnone,55,14,3.0,0.0025,ma100,none,-0.001856138452170808,-0.015151880885451163,19,0.21052631578947367,0.9223062350392711,-0.034849804880476926,-0.0029249997077016587,-0.0106670610852031,8,0.5,0.7112836221578721,-0.13927071652303746,-0.009679086861979384
lb55_atr14_m3.0_r0.005_tfma100_rfnone,55,14,3.0,0.005,ma100,none,-0.004031887680421065,-0.030106151728332864,19,0.21052631578947367,0.915839119170766,-0.03484980488047692,-0.005887850379704851,-0.021211926024202743,8,0.5,0.7101197513243359,-0.13927071652303744,-0.017371025173060942
lb55_atr14_m2.5_r0.0025_tfnone_rfadx20,55,14,2.5,0.0025,none,adx20,-0.001686023985993712,-0.02059788258479922,22,0.22727272727272727,0.9393437024236616,-0.02906815974731715,-0.00412865262887252,-0.008018511295259212,9,0.4444444444444444,0.5291744905503464,-0.1780223349544509,-0.01977659393360042
lb55_atr10_m3.0_r0.0025_tfnone_rfnone,55,10,3.0,0.0025,none,none,-0.002129587791608323,-0.016161706124894204,21,0.2857142857142857,0.902552207855547,-0.0375184390544935,-0.004011315733358223,-0.01055761428687585,8,0.5,0.6106689619157174,-0.1918784128438396,-0.02162676488454604
lb10_atr20_m3.0_r0.0025_tfma100_rfadx20,10,20,3.0,0.0025,ma100,adx20,-0.03642063117709793,-0.044962723079352895,41,0.1951219512195122,0.44653248245867183,-0.3439831641117725,0.0004959049958352946,-0.010944773771960903,10,0.4,1.0430165104266966,0.01546230678425336,-0.027815447682006174
lb55_atr10_m2.5_r0.0025_tfnone_rfnone,55,10,2.5,0.0025,none,none,-0.010564515501089944,-0.023087705291339078,25,0.16,0.6958326619680388,-0.15885971364575968,-0.00307283075287923,-0.009981554837967366,8,0.375,0.7322277863392634,-0.14313097479978407,-0.02784589545292188
lb55_atr14_m2.5_r0.005_tfnone_rfadx20,55,14,2.5,0.005,none,adx20,-0.003833547471568388,-0.04082689151126917,22,0.22727272727272727,0.9314632733805697,-0.02906815974731715,-0.00826682779736776,-0.01599152987456076,9,0.4444444444444444,0.5288111150073997,-0.17802233495445097,-0.028411982589729656
lb55_atr14_m2.5_r0.0025_tfma100_rfadx20,55,14,2.5,0.0025,ma100,adx20,-0.00590626392955762,-0.020597882584799554,21,0.14285714285714285,0.809495127591613,-0.10517483970281043,-0.00412865262887252,-0.008018511295259212,9,0.4444444444444444,0.5291744905503464,-0.1780223349544509,-0.02920992071147064
lb55_atr10_m3.0_r0.0025_tfma100_rfnone,55,10,3.0,0.0025,ma100,none,-0.005406642226298497,-0.016161706124894204,20,0.25,0.7813403086072515,-0.10120457537869376,-0.004011315733358223,-0.01055761428687585,8,0.5,0.6106689619157174,-0.1918784128438396,-0.029570355662281264
lb30_atr14_m3.0_r0.0025_tfma100_rfadx20,30,14,3.0,0.0025,ma100,adx20,-0.017774900737126176,-0.03148843351850239,26,0.23076923076923078,0.556051629953485,-0.2594914222550032,-0.0016433032733432773,-0.009395316733144754,8,0.5,0.825516667199225,-0.0804609120405492,-0.029597965704259096
lb55_atr20_m3.0_r0.0025_tfnone_rfnone,55,20,3.0,0.0025,none,none,-0.013850071152159527,-0.0234448925412859,24,0.16666666666666666,0.5844967630306891,-0.2188756146306767,-0.0022761268791381406,-0.010693094548107629,8,0.5,0.748087367852679,-0.10981641687172385,-0.02981875567717563
lb55_atr10_m3.0_r0.005_tfnone_rfnone,55,10,3.0,0.005,none,none,-0.0045679609346098715,-0.032093253036066915,21,0.2857142857142857,0.895878538777154,-0.037518439054493494,-0.008049943686114669,-0.021000029566613287,8,0.5,0.6099179213788608,-0.19187841284383958,-0.030295492490951502
lb10_atr10_m3.0_r0.0025_tfma100_rfadx20,10,10,3.0,0.0025,ma100,adx20,-0.029374499591788283,-0.039707891336103196,39,0.23076923076923078,0.5093033322937224,-0.29222292322528104,-0.0012168370201062206,-0.012197299363517655,10,0.4,0.9173361941472491,-0.045897584321890304,-0.03241031025849601
lb30_atr20_m3.0_r0.0025_tfma100_rfadx20,30,20,3.0,0.0025,ma100,adx20,-0.022869144370741057,-0.03090634106797785,27,0.14814814814814814,0.48074504394795964,-0.32063963632630044,-0.0011474711724214215,-0.009573960372195933,8,0.5,0.8694047550143043,-0.058283524964792895,-0.03326416685905072
lb10_atr14_m3.0_r0.0025_tfma100_rfadx20,10,14,3.0,0.0025,ma100,adx20,-0.030568196231784084,-0.042258278090459456,39,0.23076923076923078,0.4836375491507369,-0.3042608800794599,-0.0013297124995839127,-0.011312333179308465,10,0.4,0.9019372736488179,-0.0496477294963758,-0.03536900768623763
lb55_atr20_m3.0_r0.0025_tfma100_rfnone,55,20,3.0,0.0025,ma100,none,-0.016564761682846818,-0.023444892541285678,23,0.13043478260869565,0.5391812316350327,-0.2735869429289579,-0.0022761268791381406,-0.010693094548107629,8,0.5,0.748087367852679,-0.10981641687172385,-0.03630342072173888
lb55_atr10_m2.5_r0.0025_tfma100_rfnone,55,10,2.5,0.0025,ma100,none,-0.01470991980297709,-0.02308770529133941,24,0.08333333333333333,0.6112464202599897,-0.23065711618837703,-0.00307283075287923,-0.009981554837967366,8,0.375,0.7322277863392634,-0.14313097479978407,-0.036881755649184673
lb55_atr14_m2.5_r0.005_tfma100_rfadx20,55,14,2.5,0.005,ma100,adx20,-0.012248608051831034,-0.04082689151126928,21,0.14285714285714285,0.8027930919013325,-0.10517483970281044,-0.00826682779736776,-0.01599152987456076,9,0.4444444444444444,0.5288111150073997,-0.17802233495445097,-0.03932247518732564
lb55_atr10_m3.0_r0.005_tfma100_rfnone,55,10,3.0,0.005,ma100,none,-0.011104894820106015,-0.03209325303606669,20,0.25,0.7755375706126182,-0.10120457537869383,-0.008049943686114669,-0.021000029566613287,8,0.5,0.6099179213788608,-0.19187841284383958,-0.03937683328321893
lb55_atr10_m2.5_r0.005_tfnone_rfnone,55,10,2.5,0.005,none,none,-0.021490636068582925,-0.0456877005396944,25,0.16,0.6903482028742086,-0.15885971364575968,-0.006195688026416679,-0.019854928522125004,8,0.375,0.7305179204324739,-0.14313097479978407,-0.040302226907057655
lb30_atr10_m3.0_r0.0025_tfma100_rfadx20,30,10,3.0,0.0025,ma100,adx20,-0.016638346426513073,-0.0317737161967091,26,0.2692307692307692,0.5834455220679572,-0.24570066495914655,-0.002973391989694485,-0.00952651246680336,8,0.5,0.6929255413346752,-0.1450837802780086,-0.041484531436533
lb55_atr20_m3.0_r0.005_tfnone_rfnone,55,20,3.0,0.005,none,none,-0.02782436317382253,-0.04639527975327651,24,0.16666666666666666,0.5813602689156151,-0.2188756146306767,-0.004588509573793753,-0.021256487609715324,8,0.5,0.7467897704449808,-0.10981641687172386,-0.04339677031233965
lb20_atr10_m2.5_r0.0025_tfma100_rfadx20,20,10,2.5,0.0025,ma100,adx20,-0.04418721239182544,-0.05019646421318502,39,0.15384615384615385,0.37655594918088137,-0.4386127193526782,0.00019931194029365606,-0.011777464063404963,9,0.3333333333333333,1.015902092812648,0.006430746031254641,-0.04343395809252569
lb20_atr10_m3.0_r0.0025_tfma100_rfadx20,20,10,3.0,0.0025,ma100,adx20,-0.03024709325036945,-0.042180445292476,34,0.20588235294117646,0.46527963187615207,-0.3465444411834479,-0.0015512510847196515,-0.012321403104624484,9,0.4444444444444444,0.8670997491490278,-0.0699732862044182,-0.04347262357607508
lb30_atr14_m3.0_r0.0025_tfnone_rfadx20,30,14,3.0,0.0025,none,adx20,-0.013053044271524095,-0.03233987454047438,29,0.3103448275862069,0.6766673110709455,-0.17087219687404054,-0.00485327877912245,-0.012580367506703438,10,0.4,0.6154463669165535,-0.19258770789393498,-0.04348226007623776
lb10_atr10_m2.5_r0.0025_tfma100_rfadx20,10,10,2.5,0.0025,ma100,adx20,-0.05519570571329646,-0.06056863874219964,49,0.14285714285714285,0.3388394999065097,-0.43671488673138364,0.0008508623429224205,-0.011648854850321966,11,0.45454545454545453,1.0588659303722259,0.0333478303075213,-0.04446623474011484
lb30_atr14_m3.0_r0.005_tfma100_rfadx20,30,14,3.0,0.005,ma100,adx20,-0.03559586055665054,-0.0620631926972961,26,0.23076923076923078,0.5544254143780659,-0.2594914222550032,-0.0033281027725606815,-0.01869163650634731,8,0.5,0.8238446825586134,-0.08046091204054917,-0.04529122573771223
lb20_atr14_m3.0_r0.0025_tfma100_rfadx20,20,14,3.0,0.0025,ma100,adx20,-0.032375030199314314,-0.04296689627012884,33,0.21212121212121213,0.41140817427830995,-0.3798789979949361,-0.0016719761273281675,-0.01140615807631673,9,0.4444444444444444,0.8535455062889638,-0.07295273428070567,-0.04859962547999685
lb30_atr10_m3.0_r0.0025_tfnone_rfadx20,30,10,3.0,0.0025,none,adx20,-0.009772088874752116,-0.031035697991651512,29,0.3103448275862069,0.7527485091835793,-0.1300974555999998,-0.006352303043982044,-0.012883215075456311,10,0.4,0.5134625578056267,-0.2500813510456869,-0.04969120799256523
lb30_atr20_m3.0_r0.005_tfma100_rfadx20,30,20,3.0,0.005,ma100,adx20,-0.04556791528034543,-0.06094586879670716,27,0.14814814814814814,0.4790821295022165,-0.3206396363263004,-0.002335347620733619,-0.019041054429435267,8,0.5,0.867557631283513,-0.05828352496479288,-0.05085240366627946
lb55_atr20_m3.0_r0.005_tfma100_rfnone,55,20,3.0,0.005,ma100,none,-0.033178496297638915,-0.046395279753277174,23,0.13043478260869565,0.5360265643620427,-0.273586942928958,-0.004588509573793753,-0.021256487609715324,8,0.5,0.7467897704449808,-0.10981641687172386,-0.051069375341969245
lb55_atr10_m2.5_r0.005_tfma100_rfnone,55,10,2.5,0.005,ma100,none,-0.02968239771457426,-0.045687700539694176,24,0.08333333333333333,0.6059412390318171,-0.230657116188377,-0.006195688026416679,-0.019854928522125004,8,0.375,0.7305179204324739,-0.14313097479978407,-0.05115706549057786
lb20_atr20_m3.0_r0.0025_tfma100_rfadx20,20,20,3.0,0.0025,ma100,adx20,-0.03820285941532231,-0.043190532383132973,35,0.17142857142857143,0.38309265369762535,-0.42311037577419275,-0.0012114437332190198,-0.010945035142872372,9,0.4444444444444444,0.8834739247671727,-0.05440275855223582,-0.05136235620914618
lb30_atr10_m2.5_r0.0025_tfma100_rfadx20,30,10,2.5,0.0025,ma100,adx20,-0.02972044046265132,-0.03895395340952368,31,0.12903225806451613,0.4449155048300965,-0.3653210968510051,-0.00222651250905026,-0.009141101595529832,8,0.375,0.7923518684061948,-0.10579141418014004,-0.0514632465244407
lb10_atr20_m3.0_r0.005_tfma100_rfadx20,10,20,3.0,0.005,ma100,adx20,-0.07190480474437011,-0.08803154403201563,41,0.1951219512195122,0.4463211208696953,-0.34398316411177243,0.0009148542557602113,-0.021749499816865914,10,0.4,1.039449892700387,0.015462306784253315,-0.05246353574171534
lb10_atr10_m3.0_r0.0025_tfnone_rfadx20,10,10,3.0,0.0025,none,adx20,-0.03758139012547168,-0.05647990987689333,58,0.27586206896551724,0.5587673248876238,-0.2610970662316918,-0.005625675526764962,-0.016795250979225296,19,0.3157894736842105,0.7595360166737904,-0.11898925583641773,-0.05378343786577857
lb10_atr14_m3.0_r0.0025_tfnone_rfadx20,10,14,3.0,0.0025,none,adx20,-0.03960408121570669,-0.05519372707222747,57,0.2807017543859649,0.5106070054610752,-0.2762725590530225,-0.004913477075036643,-0.0167474016391308,18,0.3333333333333333,0.7684689528890105,-0.10781119743728101,-0.05395234551664466
lb10_atr10_m3.0_r0.005_tfma100_rfadx20,10,10,3.0,0.005,ma100,adx20,-0.05829479925363268,-0.07796946710742136,39,0.23076923076923078,0.508883467526502,-0.29222292322528104,-0.0019732648211737702,-0.02420884643658261,10,0.4,0.9319829135302392,-0.045897584321890304,-0.05403890079598208
lb30_atr20_m3.0_r0.0025_tfnone_rfadx20,30,20,3.0,0.0025,none,adx20,-0.018288706046399872,-0.03143906158510967,30,0.23333333333333334,0.5921770051817885,-0.22991961401242492,-0.005289138282509098,-0.013680687676691727,10,0.4,0.5906549634494204,-0.2098450138800308,-0.05557954183403485
lb30_atr10_m3.0_r0.005_tfma100_rfadx20,30,10,3.0,0.005,ma100,adx20,-0.033371981908072,-0.06261290140403175,26,0.2692307692307692,0.5817334791541096,-0.2457006649591466,-0.005978953367854811,-0.018956076398367716,8,0.5,0.6918548406639585,-0.14508378027800856,-0.057475753826128975
lb10_atr14_m3.0_r0.005_tfma100_rfadx20,10,14,3.0,0.005,ma100,adx20,-0.06064842114966584,-0.08285665714206258,39,0.23076923076923078,0.4833516184521513,-0.3042608800794599,-0.0027432020082444053,-0.02247820310085369,10,0.4,0.8992826852211044,-0.04964772949637583,-0.05832419412254946
lb55_atr20_m2.5_r0.0025_tfnone_rfadx20,55,20,2.5,0.0025,none,adx20,-0.008987147532216078,-0.024276036192897976,24,0.16666666666666666,0.7224519038596522,-0.1376647554737466,-0.006771332111094375,-0.008919024735654979,9,0.3333333333333333,0.29859591987637785,-0.28431439647897805,-0.05832443065254621
lb30_atr14_m3.0_r0.005_tfnone_rfadx20,30,14,3.0,0.005,none,adx20,-0.026531387221437108,-0.06373028402028436,29,0.3103448275862069,0.6723236293669526,-0.1708721968740405,-0.009732270852753744,-0.024997085386560203,10,0.4,0.6148227663058263,-0.19258770789393495,-0.059911732889933074
lb30_atr10_m2.5_r0.0025_tfnone_rfadx20,30,10,2.5,0.0025,none,adx20,-0.022974687980921615,-0.03892220720362638,34,0.23529411764705882,0.577170808088849,-0.2570140278016968,-0.005485855357183489,-0.012377857136253834,10,0.3,0.6074037425840239,-0.21373061845036562,-0.061338468367310835
lb20_atr10_m3.0_r0.0025_tfnone_rfadx20,20,10,3.0,0.0025,none,adx20,-0.028252741069252463,-0.04862533776605238,41,0.21951219512195122,0.5562178821882116,-0.2735300606940232,-0.006521397426893172,-0.017237937048841245,14,0.2857142857142857,0.6448646626645247,-0.18430648801398328,-0.06305844891396577
lb55_atr14_m2.5_r0.0025_tfnone_rfnone,55,14,2.5,0.0025,none,none,-0.004797850917204305,-0.020525509294645583,24,0.20833333333333334,0.8473865272807213,-0.07489694612429872,-0.01002983308028127,-0.013896641823621825,11,0.36363636363636365,0.3160799914495725,-0.34998932565154617,-0.06357416554944224
lb30_atr10_m3.0_r0.005_tfnone_rfadx20,30,10,3.0,0.005,none,adx20,-0.019858946538724,-0.061197641723101937,29,0.3103448275862069,0.7500565014836318,-0.1300974555999998,-0.012710230616690188,-0.02559947561553899,10,0.4,0.5132301628534397,-0.2500813510456869,-0.0652888517515837
lb20_atr10_m2.5_r0.0025_tfnone_rfadx20,20,10,2.5,0.0025,none,adx20,-0.04471292012896855,-0.05848691641557047,46,0.21739130434782608,0.4428064494201617,-0.38009470400989664,-0.003995542757206261,-0.015922087937427665,14,0.2857142857142857,0.7897054016368054,-0.11255304812550357,-0.06614570760684123
lb20_atr10_m3.0_r0.005_tfma100_rfadx20,20,10,3.0,0.005,ma100,adx20,-0.059989856741811676,-0.08269360961399586,34,0.20588235294117646,0.4653476529593485,-0.3465444411834479,-0.003182173849633707,-0.02445358380039364,9,0.4444444444444444,0.8642386811262719,-0.06997328620441816,-0.06663516125890974
lb55_atr20_m2.5_r0.0025_tfma100_rfadx20,55,20,2.5,0.0025,ma100,adx20,-0.012743560023011136,-0.024276036192898087,23,0.13043478260869565,0.6402386535292188,-0.20532725717800132,-0.006771332111094375,-0.008919024735654979,9,0.3333333333333333,0.29859591987637785,-0.28431439647897805,-0.06679852430099584
lb10_atr10_m2.5_r0.0025_tfnone_rfadx20,10,10,2.5,0.0025,none,adx20,-0.07564342587784956,-0.08440726436866564,72,0.18055555555555555,0.353609897543745,-0.41779860932384955,-0.0014235995430093018,-0.014242775581491007,20,0.4,0.9387038005188074,-0.030284645827720336,-0.06980366528500358
lb55_atr20_m2.5_r0.005_tfnone_rfadx20,55,20,2.5,0.005,none,adx20,-0.018328732622477584,-0.048031548907860655,24,0.16666666666666666,0.7176607505525575,-0.13766475547374663,-0.013520401157414152,-0.017769792064603607,9,0.3333333333333333,0.29768460160501703,-0.28431439647897805,-0.07193518102027721
lb55_atr14_m2.5_r0.0025_tfma100_rfnone,55,14,2.5,0.0025,ma100,none,-0.009004936025087118,-0.020525509294646027,23,0.13043478260869565,0.7399626363729946,-0.1463782098391831,-0.01002983308028127,-0.013896641823621825,11,0.36363636363636365,0.3160799914495725,-0.34998932565154617,-0.07200849825599652
lb20_atr10_m2.5_r0.005_tfma100_rfadx20,20,10,2.5,0.005,ma100,adx20,-0.08692924241419919,-0.09800014909259303,39,0.15384615384615385,0.3761957697972585,-0.4386127193526782,0.0002796288571915717,-0.023363197059031227,9,0.3333333333333333,1.0111011147021383,0.00643074603125448,-0.07242590471696297
lb20_atr14_m3.0_r0.005_tfma100_rfadx20,20,14,3.0,0.005,ma100,adx20,-0.06408950344982933,-0.08419056858174045,33,0.21212121212121213,0.41171354916683706,-0.379878997994936,-0.0034095010000918524,-0.022663757548515906,9,0.4444444444444444,0.8512718189123737,-0.07295273428070573,-0.07256619757666002
lb30_atr10_m2.5_r0.005_tfma100_rfadx20,30,10,2.5,0.005,ma100,adx20,-0.059028774120555405,-0.07647959413250993,31,0.12903225806451613,0.443319096676355,-0.3653210968510051,-0.0045038970805026945,-0.018186390221747284,8,0.375,0.7904005095526799,-0.10579141418014007,-0.07356473671208882
lb10_atr20_m3.0_r0.0025_tfnone_rfadx20,10,20,3.0,0.0025,none,adx20,-0.04808799626416338,-0.058878267585848465,59,0.22033898305084745,0.4591777452359261,-0.32125969485897077,-0.007121159497684104,-0.01928401833827209,18,0.3333333333333333,0.6806354761873316,-0.15588783097439396,-0.07416127599543806
lb30_atr20_m3.0_r0.005_tfnone_rfadx20,30,20,3.0,0.005,none,adx20,-0.03674504460305361,-0.06199257399765923,30,0.23333333333333334,0.5893488676781747,-0.22991961401242486,-0.010600536486099155,-0.027167844263047858,10,0.4,0.5902293976368671,-0.20984501388003074,-0.07462830962384584
lb20_atr14_m3.0_r0.0025_tfnone_rfadx20,20,14,3.0,0.0025,none,adx20,-0.03356711820317493,-0.05051290895426375,40,0.25,0.46061811324159985,-0.3283781589913513,-0.0073098533268485255,-0.016989063241441782,14,0.2857142857142857,0.6096960867560139,-0.2054699522689249,-0.07601097849223167
lb10_atr10_m2.5_r0.005_tfma100_rfadx20,10,10,2.5,0.005,ma100,adx20,-0.10802861917346218,-0.11724192112439347,49,0.14285714285714285,0.3365671128755546,-0.43671488673138364,0.0031312571223920393,-0.023109677628465497,11,0.45454545454545453,1.1137067705648815,0.03334783030752121,-0.07685536580437383
lb20_atr20_m3.0_r0.005_tfma100_rfadx20,20,20,3.0,0.005,ma100,adx20,-0.07533841560588816,-0.08464320963137795,35,0.17142857142857143,0.3830545383755056,-0.42311037577419275,-0.002481610158255876,-0.021752754676212405,9,0.4444444444444444,0.8811589315253723,-0.05440275855223574,-0.07743087250119113
lb55_atr14_m2.5_r0.005_tfnone_rfnone,55,14,2.5,0.005,none,none,-0.010048130821955548,-0.04068886324587839,24,0.20833333333333334,0.8406323155081259,-0.07489694612429872,-0.020002727815049748,-0.027636017873581498,11,0.36363636363636365,0.3163982263033498,-0.34998932565154617,-0.0788262275468321
lb55_atr20_m2.5_r0.005_tfma100_rfadx20,55,20,2.5,0.005,ma100,adx20,-0.025766221827842717,-0.0480315489078601,23,0.13043478260869565,0.6358373794724363,-0.20532725717800135,-0.013520401157414152,-0.017769792064603607,9,0.3333333333333333,0.29768460160501703,-0.28431439647897805,-0.082061665458155
lb30_atr10_m2.5_r0.005_tfnone_rfadx20,30,10,2.5,0.005,none,adx20,-0.04647874186782219,-0.07644054344650186,34,0.23529411764705882,0.57041044179099,-0.25701402780169685,-0.011001988228237614,-0.02459516902832959,10,0.3,0.6063943985378872,-0.21373061845036556,-0.08346889991646532
lb30_atr14_m2.5_r0.0025_tfma100_rfadx20,30,14,2.5,0.0025,ma100,adx20,-0.021490260430549468,-0.03429852023687652,29,0.1724137931034483,0.5547869514023588,-0.27948692227238614,-0.008789139529737255,-0.012660794403627329,11,0.36363636363636365,0.36447359901832366,-0.3086491977164138,-0.08427634547037752
lb20_atr20_m3.0_r0.0025_tfnone_rfadx20,20,20,3.0,0.0025,none,adx20,-0.03902096176139169,-0.050213090685059525,42,0.21428571428571427,0.4378075534153756,-0.3637318541425403,-0.008037954268056202,-0.017705018619622037,14,0.2857142857142857,0.5700168250423426,-0.22562601498466203,-0.08639190245035998
lb10_atr14_m3.0_r0.005_tfnone_rfadx20,10,14,3.0,0.005,none,adx20,-0.08109883640948623,-0.1075108550674756,57,0.2807017543859649,0.4921732618903124,-0.2762725590530225,-0.00992488325605334,-0.033236663657519094,18,0.3333333333333333,0.7668563489251613,-0.10781119743728101,-0.0872178648823084
lb30_atr14_m2.5_r0.0025_tfnone_rfadx20,30,14,2.5,0.0025,none,adx20,-0.017968251922834244,-0.03786271081213577,33,0.24242424242424243,0.6462636808053991,-0.2071824816610771,-0.011937838885514807,-0.015797194986567176,13,0.3076923076923077,0.29642322161695445,-0.3585886673569854,-0.08789267908338211
lb55_atr14_m2.5_r0.005_tfma100_rfnone,55,14,2.5,0.005,ma100,none,-0.01841069405577478,-0.04068886324587928,23,0.13043478260869565,0.7338191604259674,-0.146378209839183,-0.020002727815049748,-0.027636017873581498,11,0.36363636363636365,0.3163982263033498,-0.34998932565154617,-0.08829301705870209
lb10_atr10_m3.0_r0.005_tfnone_rfadx20,10,10,3.0,0.005,none,adx20,-0.08238600811534191,-0.1099524001465606,58,0.27586206896551724,0.5086528810897527,-0.2610970662316919,-0.011367713005822844,-0.033314178952743356,19,0.3157894736842105,0.757613119457114,-0.1189892558364177,-0.08944840464117297
lb55_atr20_m2.5_r0.0025_tfnone_rfnone,55,20,2.5,0.0025,none,none,-0.011675626820510043,-0.023759097872332213,26,0.19230769230769232,0.6713259486123144,-0.16554881158476645,-0.012008267780773907,-0.013405347575722981,11,0.2727272727272727,0.1934626493456184,-0.41560496008764186,-0.08993665451776243
lb20_atr10_m3.0_r0.005_tfnone_rfadx20,20,10,3.0,0.005,none,adx20,-0.059918232770612256,-0.09502611478907075,41,0.21951219512195122,0.5262209952181097,-0.27353006069402314,-0.013100279938869974,-0.03416004429599717,14,0.2857142857142857,0.6437294232959998,-0.18430648801398325,-0.09215926670952032
lb20_atr14_m2.5_r0.0025_tfma100_rfadx20,20,14,2.5,0.0025,ma100,adx20,-0.036660980870153015,-0.046257707880267285,37,0.1891891891891892,0.44936973665005514,-0.38222036765375256,-0.008273792593692209,-0.013109887023427191,12,0.3333333333333333,0.46978809559175955,-0.26664509894237515,-0.09382753769640248
lb55_atr20_m2.5_r0.0025_tfma100_rfnone,55,20,2.5,0.0025,ma100,none,-0.015421848689504136,-0.023759097872332657,25,0.16,0.5999859064882,-0.22891367539712157,-0.012008267780773907,-0.013405347575722981,11,0.2727272727272727,0.1934626493456184,-0.41560496008764186,-0.09784942219264134
lb20_atr10_m2.5_r0.005_tfnone_rfadx20,20,10,2.5,0.005,none,adx20,-0.09023972486197762,-0.11371812965229933,46,0.21739130434782608,0.4286818877037867,-0.38009470400989664,-0.008117616502400837,-0.03156196330889749,14,0.2857142857142857,0.7869162480310393,-0.11255304812550361,-0.1009013441396109
lb20_atr14_m2.5_r0.0025_tfnone_rfadx20,20,14,2.5,0.0025,none,adx20,-0.0382723710108791,-0.05614159449332001,45,0.2222222222222222,0.4944679929510515,-0.3332073860688883,-0.013070420533004223,-0.0178831244891533,17,0.29411764705882354,0.4192672700633597,-0.29947150769567416,-0.1013728744336458
lb10_atr14_m2.5_r0.0025_tfma100_rfadx20,10,14,2.5,0.0025,ma100,adx20,-0.04457869620279353,-0.05662027416930715,47,0.1702127659574468,0.43103753029030634,-0.36725022489172754,-0.010373372061851294,-0.016779570003947586,14,0.2857142857142857,0.5004208546036256,-0.2841682851785346,-0.10208293479672377
lb30_atr14_m2.5_r0.005_tfma100_rfadx20,30,14,2.5,0.005,ma100,adx20,-0.042273461672721946,-0.0675184828389852,29,0.1724137931034483,0.5565913838811419,-0.27948692227238614,-0.01754199091116837,-0.02519444787870917,11,0.36363636363636365,0.36467109362980604,-0.3086491977164138,-0.10632960127100761
lb20_atr14_m3.0_r0.005_tfnone_rfadx20,20,14,3.0,0.005,none,adx20,-0.06782010841666763,-0.09860826608525652,40,0.25,0.45040180791474704,-0.3283781589913513,-0.014656232632603516,-0.03369320088016481,14,0.2857142857142857,0.6089464317981328,-0.20546995226892495,-0.10666364796848624
lb30_atr20_m2.5_r0.0025_tfma100_rfadx20,30,20,2.5,0.0025,ma100,adx20,-0.02793563370655927,-0.03824217008565467,31,0.1935483870967742,0.4680344337201686,-0.3396386530649507,-0.010714441288806498,-0.012113350632314779,11,0.2727272727272727,0.2639180030427642,-0.37245060440297456,-0.10714819559845962
lb55_atr20_m2.5_r0.005_tfnone_rfnone,55,20,2.5,0.005,none,none,-0.023661342232178195,-0.04702573735178894,26,0.19230769230769232,0.6667697357404109,-0.16554881158476642,-0.023909735816489586,-0.026666338619307117,11,0.2727272727272727,0.19310076976914087,-0.41560496008764186,-0.10861926848281836
lb30_atr14_m3.0_r0.0025_tfnone_rfnone,30,14,3.0,0.0025,none,none,-0.016294296890576376,-0.02970550570688213,33,0.2727272727272727,0.6535507555454226,-0.1882085274284481,-0.018001398478279973,-0.024225526445080137,14,0.2857142857142857,0.30058368930589996,-0.4857733597015789,-0.11071478298284221
lb30_atr14_m3.0_r0.0025_tfma100_rfnone,30,14,3.0,0.0025,ma100,none,-0.019690416228925978,-0.027552024139771203,29,0.20689655172413793,0.5661389865995795,-0.25796205528172184,-0.014833833946964692,-0.0210780386500814,12,0.3333333333333333,0.3429855661496126,-0.4598864377672624,-0.11102741747755418
lb10_atr20_m3.0_r0.005_tfnone_rfadx20,10,20,3.0,0.005,none,adx20,-0.09460021174308675,-0.11447166143447429,59,0.22033898305084745,0.45887787903563154,-0.3212596948589707,-0.014305616457643167,-0.038214408911218745,18,0.3333333333333333,0.679915290798617,-0.15588783097439393,-0.11176539318688786
lb30_atr14_m2.5_r0.005_tfnone_rfadx20,30,14,2.5,0.005,none,adx20,-0.03662478732791874,-0.07440850179383329,33,0.24242424242424243,0.6366779234347221,-0.20718248166107714,-0.023779280557833404,-0.031383154695193594,13,0.3076923076923077,0.2965576233436111,-0.3585886673569854,-0.11206770281584817
lb30_atr20_m2.5_r0.0025_tfnone_rfadx20,30,20,2.5,0.0025,none,adx20,-0.02441765235736182,-0.04131942399451638,35,0.2,0.5548228347335755,-0.2637924649820766,-0.014686453312189651,-0.0160797459915476,13,0.23076923076923078,0.20689268981328254,-0.4363527107736434,-0.113160055170139
lb10_atr14_m2.5_r0.0025_tfnone_rfadx20,10,14,2.5,0.0025,none,adx20,-0.05757973484551815,-0.07246037166421848,68,0.22058823529411764,0.44507263957878374,-0.33634053913797207,-0.017480132263432813,-0.023990615448206576,24,0.20833333333333334,0.4628182842573846,-0.28381991395003936,-0.11375927940775325
lb10_atr20_m2.5_r0.0025_tfma100_rfadx20,10,20,2.5,0.0025,ma100,adx20,-0.04797813021417541,-0.05756916440191828,49,0.16326530612244897,0.41825008642610023,-0.3788584080488003,-0.012841098331739187,-0.017038500305719406,16,0.3125,0.3130934613594207,-0.31012859468704207,-0.1141915147115227
lb55_atr20_m2.0_r0.0025_tfnone_rfadx20,55,20,2.0,0.0025,none,adx20,-0.035034406974904564,-0.03918227818058129,29,0.20689655172413793,0.22811388296770807,-0.4576583248189276,-0.009637948094679438,-0.011601853039114096,11,0.18181818181818182,0.3024560434213478,-0.3317600439997195,-0.11523137727996516
lb20_atr10_m3.0_r0.0025_tfma100_rfnone,20,10,3.0,0.0025,ma100,none,-0.03321653203328734,-0.03933839798251204,37,0.1891891891891892,0.4694551809435765,-0.34921308238096255,-0.01381755665589901,-0.020855058252499892,13,0.3076923076923077,0.4218583176708949,-0.39842743626765287,-0.11562187294626322
lb30_atr10_m3.0_r0.0025_tfnone_rfnone,30,10,3.0,0.0025,none,none,-0.014118750013355497,-0.029454660484112827,33,0.2727272727272727,0.699243277074329,-0.16456105318936134,-0.019255944212475562,-0.02525454552581574,14,0.2857142857142857,0.25749527181427434,-0.5231344035604445,-0.11570670049016599
lb10_atr20_m3.0_r0.0025_tfma100_rfnone,10,20,3.0,0.0025,ma100,none,-0.04491118869436084,-0.047704688683161134,46,0.17391304347826086,0.39734703216070816,-0.3790782606328648,-0.013495354369390755,-0.024776042973154055,15,0.26666666666666666,0.4709123431722298,-0.34127858423669044,-0.11602509061858188
lb55_atr20_m2.5_r0.005_tfma100_rfnone,55,20,2.5,0.005,ma100,none,-0.031058429698462953,-0.0470257373517895,25,0.16,0.5955783928903917,-0.22891367539712157,-0.023909735816489586,-0.026666338619307117,11,0.2727272727272727,0.19310076976914087,-0.41560496008764186,-0.11819021380929057
lb20_atr14_m3.0_r0.0025_tfma100_rfnone,20,14,3.0,0.0025,ma100,none,-0.03395434345946868,-0.0387709447994149,36,0.19444444444444445,0.43410990551116924,-0.3652118627699314,-0.014100517305175253,-0.020349369934074657,13,0.3076923076923077,0.40769950471023836,-0.4027505331008381,-0.11864821280092307
lb55_atr14_m2.0_r0.0025_tfnone_rfadx20,55,14,2.0,0.0025,none,adx20,-0.02994750944229252,-0.03527794943138862,29,0.2413793103448276,0.27617249987727904,-0.39241305239,-0.012054830721046073,-0.014102548919767033,12,0.08333333333333333,0.13688324617290304,-0.38150011154879054,-0.11947298744686125
lb10_atr10_m2.5_r0.005_tfnone_rfadx20,10,10,2.5,0.005,none,adx20,-0.15146362894359233,-0.16155048311119014,72,0.18055555555555555,0.32820974056304153,-0.41779860932384955,-0.0030377565658081807,-0.028290116466491044,20,0.4,0.934898590872078,-0.03028464582772038,-0.11960380551758928
lb30_atr10_m3.0_r0.0025_tfma100_rfnone,30,10,3.0,0.0025,ma100,none,-0.01982615643030261,-0.02907582296530775,29,0.2413793103448276,0.5710688717666623,-0.262001663215041,-0.015920912146604405,-0.021939911776520882,12,0.3333333333333333,0.29567233829908385,-0.4986448651344519,-0.11964636671658956
lb20_atr20_m3.0_r0.005_tfnone_rfadx20,20,20,3.0,0.005,none,adx20,-0.07876037435028072,-0.09805892019730567,42,0.21428571428571427,0.42504678398606366,-0.3637318541425403,-0.016094242423327798,-0.035102403314795416,14,0.2857142857142857,0.5696587001812354,-0.22562601498466198,-0.1200683042670183
lb20_atr10_m2.5_r0.0025_tfma100_rfnone,20,10,2.5,0.0025,ma100,none,-0.046398253193976946,-0.04646847313222535,42,0.16666666666666666,0.3849089838255618,-0.42708600503581673,-0.01249348543982809,-0.020485507711258122,13,0.23076923076923078,0.5036677762463285,-0.35121936998019404,-0.12016255626807743
lb30_atr20_m3.0_r0.0025_tfma100_rfnone,30,20,3.0,0.0025,ma100,none,-0.029881651255759256,-0.03196881064184487,31,0.12903225806451613,0.41795495554415163,-0.3661621435646657,-0.013655767673904418,-0.02021557113686734,12,0.3333333333333333,0.3578792655867061,-0.42515125984710384,-0.12044819184609115
lb10_atr14_m3.0_r0.0025_tfma100_rfnone,10,14,3.0,0.0025,ma100,none,-0.03841765204331282,-0.044288151847134416,43,0.20930232558139536,0.42110303358520995,-0.3462186625851975,-0.016080548654661353,-0.025915721268805147,15,0.26666666666666666,0.43169354812702654,-0.4031334123183263,-0.12203438040485375
lb20_atr14_m2.5_r0.005_tfma100_rfadx20,20,14,2.5,0.005,ma100,adx20,-0.07181823375307117,-0.09053833795914135,37,0.1891891891891892,0.45102008198106636,-0.3822203676537525,-0.016533466580283318,-0.0260772980864854,12,0.3333333333333333,0.4699539645713882,-0.2666450989423751,-0.12374137420269987
lb20_atr10_m3.0_r0.0025_tfnone_rfnone,20,10,3.0,0.0025,none,none,-0.03514921026208362,-0.04679544070694519,46,0.1956521739130435,0.5217061855742904,-0.30189540285570826,-0.021081942610097437,-0.028067604784798195,19,0.21052631578947367,0.35844716271226873,-0.4246411437385022,-0.12421355098247289
lb30_atr20_m3.0_r0.0025_tfnone_rfnone,30,20,3.0,0.0025,none,none,-0.026232720055757053,-0.03339297432511634,35,0.2,0.505374760248842,-0.28429884549804724,-0.017745570070504924,-0.024278173800306946,14,0.2857142857142857,0.2999603614397946,-0.48099978980337216,-0.12443508195090275
lb55_atr20_m2.0_r0.0025_tfma100_rfadx20,55,20,2.0,0.0025,ma100,adx20,-0.03972184925906208,-0.03972184925906208,28,0.14285714285714285,0.18149063536014237,-0.5380325283372436,-0.009637948094679438,-0.011601853039114096,11,0.18181818181818182,0.3024560434213478,-0.3317600439997195,-0.12493855316655543
lb20_atr20_m3.0_r0.0025_tfma100_rfnone,20,20,3.0,0.0025,ma100,none,-0.044715526643004266,-0.04573334186762201,39,0.15384615384615385,0.34920196639002693,-0.4447879773990338,-0.012830289563353192,-0.019395582969877978,13,0.3076923076923077,0.4163102059956862,-0.36795063699892666,-0.12555042255356139
lb20_atr20_m2.5_r0.0025_tfma100_rfadx20,20,20,2.5,0.0025,ma100,adx20,-0.04254535309997942,-0.04968740904867963,39,0.1794871794871795,0.4045522392484105,-0.4206144174551605,-0.012729753173711722,-0.014125812744875565,13,0.23076923076923078,0.23183811393546797,-0.37584453146999475,-0.12588557787836574
lb10_atr10_m3.0_r0.0025_tfma100_rfnone,10,10,3.0,0.0025,ma100,none,-0.035942348544135916,-0.04043747976679091,43,0.20930232558139536,0.4668046253199029,-0.32384558850868295,-0.018812640992697305,-0.027784983181242118,16,0.25,0.41717939696747514,-0.44119908327746377,-0.12640124540569123
lb30_atr10_m2.5_r0.0025_tfnone_rfnone,30,10,2.5,0.0025,none,none,-0.02633963984685317,-0.03624356728058187,38,0.23684210526315788,0.5613406455875117,-0.26339568711801925,-0.0189914889423467,-0.023928959961945884,14,0.21428571428571427,0.30790971626263475,-0.5074488655553625,-0.12720303288854484
lb55_atr10_m2.0_r0.0025_tfnone_rfadx20,55,10,2.0,0.0025,none,adx20,-0.03746216353499665,-0.041170500593003756,30,0.16666666666666666,0.20378850546619032,-0.4769116684319077,-0.010584514258572097,-0.012471853177152825,11,0.09090909090909091,0.1084412349519203,-0.3675881007508241,-0.1288944623128868
lb10_atr14_m3.0_r0.0025_tfnone_rfnone,10,14,3.0,0.0025,none,none,-0.04950479688809062,-0.05641454207518848,63,0.25396825396825395,0.462179665299613,-0.31120268580739985,-0.02445822844060086,-0.0360597198363668,25,0.24,0.3988513480880188,-0.37756594604391003,-0.12895696075687357
lb20_atr10_m2.5_r0.0025_tfnone_rfnone,20,10,2.5,0.0025,none,none,-0.05042794375885984,-0.05532771230890898,51,0.21568627450980393,0.42804328429711597,-0.386122922527003,-0.01893353056336866,-0.02687343268845288,19,0.21052631578947367,0.4406574107550816,-0.3743413463873455,-0.1293679392377973
lb55_atr20_m2.0_r0.0025_tfnone_rfnone,55,20,2.0,0.0025,none,none,-0.03290525442360226,-0.0370622777178341,33,0.24242424242424243,0.3340926098946442,-0.37589920932870613,-0.015280318732530773,-0.01723303475916249,13,0.15384615384615385,0.2145752389117257,-0.4461859224915469,-0.1305850513698577
lb55_atr14_m2.0_r0.0025_tfma100_rfadx20,55,14,2.0,0.0025,ma100,adx20,-0.035445048320175365,-0.03674449397375057,28,0.17857142857142858,0.2065209786670262,-0.48057944471335423,-0.012054830721046073,-0.014102548919767033,12,0.08333333333333333,0.13688324617290304,-0.38150011154879054,-0.13059809647884035
lb20_atr20_m2.5_r0.0025_tfnone_rfadx20,20,20,2.5,0.0025,none,adx20,-0.04355803037372974,-0.05881638193983574,47,0.1702127659574468,0.45634978343829774,-0.3625147819989179,-0.018620833082376387,-0.020008562311855882,18,0.16666666666666666,0.2314610751933372,-0.3998851035112232,-0.1306753005892518
lb10_atr10_m3.0_r0.0025_tfnone_rfnone,10,10,3.0,0.0025,none,none,-0.04643679877984397,-0.05376826481686858,64,0.25,0.5211241186212046,-0.2899138412904021,-0.028285033957142436,-0.03717075706092099,27,0.2222222222222222,0.3842509601414684,-0.40401112731180244,-0.13169985437035597
lb30_atr10_m2.5_r0.0025_tfma100_rfnone,30,10,2.5,0.0025,ma100,none,-0.032240153842721275,-0.03545612799863307,34,0.14705882352941177,0.4481744834734658,-0.36079377955554603,-0.01577640840106287,-0.02073006110188025,12,0.25,0.3490020761821518,-0.4844424372260449,-0.1323187468544259
lb55_atr10_m2.0_r0.0025_tfma100_rfadx20,55,10,2.0,0.0025,ma100,adx20,-0.03803677186312038,-0.03803677186312038,28,0.14285714285714285,0.17532705393681003,-0.5187664825099844,-0.010584514258572097,-0.012471853177152825,11,0.09090909090909091,0.1084412349519203,-0.3675881007508241,-0.132675455511249
lb10_atr20_m2.5_r0.0025_tfnone_rfadx20,10,20,2.5,0.0025,none,adx20,-0.06058176708017027,-0.07147243195844166,69,0.17391304347826086,0.4195402399874609,-0.34596413007281795,-0.02243105047069527,-0.02658767594560285,25,0.32,0.3159584658293742,-0.34819017313177275,-0.1328042110767411
lb20_atr14_m3.0_r0.0025_tfnone_rfnone,20,14,3.0,0.0025,none,none,-0.038899795499405254,-0.047149241998709734,45,0.2222222222222222,0.4511500882470842,-0.338397967686006,-0.021859952351214407,-0.028059623935862033,19,0.21052631578947367,0.34188445833117415,-0.43890454173127064,-0.13295226521084852
lb30_atr20_m2.5_r0.005_tfma100_rfadx20,30,20,2.5,0.005,ma100,adx20,-0.05541325094596894,-0.07513474546006427,31,0.1935483870967742,0.46688259937933313,-0.3396386530649508,-0.021352553526394424,-0.024116378136586736,11,0.2727272727272727,0.2632797419255603,-0.37245060440297456,-0.13367437314275962
lb30_atr14_m3.0_r0.005_tfma100_rfnone,30,14,3.0,0.005,ma100,none,-0.03938485574794526,-0.05443693796847737,29,0.20689655172413793,0.5634972545150406,-0.2579620552817218,-0.026621911007515764,-0.03889333770186687,12,0.3333333333333333,0.3674492661632945,-0.45988643776726246,-0.1343199193705199
lb30_atr14_m3.0_r0.005_tfnone_rfnone,30,14,3.0,0.005,none,none,-0.03294794519666988,-0.058640670925551475,33,0.2727272727272727,0.64909948140387,-0.18820852742844812,-0.03287640348876786,-0.04506897948074351,14,0.2857142857142857,0.3194903702732279,-0.4857733597015789,-0.1351970361783215
lb55_atr14_m2.0_r0.0025_tfnone_rfnone,55,14,2.0,0.0025,none,none,-0.02811488911275495,-0.03345539935349662,32,0.28125,0.37178668663521186,-0.33221011537809975,-0.018129689476800714,-0.02016481628966793,14,0.07142857142857142,0.09539199395857068,-0.4914125130580618,-0.13570865183344025
lb10_atr20_m3.0_r0.0025_tfnone_rfnone,10,20,3.0,0.0025,none,none,-0.061078900671968195,-0.06409376375684317,67,0.19402985074626866,0.41137275599775874,-0.36044119904428384,-0.02252140843960959,-0.03449561278747437,24,0.25,0.40184707586448026,-0.3641880381966333,-0.1363779954008663
lb10_atr10_m2.5_r0.0025_tfma100_rfnone,10,10,2.5,0.0025,ma100,none,-0.05989824802020505,-0.06340687087501162,54,0.14814814814814814,0.3383171769688658,-0.4314686470846159,-0.017251100211073678,-0.02660223359906344,17,0.29411764705882354,0.4692590360418633,-0.37141563547671524,-0.13764152520732162
lb20_atr14_m2.5_r0.005_tfnone_rfadx20,20,14,2.5,0.005,none,adx20,-0.07814091299855408,-0.10932426564398068,45,0.2222222222222222,0.4753097193802832,-0.33320738606888833,-0.026051301117931303,-0.03550276892283355,17,0.29411764705882354,0.41914402236964327,-0.2994715076956742,-0.13868344936617935
lb10_atr14_m2.5_r0.005_tfma100_rfadx20,10,14,2.5,0.005,ma100,adx20,-0.0878916780547856,-0.10984821474810613,47,0.1702127659574468,0.42835255992484106,-0.3672502248917275,-0.02057145769248414,-0.03318790660183568,14,0.2857142857142857,0.5024383104638999,-0.2841682851785346,-0.13888965472301307
lb55_atr20_m2.0_r0.0025_tfma100_rfnone,55,20,2.0,0.0025,ma100,none,-0.03760303933528031,-0.03760303933528031,32,0.1875,0.28424311778421774,-0.44367166504816324,-0.015280318732530773,-0.01723303475916249,13,0.15384615384615385,0.2145752389117257,-0.4461859224915469,-0.1392282707491673
lb30_atr10_m3.0_r0.005_tfnone_rfnone,30,10,3.0,0.005,none,none,-0.02847352274469883,-0.05814213796993395,33,0.2727272727272727,0.6966587851481812,-0.16456105318936132,-0.03665200452451001,-0.048373361595268616,14,0.2857142857142857,0.2663988283410714,-0.5231344035604445,-0.14222309574605235
lb30_atr20_m2.5_r0.005_tfnone_rfadx20,30,20,2.5,0.005,none,adx20,-0.04973880831293276,-0.08106212470110974,35,0.2,0.5435647086931891,-0.26379246498207665,-0.029203631157297072,-0.031945283327709295,13,0.23076923076923078,0.20627027971339984,-0.4363527107736434,-0.14235838829165187
lb20_atr20_m3.0_r0.0025_tfnone_rfnone,20,20,3.0,0.0025,none,none,-0.048467502122072736,-0.05091389481872044,48,0.1875,0.38642604426370497,-0.3957525818945454,-0.02145849488140572,-0.027966405348719747,19,0.21052631578947367,0.33069560038459583,-0.43342743924487376,-0.14256603092579007
lb55_atr20_m2.0_r0.005_tfnone_rfadx20,55,20,2.0,0.005,none,adx20,-0.06805081391336454,-0.07602842507407803,29,0.20689655172413793,0.23177890326992498,-0.45765832481892754,-0.019226763428445537,-0.02310150125844357,11,0.18181818181818182,0.30186209998086766,-0.3317600439997195,-0.14348407712187478
lb30_atr10_m3.0_r0.005_tfma100_rfnone,30,10,3.0,0.005,ma100,none,-0.03965603769914727,-0.057391096459671664,29,0.2413793103448276,0.5686767132033397,-0.26200166321504104,-0.030083960728507164,-0.041885233247214826,12,0.3333333333333333,0.30708041018413995,-0.4986448651344519,-0.14531207214236386
lb30_atr14_m2.0_r0.0025_tfnone_rfadx20,30,14,2.0,0.0025,none,adx20,-0.04457031238115505,-0.05218318122852417,41,0.2682926829268293,0.31995277370677294,-0.4160783026305669,-0.01857835325490287,-0.02061255012042884,16,0.125,0.14841355211994514,-0.44700437626676126,-0.1457311374982845
lb30_atr14_m2.5_r0.0025_tfnone_rfnone,30,14,2.5,0.0025,none,none,-0.026746297046276513,-0.04050934944282225,39,0.20512820512820512,0.5539822386326528,-0.2609650044078395,-0.025627142590234797,-0.02943302847468421,17,0.23529411764705882,0.1633117936569059,-0.569961587477622,-0.14590646078971362
lb55_atr14_m2.0_r0.0025_tfma100_rfnone,55,14,2.0,0.0025,ma100,none,-0.033622813925015316,-0.03492471448752099,31,0.22580645161290322,0.2999794806221241,-0.4099022459601004,-0.018129689476800714,-0.02016481628966793,14,0.07142857142857142,0.09539199395857068,-0.4914125130580618,-0.1459449592067833
lb20_atr10_m3.0_r0.005_tfma100_rfnone,20,10,3.0,0.005,ma100,none,-0.06576381082259775,-0.07725075179289653,37,0.1891891891891892,0.46867843512075397,-0.34921308238096255,-0.025969672555078205,-0.04078026681698699,13,0.3076923076923077,0.4365730466596961,-0.39842743626765276,-0.14716131452207992
lb55_atr14_m2.0_r0.005_tfnone_rfadx20,55,14,2.0,0.005,none,adx20,-0.05877507249226832,-0.06908577031395458,29,0.2413793103448276,0.2786021873418047,-0.39241305239,-0.023998489775014287,-0.028036046165058726,12,0.08333333333333333,0.13670611889439702,-0.38150011154879054,-0.1473481497699213
lb55_atr10_m2.0_r0.0025_tfnone_rfnone,55,10,2.0,0.0025,none,none,-0.037160437435673876,-0.04086993694364727,34,0.17647058823529413,0.2796859489901252,-0.4161491118187546,-0.01668336949446758,-0.018559074668669573,13,0.07692307692307693,0.07163884952316327,-0.48859191401928026,-0.14792077393615122
lb30_atr20_m3.0_r0.005_tfma100_rfnone,30,20,3.0,0.005,ma100,none,-0.05923877901339014,-0.06300700913414214,31,0.12903225806451613,0.4161034743934705,-0.3661621435646657,-0.024826815875639174,-0.03772291344557699,12,0.3333333333333333,0.37976919355468114,-0.4251512598471037,-0.14829281959387186
lb30_atr14_m2.5_r0.0025_tfma100_rfnone,30,14,2.5,0.0025,ma100,none,-0.029242878097572533,-0.03596790344608869,34,0.14705882352941177,0.4820075004056312,-0.32494741550241807,-0.02252206751585606,-0.026340081777349034,15,0.26666666666666666,0.18206001581681186,-0.5615223657572878,-0.1484993942515255
lb55_atr20_m1.5_r0.0025_tfnone_rfadx20,55,20,1.5,0.0025,none,adx20,-0.04734372659148278,-0.050975299467664326,35,0.2571428571428571,0.19731292048297763,-0.5049260783893093,-0.017011924711874737,-0.019326416695838455,15,0.26666666666666666,0.2529798791195886,-0.4244832834158513,-0.1489773179303265
lb20_atr14_m3.0_r0.005_tfma100_rfnone,20,14,3.0,0.005,ma100,none,-0.06717185532026071,-0.07615525986973115,36,0.19444444444444445,0.4332904143969496,-0.36521186276993134,-0.025191927455189056,-0.03845217689776381,13,0.3076923076923077,0.43494965641999817,-0.4027505331008382,-0.14911412933954954
lb55_atr20_m1.5_r0.0025_tfma100_rfadx20,55,20,1.5,0.0025,ma100,adx20,-0.04537110189712268,-0.04537110189712268,32,0.25,0.17105070434424582,-0.528570609963497,-0.017011924711874737,-0.019326416695838455,15,0.26666666666666666,0.2529798791195886,-0.4244832834158513,-0.14964969894018673
lb30_atr20_m2.0_r0.0025_tfnone_rfadx20,30,20,2.0,0.0025,none,adx20,-0.05099908686648347,-0.057195839377486735,42,0.23809523809523808,0.2848513149150015,-0.4655100896217273,-0.01719756052776167,-0.019146474631011712,15,0.13333333333333333,0.23407086136567706,-0.4406512823362759,-0.1501763939154054
lb20_atr14_m2.5_r0.0025_tfma100_rfnone,20,14,2.5,0.0025,ma100,none,-0.04393036754327084,-0.0475447548333614,42,0.16666666666666666,0.4084211937861275,-0.4033388318607957,-0.02107400615158528,-0.024897676519223033,16,0.25,0.257120670904258,-0.49147833830656934,-0.15034413249476214
lb55_atr10_m2.0_r0.0025_tfma100_rfnone,55,10,2.0,0.0025,ma100,none,-0.0377352258858914,-0.0377352258858914,32,0.15625,0.2551197267133123,-0.4489744143487496,-0.01668336949446758,-0.018559074668669573,13,0.07692307692307693,0.07163884952316327,-0.48859191401928026,-0.15087072849594432
lb10_atr10_m2.5_r0.0025_tfnone_rfnone,10,10,2.5,0.0025,none,none,-0.08628578173152024,-0.08772940843133292,81,0.1728395061728395,0.3487333218976488,-0.425182038895735,-0.02472388246357371,-0.03426565752841426,28,0.2857142857142857,0.46657019062376465,-0.3341398103569117,-0.1523592542612102
lb30_atr20_m2.0_r0.0025_tfma100_rfadx20,30,20,2.0,0.0025,ma100,adx20,-0.05732537770784163,-0.05732537770784163,38,0.21052631578947367,0.17790970442648454,-0.5776185926636217,-0.013430904713869096,-0.015387288160237378,13,0.15384615384615385,0.2818514465339912,-0.3936862931742704,-0.1523611597569112
lb55_atr20_m1.5_r0.0025_tfma100_rfnone,55,20,1.5,0.0025,ma100,none,-0.03940794422792959,-0.03940794422792959,36,0.3055555555555556,0.32729913754581785,-0.4049730448950611,-0.02293344088600502,-0.025233990379655347,17,0.23529411764705882,0.20074254921221005,-0.505796426083622,-0.15270085709352882
lb30_atr14_m2.0_r0.0025_tfma100_rfadx20,30,14,2.0,0.0025,ma100,adx20,-0.051358595700736864,-0.05263660266910253,37,0.24324324324324326,0.19179458801243762,-0.5293834684937774,-0.015525674096481534,-0.017566198263220034,14,0.14285714285714285,0.17287508075100047,-0.42253350801363715,-0.15318466603715444
lb55_atr20_m1.5_r0.0025_tfnone_rfnone,55,20,1.5,0.0025,none,none,-0.04139289106348809,-0.04504714881930283,39,0.3076923076923077,0.341108423006756,-0.39326109848759266,-0.02293344088600502,-0.025233990379655347,17,0.23529411764705882,0.20074254921221005,-0.505796426083622,-0.1532137790043291
lb10_atr20_m2.5_r0.005_tfma100_rfadx20,10,20,2.5,0.005,ma100,adx20,-0.09382854870045199,-0.11171152211542867,49,0.16326530612244897,0.41682159225537513,-0.3788584080488003,-0.025568770120732442,-0.03382025256508936,16,0.3125,0.3132935470131114,-0.31012859468704207,-0.15377870570016672
lb30_atr20_m3.0_r0.005_tfnone_rfnone,30,20,3.0,0.005,none,none,-0.05229306970633363,-0.0657772927272886,35,0.2,0.5028447573457541,-0.2842988454980473,-0.03290567335946992,-0.04569493274306158,14,0.2857142857142857,0.3155916133800024,-0.4809997898033721,-0.15432421362166165
lb10_atr20_m3.0_r0.005_tfma100_rfnone,10,20,3.0,0.005,ma100,none,-0.08821319800782856,-0.09353651040865307,46,0.17391304347826086,0.3968781428250432,-0.37907826063286487,-0.025728124598871527,-0.04778918469125226,15,0.26666666666666666,0.4832227334322989,-0.34127858423669044,-0.1544037610520843
lb20_atr14_m2.5_r0.0025_tfnone_rfnone,20,14,2.5,0.0025,none,none,-0.04886728242835292,-0.05772588960349467,52,0.19230769230769232,0.43537015331471124,-0.3674558721841414,-0.027914426469361042,-0.03171137825700843,22,0.22727272727272727,0.2512644351598501,-0.48235745722184903,-0.15473422706146014
lb55_atr20_m2.0_r0.005_tfma100_rfadx20,55,20,2.0,0.005,ma100,adx20,-0.0770922843198022,-0.0770922843198022,28,0.14285714285714285,0.183748961117255,-0.5380325283372436,-0.019226763428445537,-0.02310150125844357,11,0.18181818181818182,0.30186209998086766,-0.3317600439997195,-0.1552387362996288
lb20_atr10_m2.5_r0.005_tfma100_rfnone,20,10,2.5,0.005,ma100,none,-0.09116858191049326,-0.09116858191049326,42,0.16666666666666666,0.38357149769134635,-0.4270860050358166,-0.021048023986305453,-0.03887802915330141,13,0.23076923076923078,0.5459282388171756,-0.35121936998019404,-0.15524423577923882
lb30_atr10_m2.0_r0.0025_tfnone_rfadx20,30,10,2.0,0.0025,none,adx20,-0.052533848220111645,-0.056184119106871155,42,0.21428571428571427,0.2632394432870353,-0.48161402895679073,-0.01735034816545289,-0.019224781058371776,15,0.13333333333333333,0.124388364259248,-0.44678707844799453,-0.15560168346413705
lb55_atr14_m1.5_r0.0025_tfnone_rfadx20,55,14,1.5,0.0025,none,adx20,-0.05164434710270449,-0.055129264610974116,36,0.25,0.173790465819138,-0.5388334501083882,-0.017100046790795242,-0.019814519301432854,15,0.26666666666666666,0.2359310299837905,-0.42744012276664606,-0.1556963458533424
lb20_atr14_m2.0_r0.0025_tfnone_rfadx20,20,14,2.0,0.0025,none,adx20,-0.06882273365495228,-0.07444808288240135,55,0.21818181818181817,0.2888438621305779,-0.4873654461064786,-0.020904702139672993,-0.02293407717186635,21,0.14285714285714285,0.22883178473580104,-0.3822285337531006,-0.15611494090424666
lb55_atr14_m1.5_r0.0025_tfma100_rfadx20,55,14,1.5,0.0025,ma100,adx20,-0.049524349055643735,-0.049524349055643735,33,0.24242424242424243,0.14375027444337454,-0.5636074836656043,-0.017100046790795242,-0.019814519301432854,15,0.26666666666666666,0.2359310299837905,-0.42744012276664606,-0.15644080850012076
lb30_atr10_m2.0_r0.0025_tfma100_rfadx20,30,10,2.0,0.0025,ma100,adx20,-0.05381710292706021,-0.05381710292706021,37,0.21621621621621623,0.16879308833286175,-0.5584678483931976,-0.01431137249452974,-0.016191602322244036,13,0.15384615384615385,0.14722090587701409,-0.4217448685506239,-0.1565895049845247
lb30_atr10_m2.5_r0.005_tfnone_rfnone,30,10,2.5,0.005,none,none,-0.05305721763351223,-0.07128848630971885,38,0.23684210526315788,0.5544073080979114,-0.26339568711801925,-0.03383775484398677,-0.043499243647904695,14,0.21428571428571427,0.3322264368390026,-0.5074488655553624,-0.15698457555327353
lb20_atr14_m2.0_r0.0025_tfma100_rfadx20,20,14,2.0,0.0025,ma100,adx20,-0.06276066228534072,-0.06453728239976908,46,0.21739130434782608,0.23492202714970603,-0.5282095396656348,-0.017179115707725456,-0.019216212778929598,16,0.125,0.15892444168100625,-0.40991743626804983,-0.1589864567425913
lb10_atr14_m3.0_r0.005_tfma100_rfnone,10,14,3.0,0.005,ma100,none,-0.07581153845877742,-0.08673640398307925,43,0.20930232558139536,0.4205922349593784,-0.3462186625851975,-0.030908648382223403,-0.050086275370104905,15,0.26666666666666666,0.4415284071104232,-0.4031334123183263,-0.15905776714273717
lb20_atr20_m2.0_r0.0025_tfma100_rfadx20,20,20,2.0,0.0025,ma100,adx20,-0.07167189409128338,-0.07167189409128338,48,0.1875,0.20757816855427355,-0.5787170218667983,-0.014777788283760085,-0.016731500836895563,15,0.13333333333333333,0.2630616553187896,-0.37618564272100186,-0.1592230245944895
lb55_atr10_m2.0_r0.005_tfnone_rfadx20,55,10,2.0,0.005,none,adx20,-0.07322761463162786,-0.08034129740766072,30,0.16666666666666666,0.20582392701966667,-0.47691166843190774,-0.021080681465512674,-0.024808205451241738,11,0.09090909090909091,0.10850014706556482,-0.3675881007508241,-0.15943064970297566
lb10_atr14_m2.5_r0.0025_tfma100_rfnone,10,14,2.5,0.0025,ma100,none,-0.052065950263015526,-0.05816916445847953,53,0.1509433962264151,0.396211020474902,-0.381280419085192,-0.025433644873432026,-0.03174235242271839,19,0.21052631578947367,0.28960525604213583,-0.5062952955742562,-0.1596423809458013
lb20_atr20_m3.0_r0.005_tfma100_rfnone,20,20,3.0,0.005,ma100,none,-0.08783800636382999,-0.08978321270611789,39,0.15384615384615385,0.3487023802718017,-0.4447879773990338,-0.023207484238660703,-0.036124996526649134,13,0.3076923076923077,0.44067917234160425,-0.36795063699892666,-0.16070967575199796
lb30_atr20_m2.5_r0.0025_tfnone_rfnone,30,20,2.5,0.0025,none,none,-0.03190713774824483,-0.04263099129052628,41,0.1951219512195122,0.4908357323680808,-0.2946910261324631,-0.02752437806552388,-0.028899517146327214,17,0.17647058823529413,0.12143223949480873,-0.6128570579268741,-0.16083186600116098
lb55_atr14_m2.0_r0.005_tfma100_rfadx20,55,14,2.0,0.005,ma100,adx20,-0.0692011243065983,-0.0717114560301656,28,0.17857142857142858,0.20820021364693936,-0.48057944471335423,-0.023998489775014287,-0.028036046165058726,12,0.08333333333333333,0.13670611889439702,-0.38150011154879054,-0.16086124913872893
lb20_atr10_m2.0_r0.0025_tfnone_rfadx20,20,10,2.0,0.0025,none,adx20,-0.07550727495094312,-0.07956695859554508,56,0.17857142857142858,0.25259360548828236,-0.5258702714257522,-0.019414839953269092,-0.021285334767843334,20,0.15,0.221420731117368,-0.37352439646504,-0.16107142300614466
lb30_atr20_m2.5_r0.0025_tfma100_rfnone,30,20,2.5,0.0025,ma100,none,-0.03483077965219017,-0.03899306185518625,36,0.19444444444444445,0.4172659975877818,-0.3652955658095577,-0.023604118493578352,-0.024984801057449824,15,0.2,0.13912557409526313,-0.5895294262088144,-0.16127884504735598
lb20_atr20_m2.0_r0.0025_tfnone_rfadx20,20,20,2.0,0.0025,none,adx20,-0.07801234011467251,-0.08197547216214651,57,0.19298245614035087,0.25422250902954147,-0.5334583600946965,-0.019374045190315825,-0.021318643287129735,20,0.15,0.29191179007224266,-0.3711526973167626,-0.16140899483467153
lb30_atr10_m2.5_r0.005_tfma100_rfnone,30,10,2.5,0.005,ma100,none,-0.06393048920991906,-0.06974746033547508,34,0.14705882352941177,0.44556217646318325,-0.36079377955554603,-0.027489703323360537,-0.0372146717643691,12,0.25,0.38027991521150045,-0.4844424372260449,-0.16152600663886926
lb20_atr20_m2.5_r0.005_tfma100_rfadx20,20,20,2.5,0.005,ma100,adx20,-0.08374929460114078,-0.09716071145264737,39,0.1794871794871795,0.4035902099827446,-0.42061441745516037,-0.02533988853209912,-0.02809245240211622,13,0.23076923076923078,0.23147254511514084,-0.37584453146999475,-0.1616577445477253
lb10_atr20_m2.5_r0.0025_tfma100_rfnone,10,20,2.5,0.0025,ma100,none,-0.055025991559711884,-0.05914756871358007,55,0.16363636363636364,0.3873721312626717,-0.3876387426609619,-0.02700649198342875,-0.031143662670252148,21,0.23809523809523808,0.17764594421286772,-0.49061069711015065,-0.1621044036797476
lb55_atr20_m2.0_r0.005_tfnone_rfnone,55,20,2.0,0.005,none,none,-0.06396876863951872,-0.07198132266023072,33,0.24242424242424243,0.3380409968269547,-0.3758992093287062,-0.03038655434567239,-0.03421720322378086,13,0.15384615384615385,0.21445156733715834,-0.4461859224915469,-0.16213756597989912
lb20_atr10_m2.0_r0.0025_tfma100_rfadx20,20,10,2.0,0.0025,ma100,adx20,-0.0643909285337605,-0.06489678628200968,46,0.1956521739130435,0.21663053209470082,-0.5436036161973441,-0.016320030566477794,-0.018196428820290156,15,0.13333333333333333,0.13149649022195528,-0.4172078992765416,-0.16229135412789497
lb10_atr10_m3.0_r0.005_tfma100_rfnone,10,10,3.0,0.005,ma100,none,-0.07102306073934161,-0.07938000778422905,43,0.20930232558139536,0.46599910990952514,-0.32384558850868295,-0.03539754328152123,-0.05291761552981,16,0.25,0.4318627054476951,-0.4411990832774637,-0.1630178338819006
lb55_atr10_m2.0_r0.005_tfma100_rfadx20,55,10,2.0,0.005,ma100,adx20,-0.07433098320081977,-0.07433098320081977,28,0.14285714285714285,0.17681157696926225,-0.5187664825099844,-0.021080681465512674,-0.024808205451241738,11,0.09090909090909091,0.10850014706556482,-0.3675881007508241,-0.16305264747751524
lb20_atr10_m3.0_r0.005_tfnone_rfnone,20,10,3.0,0.005,none,none,-0.07324924994313498,-0.09155082159838501,46,0.1956521739130435,0.4950717368061735,-0.30189540285570826,-0.03987706913159672,-0.05447619481585397,19,0.21052631578947367,0.37027856236122847,-0.4246411437385022,-0.1648768245775572
lb10_atr20_m2.0_r0.0025_tfma100_rfadx20,10,20,2.0,0.0025,ma100,adx20,-0.08920518076223805,-0.09097911287145033,62,0.16129032258064516,0.17456513482776018,-0.561514008808908,-0.017309401485241183,-0.02047219900896924,19,0.21052631578947367,0.29682980928656477,-0.34942060051701,-0.1660145578622389
lb10_atr14_m2.5_r0.005_tfnone_rfadx20,10,14,2.5,0.005,none,adx20,-0.11809235032845311,-0.13953833760455558,68,0.22058823529411764,0.41468986816676756,-0.3363405391379721,-0.034795374682882074,-0.04752200386393646,24,0.20833333333333334,0.46253029709808574,-0.2838199139500394,-0.16634705077494052
lb55_atr10_m1.5_r0.0025_tfnone_rfadx20,55,10,1.5,0.0025,none,adx20,-0.05419915709741974,-0.05756551994786463,37,0.16216216216216217,0.13733816623770034,-0.551967234168306,-0.018543357309025565,-0.021037980710914783,15,0.2,0.18276116123431985,-0.46675187992857714,-0.1672559350798973
lb55_atr14_m2.0_r0.005_tfnone_rfnone,55,14,2.0,0.005,none,none,-0.05524707491236702,-0.06559642036853353,32,0.28125,0.3740424073551799,-0.3322101153780998,-0.03598288973299191,-0.03997086864787436,14,0.07142857142857142,0.09552434080291913,-0.4914125130580618,-0.1673604463083852
lb20_atr20_m2.5_r0.0025_tfma100_rfnone,20,20,2.5,0.0025,ma100,none,-0.04892204119745569,-0.050138224577054746,44,0.18181818181818182,0.37409141837314963,-0.42863654431709014,-0.024549664219278622,-0.02592900972456391,17,0.17647058823529413,0.13449812272170253,-0.5429071634398968,-0.16845556622936989
lb55_atr10_m1.5_r0.0025_tfma100_rfadx20,55,10,1.5,0.0025,ma100,adx20,-0.05270284957434279,-0.05283853825135432,34,0.14705882352941177,0.10446645439191736,-0.5845500204721565,-0.018543357309025565,-0.021037980710914783,15,0.2,0.18276116123431985,-0.46675187992857714,-0.16911696603296886
lb30_atr20_m1.5_r0.0025_tfma100_rfadx20,30,20,1.5,0.0025,ma100,adx20,-0.0659906658262428,-0.06641315368333911,43,0.2558139534883721,0.1922749796211182,-0.5810683197066203,-0.019862045131383788,-0.022169826371819634,17,0.29411764705882354,0.2692343617601843,-0.43915449007895924,-0.17061904608822576
lb10_atr14_m2.5_r0.0025_tfnone_rfnone,10,14,2.5,0.0025,none,none,-0.06950705583605732,-0.07555234676186584,77,0.2077922077922078,0.40452184899282584,-0.35912823320263504,-0.037245727119389005,-0.04347797094504491,31,0.16129032258064516,0.2865296277160259,-0.4648700363863849,-0.1707752201973936
lb10_atr14_m2.0_r0.0025_tfma100_rfadx20,10,14,2.0,0.0025,ma100,adx20,-0.0808977705303785,-0.08738897359893238,60,0.2,0.22203632511407526,-0.5255858428696553,-0.021047998472722096,-0.023724178387985684,20,0.25,0.19876926961359936,-0.39960269921101815,-0.1710999562851166
lb20_atr20_m2.5_r0.0025_tfnone_rfnone,20,20,2.5,0.0025,none,none,-0.05244304718995507,-0.05867853146068425,54,0.16666666666666666,0.41199235382713045,-0.3796496199122768,-0.03214431421060748,-0.033512920423541814,23,0.13043478260869565,0.14738808225813743,-0.5346556114445623,-0.1711079890487776
lb55_atr14_m1.5_r0.0025_tfnone_rfnone,55,14,1.5,0.0025,none,none,-0.05162642045678212,-0.055111403840002904,40,0.3,0.21810102238267615,-0.483677566457978,-0.023509701293394136,-0.02620647227612638,17,0.23529411764705882,0.18328608366754384,-0.5176650452460135,-0.17126972179732708
lb55_atr14_m1.5_r0.0025_tfma100_rfnone,55,14,1.5,0.0025,ma100,none,-0.0495063823356684,-0.0495063823356684,37,0.2972972972972973,0.19325968705073426,-0.501301227442759,-0.023509701293394136,-0.02620647227612638,17,0.23529411764705882,0.18328608366754384,-0.5176650452460135,-0.1713339059893728
lb55_atr20_m2.0_r0.005_tfma100_rfnone,55,20,2.0,0.005,ma100,none,-0.07304984173255302,-0.07304984173255302,32,0.1875,0.2867749533297346,-0.4436716650481633,-0.03038655434567239,-0.03421720322378086,13,0.15384615384615385,0.21445156733715834,-0.4461859224915469,-0.172842024874063
lb20_atr10_m2.5_r0.005_tfnone_rfnone,20,10,2.5,0.005,none,none,-0.10112001903804857,-0.10776164123551746,51,0.21568627450980393,0.4141831267516564,-0.38612292252700287,-0.033602967583108656,-0.051204305037400366,19,0.21052631578947367,0.46919881262473945,-0.37434134638734545,-0.17350331465250973
lb20_atr14_m3.0_r0.005_tfnone_rfnone,20,14,3.0,0.005,none,none,-0.0781160948728239,-0.09222186395977672,45,0.2222222222222222,0.44116782535554144,-0.33839796768600605,-0.04045138121036995,-0.0535040573173825,19,0.21052631578947367,0.35857966350716436,-0.43890454173127064,-0.17352986281459654
lb20_atr20_m2.5_r0.005_tfnone_rfadx20,20,20,2.5,0.005,none,adx20,-0.08939657242175858,-0.11445529719374514,47,0.1702127659574468,0.43224076193156774,-0.3625147819989179,-0.03696335020795971,-0.03968308794681874,18,0.16666666666666666,0.23053448928481102,-0.3998851035112232,-0.1745670668816102
lb20_atr20_m1.5_r0.0025_tfma100_rfadx20,20,20,1.5,0.0025,ma100,adx20,-0.08354155648362505,-0.08395610540701637,54,0.2222222222222222,0.1833400196130629,-0.593909254843774,-0.020102286803669878,-0.022409502383708868,19,0.3684210526315789,0.2884436340067824,-0.39788782455481436,-0.17530439375631446
lb10_atr10_m2.0_r0.0025_tfma100_rfadx20,10,10,2.0,0.0025,ma100,adx20,-0.08324884162231738,-0.0890182117620284,60,0.18333333333333332,0.2128977512074709,-0.541204332736277,-0.020488747853849132,-0.02336173036056688,19,0.21052631578947367,0.1702742703317822,-0.4087438749818405,-0.17548787372991634
lb30_atr20_m1.5_r0.0025_tfnone_rfadx20,30,20,1.5,0.0025,none,adx20,-0.07078286231989361,-0.07474380193384222,51,0.27450980392156865,0.20560027601629668,-0.5267634080320915,-0.02328216308697373,-0.025581891497684084,19,0.2631578947368421,0.23887006604466696,-0.46424051365015184,-0.17648701428683902
lb30_atr14_m1.5_r0.0025_tfnone_rfadx20,30,14,1.5,0.0025,none,adx20,-0.07200304532244894,-0.07541548860258473,51,0.2549019607843137,0.22897029319224457,-0.536984094421567,-0.023106730172415824,-0.02580461403955392,19,0.21052631578947367,0.23181430552530988,-0.4612403127020199,-0.17739053208427985
lb30_atr14_m1.5_r0.0025_tfma100_rfadx20,30,14,1.5,0.0025,ma100,adx20,-0.07105090134668202,-0.07105325014909147,44,0.25,0.15947839783768852,-0.6136874131618502,-0.020477144936810632,-0.02318229092336699,17,0.23529411764705882,0.25448271259181093,-0.4520836797706737,-0.17973449652376128
lb55_atr14_m2.0_r0.005_tfma100_rfnone,55,14,2.0,0.005,ma100,none,-0.06571220674306155,-0.06823194795418797,31,0.22580645161290322,0.30173845661550663,-0.4099022459601004,-0.03598288973299191,-0.03997086864787436,14,0.07142857142857142,0.09552434080291913,-0.4914125130580618,-0.17999598240288098
lb30_atr14_m2.5_r0.005_tfma100_rfnone,30,14,2.5,0.005,ma100,none,-0.05741382710791343,-0.07074576645346731,34,0.14705882352941177,0.4827388202584889,-0.32494741550241807,-0.039502646219285786,-0.04698404959657665,15,0.26666666666666666,0.20182016223061994,-0.5615223657572878,-0.1803589703335732
lb30_atr14_m2.5_r0.005_tfnone_rfnone,30,14,2.5,0.005,none,none,-0.05379603816638201,-0.07950078128109217,39,0.20512820512820512,0.5454508982952999,-0.2609650044078395,-0.04560051518158592,-0.05303442168939643,17,0.23529411764705882,0.1790419007730714,-0.569961587477622,-0.18044220389696414
lb10_atr14_m3.0_r0.005_tfnone_rfnone,10,14,3.0,0.005,none,none,-0.09997938593043465,-0.10982325885488253,63,0.25396825396825395,0.4452251712164435,-0.31120268580739985,-0.04733811662587151,-0.06976898499785977,25,0.24,0.40586726202631324,-0.37756594604391003,-0.1805373054850491
lb10_atr20_m1.5_r0.0025_tfma100_rfadx20,10,20,1.5,0.0025,ma100,adx20,-0.10957964831027056,-0.10998241921687335,71,0.18309859154929578,0.15047556536610085,-0.5983321272967708,-0.020910616886706257,-0.023762326121855915,23,0.391304347826087,0.3763311784916343,-0.3446632701415022,-0.18183081562888564
lb55_atr10_m1.5_r0.0025_tfnone_rfnone,55,10,1.5,0.0025,none,none,-0.05484818304581607,-0.05821223583610624,41,0.1951219512195122,0.17323379340356804,-0.5031549026726937,-0.02495787673293448,-0.02743619599099223,17,0.17647058823529413,0.14236838944085237,-0.5527247440392841,-0.18294032501385435
lb55_atr10_m2.0_r0.005_tfnone_rfnone,55,10,2.0,0.005,none,none,-0.07267605801433885,-0.07979397440681346,34,0.17647058823529413,0.281617338667684,-0.4161491118187546,-0.03313041074205114,-0.036812051830130255,13,0.07692307692307693,0.07187430726831183,-0.48859191401928026,-0.18311894417189967
lb10_atr10_m2.5_r0.005_tfma100_rfnone,10,10,2.5,0.005,ma100,none,-0.11690685211361385,-0.12255503629130937,54,0.14814814814814814,0.3357404954771765,-0.4314686470846159,-0.02875828754156229,-0.050247097058222834,17,0.29411764705882354,0.5147798198442954,-0.3714156354767153,-0.18319215761030275
lb55_atr10_m1.5_r0.0025_tfma100_rfnone,55,10,1.5,0.0025,ma100,none,-0.053352902316505135,-0.05348849788144905,38,0.18421052631578946,0.14456256572850743,-0.5284543168791167,-0.02495787673293448,-0.02743619599099223,17,0.17647058823529413,0.14236838944085237,-0.5527247440392841,-0.18412087200566257
lb55_atr20_m1.5_r0.005_tfma100_rfadx20,55,20,1.5,0.005,ma100,adx20,-0.08137014729799186,-0.08137014729799186,32,0.25,0.18406607450305365,-0.528570609963497,-0.03341672085678815,-0.03767327164821099,15,0.26666666666666666,0.24983133471624297,-0.4244832834158513,-0.18460669112321657
lb10_atr20_m2.5_r0.0025_tfnone_rfnone,10,20,2.5,0.0025,none,none,-0.07165550923100894,-0.07426156343000678,78,0.1794871794871795,0.3845708933446362,-0.36271544169754116,-0.04301404520125274,-0.047083151734107154,33,0.24242424242424243,0.19258069023665775,-0.5074889860641117,-0.18495218588993131
lb55_atr20_m1.5_r0.005_tfnone_rfadx20,55,20,1.5,0.005,none,adx20,-0.08553762626064909,-0.09144395259059479,35,0.2571428571428571,0.20584811878456083,-0.5049260783893093,-0.03341672085678815,-0.03767327164821099,15,0.26666666666666666,0.24983133471624297,-0.4244832834158513,-0.18559478141967947
lb55_atr10_m2.0_r0.005_tfma100_rfnone,55,10,2.0,0.005,ma100,none,-0.07378008323908636,-0.07378008323908636,32,0.15625,0.25659555407151563,-0.4489744143487496,-0.03313041074205114,-0.036812051830130255,13,0.07692307692307693,0.07187430726831183,-0.48859191401928026,-0.18590875346918856
lb10_atr10_m3.0_r0.005_tfnone_rfnone,10,10,3.0,0.005,none,none,-0.09924378986717464,-0.10484502939842966,64,0.25,0.4757727331787502,-0.2899138412904021,-0.054114958978589645,-0.07129506684773979,27,0.2222222222222222,0.3934126367448994,-0.40401112731180244,-0.18599006356082104
lb30_atr10_m1.5_r0.0025_tfnone_rfadx20,30,10,1.5,0.0025,none,adx20,-0.07186650941643935,-0.07575571094530709,51,0.19607843137254902,0.22538413156935996,-0.5391862202443206,-0.025027545760193615,-0.027505687936576928,19,0.15789473684210525,0.17998989471866877,-0.5017904017809209,-0.1867057560336426
lb20_atr10_m1.5_r0.0025_tfnone_rfadx20,20,10,1.5,0.0025,none,adx20,-0.10263710744067389,-0.10639736948174838,67,0.16417910447761194,0.1869926599179188,-0.600888157515114,-0.023907516080581392,-0.02638850509922752,24,0.20833333333333334,0.3088319819266971,-0.37650754904340006,-0.1868670191712832
lb10_atr20_m2.5_r0.005_tfnone_rfadx20,10,20,2.5,0.005,none,adx20,-0.11957148789476191,-0.1377698759654109,69,0.17391304347826086,0.40962938780981134,-0.3459641300728179,-0.04446475100525604,-0.052556222306951894,25,0.32,0.31519266741693186,-0.34819017313177275,-0.18762058196915016
lb30_atr14_m2.0_r0.005_tfnone_rfadx20,30,14,2.0,0.005,none,adx20,-0.08819414199587405,-0.10140915017672769,41,0.2682926829268293,0.3011286453313841,-0.4160783026305669,-0.03686565133838915,-0.04084997841490523,16,0.125,0.14825914003041515,-0.44700437626676126,-0.18777390616382525
lb20_atr20_m3.0_r0.005_tfnone_rfnone,20,20,3.0,0.005,none,none,-0.09680723037075134,-0.09938827622662638,48,0.1875,0.37459955554079905,-0.3957525818945454,-0.04076616326846838,-0.05345147224974767,19,0.21052631578947367,0.3412324612955079,-0.43342743924487376,-0.1882693663857817
lb20_atr20_m1.5_r0.0025_tfnone_rfadx20,20,20,1.5,0.0025,none,adx20,-0.0999903448188022,-0.10382678277456714,67,0.22388059701492538,0.17538814700505323,-0.5832363791250357,-0.02586209136850781,-0.02815574521587716,25,0.32,0.266810870088914,-0.3908538966618918,-0.18857860263641893
lb20_atr14_m2.5_r0.005_tfma100_rfnone,20,14,2.5,0.005,ma100,none,-0.08579696459395703,-0.09299684929749308,42,0.16666666666666666,0.4092541126275557,-0.4033388318607957,-0.036662877295599916,-0.04416639989761617,16,0.25,0.28416978702312806,-0.4914783383065694,-0.18859493818798667
lb55_atr20_m1.5_r0.005_tfma100_rfnone,55,20,1.5,0.005,ma100,none,-0.06943649586293732,-0.06943649586293732,36,0.3055555555555556,0.34689297843029365,-0.4049730448950611,-0.04504491220714224,-0.04925025583601306,17,0.23529411764705882,0.19805149978446465,-0.5057964260836219,-0.1886699809380159
lb10_atr10_m2.0_r0.0025_tfnone_rfadx20,10,10,2.0,0.0025,none,adx20,-0.12033230689722862,-0.12634274310755444,89,0.1797752808988764,0.21874224112024152,-0.5412977914428485,-0.026453465654060038,-0.029806709701652556,30,0.2,0.289381132934232,-0.3411103379466072,-0.18899093381456605
lb30_atr10_m1.5_r0.0025_tfma100_rfadx20,30,10,1.5,0.0025,ma100,adx20,-0.07052253764380345,-0.07124425451421512,44,0.20454545454545456,0.16092841946154182,-0.6099069666850213,-0.02235662360740598,-0.024841554616445882,17,0.17647058823529413,0.1976507563061886,-0.496917995613396,-0.18903638047585022
lb30_atr20_m2.0_r0.0025_tfnone_rfnone,30,20,2.0,0.0025,none,none,-0.05589039058380296,-0.05994861306572952,51,0.2549019607843137,0.3218163056125735,-0.41959480419600526,-0.031009520332540785,-0.032931045082472354,19,0.10526315789473684,0.14395073586439308,-0.6114431132291932,-0.18904873020486038
lb55_atr20_m1.5_r0.005_tfnone_rfnone,55,20,1.5,0.005,none,none,-0.0736581133245301,-0.07964116701041357,39,0.3076923076923077,0.35540451374646137,-0.3932610984875927,-0.04504491220714224,-0.04925025583601306,17,0.23529411764705882,0.19805149978446465,-0.5057964260836219,-0.19088419632490605
lb10_atr20_m3.0_r0.005_tfnone_rfnone,10,20,3.0,0.005,none,none,-0.11919135594329056,-0.12481108917223871,67,0.19402985074626866,0.4104559883808675,-0.3604411990442838,-0.044043550907101325,-0.06723102637376766,24,0.25,0.4068355330634064,-0.3641880381966333,-0.19128976286527172
lb30_atr14_m2.0_r0.005_tfma100_rfadx20,30,14,2.0,0.005,ma100,adx20,-0.09795865126970038,-0.10039142495778663,37,0.24324324324324326,0.19472080700490763,-0.5293834684937774,-0.03085912090341303,-0.03486829600022989,14,0.14285714285714285,0.17277894376542913,-0.42253350801363726,-0.19374345669083642
lb55_atr14_m1.5_r0.005_tfma100_rfadx20,55,14,1.5,0.005,ma100,adx20,-0.08986162056699842,-0.08986162056699842,33,0.24242424242424243,0.15320402281378795,-0.5636074836656043,-0.033620231231343056,-0.037875885822443944,15,0.26666666666666666,0.2367240359613292,-0.42744012276664595,-0.1939071274551328
lb30_atr20_m2.0_r0.005_tfnone_rfadx20,30,20,2.0,0.005,none,adx20,-0.10001977422501052,-0.11050034551373844,42,0.23809523809523808,0.2669405883401872,-0.4655100896217273,-0.03416727440245948,-0.037982986801387675,15,0.13333333333333333,0.2335553400912447,-0.4406512823362758,-0.19412728517508634
lb55_atr14_m1.5_r0.005_tfnone_rfadx20,55,14,1.5,0.005,none,adx20,-0.09337680936081338,-0.09923250400280847,36,0.25,0.18160328302434625,-0.5388334501083882,-0.033620231231343056,-0.037875885822443944,15,0.26666666666666666,0.2367240359613292,-0.42744012276664595,-0.19433496592489571
lb30_atr20_m2.0_r0.005_tfma100_rfadx20,30,20,2.0,0.005,ma100,adx20,-0.10941461730672564,-0.10941461730672564,38,0.21052631578947367,0.17694045197387906,-0.5776185926636217,-0.026742179959382106,-0.030587226656246913,13,0.15384615384615385,0.2814252180715295,-0.39368629317427034,-0.1943854851200178
lb10_atr14_m2.0_r0.0025_tfnone_rfadx20,10,14,2.0,0.0025,none,adx20,-0.11157379262421685,-0.11897450486282002,87,0.20689655172413793,0.2370045767148917,-0.5118503893188677,-0.032739114826157545,-0.03592273007372315,32,0.21875,0.25855519169032853,-0.39323442912246065,-0.19536818983958004
lb30_atr20_m2.0_r0.0025_tfma100_rfnone,30,20,2.0,0.0025,ma100,none,-0.06210292282543295,-0.06210292282543295,46,0.2391304347826087,0.23048358999660296,-0.5166120202069305,-0.027295799774616603,-0.029224688896145268,17,0.11764705882352941,0.16079238875639684,-0.5956218663280028,-0.19568840922673514
lb20_atr10_m1.5_r0.0025_tfma100_rfadx20,20,10,1.5,0.0025,ma100,adx20,-0.08963856882306376,-0.0903454425555229,55,0.18181818181818182,0.1540821697665803,-0.6290239150348369,-0.023003298329819954,-0.025486585649443727,19,0.21052631578947367,0.20320726555935334,-0.45770587333052287,-0.19610043679920997
lb30_atr20_m2.5_r0.005_tfma100_rfnone,30,20,2.5,0.005,ma100,none,-0.06878902212898541,-0.0765823721247979,36,0.19444444444444445,0.41562124499424596,-0.36529556580955763,-0.042169036422304074,-0.04487407264252741,15,0.2,0.15187070218076162,-0.5895294262088144,-0.1969732129771437
lb20_atr20_m2.0_r0.0025_tfma100_rfnone,20,20,2.0,0.0025,ma100,none,-0.07720959549191375,-0.07720959549191375,55,0.2,0.23104493869309597,-0.5439806020129639,-0.02733586823276324,-0.02926467789785181,19,0.10526315789473684,0.16069495413708396,-0.5346754309969007,-0.19712074187287043
lb30_atr14_m2.0_r0.0025_tfnone_rfnone,30,14,2.0,0.0025,none,none,-0.05071071263383142,-0.05592705878813897,49,0.2857142857142857,0.3409486555998813,-0.39570187292517944,-0.03700825067539981,-0.03900424781332734,21,0.09523809523809523,0.07960836278715885,-0.6568622247133807,-0.19737695265722785
lb30_atr10_m2.0_r0.005_tfma100_rfadx20,30,10,2.0,0.005,ma100,adx20,-0.1032329753348541,-0.1032329753348541,37,0.21621621621621623,0.1715975423163432,-0.5584678483931976,-0.028456395265335166,-0.03215583404569522,13,0.15384615384615385,0.14733011895118767,-0.421744868550624,-0.19764375605539042
lb20_atr20_m2.0_r0.0025_tfnone_rfnone,20,20,2.0,0.0025,none,none,-0.08534384400877315,-0.08626290204242704,66,0.19696969696969696,0.26581288738655096,-0.5045082074341969,-0.03351554435249171,-0.03543209961378613,25,0.12,0.1908812909576534,-0.5062939532398785,-0.198031446444082
lb30_atr20_m2.5_r0.005_tfnone_rfnone,30,20,2.5,0.005,none,none,-0.06429625115345028,-0.08357909684428144,41,0.1951219512195122,0.4806264953263618,-0.2946910261324631,-0.04985311640373957,-0.05253645180674227,17,0.17647058823529413,0.13092384754358713,-0.6128570579268742,-0.1994882215407426
lb30_atr10_m2.0_r0.0025_tfnone_rfnone,30,10,2.0,0.0025,none,none,-0.06076836204490377,-0.06438690809798486,51,0.19607843137254902,0.27886167198271283,-0.45882229828795607,-0.031569951307788835,-0.03341725989266531,19,0.10526315789473684,0.07190900540589473,-0.62503329789906,-0.19979647969286138
lb30_atr10_m2.0_r0.005_tfnone_rfadx20,30,10,2.0,0.005,none,adx20,-0.10283367152683509,-0.10972010530373211,42,0.21428571428571427,0.25197973796314405,-0.48161402895679073,-0.03444230945618343,-0.038118955103033314,15,0.13333333333333333,0.12440282562276878,-0.44678707844799453,-0.20016265089054913
lb10_atr20_m2.0_r0.0025_tfnone_rfadx20,10,20,2.0,0.0025,none,adx20,-0.12001886736945322,-0.12359691792845018,90,0.17777777777777778,0.19740091642885735,-0.5328952891125898,-0.03185887359415707,-0.034974843525937827,31,0.16129032258064516,0.2758188425109253,-0.3972422522087729,-0.20165692534957833
lb20_atr14_m2.5_r0.005_tfnone_rfnone,20,14,2.5,0.005,none,none,-0.09836986300424488,-0.11231455826498482,52,0.19230769230769232,0.4179243197569244,-0.3674558721841414,-0.05030121709546165,-0.057698509398104725,22,0.22727272727272727,0.2698363850266116,-0.48235745722184903,-0.2035432191042154
lb30_atr10_m2.0_r0.0025_tfma100_rfnone,30,10,2.0,0.0025,ma100,none,-0.061727263655087405,-0.061727263655087405,45,0.2,0.20261404803087515,-0.5268312988207556,-0.028574951664251835,-0.030427973298367772,17,0.11764705882352941,0.07902474348940196,-0.6268535161482549,-0.20433958704795568
lb20_atr14_m1.5_r0.0025_tfma100_rfadx20,20,14,1.5,0.0025,ma100,adx20,-0.09567254580677342,-0.09567483235455787,55,0.2,0.12250840933977405,-0.670685401744762,-0.024803720935047235,-0.027496918226750156,20,0.25,0.23197086059032135,-0.4685625247992162,-0.20625498024887762
lb20_atr14_m2.0_r0.0025_tfnone_rfnone,20,14,2.0,0.0025,none,none,-0.0779718925600672,-0.08047427682214647,63,0.2222222222222222,0.2875972102435585,-0.48210855413389164,-0.040068756301473774,-0.04205840991623566,27,0.1111111111111111,0.13234040031981417,-0.5565023775609277,-0.20634247927773514
lb10_atr10_m1.5_r0.0025_tfma100_rfadx20,10,10,1.5,0.0025,ma100,adx20,-0.1212138586982453,-0.12189621497835745,74,0.14864864864864866,0.13127118322631226,-0.6381119792644937,-0.02449489159808882,-0.027902435425494976,23,0.2608695652173913,0.3095943765465711,-0.404797976566653,-0.20653756171194787
lb20_atr14_m2.0_r0.005_tfma100_rfadx20,20,14,2.0,0.005,ma100,adx20,-0.12010858030870242,-0.12248161641975308,46,0.21739130434782608,0.23235444628904867,-0.5282095396656348,-0.034115966286268784,-0.038111668353844275,16,0.125,0.15899500078558906,-0.40991743626804983,-0.207158896580076
lb20_atr10_m2.0_r0.0025_tfma100_rfnone,20,10,2.0,0.0025,ma100,none,-0.07647396868501344,-0.0769732934702233,54,0.16666666666666666,0.21584090583396495,-0.5510687632064555,-0.02940053637583595,-0.03125198318301692,19,0.10526315789473684,0.07698439471208732,-0.5782315582319434,-0.20789897741349483
lb30_atr14_m2.0_r0.0025_tfma100_rfnone,30,14,2.0,0.0025,ma100,none,-0.05693206374924553,-0.05820256215750441,44,0.2727272727272727,0.23455452875238442,-0.49326143711640413,-0.0340128970955752,-0.036015102715742264,19,0.10526315789473684,0.08618921120260453,-0.6609213584686177,-0.20825539182635538
lb10_atr14_m2.5_r0.005_tfma100_rfnone,10,14,2.5,0.005,ma100,none,-0.10215347857941393,-0.11277345613614309,53,0.1509433962264151,0.3933711822822343,-0.381280419085192,-0.04685680450624641,-0.05913466032706172,19,0.21052631578947367,0.30639711296121275,-0.5062952955742562,-0.2084334844673317
lb20_atr10_m2.0_r0.0025_tfnone_rfnone,20,10,2.0,0.0025,none,none,-0.09024024429122568,-0.09126742045246716,66,0.15151515151515152,0.24072558635963734,-0.5351593967042284,-0.03462422539377308,-0.036465707861680796,25,0.12,0.13619101585786605,-0.5230619162872597,-0.20855062194730425
lb20_atr14_m1.5_r0.0025_tfnone_rfadx20,20,14,1.5,0.0025,none,adx20,-0.10838119786296352,-0.1116598708957347,67,0.19402985074626866,0.16329402165229098,-0.6332938837840404,-0.029654490202708383,-0.03233429113622699,26,0.23076923076923078,0.23087261997119632,-0.43338494538199285,-0.20874247140953509
lb20_atr14_m2.0_r0.0025_tfma100_rfnone,20,14,2.0,0.0025,ma100,none,-0.06926654613971972,-0.07103083377550279,52,0.23076923076923078,0.24864125840620063,-0.5152744907097611,-0.03443663480125814,-0.03643796213846129,21,0.09523809523809523,0.08524483459709113,-0.6065448850063934,-0.20890533605087078
lb20_atr20_m2.0_r0.005_tfma100_rfadx20,20,20,2.0,0.005,ma100,adx20,-0.13501118142062896,-0.13501118142062896,48,0.1875,0.20940274809674433,-0.5787170218667983,-0.029401853691862545,-0.03323639282383628,15,0.13333333333333333,0.2629439197295372,-0.37618564272100186,-0.20891084976865879
lb55_atr10_m1.5_r0.005_tfnone_rfadx20,55,10,1.5,0.005,none,adx20,-0.09904514132455366,-0.10512111693942872,37,0.16216216216216217,0.1440531410301514,-0.551967234168306,-0.03668437448022621,-0.040926535478325476,15,0.2,0.18230818129090767,-0.46675187992857714,-0.20918132111818946
lb20_atr14_m2.0_r0.005_tfnone_rfadx20,20,14,2.0,0.005,none,adx20,-0.13067185333575548,-0.14019495410177096,55,0.21818181818181817,0.27868007015537144,-0.4873654461064786,-0.04145192943719034,-0.045417283841789,21,0.14285714285714285,0.22813316474647227,-0.3822285337531006,-0.21041855838466583
lb55_atr10_m1.5_r0.005_tfma100_rfadx20,55,10,1.5,0.005,ma100,adx20,-0.09726886572247351,-0.09752793706076668,34,0.14705882352941177,0.10957684039380056,-0.5845500204721564,-0.03668437448022621,-0.040926535478325476,15,0.2,0.18230818129090767,-0.46675187992857714,-0.2105319468725093
lb20_atr10_m2.0_r0.005_tfma100_rfadx20,20,10,2.0,0.005,ma100,adx20,-0.12349539628689477,-0.12402391604762764,46,0.1956521739130435,0.21713029427439703,-0.5436036161973441,-0.032416280880882775,-0.03610064122900303,15,0.13333333333333333,0.13172898548667192,-0.4172078992765416,-0.21066441452263118
lb10_atr14_m1.5_r0.0025_tfma100_rfadx20,10,14,1.5,0.0025,ma100,adx20,-0.12186100624660956,-0.12186322657815163,73,0.1643835616438356,0.10802273038394299,-0.6505820198480773,-0.02661758211084142,-0.030242463975319822,24,0.2916666666666667,0.3156431700382456,-0.4172703281742343,-0.21184408990670411
lb20_atr20_m2.5_r0.005_tfma100_rfnone,20,20,2.5,0.005,ma100,none,-0.09593485703682492,-0.09824908287451195,44,0.18181818181818182,0.3725527897262362,-0.42863654431709014,-0.044022072111883914,-0.04672187512411108,17,0.17647058823529413,0.14643617778862017,-0.5429071634398966,-0.21224618639053291
lb55_atr14_m1.5_r0.005_tfma100_rfnone,55,14,1.5,0.005,ma100,none,-0.08908132748737074,-0.08908132748737074,37,0.2972972972972973,0.2052525437744594,-0.501301227442759,-0.04597505411612368,-0.05017630167136666,17,0.23529411764705882,0.18463154616780172,-0.5176650452460135,-0.21311906180978676
lb30_atr20_m1.5_r0.0025_tfma100_rfnone,30,20,1.5,0.0025,ma100,none,-0.06606499371123242,-0.06648744794700645,51,0.29411764705882354,0.28621781503791144,-0.48874586431695244,-0.03796753336348346,-0.04023268437428329,22,0.22727272727272727,0.16019795055677694,-0.6530503664143091,-0.21313693174616843
lb10_atr20_m2.5_r0.005_tfma100_rfnone,10,20,2.5,0.005,ma100,none,-0.10722032639569923,-0.11416211610165306,55,0.16363636363636364,0.3853725100065313,-0.3876387426609619,-0.05089909289580141,-0.058936078198359665,21,0.23809523809523808,0.18560083603997432,-0.49061069711015065,-0.21352672516194596
lb55_atr14_m1.5_r0.005_tfnone_rfnone,55,14,1.5,0.005,none,none,-0.09259952997399423,-0.0984602449053309,40,0.3,0.22860864542233578,-0.483677566457978,-0.04597505411612368,-0.05017630167136666,17,0.23529411764705882,0.18463154616780172,-0.5176650452460135,-0.2142279919638107
lb30_atr20_m1.5_r0.0025_tfnone_rfnone,30,20,1.5,0.0025,none,none,-0.07016093434634185,-0.07412452502972022,60,0.31666666666666665,0.2982216132296335,-0.4420130967188068,-0.04132447357446145,-0.043581720510528,24,0.20833333333333334,0.148936198421272,-0.6550854787135576,-0.2151015152044285
lb20_atr10_m2.0_r0.005_tfnone_rfadx20,20,10,2.0,0.005,none,adx20,-0.14249419097162974,-0.1495892950051937,56,0.17857142857142858,0.24880621073104373,-0.5258702714257523,-0.03851872283091584,-0.04217984633171923,20,0.15,0.22090695451541428,-0.37352439646504,-0.21700815719080702
lb20_atr20_m2.0_r0.005_tfnone_rfadx20,20,20,2.0,0.005,none,adx20,-0.14549789922305612,-0.15281255285201212,57,0.19298245614035087,0.250074197173759,-0.5334583600946964,-0.03847067291059025,-0.04226938388617685,20,0.15,0.2909208607518195,-0.37115269731676265,-0.2177079059281625
lb30_atr20_m1.5_r0.005_tfma100_rfadx20,30,20,1.5,0.005,ma100,adx20,-0.11855301101739224,-0.11855301101739224,43,0.2558139534883721,0.18082793311723527,-0.5810683197066203,-0.03902822617294699,-0.04326006553193562,17,0.29411764705882354,0.2668184443484156,-0.43915449007895924,-0.21776384758332062
lb20_atr20_m1.5_r0.0025_tfma100_rfnone,20,20,1.5,0.0025,ma100,none,-0.08931715027801279,-0.08972908668121138,62,0.24193548387096775,0.22729729429392082,-0.5530295960258119,-0.03651935612732937,-0.03878791694002681,24,0.2916666666666667,0.1808900467791349,-0.5761042267423965,-0.21901834303053216
lb10_atr10_m2.5_r0.005_tfnone_rfnone,10,10,2.5,0.005,none,none,-0.17094909977358186,-0.17269257746117728,81,0.1728395061728395,0.32510829571828004,-0.425182038895735,-0.04483486605408915,-0.06501913545801097,28,0.2857142857142857,0.48973082345090085,-0.3341398103569117,-0.22120596671554899
lb10_atr20_m2.0_r0.0025_tfma100_rfnone,10,20,2.0,0.0025,ma100,none,-0.09155618136132848,-0.09332553448594016,69,0.18840579710144928,0.20683211591475303,-0.5177412552005949,-0.04040721567421335,-0.043495672698876,26,0.15384615384615385,0.1517297975774705,-0.5787673915197135,-0.22202029264529444
lb10_atr10_m2.0_r0.0025_tfma100_rfnone,10,10,2.0,0.0025,ma100,none,-0.09358057577660606,-0.09928492543832101,69,0.15942028985507245,0.21480826748961324,-0.5318414998585799,-0.03889408799851868,-0.04171308621444869,25,0.16,0.09711094690562133,-0.5825064293433634,-0.22529257520840132
lb10_atr20_m2.0_r0.005_tfma100_rfadx20,10,20,2.0,0.005,ma100,adx20,-0.16543337121515966,-0.1686779805399765,62,0.16129032258064516,0.17745389651938118,-0.561514008808908,-0.03439663161912798,-0.040588992608298735,19,0.21052631578947367,0.2969697884970598,-0.34942060051701,-0.22579036635674404
lb20_atr20_m2.5_r0.005_tfnone_rfnone,20,20,2.5,0.005,none,none,-0.10626148256779355,-0.11419413186532412,54,0.16666666666666666,0.389574792795866,-0.3796496199122768,-0.05966226249098627,-0.0623178956203474,23,0.13043478260869565,0.1545895527410194,-0.5346556114445623,-0.22581758984724437
lb30_atr14_m1.5_r0.0025_tfnone_rfnone,30,14,1.5,0.0025,none,none,-0.07795591515519396,-0.08134646845976934,60,0.3,0.2510138428138021,-0.4944267966702315,-0.0415177453933947,-0.04416478360269438,24,0.16666666666666666,0.14238718837363734,-0.6606175123313627,-0.22598676604693346
lb10_atr20_m1.5_r0.0025_tfnone_rfadx20,10,20,1.5,0.0025,none,adx20,-0.15518725800080335,-0.15918004020487098,106,0.19811320754716982,0.15660181667874995,-0.5868867900372866,-0.03591116176415121,-0.03945435996059998,37,0.32432432432432434,0.30157348439797105,-0.3707180828115549,-0.22619802485333554
lb30_atr20_m1.5_r0.005_tfnone_rfadx20,30,20,1.5,0.005,none,adx20,-0.1274686918340988,-0.1331041939467218,51,0.27450980392156865,0.19300356840262003,-0.5267634080320914,-0.04572967642381187,-0.04993200455083069,19,0.2631578947368421,0.23643361849524666,-0.46424051365015184,-0.2290230303362709
lb30_atr14_m1.5_r0.005_tfma100_rfadx20,30,14,1.5,0.005,ma100,adx20,-0.12724258270722721,-0.12724258270722721,44,0.25,0.15469205526914345,-0.6136874131618502,-0.04026792161391979,-0.04449430171582802,17,0.23529411764705882,0.2551830544952808,-0.4520836797706737,-0.2293499096024476
lb55_atr10_m1.5_r0.005_tfnone_rfnone,55,10,1.5,0.005,none,none,-0.09973161610817838,-0.10580296218584029,41,0.1951219512195122,0.18222303642172213,-0.5031549026726937,-0.04897391479367519,-0.053161956241316366,17,0.17647058823529413,0.14287902327341126,-0.5527247440392841,-0.22959374576794628
lb55_atr10_m1.5_r0.005_tfma100_rfnone,55,10,1.5,0.005,ma100,none,-0.09795669392397366,-0.09821556786509511,38,0.18421052631578946,0.15182873213058085,-0.5284543168791167,-0.04897391479367519,-0.053161956241316366,17,0.17647058823529413,0.14287902327341126,-0.5527247440392841,-0.2302656345182688
lb10_atr14_m2.0_r0.005_tfma100_rfadx20,10,14,2.0,0.005,ma100,adx20,-0.1533674880061574,-0.16186659486183963,60,0.2,0.21567592885681622,-0.5255858428696553,-0.040350861898530654,-0.04558029425453969,20,0.25,0.20471739015164003,-0.3996026992110181,-0.2303881569457323
lb20_atr20_m1.5_r0.005_tfma100_rfadx20,20,20,1.5,0.005,ma100,adx20,-0.15033645918193217,-0.15033645918193217,54,0.2222222222222222,0.16965595113399864,-0.593909254843774,-0.039504690392243136,-0.04373443154180323,19,0.3684210526315789,0.28648868864746063,-0.39788782455481436,-0.23105295720739763
lb20_atr20_m1.5_r0.0025_tfnone_rfnone,20,20,1.5,0.0025,none,none,-0.10999604001704566,-0.11062056440018919,78,0.24358974358974358,0.21047049782194535,-0.5513297565062532,-0.04399196900537161,-0.046242935197096324,31,0.25806451612903225,0.17453694544991868,-0.5387345887842645,-0.23137615683623278
lb30_atr14_m1.5_r0.0025_tfma100_rfnone,30,14,1.5,0.0025,ma100,none,-0.07721912363496475,-0.07722145684132575,52,0.28846153846153844,0.1892741210244923,-0.5647694397389527,-0.03893771862573403,-0.041591882088946486,22,0.18181818181818182,0.15071298283297996,-0.6716671323052626,-0.2314261977215628
lb30_atr14_m1.5_r0.005_tfnone_rfadx20,30,14,1.5,0.005,none,adx20,-0.13258739722322932,-0.13818983865967438,51,0.2549019607843137,0.19916590133689183,-0.536984094421567,-0.04541852622033915,-0.04962222456208587,19,0.21052631578947367,0.2321180029817324,-0.4612403127020199,-0.23221299002392065
lb10_atr10_m1.5_r0.0025_tfnone_rfadx20,10,10,1.5,0.0025,none,adx20,-0.1633190036258123,-0.1670247189481261,108,0.1574074074074074,0.16415220298725788,-0.6109577251279573,-0.0354036450218983,-0.03995572835022654,36,0.2777777777777778,0.32896398615817307,-0.3759028284917296,-0.2331421211346079
lb10_atr10_m2.0_r0.005_tfma100_rfadx20,10,10,2.0,0.005,ma100,adx20,-0.15721648343899175,-0.16406687311235701,60,0.18333333333333332,0.2080014257389769,-0.541204332736277,-0.038073743693256,-0.043652616518764065,19,0.21052631578947367,0.17927718639069418,-0.4087438749818405,-0.23410335780354125
lb10_atr14_m2.0_r0.0025_tfma100_rfnone,10,14,2.0,0.0025,ma100,none,-0.0856858024278836,-0.0921431897941698,67,0.208955223880597,0.2408588914740268,-0.4999742409054791,-0.048867479210212506,-0.05146760847591758,28,0.17857142857142858,0.09550332095226823,-0.6459372582345105,-0.2360385668563777
lb30_atr10_m1.5_r0.0025_tfnone_rfnone,30,10,1.5,0.0025,none,none,-0.0823878431672681,-0.08623295665521857,60,0.21666666666666667,0.2276506867082042,-0.5270065980304282,-0.04362905544877904,-0.046059917124566474,24,0.125,0.11065773943639252,-0.6865048968534676,-0.23824066724312215
lb20_atr10_m1.5_r0.0025_tfnone_rfnone,20,10,1.5,0.0025,none,none,-0.11807462870018282,-0.11875942251680494,78,0.1794871794871795,0.18504177348894021,-0.5965219637877612,-0.04272550248165574,-0.045158660768702896,30,0.16666666666666666,0.1976587533611729,-0.5397944755452746,-0.23911517002756785
lb30_atr20_m2.0_r0.005_tfnone_rfnone,30,20,2.0,0.005,none,none,-0.10854638109477721,-0.11617734471984298,51,0.2549019607843137,0.30846286572251685,-0.41959480419600526,-0.05409699492528364,-0.057833971038216636,19,0.10526315789473684,0.1600562932466361,-0.6114431132291932,-0.2396149728907686
lb30_atr10_m1.5_r0.0025_tfma100_rfnone,30,10,1.5,0.0025,ma100,none,-0.07823177782434465,-0.07894750865537203,52,0.23076923076923078,0.17808088327435265,-0.5730197969994602,-0.041009091847780677,-0.04344661283201523,22,0.13636363636363635,0.1171602477526009,-0.6995320825487933,-0.23976679263138573
lb10_atr14_m2.5_r0.005_tfnone_rfnone,10,14,2.5,0.005,none,none,-0.14031151637881123,-0.14527752717867803,77,0.2077922077922078,0.37685742727446603,-0.35912823320263504,-0.07022037272062931,-0.08219727216536998,31,0.16129032258064516,0.2964266427064761,-0.4648700363863849,-0.24069931073368223
lb10_atr14_m1.5_r0.0025_tfnone_rfadx20,10,14,1.5,0.0025,none,adx20,-0.1626826498877667,-0.1661340075543425,107,0.17757009345794392,0.15685964808383232,-0.6135649962269333,-0.0397875526255459,-0.04454381276944952,38,0.2894736842105263,0.2880383333361308,-0.3985820498173697,-0.24112324523145454
lb30_atr10_m1.5_r0.005_tfma100_rfadx20,30,10,1.5,0.005,ma100,adx20,-0.1290832463059517,-0.12985160814967212,44,0.20454545454545456,0.15410468518397816,-0.6099069666850213,-0.044172851942730684,-0.048382035870610074,17,0.17647058823529413,0.19724183507029236,-0.496917995613396,-0.2417928027673066
lb20_atr10_m1.5_r0.0025_tfma100_rfnone,20,10,1.5,0.0025,ma100,none,-0.10024588623503072,-0.10094452364091311,64,0.203125,0.16413938789204768,-0.6062693531683265,-0.04004199773315531,-0.042481976834748414,24,0.16666666666666666,0.12649188582127416,-0.6262184535439347,-0.24293030660249829
lb10_atr20_m1.5_r0.0025_tfma100_rfnone,10,20,1.5,0.0025,ma100,none,-0.11305150888555715,-0.11345270933790319,80,0.2,0.19654119552782118,-0.5492014307395237,-0.047753137326873474,-0.05052666466693345,31,0.2903225806451613,0.20723340261530626,-0.5917931307072125,-0.24427449167458004
lb30_atr20_m2.0_r0.005_tfma100_rfnone,30,20,2.0,0.005,ma100,none,-0.11769953268505151,-0.11769953268505151,46,0.2391304347826087,0.2315159488629064,-0.5166120202069305,-0.046825115478120405,-0.050590820582973595,17,0.11764705882352941,0.18130035949835574,-0.5956218663280028,-0.24437598172184816
lb30_atr10_m1.5_r0.005_tfnone_rfadx20,30,10,1.5,0.005,none,adx20,-0.13453037996633133,-0.14087889655702668,51,0.19607843137254902,0.1972780310624324,-0.5391862202443205,-0.049392217780642955,-0.05357841714395617,19,0.15789473684210525,0.17941141808971284,-0.5017904017809209,-0.2445076173214878
lb30_atr14_m2.0_r0.005_tfnone_rfnone,30,14,2.0,0.005,none,none,-0.09953019846790101,-0.10939444212508465,49,0.2857142857142857,0.32620281699214143,-0.39570187292517944,-0.06252549819362496,-0.06640367473906861,21,0.09523809523809523,0.09189148383401202,-0.6568622247133808,-0.24790480253041572
lb10_atr20_m1.5_r0.005_tfma100_rfadx20,10,20,1.5,0.005,ma100,adx20,-0.19266242608411122,-0.19266242608411122,71,0.18309859154929578,0.14624099283860545,-0.5983321272967708,-0.0423193225739682,-0.04744625229410082,23,0.391304347826087,0.3571453129707678,-0.3446632701415022,-0.24914446291050057
lb20_atr14_m1.5_r0.0025_tfma100_rfnone,20,14,1.5,0.0025,ma100,none,-0.10461189351225031,-0.10461415745733083,64,0.234375,0.14557399982135666,-0.6322942028824716,-0.04154369019805715,-0.04419065675565026,25,0.2,0.1513216177997366,-0.633593397385199,-0.24986530577203148
lb20_atr14_m1.5_r0.0025_tfnone_rfnone,20,14,1.5,0.0025,none,none,-0.11888593504747058,-0.11894030945131873,78,0.23076923076923078,0.17775724694783826,-0.5985339658812728,-0.04814055258207617,-0.05076930060019391,32,0.1875,0.15435609111347842,-0.5781793666069339,-0.25127711038931166
lb10_atr10_m2.0_r0.0025_tfnone_rfnone,10,10,2.0,0.0025,none,none,-0.13843130882297794,-0.14154150298218726,103,0.1553398058252427,0.20809963737542234,-0.5428252293301965,-0.05270577221843342,-0.055484259692842874,39,0.15384615384615385,0.16742630782123882,-0.5184773256096272,-0.2518238954111244
lb20_atr20_m2.0_r0.005_tfma100_rfnone,20,20,2.0,0.005,ma100,none,-0.14459641462863015,-0.14459641462863015,55,0.2,0.23365766870639815,-0.5439806020129639,-0.04690112359119358,-0.0506665284110267,19,0.10526315789473684,0.18128039959343553,-0.5346754309969007,-0.25277548689255674
lb30_atr10_m2.0_r0.005_tfnone_rfnone,30,10,2.0,0.005,none,none,-0.11811354666693286,-0.12488269578330258,51,0.19607843137254902,0.2702711855487967,-0.45882229828795607,-0.05575806498349534,-0.05935354460522191,19,0.10526315789473684,0.07994281555132979,-0.62503329789906,-0.2540516604053424
lb30_atr10_m2.0_r0.005_tfma100_rfnone,30,10,2.0,0.005,ma100,none,-0.1179171623466887,-0.1179171623466887,45,0.2,0.2059593595440835,-0.5268312988207556,-0.04990429647876082,-0.053522066050328054,17,0.11764705882352941,0.088873739952449,-0.6268535161482549,-0.255000049837572
lb20_atr20_m1.5_r0.005_tfnone_rfadx20,20,20,1.5,0.005,none,adx20,-0.17735461159317067,-0.18266791070452437,67,0.22388059701492538,0.1640979736811233,-0.5832363791250357,-0.050779803940002255,-0.05495989277865376,25,0.32,0.26494999444099787,-0.3908538966618918,-0.25525893477075823
lb20_atr10_m1.5_r0.005_tfnone_rfadx20,20,10,1.5,0.005,none,adx20,-0.18583716578208487,-0.19180932949634544,67,0.16417910447761194,0.16507034703976842,-0.600888157515114,-0.04724609971591087,-0.051441749957119476,24,0.20833333333333334,0.30748692184962084,-0.37650754904340006,-0.2558711974461684
lb10_atr20_m2.0_r0.0025_tfnone_rfnone,10,20,2.0,0.0025,none,none,-0.12683852205968205,-0.12751228152429983,101,0.18811881188118812,0.21288997328533119,-0.503283133678539,-0.06116160804729687,-0.06418326689468656,41,0.12195121951219512,0.16304892979927238,-0.5725531591188603,-0.2569179518619959
lb30_atr14_m2.0_r0.005_tfma100_rfnone,30,14,2.0,0.005,ma100,none,-0.10818357881958673,-0.11058877623886787,44,0.2727272727272727,0.23825288569798495,-0.49326143711640413,-0.05667899387681896,-0.06058135644105089,19,0.10526315789473684,0.10081527514686181,-0.6609213584686177,-0.25718218178282226
lb20_atr10_m1.5_r0.005_tfma100_rfadx20,20,10,1.5,0.005,ma100,adx20,-0.16271812093684268,-0.16345680858475164,55,0.18181818181818182,0.14415008155767073,-0.6290239150348369,-0.045441554009530316,-0.049645150943610994,19,0.21052631578947367,0.20302643675928933,-0.45770587333052287,-0.2579519071826215
lb10_atr20_m2.5_r0.005_tfnone_rfnone,10,20,2.5,0.005,none,none,-0.14024523714430448,-0.14426665059684196,78,0.1794871794871795,0.37467174634192774,-0.36271544169754116,-0.08270281055254525,-0.09047048201348706,33,0.24242424242424243,0.1954544337876027,-0.5074889860641117,-0.2587757055144059
lb30_atr20_m1.5_r0.005_tfma100_rfnone,30,20,1.5,0.005,ma100,none,-0.11683161258104369,-0.11683161258104369,51,0.29411764705882354,0.2807778162611684,-0.4887458643169524,-0.062479178034328675,-0.06660774624238897,22,0.22727272727272727,0.1835555785103432,-0.6530503664143091,-0.2629706601830823
lb20_atr20_m2.0_r0.005_tfnone_rfnone,20,20,2.0,0.005,none,none,-0.15831901010089922,-0.15998491155107175,66,0.19696969696969696,0.26289113217967847,-0.5045082074341969,-0.06018448966098611,-0.06389741592706077,25,0.12,0.20535668130677903,-0.5062939532398785,-0.26300866299573655
lb10_atr14_m2.0_r0.0025_tfnone_rfnone,10,14,2.0,0.0025,none,none,-0.12164080930864585,-0.12604198969734637,98,0.20408163265306123,0.24050228535332172,-0.49801491575228246,-0.06764338266867731,-0.07019218388597148,43,0.16279069767441862,0.1415399003400503,-0.5985941964085362,-0.2634006310165152
lb20_atr14_m2.0_r0.005_tfma100_rfnone,20,14,2.0,0.005,ma100,none,-0.1317310882473678,-0.13407277886461966,52,0.23076923076923078,0.24809316441630735,-0.5152744907097611,-0.05750425513936841,-0.061403203734616496,21,0.09523809523809523,0.0995715739302061,-0.6065448850063934,-0.26474478988264794
lb20_atr10_m2.0_r0.005_tfma100_rfnone,20,10,2.0,0.005,ma100,none,-0.14571702030262235,-0.14623214074136892,54,0.16666666666666666,0.21681121688536226,-0.5510687632064555,-0.051516600196572004,-0.05512823044627013,19,0.10526315789473684,0.08634974625686943,-0.5782315582319434,-0.26693343602806696
lb20_atr14_m1.5_r0.005_tfma100_rfadx20,20,14,1.5,0.005,ma100,adx20,-0.16871384671292278,-0.16871384671292278,55,0.2,0.1194609648397077,-0.670685401744762,-0.0487420419801049,-0.05293110452797556,20,0.25,0.23269427912823787,-0.4685625247992162,-0.26914588418567753
lb30_atr20_m1.5_r0.005_tfnone_rfnone,30,20,1.5,0.005,none,none,-0.1244552017178483,-0.13011016734972558,60,0.31666666666666665,0.2918541222881883,-0.4420130967188068,-0.06901709030050529,-0.0731168674501732,24,0.20833333333333334,0.1686833919577267,-0.6550854787135576,-0.2699637912309633
lb10_atr10_m1.5_r0.0025_tfma100_rfnone,10,10,1.5,0.0025,ma100,none,-0.12844155982268302,-0.12911830396689383,84,0.16666666666666666,0.14431535092585515,-0.5984324479274493,-0.052283791215236075,-0.05559426543988433,31,0.1935483870967742,0.17209678052420227,-0.6386011454750806,-0.27035018558673124
lb20_atr14_m2.0_r0.005_tfnone_rfnone,20,14,2.0,0.005,none,none,-0.14650249800579007,-0.15018190642283846,63,0.2222222222222222,0.28079075605001097,-0.48210855413389164,-0.06904054363082124,-0.07289176851373069,27,0.1111111111111111,0.14812270183493653,-0.5565023775609278,-0.2706551890283845
lb10_atr10_m2.0_r0.005_tfnone_rfadx20,10,10,2.0,0.005,none,adx20,-0.22329852870149924,-0.2311619054419357,89,0.1797752808988764,0.21099993326990962,-0.5412977914428485,-0.05237787983555753,-0.05883983112222213,30,0.2,0.28751275418718647,-0.34111033794660717,-0.2719251833404687
lb10_atr14_m1.5_r0.0025_tfma100_rfnone,10,14,1.5,0.0025,ma100,none,-0.1269760538864788,-0.12697826128487255,82,0.1951219512195122,0.13134652608574865,-0.6056771525026298,-0.05394874005821049,-0.057471840529314866,32,0.21875,0.18369038934310025,-0.6457089501052139,-0.2724940205184218
lb20_atr10_m2.0_r0.005_tfnone_rfnone,20,10,2.0,0.005,none,none,-0.1689791112099862,-0.17043656720268896,66,0.15151515151515152,0.23796614377894662,-0.5351593967042284,-0.06184429053950791,-0.0654165950626201,25,0.12,0.147976321287327,-0.5230619162872597,-0.2773642197993986
lb20_atr20_m1.5_r0.005_tfma100_rfnone,20,20,1.5,0.005,ma100,none,-0.15805588146619243,-0.15805588146619243,62,0.24193548387096775,0.22127946323564945,-0.5530295960258119,-0.0596512301287373,-0.06379225179441006,24,0.2916666666666667,0.2082148795682235,-0.5761042267423966,-0.27827053408474894
lb10_atr10_m1.5_r0.005_tfma100_rfadx20,10,10,1.5,0.005,ma100,adx20,-0.21138889596769528,-0.21208464407370253,74,0.14864864864864866,0.12440478010987507,-0.6381119792644937,-0.047251436130066216,-0.0526815198968118,23,0.2608695652173913,0.29274532288693617,-0.404797976566653,-0.2791020237907641
lb10_atr14_m2.0_r0.005_tfnone_rfadx20,10,14,2.0,0.005,none,adx20,-0.20964031934604888,-0.2199953867393769,87,0.20689655172413793,0.22475595429068831,-0.5118503893188676,-0.0632104846947068,-0.06935704644071239,32,0.21875,0.26154669692535043,-0.3932344291224606,-0.27916350219361297
lb20_atr14_m1.5_r0.005_tfnone_rfadx20,20,14,1.5,0.005,none,adx20,-0.19211940504058822,-0.19733734135649084,67,0.19402985074626866,0.14418255682692577,-0.6332938837840404,-0.058198142937647135,-0.06234556357541743,26,0.23076923076923078,0.23114619611054263,-0.4333849453819928,-0.28211678598832696
lb10_atr14_m1.5_r0.005_tfma100_rfadx20,10,14,1.5,0.005,ma100,adx20,-0.21063910149796683,-0.21063910149796683,73,0.1643835616438356,0.10792852892436665,-0.6505820198480773,-0.05097948120304796,-0.056716896125696636,24,0.2916666666666667,0.3095864207630035,-0.41727032817423426,-0.28462434784459334
lb30_atr14_m1.5_r0.005_tfnone_rfnone,30,14,1.5,0.005,none,none,-0.1415963668133322,-0.14714062114900228,60,0.3,0.22464299944867724,-0.4944267966702315,-0.06931386627713199,-0.07341233651197387,24,0.16666666666666666,0.16356515412854447,-0.6606175123313627,-0.2865923044351696
lb30_atr14_m1.5_r0.005_tfma100_rfnone,30,14,1.5,0.005,ma100,none,-0.13669857859084944,-0.13669857859084944,52,0.28846153846153844,0.18463424054693542,-0.5647694397389527,-0.06429219298977684,-0.06841277720886274,22,0.18181818181818182,0.17481345811475202,-0.6716671323052626,-0.2870159026050658
lb10_atr20_m2.0_r0.005_tfnone_rfadx20,10,20,2.0,0.005,none,adx20,-0.22139950933782426,-0.2277039881036107,90,0.17777777777777778,0.19297654291579164,-0.5328952891125898,-0.0628540398429599,-0.06886390504730988,31,0.16129032258064516,0.27468207209640905,-0.3972422522087729,-0.28778032443723633
lb10_atr20_m1.5_r0.0025_tfnone_rfnone,10,20,1.5,0.0025,none,none,-0.1647077529612554,-0.16568248704504307,120,0.21666666666666667,0.18704140253625035,-0.5527228143588668,-0.06925596983945148,-0.07196686773309358,48,0.25,0.1807021220111099,-0.560594897376248,-0.2880884970153675
lb10_atr20_m2.0_r0.005_tfma100_rfnone,10,20,2.0,0.005,ma100,none,-0.16904757848913465,-0.17227813658039082,69,0.18840579710144928,0.21093163634986103,-0.5177412552005949,-0.06676443712615188,-0.07274922516902804,26,0.15384615384615385,0.17679237156818883,-0.5787673915197135,-0.28951541592944835
lb10_atr10_m2.0_r0.005_tfma100_rfnone,10,10,2.0,0.005,ma100,none,-0.1762113493160985,-0.1829073431920918,69,0.15942028985507245,0.21074810880768163,-0.5318414998585799,-0.06643141519284712,-0.07184582235179648,25,0.16,0.11058288691939745,-0.5825064293433635,-0.2969435319751836
lb30_atr10_m1.5_r0.005_tfma100_rfnone,30,10,1.5,0.005,ma100,none,-0.14106148740155322,-0.14181928150343892,52,0.23076923076923078,0.1731999103185029,-0.5730197969994602,-0.06884928050148076,-0.07294979663655055,22,0.13636363636363635,0.13454373923432608,-0.6995320825487933,-0.29953741382071597
lb10_atr14_m1.5_r0.0025_tfnone_rfnone,10,14,1.5,0.0025,none,none,-0.1713008088619491,-0.1717218161450721,120,0.20833333333333334,0.1701371081520766,-0.5788632396741991,-0.07432206339917513,-0.07776929349401163,49,0.22448979591836735,0.1755135477719997,-0.589842565217514,-0.3035145659283642
lb30_atr10_m1.5_r0.005_tfnone_rfnone,30,10,1.5,0.005,none,none,-0.151669971134606,-0.15789276294378296,60,0.21666666666666667,0.20435169057821728,-0.5270065980304282,-0.07393389885028567,-0.07801202380942285,24,0.125,0.12590881410996121,-0.6865048968534676,-0.30437245282094477
lb20_atr20_m1.5_r0.005_tfnone_rfnone,20,20,1.5,0.005,none,none,-0.19122790151400026,-0.19122790151400026,78,0.24358974358974358,0.20688460652066779,-0.5513297565062532,-0.07522894890192189,-0.07930137083842137,31,0.25806451612903225,0.19352208010754307,-0.5387345887842645,-0.3046584956484828
lb10_atr10_m1.5_r0.0025_tfnone_rfnone,10,10,1.5,0.0025,none,none,-0.17971114677636246,-0.18034808132072622,123,0.17073170731707318,0.1651921298175398,-0.5954974024995658,-0.07069125472573567,-0.07393742970876727,47,0.2127659574468085,0.1940430428751174,-0.5798593449181151,-0.30503747882645565
lb10_atr14_m2.0_r0.005_tfma100_rfnone,10,14,2.0,0.005,ma100,none,-0.16189629762086277,-0.17030978614363146,67,0.208955223880597,0.2358573263929603,-0.4999742409054791,-0.07787027180758754,-0.08289524900559486,28,0.17857142857142858,0.11623661605625264,-0.6459372582345105,-0.30504755282723883
lb20_atr10_m1.5_r0.005_tfma100_rfnone,20,10,1.5,0.005,ma100,none,-0.1798253227754194,-0.18054891768215664,64,0.203125,0.15595088753252043,-0.6062693531683265,-0.06680221913549755,-0.07091174993165794,24,0.16666666666666666,0.14598536105009347,-0.6262184535439347,-0.3117013874747451
lb10_atr20_m1.5_r0.005_tfma100_rfnone,10,20,1.5,0.005,ma100,none,-0.19744850130413039,-0.19744850130413039,80,0.2,0.1930612700033093,-0.5492014307395237,-0.07595191731232065,-0.08089879542068568,31,0.2903225806451613,0.23423989741272613,-0.5917931307072125,-0.31692854469563897
lb20_atr10_m1.5_r0.005_tfnone_rfnone,20,10,1.5,0.005,none,none,-0.21059045632197282,-0.21128690884726664,78,0.1794871794871795,0.1667196158609371,-0.5965219637877612,-0.07308358294981032,-0.07716545245212059,30,0.16666666666666666,0.21965085493130157,-0.5397944755452746,-0.3184833873132881
lb20_atr14_m1.5_r0.005_tfma100_rfnone,20,14,1.5,0.005,ma100,none,-0.1830929120206105,-0.1830929120206105,64,0.234375,0.14198124353711403,-0.6322942028824715,-0.06927989384398792,-0.073378513683515,25,0.2,0.1740328656431231,-0.633593397385199,-0.318607399154198
lb10_atr20_m1.5_r0.005_tfnone_rfadx20,10,20,1.5,0.005,none,adx20,-0.2666304746677419,-0.27198882598828533,106,0.19811320754716982,0.1549519096840033,-0.5868867900372867,-0.07148912054327294,-0.07787210313313098,37,0.32432432432432434,0.2885765206659033,-0.3707180828115549,-0.32196795773273107
lb10_atr10_m1.5_r0.005_tfnone_rfadx20,10,10,1.5,0.005,none,adx20,-0.28117117035663086,-0.2866989184408514,108,0.1574074074074074,0.1512425976517072,-0.6109577251279573,-0.06851034034602232,-0.07609650275134638,36,0.2777777777777778,0.31712183489203993,-0.3759028284917296,-0.33090174067073
lb20_atr14_m1.5_r0.005_tfnone_rfnone,20,14,1.5,0.005,none,none,-0.20864102026473008,-0.20864102026473008,78,0.23076923076923078,0.1604000607789284,-0.5985339658812728,-0.08308645628576261,-0.08712427605192152,32,0.1875,0.17167242637354385,-0.5781793666069339,-0.33274212082263505
lb10_atr14_m1.5_r0.005_tfnone_rfadx20,10,14,1.5,0.005,none,adx20,-0.2790363251150091,-0.2841893626492977,107,0.17757009345794392,0.146876159801191,-0.6135649962269333,-0.07653214403610564,-0.08437842395891049,38,0.2894736842105263,0.2825952333217775,-0.39858204981736967,-0.34078764005932266
lb10_atr10_m1.5_r0.005_tfma100_rfnone,10,10,1.5,0.005,ma100,none,-0.22349625818879082,-0.22418132463651175,84,0.16666666666666666,0.13825971340421647,-0.5984324479274493,-0.08216686014747954,-0.08739794736428974,31,0.1935483870967742,0.1902402873144422,-0.6386011454750806,-0.35084805376987305
lb10_atr14_m1.5_r0.005_tfma100_rfnone,10,14,1.5,0.005,ma100,none,-0.2192596998261901,-0.2192596998261901,82,0.1951219512195122,0.13032496800341944,-0.6056771525026298,-0.08447990652008297,-0.09001479068989537,32,0.21875,0.2108448249380041,-0.6457089501052139,-0.351675586048621
lb10_atr10_m2.0_r0.005_tfnone_rfnone,10,10,2.0,0.005,none,none,-0.25471412746137667,-0.2574692683779902,103,0.1553398058252427,0.20106110605546257,-0.5428252293301965,-0.09571081257873926,-0.1009554083479356,39,0.15384615384615385,0.17701949983373244,-0.5184773256096271,-0.35574315913692445
lb10_atr20_m2.0_r0.005_tfnone_rfnone,10,20,2.0,0.005,none,none,-0.2327717667314112,-0.23393276747237957,101,0.18811881188118812,0.20942222906301772,-0.503283133678539,-0.10789963081245124,-0.11362062113360638,41,0.12195121951219512,0.17683762701112332,-0.5725531591188603,-0.3578139363386624
lb10_atr14_m2.0_r0.005_tfnone_rfnone,10,14,2.0,0.005,none,none,-0.22664078766448248,-0.23164640381591683,98,0.20408163265306123,0.23023395054040188,-0.49801491575228246,-0.11452441265490354,-0.11934964982031115,43,0.16279069767441862,0.15907576172719917,-0.5985941964085362,-0.3637666151070805
lb10_atr20_m1.5_r0.005_tfnone_rfnone,10,20,1.5,0.005,none,none,-0.2804157507156445,-0.2808701200543797,120,0.21666666666666667,0.18636173828778524,-0.5527228143588668,-0.11825693039799556,-0.12297732922781601,48,0.25,0.19391967549517589,-0.560594897376248,-0.3962460071036464
lb10_atr14_m1.5_r0.005_tfnone_rfnone,10,14,1.5,0.005,none,none,-0.2928732913660893,-0.29336224065663785,120,0.20833333333333334,0.16006176996433308,-0.5788632396741991,-0.12452411550780307,-0.129816907712625,49,0.22448979591836735,0.19133229151707346,-0.589842565217514,-0.41619267639137375
lb10_atr10_m1.5_r0.005_tfnone_rfnone,10,10,1.5,0.005,none,none,-0.3070314591879886,-0.3076428271326286,123,0.17073170731707318,0.1534119727987813,-0.5954974024995658,-0.11829999238373334,-0.1233251428589538,47,0.2127659574468085,0.20732083486890976,-0.5798593449181152,-0.419043269661119
