key,breakout_lookback,atr_period,atr_mult,risk_per_trade,trend_filter,regime_filter,is_return,is_mdd,is_trades,is_win_rate,is_pf,is_avg_r,oos_return,oos_mdd,oos_trades,oos_win_rate,oos_pf,oos_avg_r,rank_score
lb55_atr14_m3.0_r0.0025_tfnone_rfadx20,55,14,3.0,0.0025,none,adx20,0.001508322051025912,-0.017254649796232147,19,0.2631578947368421,1.0744174197461946,0.030250682718843097,0.001260466107216196,-0.007585449900859631,6,0.6666666666666666,1.2194708108512582,0.07993391140285923,0.047631821207270594
lb55_atr14_m3.0_r0.0025_tfma100_rfadx20,55,14,3.0,0.0025,ma100,adx20,0.001403007074634921,-0.017254649796231813,18,0.2222222222222222,1.0692286813993268,0.029719578539193253,0.001260466107216196,-0.007585449900859631,6,0.6666666666666666,1.2194708108512582,0.07993391140285923,0.04750453909481142
lb55_atr14_m3.0_r0.005_tfnone_rfadx20,55,14,3.0,0.005,none,adx20,0.0027067842522274788,-0.03424801719861792,19,0.2631578947368421,1.0661457898815534,0.030250682718843125,0.002486638459043844,-0.015095391711252626,6,0.6666666666666666,1.2158192151163354,0.07993391140285923,0.04436135148399581
lb55_atr14_m3.0_r0.005_tfma100_rfadx20,55,14,3.0,0.005,ma100,adx20,0.0024959244208369036,-0.03424801719861781,18,0.2222222222222222,1.061005829103188,0.029719578539193284,0.002486638459043844,-0.015095391711252626,6,0.6666666666666666,1.2158192151163354,0.07993391140285923,0.044208195322255985
lb55_atr10_m3.0_r0.0025_tfnone_rfadx20,55,10,3.0,0.0025,none,adx20,-0.004317076053267477,-0.020642502529888307,21,0.2857142857142857,0.8173218376078392,-0.07952011290327715,0.0005753434074362573,-0.007723324403535736,6,0.6666666666666666,1.1018338609175913,0.03522155218751851,0.022308871885226268
lb55_atr10_m2.5_r0.0025_tfnone_rfadx20,55,10,2.5,0.0025,none,adx20,-0.008930095722988418,-0.024666004066399072,24,0.16666666666666666,0.7261448464513389,-0.14032670737683814,0.0011785399218202652,-0.008043934713104717,6,0.5,1.1667147089733898,0.07632349372339274,0.0215844288342514
lb55_atr10_m3.0_r0.0025_tfma100_rfadx20,55,10,3.0,0.0025,ma100,adx20,-0.004656229426216352,-0.020642502529887752,20,0.25,0.8029033412360197,-0.08996986079294843,0.0005753434074362573,-0.007723324403535736,6,0.6666666666666666,1.1018338609175913,0.03522155218751851,0.021090505715149012
lb55_atr10_m2.5_r0.0025_tfma100_rfadx20,55,10,2.5,0.0025,ma100,adx20,-0.009725461842222116,-0.024666004066399294,23,0.13043478260869565,0.7015141734586546,-0.15956560762415145,0.0011785399218202652,-0.008043934713104717,6,0.5,1.1667147089733898,0.07632349372339274,0.019284488242533107
lb55_atr10_m3.0_r0.005_tfnone_rfadx20,55,10,3.0,0.005,none,adx20,-0.008930606802211694,-0.04090042571929753,21,0.2857142857142857,0.8120467382241449,-0.07952011290327714,0.00111896570704495,-0.01536888384531454,6,0.6666666666666666,1.098776960172836,0.03522155218751851,0.015592822503554862
lb55_atr10_m3.0_r0.005_tfma100_rfadx20,55,10,3.0,0.005,ma100,adx20,-0.009605540692098957,-0.040900425719297195,20,0.25,0.7977043348786415,-0.08996986079294847,0.00111896570704495,-0.01536888384531454,6,0.6666666666666666,1.098776960172836,0.03522155218751851,0.01422415407763161
lb55_atr10_m2.5_r0.005_tfnone_rfadx20,55,10,2.5,0.005,none,adx20,-0.01824628784145821,-0.048769874504375865,24,0.16666666666666666,0.720701406318178,-0.14032670737683814,0.002310155897451427,-0.01599582707299274,6,0.5,1.163107748484362,0.07632349372339273,0.012445005441715262
lb55_atr10_m2.5_r0.005_tfma100_rfadx20,55,10,2.5,0.005,ma100,adx20,-0.019820803379785645,-0.048769874504375865,23,0.13043478260869565,0.6961126990111528,-0.15956560762415145,0.002310155897451427,-0.01599582707299274,6,0.5,1.163107748484362,0.07632349372339273,0.009794888251104238
lb55_atr20_m3.0_r0.0025_tfnone_rfadx20,55,20,3.0,0.0025,none,adx20,-0.01116132722344021,-0.022911871673503614,22,0.18181818181818182,0.6314970063764078,-0.19269779977307458,0.0006633182537125748,-0.007980482290113722,6,0.6666666666666666,1.1149055008991806,0.04264076882673969,0.008499083647961233
lb55_atr20_m3.0_r0.0025_tfma100_rfadx20,55,20,3.0,0.0025,ma100,adx20,-0.011208853175652345,-0.022911871673503503,21,0.14285714285714285,0.6299100995176604,-0.20273855628844087,0.0006633182537125748,-0.007980482290113722,6,0.6666666666666666,1.1149055008991806,0.04264076882673969,0.007582468252354388
lb55_atr20_m3.0_r0.005_tfnone_rfadx20,55,20,3.0,0.005,none,adx20,-0.022504973401844097,-0.04535038508127642,22,0.18181818181818182,0.6283522570645059,-0.19269779977307458,0.001291342550915564,-0.015876384539201482,6,0.6666666666666666,1.1115356482156078,0.04264076882673965,-0.001553202225814536
lb55_atr20_m3.0_r0.005_tfma100_rfadx20,55,20,3.0,0.005,ma100,adx20,-0.022598930384925775,-0.045350385081276645,21,0.14285714285714285,0.6267647734585975,-0.20273855628844092,0.001291342550915564,-0.015876384539201482,6,0.6666666666666666,1.1115356482156078,0.04264076882673965,-0.0024907176411579214
lb55_atr14_m3.0_r0.0025_tfnone_rfnone,55,14,3.0,0.0025,none,none,0.0009251161831409505,-0.014797232169255992,20,0.25,1.0434629803723838,0.01866504559213701,-0.0029761083503071495,-0.01071865730048227,8,0.5,0.7019303976984892,-0.14185183948134297,-0.003632993996142032
lb55_atr14_m3.0_r0.0025_tfma100_rfnone,55,14,3.0,0.0025,ma100,none,0.0008198625345594568,-0.014797232169256436,19,0.21052631578947367,1.0385220985194459,0.017552123888957882,-0.0029761083503071495,-0.01071865730048227,8,0.5,0.7019303976984892,-0.14185183948134297,-0.003808567316771487
lb55_atr14_m3.0_r0.005_tfnone_rfnone,55,14,3.0,0.005,none,none,0.0015355079680510197,-0.02940658486024239,20,0.25,1.0358489785055836,0.01866504559213703,-0.005988667571775852,-0.021313006523018707,8,0.5,0.7008136959050361,-0.1418518394813429,-0.010641378345187334
lb55_atr14_m3.0_r0.005_tfma100_rfnone,55,14,3.0,0.005,ma100,none,0.001324894445076108,-0.029406584860242724,19,0.21052631578947367,1.030938362782831,0.017552123888957893,-0.005988667571775852,-0.021313006523018707,8,0.5,0.7008136959050361,-0.1418518394813429,-0.010842973840048184
lb55_atr10_m2.5_r0.0025_tfnone_rfnone,55,10,2.5,0.0025,none,none,-0.009595068386055172,-0.022236348619886992,25,0.16,0.7158208514473493,-0.14371183981911606,-0.003363075171782026,-0.010183416351767227,8,0.375,0.710476572191265,-0.15652894310798304,-0.028568576317741665
lb55_atr10_m3.0_r0.0025_tfnone_rfnone,55,10,3.0,0.0025,none,none,-0.005392901818908613,-0.018712908361147584,22,0.2727272727272727,0.7852209965138995,-0.09363306963154235,-0.0041360164417972856,-0.010700455142502285,8,0.5,0.6009345546734937,-0.19780437986738417,-0.03047660141078945
lb55_atr10_m2.5_r0.0025_tfma100_rfnone,55,10,2.5,0.0025,ma100,none,-0.010389900842907807,-0.02223634861988788,24,0.125,0.6920329785810405,-0.16229016640788624,-0.003363075171782026,-0.010183416351767227,8,0.375,0.710476572191265,-0.15652894310798304,-0.030801627164939106
lb55_atr10_m3.0_r0.0025_tfma100_rfnone,55,10,3.0,0.0025,ma100,none,-0.005731688739919472,-0.01871290836114725,21,0.23809523809523808,0.7716506059492538,-0.1042572560373372,-0.0041360164417972856,-0.010700455142502285,8,0.5,0.6009345546734937,-0.19780437986738417,-0.03170116093668012
lb55_atr20_m3.0_r0.0025_tfnone_rfnone,55,20,3.0,0.0025,none,none,-0.014293058362700228,-0.022960922086016633,24,0.16666666666666666,0.5768287264081658,-0.22605724416092854,-0.0026002334612760247,-0.011096789507458293,8,0.5,0.7124959700171413,-0.12574708954223265,-0.03422523690297246
lb55_atr20_m3.0_r0.0025_tfma100_rfnone,55,20,3.0,0.0025,ma100,none,-0.014340433796421803,-0.022960922086016855,23,0.13043478260869565,0.5754056858793237,-0.2366753020396479,-0.0026002334612760247,-0.011096789507458293,8,0.5,0.7124959700171413,-0.12574708954223265,-0.03519057783808799
lb30_atr14_m3.0_r0.0025_tfma100_rfadx20,30,14,3.0,0.0025,ma100,adx20,-0.015074687005709464,-0.031128823492386992,26,0.23076923076923078,0.5970356756893413,-0.2202782670922535,-0.003124255345793303,-0.009458618530687524,8,0.5,0.7110884996372238,-0.15196306093562695,-0.039152471134616125
lb55_atr10_m2.5_r0.005_tfnone_rfnone,55,10,2.5,0.005,none,none,-0.01956854275480513,-0.044020301836322884,25,0.16,0.7100294168389237,-0.14371183981911606,-0.006774349639076749,-0.020254423656482445,8,0.375,0.7088580543645342,-0.15652894310798302,-0.040693427251227945
lb55_atr10_m3.0_r0.005_tfnone_rfnone,55,10,3.0,0.005,none,none,-0.011075742143934253,-0.037112849245697466,22,0.2727272727272727,0.7800147886746736,-0.09363306963154233,-0.008298559379764647,-0.02128284672914893,8,0.5,0.6002242533577753,-0.19780437986738406,-0.040719207767266515
lb55_atr10_m3.0_r0.005_tfma100_rfnone,55,10,3.0,0.005,ma100,none,-0.01174921516281724,-0.03711284924569802,21,0.23809523809523808,0.7664793079976066,-0.10425725603733711,-0.008298559379764647,-0.02128284672914893,8,0.5,0.6002242533577753,-0.19780437986738406,-0.04209400948338017
lb55_atr10_m2.5_r0.005_tfma100_rfnone,55,10,2.5,0.005,ma100,none,-0.02114093768907377,-0.04402030183632266,24,0.125,0.6862261301901309,-0.1622901664078862,-0.006774349639076749,-0.020254423656482445,8,0.375,0.7088580543645342,-0.15652894310798302,-0.04327654305797851
lb55_atr20_m3.0_r0.005_tfnone_rfnone,55,20,3.0,0.005,none,none,-0.028698494720679313,-0.04544841223381768,24,0.16666666666666666,0.5738091367066693,-0.2260572441609285,-0.005235132497205197,-0.02205501570416568,8,0.5,0.711339118321049,-0.12574708954223263,-0.04820852946559966
lb55_atr20_m3.0_r0.005_tfma100_rfnone,55,20,3.0,0.005,ma100,none,-0.02879185638147075,-0.04544841223381746,23,0.13043478260869565,0.5723815540260447,-0.2366753020396479,-0.005235132497205197,-0.02205501570416568,8,0.5,0.711339118321049,-0.12574708954223263,-0.04919461189549028
lb30_atr20_m3.0_r0.0025_tfma100_rfadx20,30,20,3.0,0.0025,ma100,adx20,-0.020605374511749708,-0.03037637107584834,27,0.14814814814814814,0.5074720456577162,-0.28848502683898725,-0.0033262394490412017,-0.01001969531509117,8,0.5,0.6896270106822269,-0.16241467740494817,-0.05081830469880851
lb20_atr10_m2.5_r0.0025_tfma100_rfadx20,20,10,2.5,0.0025,ma100,adx20,-0.03999928102984185,-0.0495067716629819,39,0.1794871794871795,0.4026516246137892,-0.3969210149107787,-0.001370898236618956,-0.011793733898235681,9,0.3333333333333333,0.9025670622020775,-0.06054972826821695,-0.05149300921682108
lb30_atr10_m3.0_r0.0025_tfma100_rfadx20,30,10,3.0,0.0025,ma100,adx20,-0.017024921183881325,-0.0343778531935941,27,0.25925925925925924,0.5788086620465249,-0.24371955797000838,-0.004111177857756387,-0.010228016790861272,8,0.5,0.6201993547205518,-0.20056842478980905,-0.05314099814942015
lb20_atr10_m3.0_r0.0025_tfma100_rfadx20,20,10,3.0,0.0025,ma100,adx20,-0.030528185788718187,-0.04475659239825036,35,0.2,0.4638662474907072,-0.34129161271155023,-0.0026906598701752493,-0.012337673127699622,9,0.4444444444444444,0.7899827467540262,-0.11929297021490745,-0.053664129094303695
lb30_atr14_m3.0_r0.005_tfma100_rfadx20,30,14,3.0,0.005,ma100,adx20,-0.03027691192089399,-0.061365599627066225,26,0.23076923076923078,0.595509265570551,-0.22027826709225348,-0.006288876235004848,-0.018816862535836032,8,0.5,0.7097531104622533,-0.15196306093562695,-0.054442373330868446
lb55_atr14_m2.5_r0.0025_tfnone_rfadx20,55,14,2.5,0.0025,none,adx20,-0.0093057814628702,-0.02007995868057466,22,0.22727272727272727,0.6688463470491479,-0.16290261367511835,-0.006168515628455218,-0.010026575445187591,9,0.4444444444444444,0.4142172414003098,-0.2647973894435738,-0.05518182071480269
lb30_atr14_m3.0_r0.0025_tfnone_rfadx20,30,14,3.0,0.0025,none,adx20,-0.013431207466353068,-0.031944279235475714,29,0.3103448275862069,0.6707422728040737,-0.17600474399104818,-0.006329469206868166,-0.012643465772562257,10,0.4,0.5482787388031003,-0.24978942700999718,-0.05554171933470718
lb55_atr14_m2.5_r0.0025_tfma100_rfadx20,55,14,2.5,0.0025,ma100,adx20,-0.00990249143334121,-0.02007995868057466,21,0.19047619047619047,0.6473995704655936,-0.1814084061772158,-0.006168515628455218,-0.010026575445187591,9,0.4444444444444444,0.4142172414003098,-0.2647973894435738,-0.057294788199575494
lb20_atr14_m3.0_r0.0025_tfma100_rfadx20,20,14,3.0,0.0025,ma100,adx20,-0.02970796063961978,-0.0426115482171624,33,0.21212121212121213,0.4331616020566753,-0.34892505547491387,-0.003152885666761196,-0.011469331376716685,9,0.4444444444444444,0.7538560635318086,-0.13651019996521932,-0.057515772100834375
lb30_atr10_m2.5_r0.0025_tfma100_rfadx20,30,10,2.5,0.0025,ma100,adx20,-0.025569642679879823,-0.03825609719635714,31,0.16129032258064516,0.48501886908312986,-0.31373954546608784,-0.0037929143907637908,-0.009157414834735977,8,0.375,0.6906739719282682,-0.18114444776704558,-0.05965656599784085
lb10_atr14_m3.0_r0.0025_tfma100_rfadx20,10,14,3.0,0.0025,ma100,adx20,-0.029646023744888006,-0.0423362440284607,40,0.225,0.4916494308984179,-0.28804003188143257,-0.004986182643808235,-0.011375512475323646,10,0.4,0.665805466545677,-0.18969045152642777,-0.06285049408745856
lb10_atr20_m3.0_r0.0025_tfma100_rfadx20,10,20,3.0,0.0025,ma100,adx20,-0.035694708786897955,-0.04492149014297675,42,0.19047619047619047,0.45180262741028293,-0.32918852387544645,-0.004033390682742777,-0.011262981280570239,10,0.4,0.6995767056923647,-0.15678752161913648,-0.06339466233597978
lb30_atr10_m3.0_r0.0025_tfnone_rfadx20,30,10,3.0,0.0025,none,adx20,-0.013145743553159783,-0.03371023682509178,30,0.3,0.6936434407308177,-0.1699598753570308,-0.007486232969568629,-0.01358234200988806,10,0.4,0.47257661015051156,-0.29446906665512734,-0.06450806720985822
lb10_atr10_m3.0_r0.0025_tfma100_rfadx20,10,10,3.0,0.0025,ma100,adx20,-0.03096878482042198,-0.0426729606467926,41,0.21951219512195122,0.4965339931051225,-0.2946543431955743,-0.005396076024205998,-0.012213571430953696,10,0.4,0.6587225413301554,-0.20380827887022157,-0.06689594190758405
lb20_atr20_m3.0_r0.0025_tfma100_rfadx20,20,20,3.0,0.0025,ma100,adx20,-0.0359683648557646,-0.04266494318371583,35,0.17142857142857143,0.39808405926292556,-0.39825468290569666,-0.003390072468332561,-0.011263242567391085,9,0.4444444444444444,0.7248975033094363,-0.14696378294348492,-0.0673653547016889
lb55_atr14_m2.5_r0.005_tfnone_rfadx20,55,14,2.5,0.005,none,adx20,-0.018755967923195338,-0.0398105491656916,22,0.22727272727272727,0.6663664324261358,-0.1629026136751184,-0.012331905935448195,-0.019977847162275686,9,0.4444444444444444,0.4139817526327983,-0.2647973894435738,-0.06820451373966253
lb30_atr20_m3.0_r0.005_tfma100_rfadx20,30,20,3.0,0.005,ma100,adx20,-0.04113206586375606,-0.05991682827951561,27,0.14814814814814814,0.5060317746737095,-0.2884850268389872,-0.006690325684780785,-0.019954745357895542,8,0.5,0.6883931146403708,-0.16241467740494814,-0.06866352407465895
lb30_atr10_m3.0_r0.005_tfma100_rfadx20,30,10,3.0,0.005,ma100,adx20,-0.03412966065025669,-0.06765434354432731,27,0.25925925925925924,0.5778594901139857,-0.24371955797000838,-0.008251636353388103,-0.02036919410919269,8,0.5,0.6192513366543079,-0.20056842478980905,-0.07043925049133874
lb55_atr14_m2.5_r0.005_tfma100_rfadx20,55,14,2.5,0.005,ma100,adx20,-0.019937292356955405,-0.03981054916569182,21,0.19047619047619047,0.6449254055765969,-0.1814084061772158,-0.012331905935448195,-0.019977847162275686,9,0.4444444444444444,0.4139817526327983,-0.2647973894435738,-0.07058049736070826
lb30_atr10_m2.5_r0.0025_tfnone_rfadx20,30,10,2.5,0.0025,none,adx20,-0.0220267466332158,-0.03813145592945766,34,0.23529411764705882,0.5877454118828289,-0.24604347263763499,-0.007047140405432639,-0.012394117086371392,10,0.3,0.5455683209797958,-0.27401304531989,-0.07159485211691517
lb10_atr14_m3.0_r0.0025_tfnone_rfadx20,10,14,3.0,0.0025,none,adx20,-0.04004966523764375,-0.05523986690793581,58,0.27586206896551724,0.5078015086208846,-0.2746177117835194,-0.008584023890952919,-0.016837205255991416,18,0.3333333333333333,0.6195977703410063,-0.18621112566865825,-0.07172910257067858
lb55_atr14_m2.5_r0.0025_tfnone_rfnone,55,14,2.5,0.0025,none,none,-0.009057222382253816,-0.020007547118238933,25,0.24,0.7153330904370843,-0.13836704456462046,-0.010135120773759998,-0.013977782205393363,11,0.36363636363636365,0.3009105520404135,-0.3538121198953776,-0.07252375881386489
lb30_atr20_m3.0_r0.0025_tfnone_rfadx20,30,20,3.0,0.0025,none,adx20,-0.0186790674324272,-0.030912518373858666,30,0.23333333333333334,0.5868285303292154,-0.23507309287929598,-0.007461695161392945,-0.01412737815793208,10,0.4,0.4974210072639853,-0.2932335797354246,-0.07286832670060134
lb30_atr14_m3.0_r0.005_tfnone_rfadx20,30,14,3.0,0.005,none,adx20,-0.027277982660477984,-0.06296369882396857,29,0.3103448275862069,0.6665385176490676,-0.17600474399104818,-0.01267401970845028,-0.025121506769561708,10,0.4,0.5477385658066442,-0.24978942700999723,-0.07290395315210088
lb10_atr10_m2.5_r0.0025_tfma100_rfadx20,10,10,2.5,0.0025,ma100,adx20,-0.05205604741037828,-0.059790294375383746,50,0.18,0.35891970852346705,-0.4033870035949853,-0.0037323211518083266,-0.011665126802540393,11,0.36363636363636365,0.783224174993724,-0.12313329746175858,-0.073145567449602
lb20_atr10_m2.5_r0.0025_tfnone_rfadx20,20,10,2.5,0.0025,none,adx20,-0.04359614254084876,-0.0576223150340629,46,0.21739130434782608,0.44938811741364043,-0.37058276582141664,-0.005562972496056973,-0.015942054875288658,14,0.2857142857142857,0.7289815289763292,-0.15571767532385247,-0.07368635659017547
lb20_atr10_m3.0_r0.0025_tfnone_rfadx20,20,10,3.0,0.0025,none,adx20,-0.03146873093228486,-0.05125655025612896,42,0.21428571428571427,0.5295335447259828,-0.29793044629042004,-0.00765894199909134,-0.017257896864263267,14,0.2857142857142857,0.6071313922528359,-0.21611856156675271,-0.07382533317605088
lb55_atr14_m2.5_r0.0025_tfma100_rfnone,55,14,2.5,0.0025,ma100,none,-0.009654082063582536,-0.020007547118238267,24,0.20833333333333334,0.6963910271930742,-0.1535372976243516,-0.010135120773759998,-0.013977782205393363,11,0.36363636363636365,0.3009105520404135,-0.3538121198953776,-0.07419926254098555
lb10_atr10_m3.0_r0.0025_tfnone_rfadx20,10,10,3.0,0.0025,none,adx20,-0.04129542705451328,-0.059516956986481295,60,0.25,0.5344185001239391,-0.2773808916403959,-0.009830204710029822,-0.016854875225058352,19,0.3157894736842105,0.598390181985127,-0.20301032325012341,-0.0766841990483383
lb20_atr10_m3.0_r0.005_tfma100_rfadx20,20,10,3.0,0.005,ma100,adx20,-0.06053201460219493,-0.08762705397116832,35,0.2,0.4646033427740688,-0.34129161271155023,-0.005461251260362565,-0.024485684843130073,9,0.4444444444444444,0.7874940529639199,-0.11929297021490741,-0.07789081501962344
lb55_atr20_m2.5_r0.0025_tfnone_rfadx20,55,20,2.5,0.0025,none,adx20,-0.016478251723706316,-0.02469965146487607,24,0.16666666666666666,0.49634138795075156,-0.2593839154693675,-0.006470172494619009,-0.008291010584057346,8,0.375,0.27748301170406486,-0.3060099964953358,-0.07838763583699541
lb20_atr10_m2.5_r0.005_tfma100_rfadx20,20,10,2.5,0.005,ma100,adx20,-0.07889749794205803,-0.09668742351042225,39,0.1794871794871795,0.40253498757503225,-0.3969210149107787,-0.002865195848536173,-0.023395297925134173,9,0.3333333333333333,0.8985126015103994,-0.060549728268217,-0.07952105509190277
lb55_atr20_m2.5_r0.0025_tfma100_rfadx20,55,20,2.5,0.0025,ma100,adx20,-0.017095876397370202,-0.02469965146487607,23,0.13043478260869565,0.4771353133341519,-0.2808692730836341,-0.006470172494619009,-0.008291010584057346,8,0.375,0.27748301170406486,-0.3060099964953358,-0.0807471995148668
lb30_atr10_m2.5_r0.005_tfma100_rfadx20,30,10,2.5,0.005,ma100,adx20,-0.05094805081746556,-0.07513554860831195,31,0.16129032258064516,0.48348523639194857,-0.3137395454660879,-0.007633682641060235,-0.018218661243206924,8,0.375,0.6889618189594929,-0.18114444776704552,-0.08075780958744212
lb20_atr14_m3.0_r0.005_tfma100_rfadx20,20,14,3.0,0.005,ma100,adx20,-0.05891409893167687,-0.08350943280794931,33,0.21212121212121213,0.43381642270843124,-0.34892505547491387,-0.0063700326560670595,-0.022788476690500548,9,0.4444444444444444,0.7520089451844926,-0.13651019996521932,-0.08112578999160149
lb30_atr10_m3.0_r0.005_tfnone_rfadx20,30,10,3.0,0.005,none,adx20,-0.02653179835113173,-0.0663772698151951,30,0.3,0.6919177240009514,-0.16995987535703083,-0.014967523526403514,-0.027003024024859767,10,0.4,0.4723323956738168,-0.29446906665512723,-0.08273214582567102
lb20_atr14_m3.0_r0.0025_tfnone_rfadx20,20,14,3.0,0.0025,none,adx20,-0.033927806857228626,-0.05012213556286482,40,0.25,0.45834387703470136,-0.3320188592381748,-0.008826881889656524,-0.01709599087077207,14,0.2857142857142857,0.5618875091007747,-0.24758926521225397,-0.08509984337426788
lb10_atr14_m3.0_r0.005_tfma100_rfadx20,10,14,3.0,0.005,ma100,adx20,-0.05885912231552082,-0.08300601670069507,40,0.225,0.4915426792739774,-0.28804003188143257,-0.010029469095269361,-0.02260294592168166,10,0.4,0.6642119850464585,-0.18969045152642777,-0.08741529064400422
lb10_atr10_m2.5_r0.0025_tfnone_rfadx20,10,10,2.5,0.0025,none,adx20,-0.07454632765173219,-0.08363111260673706,73,0.1917808219178082,0.36053384328803006,-0.4058031861368084,-0.00604796967192367,-0.014310177935266233,20,0.35,0.7671619738592118,-0.11736377771797597,-0.08813536161231278
lb55_atr14_m2.5_r0.005_tfnone_rfnone,55,14,2.5,0.005,none,none,-0.01828854044352002,-0.0396723746451888,25,0.24,0.7125865646462298,-0.13836704456462046,-0.02020944380563683,-0.027794401801427893,11,0.36363636363636365,0.3012811356956552,-0.3538121198953776,-0.08875433969135776
lb10_atr20_m3.0_r0.005_tfma100_rfadx20,10,20,3.0,0.005,ma100,adx20,-0.07050439095590244,-0.08795253807117975,42,0.19047619047619047,0.4517654971406788,-0.3291885238754465,-0.008124267584479927,-0.022378245340321845,10,0.4,0.6979309769152607,-0.1567875216191365,-0.09025579855245544
lb55_atr14_m2.5_r0.005_tfma100_rfnone,55,14,2.5,0.005,ma100,none,-0.019470427615483343,-0.0396723746451888,24,0.20833333333333334,0.6936438009695552,-0.1535372976243516,-0.02020944380563683,-0.027794401801427893,11,0.36363636363636365,0.3012811356956552,-0.3538121198953776,-0.09057610764568017
lb10_atr10_m3.0_r0.005_tfma100_rfadx20,10,10,3.0,0.005,ma100,adx20,-0.06138915646711918,-0.08366094559546822,41,0.21951219512195122,0.49659467400807844,-0.2946543431955743,-0.010298813884048741,-0.02424095553257488,10,0.4,0.6686660539810285,-0.20380827887022152,-0.09195251708457433
lb30_atr20_m3.0_r0.005_tfnone_rfadx20,30,20,3.0,0.005,none,adx20,-0.037511504581941524,-0.060970700770536124,30,0.23333333333333334,0.5841060579935575,-0.23507309287929598,-0.014925053100370289,-0.028079508194302383,10,0.4,0.4971837180239056,-0.2932335797354246,-0.09331668272901741
lb20_atr20_m3.0_r0.005_tfma100_rfadx20,20,20,3.0,0.005,ma100,adx20,-0.07102884909372964,-0.08363565061616851,35,0.17142857142857143,0.39837124766734616,-0.39825468290569666,-0.0068359497611317765,-0.022381498107691078,9,0.4444444444444444,0.7232831799768951,-0.14696378294348494,-0.09369291442757226
lb30_atr10_m2.5_r0.005_tfnone_rfadx20,30,10,2.5,0.005,none,adx20,-0.044625210845608665,-0.07491804366904098,34,0.23529411764705882,0.5807105248928635,-0.24604347263763499,-0.014111344143931892,-0.02462722940100981,10,0.3,0.5445938116813949,-0.27401304531989,-0.09407307379872765
lb55_atr20_m2.5_r0.005_tfnone_rfadx20,55,20,2.5,0.005,none,adx20,-0.03290524328533595,-0.04884066553733157,24,0.16666666666666666,0.4953561637252751,-0.2593839154693675,-0.01292110299574023,-0.016523864726515458,8,0.375,0.276694031633847,-0.3060099964953358,-0.09487380782826506
lb10_atr20_m3.0_r0.0025_tfnone_rfadx20,10,20,3.0,0.0025,none,adx20,-0.048599414273135966,-0.0589421777439505,60,0.21666666666666667,0.45581091015523834,-0.319402778264701,-0.011618379364183973,-0.019601930454599792,18,0.3333333333333333,0.5204443178234672,-0.2516184542478133,-0.09550931503480475
lb55_atr20_m2.5_r0.005_tfma100_rfadx20,55,20,2.5,0.005,ma100,adx20,-0.034119098964592975,-0.048840665537331795,23,0.13043478260869565,0.476082541466575,-0.28086927308363413,-0.01292110299574023,-0.016523864726515458,8,0.375,0.276694031633847,-0.3060099964953358,-0.09750238470889543
lb20_atr20_m3.0_r0.0025_tfnone_rfadx20,20,20,3.0,0.0025,none,adx20,-0.039487264010173106,-0.0497838761514342,42,0.21428571428571427,0.43467869945637977,-0.36824546107822304,-0.01015513293811321,-0.017974859387517417,14,0.2857142857142857,0.5055478058653868,-0.2837920271881083,-0.09891317172624056
lb55_atr20_m2.5_r0.0025_tfnone_rfnone,55,20,2.5,0.0025,none,none,-0.015591216864352497,-0.023176299087824814,27,0.2222222222222222,0.5664097961855865,-0.21664901596490066,-0.012463346780295259,-0.013951669507673015,11,0.2727272727272727,0.166051612196095,-0.4314277011113994,-0.10062148529217019
lb30_atr14_m3.0_r0.0025_tfma100_rfnone,30,14,3.0,0.0025,ma100,none,-0.017060301756885998,-0.02725511343944864,29,0.20689655172413793,0.6017319694626256,-0.22366007969263085,-0.014202578584505576,-0.02043788881878439,12,0.3333333333333333,0.35068037416553477,-0.4395266479320741,-0.10245500527296526
lb55_atr20_m2.5_r0.0025_tfma100_rfnone,55,20,2.5,0.0025,ma100,none,-0.01620939857157111,-0.023176299087824703,26,0.19230769230769232,0.5489349673912656,-0.23401164387350315,-0.012463346780295259,-0.013951669507673015,11,0.2727272727272727,0.166051612196095,-0.4314277011113994,-0.10260238270476162
lb30_atr14_m2.5_r0.0025_tfma100_rfadx20,30,14,2.5,0.0025,ma100,adx20,-0.025354957996965743,-0.033769707740619936,29,0.20689655172413793,0.43948420278362077,-0.3338469514774466,-0.010636002689227597,-0.014476719694244022,11,0.36363636363636365,0.317455690557768,-0.3734188001600971,-0.10483843196708786
lb20_atr10_m3.0_r0.005_tfnone_rfadx20,20,10,3.0,0.005,none,adx20,-0.06613509126718453,-0.10002896107260484,42,0.21428571428571427,0.5014686021465488,-0.29793044629042004,-0.015364159262747479,-0.0341991610955642,14,0.2857142857142857,0.6060506987882198,-0.21611856156675274,-0.10521168645585555
lb10_atr10_m2.5_r0.005_tfma100_rfadx20,10,10,2.5,0.005,ma100,adx20,-0.10208570947994666,-0.11577799079595852,50,0.18,0.35660471153832973,-0.4033870035949853,-0.0060401587039176086,-0.023141786827444055,11,0.36363636363636365,0.8166985209306676,-0.12313329746175854,-0.10712199286249684
lb10_atr14_m3.0_r0.005_tfnone_rfadx20,10,14,3.0,0.005,none,adx20,-0.08195200894228705,-0.10759800187118418,58,0.27586206896551724,0.48954127474649417,-0.27461771178351946,-0.01721214636976698,-0.03341261982088384,18,0.3333333333333333,0.6184716583391625,-0.18621112566865822,-0.10718406292255966
lb20_atr10_m2.5_r0.005_tfnone_rfadx20,20,10,2.5,0.005,none,adx20,-0.08810834342976304,-0.11208742586964615,46,0.21739130434782608,0.4349500815817458,-0.37058276582141664,-0.011243508485180853,-0.03160110869649069,14,0.2857142857142857,0.7264254548792017,-0.1557176753238525,-0.1087390541158281
lb20_atr14_m2.5_r0.0025_tfma100_rfadx20,20,14,2.5,0.0025,ma100,adx20,-0.039891929124998504,-0.0458382179849921,38,0.23684210526315788,0.3719784056710371,-0.40787833914699345,-0.010121615967914055,-0.013964329825285171,12,0.3333333333333333,0.416771534671883,-0.32601723451575154,-0.11020067025959904
lb20_atr14_m3.0_r0.0025_tfma100_rfnone,20,14,3.0,0.0025,ma100,none,-0.03135551743323062,-0.03847745949322323,36,0.19444444444444445,0.4545568193061083,-0.33752588051957366,-0.013468792062528379,-0.019911785171550678,13,0.3076923076923077,0.4169913860390784,-0.3839568809452797,-0.11110405602159329
lb10_atr20_m3.0_r0.0025_tfma100_rfnone,10,20,3.0,0.0025,ma100,none,-0.044517411400422646,-0.04786417125815634,47,0.1702127659574468,0.3997332626415594,-0.3678626560290689,-0.012741952255937994,-0.025098995079196107,15,0.26666666666666666,0.4842361001180374,-0.3226694099951282,-0.11124958988440273
lb30_atr14_m2.5_r0.0025_tfnone_rfadx20,30,14,2.5,0.0025,none,adx20,-0.025383726902949655,-0.03732485994362977,33,0.24242424242424243,0.5009982208429324,-0.2954952691954324,-0.013778835264209643,-0.017607351774213575,13,0.3076923076923077,0.26375497387389013,-0.41339371557856364,-0.11143303988177163
lb30_atr14_m3.0_r0.0025_tfnone_rfnone,30,14,3.0,0.0025,none,none,-0.019741530522541906,-0.029372854666881,34,0.2647058823529412,0.6085273734667042,-0.22183574663388772,-0.01737217276540215,-0.02358743486138659,14,0.2857142857142857,0.30609739148379095,-0.46832211127141754,-0.1118378508301751
lb20_atr10_m2.5_r0.0025_tfma100_rfnone,20,10,2.5,0.0025,ma100,none,-0.04222000959432237,-0.04577607352990065,42,0.19047619047619047,0.4098140941303185,-0.3883722794826242,-0.012078284359909541,-0.020555672495922828,13,0.23076923076923078,0.5118937616292478,-0.338610468398605,-0.11211698508788559
lb20_atr10_m3.0_r0.0025_tfma100_rfnone,20,10,3.0,0.0025,ma100,none,-0.03349676385022882,-0.0419221890457675,38,0.18421052631578946,0.46815766240384205,-0.3443047234937538,-0.013478063109380933,-0.02092506367018987,13,0.3076923076923077,0.42825003345147017,-0.3880452674138528,-0.11371358961632982
lb30_atr20_m3.0_r0.0025_tfma100_rfnone,30,20,3.0,0.0025,ma100,none,-0.027965519250605975,-0.03176951641818049,31,0.12903225806451613,0.4348235886093354,-0.34232866336824364,-0.01308019332106114,-0.019708143640215114,12,0.3333333333333333,0.3606909269990542,-0.4072264368671881,-0.11387937291311732
lb10_atr14_m3.0_r0.0025_tfma100_rfnone,10,14,3.0,0.0025,ma100,none,-0.03756642715646141,-0.044428980697849396,44,0.20454545454545456,0.42692528064007124,-0.3310821405788571,-0.015099428035743379,-0.025849590395871425,15,0.26666666666666666,0.4529713364496821,-0.37839179822602304,-0.11529322644558115
lb10_atr10_m3.0_r0.005_tfnone_rfadx20,10,10,3.0,0.005,none,adx20,-0.08946087306848727,-0.1156774102309629,60,0.25,0.4866501601341939,-0.2773808916403959,-0.0197013905679837,-0.03343127404954893,19,0.3157894736842105,0.5969010346078104,-0.2030103232501234,-0.11649073506884618
lb20_atr14_m3.0_r0.005_tfnone_rfadx20,20,14,3.0,0.005,none,adx20,-0.06851643542570207,-0.09786526435376874,40,0.25,0.44826386812192587,-0.3320188592381748,-0.01767128886987679,-0.03390299433083388,14,0.2857142857142857,0.5612010319279295,-0.24758926521225397,-0.11670223539799933
lb30_atr10_m3.0_r0.0025_tfma100_rfnone,30,10,3.0,0.0025,ma100,none,-0.020211478009987793,-0.031687216203522994,30,0.23333333333333334,0.5671931000879383,-0.25967530031628683,-0.015582142680727329,-0.021628525913688357,12,0.3333333333333333,0.3005338644917839,-0.4873975155428352,-0.11783271772981942
lb20_atr14_m2.5_r0.0025_tfnone_rfadx20,20,14,2.5,0.0025,none,adx20,-0.04497417331253051,-0.055726001148172166,46,0.2391304347826087,0.4055575528549203,-0.38464178283252554,-0.014908884522714105,-0.01873301417468054,17,0.29411764705882354,0.38505452057447126,-0.34136940320566966,-0.11847225488688098
lb30_atr20_m2.5_r0.0025_tfma100_rfadx20,30,20,2.5,0.0025,ma100,adx20,-0.032163014160572545,-0.038606453946730346,31,0.1935483870967742,0.35248288318988463,-0.39502299158988424,-0.010317310636241528,-0.011808867668246403,10,0.3,0.2556066169533528,-0.39491597578765164,-0.1186760448940009
lb20_atr20_m3.0_r0.0025_tfma100_rfnone,20,20,3.0,0.0025,ma100,none,-0.0428224891236646,-0.04482201514758233,39,0.15384615384615385,0.3597195828958865,-0.42579790867264944,-0.012254233508470103,-0.0191535439861521,13,0.3076923076923077,0.421279268422197,-0.35140464655592774,-0.11963352281192415
lb55_atr20_m2.5_r0.005_tfnone_rfnone,55,20,2.5,0.005,none,none,-0.031186110385353905,-0.04588551190017398,27,0.2222222222222222,0.564965923936433,-0.21664901596490066,-0.024808350888233854,-0.027743362501124524,11,0.2727272727272727,0.1657786639422399,-0.43142770111139944,-0.12121455275757961
lb30_atr10_m3.0_r0.0025_tfnone_rfnone,30,10,3.0,0.0025,none,none,-0.020434745911054097,-0.03213356330310224,35,0.2571428571428571,0.6156346234383121,-0.22576345981484344,-0.018918322832199963,-0.024944214945886833,14,0.2857142857142857,0.2612272854921894,-0.5134938181962017,-0.12222386054353084
lb30_atr10_m2.5_r0.0025_tfma100_rfnone,30,10,2.5,0.0025,ma100,none,-0.028100135242721813,-0.034755731866382034,34,0.17647058823529413,0.4849031351543155,-0.3137635415281214,-0.015362587639287995,-0.02028090740392896,12,0.25,0.35470720678354867,-0.4707827938459901,-0.12318156287943274
lb55_atr20_m2.5_r0.005_tfma100_rfnone,55,20,2.5,0.005,ma100,none,-0.032402123846171804,-0.045885511900173426,26,0.19230769230769232,0.547434970321,-0.23401164387350312,-0.024808350888233854,-0.027743362501124524,11,0.2727272727272727,0.1657786639422399,-0.43142770111139944,-0.12346506376991236
lb30_atr14_m3.0_r0.005_tfma100_rfnone,30,14,3.0,0.005,ma100,none,-0.03421449853924741,-0.05385876962463865,29,0.20689655172413793,0.5992782475340773,-0.22366007969263088,-0.02537178179301436,-0.03763365584391931,12,0.3333333333333333,0.37656832629779136,-0.43952664793207413,-0.12403381589584016
lb55_atr20_m2.0_r0.0025_tfnone_rfadx20,55,20,2.0,0.0025,none,adx20,-0.03664019970859733,-0.040961034662649554,30,0.2,0.220318301046364,-0.4639039886649828,-0.009819242636132652,-0.011757871402786946,10,0.2,0.2762956806149165,-0.3725226433070208,-0.1241056853488365
lb30_atr20_m3.0_r0.0025_tfnone_rfnone,30,20,3.0,0.0025,none,none,-0.029900460795681205,-0.03319710136168785,36,0.19444444444444445,0.4716813357155174,-0.31625704605090726,-0.017175177370714056,-0.023775626619714996,14,0.2857142857142857,0.30038177663567134,-0.4656954014657799,-0.12626870762194656
lb55_atr14_m2.0_r0.0025_tfnone_rfadx20,55,14,2.0,0.0025,none,adx20,-0.0329540363231845,-0.037122712524553125,29,0.20689655172413793,0.24531168522691008,-0.432371426850295,-0.011462855085425439,-0.013484739157324177,11,0.09090909090909091,0.14304251235229923,-0.3963443871814763,-0.12671045965739705
lb10_atr10_m3.0_r0.0025_tfma100_rfnone,10,10,3.0,0.0025,ma100,none,-0.03752584585862273,-0.0434002963459994,45,0.2,0.4565031245556488,-0.3246554304690212,-0.018651084808244733,-0.02747545821900721,16,0.25,0.4162095161106469,-0.43669909956023184,-0.1268259733788817
lb30_atr10_m2.5_r0.0025_tfnone_rfnone,30,10,2.5,0.0025,none,none,-0.02842813283799983,-0.035450612087075006,39,0.23076923076923078,0.5420141610034552,-0.27714941054232556,-0.018579019974098165,-0.02348127347665585,14,0.21428571428571427,0.31227432587568654,-0.49574059980102975,-0.1271072604039836
lb55_atr20_m2.0_r0.0025_tfma100_rfadx20,55,20,2.0,0.0025,ma100,adx20,-0.0376114605208967,-0.04062422779898478,29,0.1724137931034483,0.19884271954774724,-0.4926925895997903,-0.009819242636132652,-0.011757871402786946,10,0.2,0.2762956806149165,-0.3725226433070208,-0.12724009594098926
lb10_atr14_m3.0_r0.0025_tfnone_rfnone,10,14,3.0,0.0025,none,none,-0.051901458561788294,-0.05653929753866016,65,0.24615384615384617,0.4498524956455066,-0.3163324151241372,-0.023640935187576928,-0.0361477595971984,25,0.24,0.41111278981709903,-0.36508562969915803,-0.12793744040041996
lb30_atr20_m2.5_r0.0025_tfnone_rfadx20,30,20,2.5,0.0025,none,adx20,-0.03167315853561792,-0.04162219790000832,35,0.2,0.4232503447521541,-0.34599917650912837,-0.014294281136110976,-0.015779844450756864,12,0.25,0.19821777358561063,-0.4604823813934649,-0.12883858294525682
lb20_atr10_m2.5_r0.0025_tfnone_rfnone,20,10,2.5,0.0025,none,none,-0.052339675148602716,-0.054460209796995285,52,0.21153846153846154,0.4184963861107507,-0.39317464147998255,-0.0185247926828791,-0.026946863122853437,19,0.21052631578947367,0.4458130477983834,-0.36579212488844987,-0.1291285385136162
lb20_atr10_m3.0_r0.0025_tfnone_rfnone,20,10,3.0,0.0025,none,none,-0.04128992835552525,-0.04943171413482961,48,0.1875,0.48070419555432736,-0.34053574344744836,-0.020748707218350648,-0.02814082355537073,19,0.21052631578947367,0.36231260114432295,-0.41761607418823743,-0.12977631066495735
lb30_atr14_m2.5_r0.005_tfma100_rfadx20,30,14,2.5,0.005,ma100,adx20,-0.04959388948505705,-0.06649529129171738,29,0.20689655172413793,0.4431172249148895,-0.33384695147744664,-0.021206623507058264,-0.02878386192839366,11,0.36363636363636365,0.3176105557859027,-0.37341880016009715,-0.12982006466024146
lb55_atr14_m2.0_r0.0025_tfma100_rfadx20,55,14,2.0,0.0025,ma100,adx20,-0.03425676968686098,-0.03712271252455379,28,0.17857142857142858,0.21441919820713468,-0.46557391266636056,-0.011462855085425439,-0.013484739157324177,11,0.09090909090909091,0.14304251235229923,-0.3963443871814763,-0.13052627829366492
lb10_atr10_m2.5_r0.0025_tfma100_rfnone,10,10,2.5,0.0025,ma100,none,-0.056774216631864216,-0.060950806237947464,55,0.18181818181818182,0.3567277141788632,-0.4012659576814677,-0.016867684751790346,-0.02667196022915508,17,0.29411764705882354,0.473548707303808,-0.3623582359466253,-0.13130759047786927
lb10_atr14_m2.5_r0.0025_tfma100_rfadx20,10,14,2.5,0.0025,ma100,adx20,-0.04913873676651381,-0.05598952850249628,49,0.22448979591836735,0.3640414682639465,-0.3904293249401529,-0.014763224892964999,-0.018587919996492674,14,0.2857142857142857,0.3424329148407418,-0.4044037187207143,-0.1322818913937131
lb20_atr20_m2.5_r0.0025_tfma100_rfadx20,20,20,2.5,0.0025,ma100,adx20,-0.04587734117097686,-0.04942879327397154,40,0.2,0.33116805706415753,-0.444940475248193,-0.01233343153136357,-0.013821950054833443,12,0.25,0.2231531765800739,-0.39484850154614404,-0.13320835048478247
lb10_atr10_m3.0_r0.0025_tfnone_rfnone,10,10,3.0,0.0025,none,none,-0.0489631608046448,-0.05678966129804597,66,0.22727272727272727,0.5073216792940867,-0.29687985966996083,-0.02811448822013607,-0.03685376589771905,27,0.2222222222222222,0.38320095371154317,-0.401208562892862,-0.133403005559547
lb20_atr20_m3.0_r0.005_tfnone_rfadx20,20,20,3.0,0.005,none,adx20,-0.07965478640816492,-0.09724195752040132,42,0.21428571428571427,0.4220816981561897,-0.36824546107822304,-0.020295977107497865,-0.03563084172480957,14,0.2857142857142857,0.5053120628722959,-0.2837920271881083,-0.13393757339986706
lb20_atr14_m3.0_r0.0025_tfnone_rfnone,20,14,3.0,0.0025,none,none,-0.04226620538928971,-0.04681995469901423,46,0.21739130434782608,0.4302733527428066,-0.35996620219454223,-0.021277122492988187,-0.0276691197300587,19,0.21052631578947367,0.3464157381443525,-0.42697484236409816,-0.1340784520625752
lb10_atr20_m2.5_r0.0025_tfma100_rfadx20,10,20,2.5,0.0025,ma100,adx20,-0.05301471104371469,-0.057387094062301025,51,0.19607843137254902,0.3477837495786712,-0.4043665296821773,-0.015001162866227546,-0.01657841516409675,15,0.26666666666666666,0.2174402898136035,-0.38572116073144164,-0.13462178560159252
lb55_atr20_m2.0_r0.0025_tfnone_rfnone,55,20,2.0,0.0025,none,none,-0.034266598696635286,-0.03859807966084505,34,0.23529411764705882,0.3274974967829342,-0.38108148183120516,-0.015810353208434047,-0.017737252258859026,13,0.15384615384615385,0.19148105953723304,-0.46227207562327555,-0.13542231798976215
lb10_atr14_m2.5_r0.0025_tfnone_rfadx20,10,14,2.5,0.0025,none,adx20,-0.0634968835148163,-0.07183605276813054,70,0.24285714285714285,0.3871040409006893,-0.36141105308644156,-0.021872720780634736,-0.025819824886766374,24,0.20833333333333334,0.3602032342905762,-0.3545297048502806,-0.13551978455422473
lb10_atr20_m3.0_r0.005_tfnone_rfadx20,10,20,3.0,0.005,none,adx20,-0.09557324853399829,-0.11459150945976282,60,0.21666666666666667,0.45560477911127173,-0.31940277826470104,-0.02321113977209055,-0.038836365774808645,18,0.3333333333333333,0.5201466720991874,-0.2516184542478133,-0.13582338676759456
lb10_atr20_m3.0_r0.0025_tfnone_rfnone,10,20,3.0,0.0025,none,none,-0.0648325639457017,-0.06593276902162748,69,0.18840579710144928,0.395358205488595,-0.37201741271763966,-0.02176805604407639,-0.03480859386334334,24,0.25,0.4105717441898407,-0.35240278261999974,-0.1370874722865162
lb30_atr14_m3.0_r0.005_tfnone_rfnone,30,14,3.0,0.005,none,none,-0.039723859542248996,-0.057994468491379125,34,0.2647058823529412,0.6042814231714613,-0.22183574663388778,-0.03163430704576742,-0.04381739177531341,14,0.2857142857142857,0.3259409297833639,-0.46832211127141754,-0.1375985209575533
lb55_atr20_m2.0_r0.0025_tfma100_rfnone,55,20,2.0,0.0025,ma100,none,-0.03524025257707719,-0.03826044294616171,33,0.21212121212121213,0.30769096976809496,-0.4038707824456186,-0.015810353208434047,-0.017737252258859026,13,0.15384615384615385,0.19148105953723304,-0.46227207562327555,-0.1380152254333223
lb10_atr10_m2.5_r0.005_tfnone_rfadx20,10,10,2.5,0.005,none,adx20,-0.14944757585883406,-0.1601280060903959,73,0.1917808219178082,0.33481899427551837,-0.4058031861368084,-0.012255160192458536,-0.028422769234920375,20,0.35,0.7641167271281302,-0.11736377771797597,-0.1399631051433126
lb30_atr14_m2.5_r0.005_tfnone_rfadx20,30,14,2.5,0.005,none,adx20,-0.050899980699054326,-0.07337171836803791,33,0.24242424242424243,0.4927145555370005,-0.29549526919543245,-0.027420647655618025,-0.034949780783578466,13,0.3076923076923077,0.2638453333187771,-0.41339371557856364,-0.14005915910368233
lb20_atr14_m3.0_r0.005_tfma100_rfnone,20,14,3.0,0.005,ma100,none,-0.06213749779186695,-0.07559037128131851,36,0.19444444444444445,0.45408919473044845,-0.3375258805195737,-0.02393996168381962,-0.03832074177183953,13,0.3076923076923077,0.44578122364890443,-0.3839568809452797,-0.1401407350657511
lb30_atr20_m3.0_r0.005_tfma100_rfnone,30,20,3.0,0.005,ma100,none,-0.055511706345493295,-0.06262061032853472,31,0.12903225806451613,0.43330256102179326,-0.34232866336824364,-0.02368683782865666,-0.036724290146187166,12,0.3333333333333333,0.3837648213135529,-0.4072264368671881,-0.14041819267453293
lb20_atr20_m2.5_r0.0025_tfnone_rfadx20,20,20,2.5,0.0025,none,adx20,-0.04994507163227424,-0.0586023202174355,48,0.1875,0.3770943298908903,-0.409043480471843,-0.018185960371009835,-0.019665658511300754,17,0.23529411764705882,0.2270334410244407,-0.41373749698382567,-0.140431961719285
lb55_atr14_m2.0_r0.0025_tfnone_rfnone,55,14,2.0,0.0025,none,none,-0.031410203262519976,-0.035585534514817496,33,0.24242424242424243,0.33975005021461535,-0.360690396351885,-0.01817653533557284,-0.020184687719965955,14,0.07142857142857142,0.09517271610383263,-0.49315008483371575,-0.14063573451695519
lb55_atr10_m2.0_r0.0025_tfnone_rfadx20,55,10,2.0,0.0025,none,adx20,-0.0370184359098209,-0.04085827598133451,30,0.16666666666666666,0.20572897770612095,-0.47070589684937464,-0.012715710716804107,-0.01465523470767216,11,0.09090909090909091,0.09176750802640701,-0.44198564911394256,-0.14224226999794998
lb20_atr14_m2.5_r0.005_tfma100_rfadx20,20,14,2.5,0.005,ma100,adx20,-0.07781109687787702,-0.08966454023089043,38,0.23684210526315788,0.3748540681067095,-0.40787833914699345,-0.020201861037853375,-0.027786877734940152,12,0.3333333333333333,0.4168877940391187,-0.32601723451575154,-0.1425055165945614
lb30_atr10_m3.0_r0.005_tfma100_rfnone,30,10,3.0,0.005,ma100,none,-0.0404087907663051,-0.0624606224380464,30,0.23333333333333334,0.5654726693342181,-0.25967530031628683,-0.02941520848043,-0.041274181682965816,12,0.3333333333333333,0.31232423414242677,-0.48739751554283517,-0.1437339943475706
lb55_atr14_m2.0_r0.0025_tfma100_rfnone,55,14,2.0,0.0025,ma100,none,-0.032715016364813554,-0.035585534514817385,32,0.21875,0.31139492997047935,-0.387502539237867,-0.01817653533557284,-0.020184687719965955,14,0.07142857142857142,0.09517271610383263,-0.49315008483371575,-0.14386669167807417
lb20_atr20_m3.0_r0.0025_tfnone_rfnone,20,20,3.0,0.0025,none,none,-0.052181813325692494,-0.0523002274899641,49,0.1836734693877551,0.36815460015385393,-0.41794414380060996,-0.020841416815519653,-0.027680746632414377,19,0.21052631578947367,0.33194886477978996,-0.42112096953792744,-0.14412726518576535
lb30_atr14_m2.5_r0.0025_tfma100_rfnone,30,14,2.5,0.0025,ma100,none,-0.029939914067487416,-0.03556896693414102,35,0.2,0.4424089793163078,-0.3254747666209797,-0.021672037778933007,-0.025469912829166108,15,0.26666666666666666,0.18527807875118418,-0.5398461566742505,-0.14494024053557752
lb20_atr10_m2.5_r0.005_tfma100_rfnone,20,10,2.5,0.005,ma100,none,-0.08317412840543559,-0.08958466022997924,42,0.19047619047619047,0.4087171039921844,-0.3883722794826242,-0.020223801901797622,-0.03901596708306987,13,0.23076923076923078,0.5556935857042248,-0.338610468398605,-0.14511667375858256
lb20_atr10_m3.0_r0.005_tfma100_rfnone,20,10,3.0,0.005,ma100,none,-0.0663026385119041,-0.08221346885162795,38,0.18421052631578946,0.46798390791017613,-0.34430472349375374,-0.025298083525925663,-0.04091768343450153,13,0.3076923076923077,0.443429130078842,-0.38804526741385287,-0.14552193679267456
lb55_atr10_m2.0_r0.0025_tfma100_rfadx20,55,10,2.0,0.0025,ma100,adx20,-0.03845770469769205,-0.040057959675633636,29,0.13793103448275862,0.17361277663789007,-0.5060710643311543,-0.012715710716804107,-0.01465523470767216,11,0.09090909090909091,0.09176750802640701,-0.44198564911394256,-0.14620956893556603
lb30_atr20_m2.5_r0.005_tfma100_rfadx20,30,20,2.5,0.005,ma100,adx20,-0.06339947257042067,-0.07581813953350369,31,0.1935483870967742,0.3528755835809893,-0.39502299158988424,-0.020565258853197488,-0.023513040801446117,10,0.3,0.25508656338141805,-0.39491597578765164,-0.14662756138508465
lb20_atr14_m2.5_r0.0025_tfma100_rfnone,20,14,2.5,0.0025,ma100,none,-0.044608594094473486,-0.04725323047010166,43,0.20930232558139536,0.37604436676236014,-0.40189203547754276,-0.02022271715838664,-0.02402621848001041,16,0.25,0.26285273005250603,-0.4711568922912219,-0.14671308486482257
lb10_atr10_m2.5_r0.0025_tfnone_rfnone,10,10,2.5,0.0025,none,none,-0.08384421111850737,-0.0870140056914428,82,0.18292682926829268,0.35894640625137214,-0.40764129091233087,-0.02434020552798022,-0.03433169079318965,28,0.2857142857142857,0.469295469075125,-0.32862147813455145,-0.14837461268583796
lb10_atr20_m2.5_r0.0025_tfnone_rfadx20,10,20,2.5,0.0025,none,adx20,-0.06685129736694939,-0.07156431659448359,71,0.19718309859154928,0.35857352550489024,-0.37255898933574394,-0.024500418366658172,-0.02606245976071586,24,0.2916666666666667,0.2628841409491373,-0.3958690596413761,-0.14838992877009474
lb55_atr10_m2.0_r0.0025_tfnone_rfnone,55,10,2.0,0.0025,none,none,-0.03674012307269614,-0.04058107290251067,34,0.17647058823529413,0.28196906091148943,-0.41092351315884706,-0.01692846519414748,-0.01885971321175728,13,0.07692307692307693,0.07067031645518711,-0.4957749596760921,-0.14860907891922007
lb10_atr20_m3.0_r0.005_tfma100_rfnone,10,20,3.0,0.005,ma100,none,-0.08746080529955624,-0.09357273288168444,47,0.1702127659574468,0.39948181876818656,-0.3678626560290689,-0.02423942729351447,-0.04841918309192306,15,0.26666666666666666,0.49728367606164864,-0.3226694099951282,-0.14910838835005283
lb30_atr10_m2.5_r0.005_tfma100_rfnone,30,10,2.5,0.005,ma100,none,-0.05589186007746827,-0.06839361719961634,34,0.17647058823529413,0.482392560987369,-0.3137635415281214,-0.026670904767790438,-0.036330361459345206,12,0.25,0.38714965109662575,-0.4707827938459901,-0.15018330884145392
lb30_atr10_m3.0_r0.005_tfnone_rfnone,30,10,3.0,0.005,none,none,-0.04089602190640418,-0.06333862410774438,35,0.2571428571428571,0.6136391419760339,-0.22576345981484344,-0.035987780909712996,-0.04776644792881013,14,0.2857142857142857,0.27039707217435227,-0.5134938181962017,-0.15096426748733222
lb30_atr14_m2.5_r0.0025_tfnone_rfnone,30,14,2.5,0.0025,none,none,-0.034032085617046404,-0.04010133387018555,41,0.21951219512195122,0.4621854473112527,-0.3182099800489524,-0.02477981307401289,-0.0285656237218056,17,0.23529411764705882,0.16559825526852565,-0.550835520639648,-0.15125661681159513
lb10_atr14_m3.0_r0.005_tfma100_rfnone,10,14,3.0,0.005,ma100,none,-0.07417353348426814,-0.08700584585180537,44,0.20454545454545456,0.4266174568463564,-0.3310821405788571,-0.028974943837170697,-0.04995643052306298,15,0.26666666666666666,0.4634647026613937,-0.3783917982260231,-0.15142510904720852
lb30_atr14_m2.0_r0.0025_tfnone_rfadx20,30,14,2.0,0.0025,none,adx20,-0.04741729903584724,-0.05388522383429184,41,0.24390243902439024,0.29922901928765017,-0.4432997586267577,-0.017946328890972585,-0.01995495212337184,15,0.13333333333333333,0.14901345182154174,-0.4611495316637091,-0.15161834510719735
lb55_atr10_m2.0_r0.0025_tfma100_rfnone,55,10,2.0,0.0025,ma100,none,-0.038179807825933554,-0.03978052529611775,33,0.15151515151515152,0.2527156800025261,-0.44019040628857686,-0.01692846519414748,-0.01885971321175728,13,0.07692307692307693,0.07067031645518711,-0.4957749596760921,-0.15201287404167735
lb30_atr14_m2.0_r0.0025_tfma100_rfadx20,30,14,2.0,0.0025,ma100,adx20,-0.05010626882472946,-0.05292517663581342,37,0.24324324324324326,0.19743577512904445,-0.517230937996585,-0.01489168384193773,-0.016906554829620335,13,0.15384615384615385,0.17455734897828445,-0.436972466682952,-0.15333226503565853
lb55_atr20_m2.0_r0.005_tfnone_rfadx20,55,20,2.0,0.005,none,adx20,-0.07115253616600004,-0.07944958292393645,30,0.2,0.22393592033523185,-0.4639039886649827,-0.019584258321919457,-0.023408292272490083,10,0.2,0.2758262013601998,-0.37252264330702073,-0.15339567140748728
lb20_atr20_m3.0_r0.005_tfma100_rfnone,20,20,3.0,0.005,ma100,none,-0.08421232903634313,-0.08803123019558301,39,0.15384615384615385,0.3595851066243643,-0.42579790867264933,-0.022065613192006617,-0.036761964210346165,13,0.3076923076923077,0.4470107507087074,-0.3514046465559276,-0.1537823370598491
lb30_atr20_m2.0_r0.0025_tfma100_rfadx20,30,20,2.0,0.0025,ma100,adx20,-0.055188430930306565,-0.05814617332070626,39,0.23076923076923078,0.19030290632274505,-0.5422983905402385,-0.013483242172565468,-0.015414697365254137,12,0.16666666666666666,0.26936880946136477,-0.42878147579652026,-0.15427608938173387
lb55_atr20_m1.5_r0.0025_tfnone_rfnone,55,20,1.5,0.0025,none,none,-0.040987277642452136,-0.04464308161670805,39,0.3076923076923077,0.3478908837515368,-0.3893149298150759,-0.023361684220715273,-0.025812384866745308,17,0.23529411764705882,0.18903713939203381,-0.5159826572493021,-0.15482761241648474
lb55_atr20_m1.5_r0.0025_tfma100_rfnone,55,20,1.5,0.0025,ma100,none,-0.03978409617632184,-0.041890166251841165,37,0.2972972972972973,0.3300059204975974,-0.3979022146290321,-0.023361684220715273,-0.025812384866745308,17,0.23529411764705882,0.18903713939203381,-0.5159826572493021,-0.15483995214103227
lb10_atr14_m2.5_r0.0025_tfma100_rfnone,10,14,2.5,0.0025,ma100,none,-0.05412381641653774,-0.05838502656986799,55,0.2,0.3666168651303969,-0.3834170825231455,-0.024099698781600787,-0.030902306902704346,19,0.21052631578947367,0.30925615251443866,-0.4800400047710764,-0.1554945786699815
lb55_atr14_m2.0_r0.005_tfnone_rfadx20,55,14,2.0,0.005,none,adx20,-0.06460440656561628,-0.07264296968145101,29,0.20689655172413793,0.24761375720173906,-0.43237142685029506,-0.02282786161327066,-0.026816980331675233,11,0.09090909090909091,0.14291723392714703,-0.3963443871814763,-0.15562136973765797
lb55_atr20_m2.0_r0.005_tfma100_rfadx20,55,20,2.0,0.005,ma100,adx20,-0.0730235806207824,-0.07881099220537935,29,0.1724137931034483,0.2019207212432185,-0.4926925895997903,-0.019584258321919457,-0.023408292272490083,10,0.2,0.2758262013601998,-0.37252264330702073,-0.15689840088380314
lb30_atr20_m2.0_r0.0025_tfnone_rfadx20,30,20,2.0,0.0025,none,adx20,-0.05245788517154304,-0.05882079958219222,43,0.23255813953488372,0.27938134965340355,-0.46865537356284154,-0.017253890633718627,-0.019177963449481306,14,0.14285714285714285,0.2231793677002652,-0.4741763498823953,-0.15709237081523364
lb30_atr20_m3.0_r0.005_tfnone_rfnone,30,20,3.0,0.005,none,none,-0.059429159655584374,-0.06539802823433027,36,0.19444444444444445,0.4691297429796395,-0.31625704605090726,-0.03178066090379694,-0.04471003024498621,14,0.2857142857142857,0.3166895236851369,-0.46569540146577987,-0.1572495034131012
lb30_atr10_m2.5_r0.005_tfnone_rfnone,30,10,2.5,0.005,none,none,-0.0571220898756174,-0.06975749329905179,39,0.23076923076923078,0.5349023290424835,-0.2771494105423255,-0.033024300988039546,-0.04262070566981224,14,0.21428571428571427,0.3373844534697346,-0.49574059980102975,-0.15732868811598294
lb20_atr14_m2.5_r0.0025_tfnone_rfnone,20,14,2.5,0.0025,none,none,-0.05599900913626665,-0.05743703152923385,54,0.2037037037037037,0.3756925421985278,-0.40705727643257134,-0.027068669102478404,-0.03084559439736312,22,0.22727272727272727,0.2554608452193958,-0.46756906906475115,-0.15881958831109955
lb20_atr14_m2.0_r0.0025_tfma100_rfadx20,20,14,2.0,0.0025,ma100,adx20,-0.06151323954399002,-0.06539059394509816,46,0.21739130434782608,0.24000076070025866,-0.5183746385247404,-0.01654619025074988,-0.01855767722785473,15,0.13333333333333333,0.15993491688521766,-0.4215901289984168,-0.15898847963080698
lb30_atr20_m2.5_r0.0025_tfma100_rfnone,30,20,2.5,0.0025,ma100,none,-0.03592876434341519,-0.038748672748805335,37,0.21621621621621623,0.37495687181721576,-0.3686777095251214,-0.022957617359353644,-0.024430124105259576,15,0.26666666666666666,0.14325807023325313,-0.573285381699318,-0.15925887454033966
lb20_atr14_m2.5_r0.005_tfnone_rfadx20,20,14,2.5,0.005,none,adx20,-0.09073448357152714,-0.1084676588314264,46,0.2391304347826087,0.38691454053547647,-0.38464178283252554,-0.02968304518019016,-0.037194664166903646,17,0.29411764705882354,0.3848518649491458,-0.3413694032056696,-0.15957374735272284
lb55_atr20_m1.5_r0.0025_tfnone_rfadx20,55,20,1.5,0.0025,none,adx20,-0.04728981594528592,-0.05092159433151966,35,0.2571428571428571,0.19844477291900434,-0.5041637760450848,-0.017976615137314744,-0.0204408286591643,14,0.21428571428571427,0.20966217092784756,-0.4806364050351003,-0.15965685793210338
lb20_atr14_m2.0_r0.0025_tfnone_rfadx20,20,14,2.0,0.0025,none,adx20,-0.07158263040110802,-0.07666391166456732,55,0.2,0.2754903054009059,-0.5075691778640109,-0.020211533537161208,-0.022215523679931626,20,0.15,0.2339783005579313,-0.3883431662916583,-0.1599003534336652
lb55_atr14_m2.0_r0.005_tfma100_rfadx20,55,14,2.0,0.005,ma100,adx20,-0.0671212087289812,-0.07264296968144979,28,0.17857142857142858,0.21619401890369225,-0.46557391266636056,-0.02282786161327066,-0.026816980331675233,11,0.09090909090909091,0.14291723392714703,-0.3963443871814763,-0.15998905547220724
lb55_atr20_m1.5_r0.0025_tfma100_rfadx20,55,20,1.5,0.0025,ma100,adx20,-0.0460945416706845,-0.048186770858580696,33,0.24242424242424243,0.16975356159924088,-0.5207524800019453,-0.017976615137314744,-0.0204408286591643,14,0.21428571428571427,0.20966217092784756,-0.4806364050351003,-0.16048887853740412
lb55_atr14_m1.5_r0.0025_tfnone_rfadx20,55,14,1.5,0.0025,none,adx20,-0.05067271541699847,-0.054360546906650264,36,0.25,0.1771662457116073,-0.527997352064626,-0.017344132189152428,-0.020022112968903993,14,0.2857142857142857,0.22102740095033266,-0.4646608546805758,-0.16069509787327418
lb30_atr20_m2.5_r0.005_tfnone_rfadx20,30,20,2.5,0.005,none,adx20,-0.06361851783804973,-0.0816254319204357,35,0.2,0.41335610189722416,-0.34599917650912837,-0.02842930131363519,-0.03135341503629285,12,0.25,0.19773856957587227,-0.4604823813934649,-0.16075107087225526
lb20_atr20_m2.0_r0.0025_tfma100_rfadx20,20,20,2.0,0.0025,ma100,adx20,-0.06955842027662995,-0.07247117726673324,49,0.20408163265306123,0.21777075766638368,-0.5505305451061537,-0.0148300542903258,-0.016758872622324783,14,0.14285714285714285,0.2511791806921359,-0.4050171813648397,-0.16076321837289098
lb10_atr20_m2.5_r0.0025_tfma100_rfnone,10,20,2.5,0.0025,ma100,none,-0.057822449867486414,-0.06217263478454338,57,0.19298245614035087,0.3516925628908736,-0.3945766403014729,-0.026150727588314604,-0.03059435702321156,21,0.2857142857142857,0.1866619111123328,-0.47541896624623886,-0.16151006317416106
lb55_atr14_m1.5_r0.0025_tfma100_rfadx20,55,14,1.5,0.0025,ma100,adx20,-0.04961730292520261,-0.05180708701185033,34,0.23529411764705882,0.14408063644742344,-0.5476420436126193,-0.017344132189152428,-0.020022112968903993,14,0.2857142857142857,0.22102740095033266,-0.4646608546805758,-0.1619289872744174
lb10_atr10_m3.0_r0.005_tfma100_rfnone,10,10,3.0,0.005,ma100,none,-0.07407559404900776,-0.08506277933510653,45,0.2,0.45613410726830766,-0.3246554304690212,-0.03507784572105632,-0.052445648279933255,16,0.25,0.4310266724168461,-0.4366990995602319,-0.16434801573446334
lb30_atr10_m2.0_r0.0025_tfnone_rfadx20,30,10,2.0,0.0025,none,adx20,-0.05206744308214373,-0.05584727600198225,42,0.21428571428571427,0.26586898974908385,-0.4770120444366585,-0.019418113966598316,-0.021344471059096315,15,0.13333333333333333,0.11003342848356108,-0.5001122405639375,-0.16554800991628899
lb20_atr20_m2.0_r0.0025_tfnone_rfadx20,20,20,2.0,0.0025,none,adx20,-0.07944980718683903,-0.08357863366357532,58,0.1896551724137931,0.25094979540974977,-0.534787504294115,-0.019393084990004028,-0.021312969576813834,19,0.15789473684210525,0.2847894576950026,-0.3914254705866841,-0.16587316910066824
lb30_atr20_m2.5_r0.0025_tfnone_rfnone,30,20,2.5,0.0025,none,none,-0.03903190180668947,-0.04232722733315342,43,0.20930232558139536,0.4105592810339259,-0.34680198641329574,-0.026883793672876855,-0.028350383253662792,17,0.23529411764705882,0.12470049162221519,-0.5985829143726372,-0.16651971916491384
lb20_atr20_m2.5_r0.0025_tfma100_rfnone,20,20,2.5,0.0025,ma100,none,-0.04999660506152992,-0.052582236906109525,45,0.2,0.34092237840291284,-0.4299633195828614,-0.02390378915937008,-0.02537486992378013,17,0.23529411764705882,0.138375877285961,-0.528574182990341,-0.16684161628150412
lb55_atr20_m2.0_r0.005_tfnone_rfnone,55,20,2.0,0.005,none,none,-0.066606308403928,-0.07494396491296229,34,0.23529411764705882,0.3314363595603515,-0.3810814818312052,-0.03142928595613914,-0.035207119314559665,13,0.15384615384615385,0.191446185951892,-0.4622720756232755,-0.16815551171481147
lb30_atr10_m2.0_r0.0025_tfma100_rfadx20,30,10,2.0,0.0025,ma100,adx20,-0.054288558831166456,-0.05586246717489762,38,0.21052631578947367,0.16854094523437346,-0.548437228579277,-0.0163855331383862,-0.01831784774822165,13,0.15384615384615385,0.12805498389500952,-0.48327390176132745,-0.16827879494514947
lb20_atr10_m2.0_r0.0025_tfnone_rfadx20,20,10,2.0,0.0025,none,adx20,-0.07486548790642467,-0.07934171598261852,56,0.17857142857142858,0.2548779090003719,-0.5213261776808366,-0.021491813879373822,-0.023414097179981885,20,0.15,0.20191745976298855,-0.41378341685423903,-0.16894770997191344
lb10_atr20_m2.0_r0.0025_tfma100_rfadx20,10,20,2.0,0.0025,ma100,adx20,-0.08796692610621559,-0.09082205507839602,64,0.1875,0.19085340600959583,-0.5363615889781366,-0.017094792030463157,-0.020499466662528776,17,0.23529411764705882,0.29078144420900187,-0.386274105018249,-0.1690591835836608
lb20_atr20_m2.5_r0.005_tfma100_rfadx20,20,20,2.5,0.005,ma100,adx20,-0.08991033707778395,-0.09644428487174828,40,0.2,0.33112611694848565,-0.44494047524819297,-0.024555801559102863,-0.02749157326383256,12,0.25,0.22288418877438793,-0.39484850154614404,-0.1698874586495562
lb55_atr14_m1.5_r0.0025_tfnone_rfnone,55,14,1.5,0.0025,none,none,-0.050414259551417095,-0.05410309505906685,40,0.3,0.2257403585995726,-0.47167954796044037,-0.02366252253724377,-0.026323284137356295,17,0.23529411764705882,0.17207700058356737,-0.5214182528349137,-0.17039594263314073
lb55_atr20_m2.0_r0.005_tfma100_rfnone,55,20,2.0,0.005,ma100,none,-0.06848651065326239,-0.07430224862323576,33,0.21212121212121213,0.31117620241446414,-0.4038707824456186,-0.03142928595613914,-0.035207119314559665,13,0.15384615384615385,0.191446185951892,-0.4622720756232755,-0.17111855790024325
lb55_atr14_m1.5_r0.0025_tfma100_rfnone,55,14,1.5,0.0025,ma100,none,-0.04935855972188952,-0.05154893998074317,38,0.2894736842105263,0.1974636602488612,-0.48629228228737204,-0.02366252253724377,-0.026323284137356295,17,0.23529411764705882,0.17207700058356737,-0.5214182528349137,-0.171138815585177
lb10_atr14_m2.5_r0.0025_tfnone_rfnone,10,14,2.5,0.0025,none,none,-0.07457289978702253,-0.07784681185920062,80,0.225,0.3709720216372805,-0.3718649360483297,-0.03609112509702572,-0.04278516126245635,31,0.16129032258064516,0.29857005338286957,-0.45078406307544744,-0.1715038891818827
lb55_atr10_m1.5_r0.0025_tfnone_rfadx20,55,10,1.5,0.0025,none,adx20,-0.054168366242112964,-0.05753483868559972,37,0.1891891891891892,0.13802542514669872,-0.5513781159640745,-0.01831416802626662,-0.02088385303909035,14,0.21428571428571427,0.1763988800656038,-0.4937968638329992,-0.17153176682394425
lb20_atr10_m2.0_r0.0025_tfma100_rfadx20,20,10,2.0,0.0025,ma100,adx20,-0.06473650868322622,-0.06709080650806187,47,0.19148936170212766,0.21640104252247575,-0.535116198108578,-0.018389964439928908,-0.02031834133634225,15,0.13333333333333333,0.11572237112688108,-0.4705330613924847,-0.1726768836353095
lb55_atr10_m1.5_r0.0025_tfma100_rfadx20,55,10,1.5,0.0025,ma100,adx20,-0.05314526003508624,-0.05521015017648723,35,0.17142857142857143,0.10432355351010414,-0.5724682708613273,-0.01831416802626662,-0.02088385303909035,14,0.21428571428571427,0.1763988800656038,-0.4937968638329992,-0.17294517084520034
lb20_atr10_m3.0_r0.005_tfnone_rfnone,20,10,3.0,0.005,none,none,-0.08502149896159283,-0.09657287988119079,48,0.1875,0.4561710053202547,-0.34053574344744836,-0.039222366186731694,-0.054618829441424155,19,0.21052631578947367,0.3744286508991281,-0.41761607418823743,-0.17312141013240084
lb10_atr14_m2.5_r0.005_tfma100_rfadx20,10,14,2.5,0.005,ma100,adx20,-0.0963522198250063,-0.10865760930179713,49,0.22448979591836735,0.36204966332258814,-0.3904293249401529,-0.0292327826076495,-0.03674788726043532,14,0.2857142857142857,0.34380485345198075,-0.40440371872071423,-0.17357549946260348
lb20_atr10_m2.5_r0.005_tfnone_rfnone,20,10,2.5,0.005,none,none,-0.10474185546642967,-0.10611997788287064,52,0.21153846153846154,0.4045182832915722,-0.39317464147998255,-0.0327966210252576,-0.05134763879529358,19,0.21052631578947367,0.4751252510928468,-0.36579212488844987,-0.1737107765671628
lb55_atr14_m2.0_r0.005_tfnone_rfnone,55,14,2.0,0.005,none,none,-0.06164933375445736,-0.06971329205011878,33,0.24242424242424243,0.34185179069423866,-0.360690396351885,-0.03607408533438328,-0.04000912887307473,14,0.07142857142857142,0.09531223362890336,-0.49315008483371575,-0.17399444762564834
lb55_atr10_m2.0_r0.005_tfnone_rfadx20,55,10,2.0,0.005,none,adx20,-0.07237092467568185,-0.07974060643215275,30,0.16666666666666666,0.20775473851409001,-0.47070589684937464,-0.025301044586334753,-0.029123136174773245,11,0.09090909090909091,0.09172801639995737,-0.44198564911394256,-0.1742575038136222
lb10_atr10_m2.5_r0.005_tfma100_rfnone,10,10,2.5,0.005,ma100,none,-0.11102309514375797,-0.11794378301525765,55,0.18181818181818182,0.3541162640166366,-0.4012659576814677,-0.0279991307197478,-0.05038340332651903,17,0.29411764705882354,0.5202282149574421,-0.3623582359466252,-0.1751030428721936
lb10_atr14_m2.0_r0.0025_tfma100_rfadx20,10,14,2.0,0.0025,ma100,adx20,-0.08073875528645724,-0.08699079607835547,61,0.21311475409836064,0.23424031618000052,-0.5159813913953981,-0.020551583349818325,-0.023113547761681397,18,0.2222222222222222,0.19533402323866902,-0.4337527746183796,-0.17518870543985274
lb20_atr14_m3.0_r0.005_tfnone_rfnone,20,14,3.0,0.005,none,none,-0.08457244055854718,-0.09159370556819824,46,0.21739130434782608,0.42053028779452034,-0.35996620219454223,-0.03930501168442557,-0.053459410815920094,19,0.21052631578947367,0.3637337181969062,-0.42697484236409816,-0.17576999931897358
lb20_atr20_m2.5_r0.0025_tfnone_rfnone,20,20,2.5,0.0025,none,none,-0.05956686769090458,-0.05991139046338201,56,0.17857142857142858,0.3575583780409541,-0.41762096627999057,-0.031463105170913774,-0.03292279324241798,23,0.21739130434782608,0.1514101978456279,-0.5233400378983353,-0.17593504809337068
lb30_atr14_m2.5_r0.005_tfma100_rfnone,30,14,2.5,0.005,ma100,none,-0.05855045827814864,-0.06997536994741216,35,0.2,0.44526230881556245,-0.3254747666209797,-0.03782902253566911,-0.045277580191891764,15,0.26666666666666666,0.206183117048866,-0.5398461566742505,-0.17623060877619962
lb10_atr20_m2.5_r0.005_tfma100_rfadx20,10,20,2.5,0.005,ma100,adx20,-0.10314458979223406,-0.11093142264201716,51,0.19607843137254902,0.34667700156599357,-0.4043665296821773,-0.02982673979167305,-0.0329246591722554,15,0.26666666666666666,0.21734854226264694,-0.38572116073144164,-0.17709393772207954
lb55_atr14_m2.0_r0.005_tfma100_rfnone,55,14,2.0,0.005,ma100,none,-0.06417408692133053,-0.06971329205011856,32,0.21875,0.31305002086155337,-0.387502539237867,-0.03607408533438328,-0.04000912887307473,14,0.07142857142857142,0.09531223362890336,-0.49315008483371575,-0.17777906763650783
lb55_atr10_m2.0_r0.005_tfma100_rfadx20,55,10,2.0,0.005,ma100,adx20,-0.07513964872087242,-0.07821368832585307,29,0.13793103448275862,0.17498303331782253,-0.5060710643311543,-0.025301044586334753,-0.029123136174773245,11,0.09090909090909091,0.09172801639995737,-0.44198564911394256,-0.17872821615829254
lb10_atr14_m3.0_r0.005_tfnone_rfnone,10,14,3.0,0.005,none,none,-0.10451695975579489,-0.11005892703189724,65,0.24615384615384617,0.43319853784591683,-0.3163324151241372,-0.045741369454961656,-0.06993829208087554,25,0.24,0.41847004915213887,-0.36508562969915803,-0.18007934135945622
lb30_atr20_m1.5_r0.0025_tfma100_rfadx20,30,20,1.5,0.0025,ma100,adx20,-0.06662229014836085,-0.0690907713364527,44,0.25,0.19162550559341204,-0.5734198412950821,-0.020833937614013642,-0.023290981191855797,16,0.25,0.23175056150953255,-0.4894376387220146,-0.18034370799893612
lb30_atr14_m1.5_r0.0025_tfnone_rfadx20,30,14,1.5,0.0025,none,adx20,-0.07091325366041434,-0.07511816626906764,51,0.2549019607843137,0.23213191504958516,-0.5283150219783337,-0.02324039624340013,-0.025902308242282568,18,0.2222222222222222,0.2244463810331188,-0.4898754195326278,-0.18096255606070924
lb55_atr10_m2.0_r0.005_tfnone_rfnone,55,10,2.0,0.005,none,none,-0.07186428180597648,-0.07923798865913012,34,0.17647058823529413,0.2838665834795964,-0.41092351315884706,-0.0336128425784904,-0.037402341074452394,13,0.07692307692307693,0.07090658587811162,-0.4957749596760921,-0.1837998781201001
lb20_atr20_m1.5_r0.0025_tfma100_rfadx20,20,20,1.5,0.0025,ma100,adx20,-0.08414943302207945,-0.08657156060432869,55,0.21818181818181817,0.1829029800001964,-0.5874976746649927,-0.021073941065675394,-0.023530382397420335,18,0.3333333333333333,0.25238546545790536,-0.4402913641528556,-0.18380722569558722
lb30_atr14_m1.5_r0.0025_tfma100_rfadx20,30,14,1.5,0.0025,ma100,adx20,-0.07106392139335493,-0.07380084774278439,45,0.24444444444444444,0.1598450410721218,-0.5999192849898245,-0.020611170807926404,-0.02328024809774376,16,0.25,0.24646422365218992,-0.48372588539689854,-0.1843138602819031
lb20_atr14_m2.5_r0.005_tfma100_rfnone,20,14,2.5,0.005,ma100,none,-0.08688352412900624,-0.09236866590828996,43,0.20930232558139536,0.3784322430985005,-0.40189203547754276,-0.034984305441634,-0.042454885212207305,16,0.25,0.2915629323307039,-0.4711568922912219,-0.18437836960191162
lb55_atr10_m1.5_r0.0025_tfnone_rfnone,55,10,1.5,0.0025,none,none,-0.0548192406186746,-0.05818339642294734,41,0.21951219512195122,0.17386755531907952,-0.5026389578366944,-0.025273022411628432,-0.027824491755815584,17,0.17647058823529413,0.13419978269523325,-0.5595814787948675,-0.1844192579819932
lb10_atr10_m2.0_r0.0025_tfma100_rfadx20,10,10,2.0,0.0025,ma100,adx20,-0.08199857155063939,-0.08736587008976959,62,0.1935483870967742,0.22774800682768384,-0.5155292907289694,-0.02246770826565181,-0.025388263090870944,18,0.2222222222222222,0.15560274374211702,-0.4742056783033752,-0.18483039504851176
lb30_atr20_m1.5_r0.0025_tfnone_rfadx20,30,20,1.5,0.0025,none,adx20,-0.07060809175373162,-0.07456977635572526,51,0.29411764705882354,0.2069789018649349,-0.5253846757406492,-0.02425621460059635,-0.026704670581283674,18,0.2222222222222222,0.20555304346570244,-0.5104216480317606,-0.18523065647574738
lb55_atr10_m1.5_r0.0025_tfma100_rfnone,55,10,1.5,0.0025,ma100,none,-0.053796838462550234,-0.055860307649063023,39,0.20512820512820512,0.14409062297863476,-0.5190665759174403,-0.025273022411628432,-0.027824491755815584,17,0.17647058823529413,0.13419978269523325,-0.5595814787948675,-0.1853840189550334
lb20_atr20_m2.5_r0.005_tfnone_rfadx20,20,20,2.5,0.005,none,adx20,-0.10132453346797754,-0.11383178456160148,48,0.1875,0.35350138304409984,-0.409043480471843,-0.03610709643690546,-0.03900810247824871,17,0.23529411764705882,0.2262457656945009,-0.4137374969838256,-0.18643359043200888
lb55_atr10_m2.0_r0.005_tfma100_rfnone,55,10,2.0,0.005,ma100,none,-0.07463451804427501,-0.07771023659646459,33,0.15151515151515152,0.2540344467778195,-0.44019040628857686,-0.0336128425784904,-0.037402341074452394,13,0.07692307692307693,0.07090658587811162,-0.4957749596760921,-0.1877066897227813
lb30_atr14_m2.5_r0.005_tfnone_rfnone,30,14,2.5,0.005,none,none,-0.06771491371739768,-0.07871661296639543,41,0.21951219512195122,0.4549978304649869,-0.31820998004895246,-0.0439375167619277,-0.05133878607491127,17,0.23529411764705882,0.18211659778852762,-0.5508355206396479,-0.18803115006812893
lb20_atr10_m1.5_r0.0025_tfnone_rfadx20,20,10,1.5,0.0025,none,adx20,-0.10233287293612248,-0.10609440982538643,67,0.1791044776119403,0.18880823712290806,-0.599351937966055,-0.023585224632230006,-0.02614111199745517,23,0.21739130434782608,0.3092027725470917,-0.38758410980048746,-0.18808534472402427
lb30_atr20_m2.0_r0.0025_tfma100_rfnone,30,20,2.0,0.0025,ma100,none,-0.0601898790893689,-0.06313196439457014,47,0.2553191489361702,0.24343548246491037,-0.49043460912853176,-0.026435847071934915,-0.028341942963027056,17,0.17647058823529413,0.1891565344126724,-0.5773749373163238,-0.18832437229112753
lb10_atr10_m3.0_r0.005_tfnone_rfnone,10,10,3.0,0.005,none,none,-0.10401141822137083,-0.11055707740786413,66,0.22727272727272727,0.4633945443650518,-0.29687985966996083,-0.05378052416448109,-0.07073497184750177,27,0.2222222222222222,0.3924191194014188,-0.40120856289286194,-0.18890907365458384
lb10_atr20_m2.5_r0.0025_tfnone_rfnone,10,20,2.5,0.0025,none,none,-0.07868868473562818,-0.08077662851169887,81,0.19753086419753085,0.342747613623597,-0.3851485520900121,-0.04210390546222664,-0.04647474128029927,33,0.2727272727272727,0.19965107503486357,-0.49698343633616054,-0.1889274776660475
lb30_atr20_m2.0_r0.0025_tfnone_rfnone,30,20,2.0,0.0025,none,none,-0.06066254778620672,-0.06178236708333318,53,0.24528301886792453,0.30510642930132,-0.4397621542226104,-0.030156988295279796,-0.032055798737360086,19,0.15789473684210525,0.1694623094935536,-0.5951823749038313,-0.18955672100314003
lb30_atr10_m1.5_r0.0025_tfnone_rfadx20,30,10,1.5,0.0025,none,adx20,-0.07174422217287091,-0.0756339361277415,51,0.21568627450980393,0.22742602766382508,-0.538244265034973,-0.024692192809318225,-0.027245182547378288,18,0.16666666666666666,0.17888855184317523,-0.5226148381150102,-0.18968308887595633
lb10_atr20_m1.5_r0.0025_tfma100_rfadx20,10,20,1.5,0.0025,ma100,adx20,-0.10760991097310557,-0.10996999320343082,73,0.1917808219178082,0.17054707366967356,-0.57040880193539,-0.022428613000034958,-0.024881655022812588,21,0.3333333333333333,0.32938559405005646,-0.40443046664184157,-0.19004218408346654
lb30_atr14_m2.0_r0.0025_tfnone_rfnone,30,14,2.0,0.0025,none,none,-0.05719445352266728,-0.058116352104193636,51,0.2549019607843137,0.3097405767502572,-0.4301155268340484,-0.03206066226498239,-0.03404041703656435,20,0.15,0.09672365462419573,-0.5999858109294163,-0.19035208160799427
lb20_atr20_m2.0_r0.0025_tfma100_rfnone,20,20,2.0,0.0025,ma100,none,-0.07531837197813163,-0.0782130973798506,56,0.21428571428571427,0.2415229238656147,-0.5214759957317633,-0.026475950953983474,-0.028381968327553686,19,0.15789473684210525,0.18900998889011975,-0.5183492313548722,-0.1904234000509429
lb55_atr20_m1.5_r0.005_tfma100_rfnone,55,20,1.5,0.005,ma100,none,-0.07012036278123412,-0.07419050090734636,37,0.2972972972972973,0.34962811550257666,-0.3979022146290321,-0.045800049465177795,-0.05000206768985138,17,0.23529411764705882,0.18617136049839605,-0.515982657249302,-0.1914935870243491
lb20_atr20_m3.0_r0.005_tfnone_rfnone,20,20,3.0,0.005,none,none,-0.10385490214212012,-0.1040790894616771,49,0.1836734693877551,0.35666303591507825,-0.4179441438006099,-0.03955346654854197,-0.05398701094615943,19,0.21052631578947367,0.3429713505307334,-0.42112096953792744,-0.19166617485629736
lb30_atr14_m2.0_r0.0025_tfma100_rfnone,30,14,2.0,0.0025,ma100,none,-0.056185125385526,-0.0589859935615652,45,0.26666666666666666,0.24106137745508652,-0.4767348869200065,-0.029049919377132083,-0.031035832109617023,18,0.16666666666666666,0.10586938267373858,-0.597950850583948,-0.19187383592800472
lb30_atr10_m1.5_r0.0025_tfma100_rfadx20,30,10,1.5,0.0025,ma100,adx20,-0.070942885825091,-0.07355607867660252,45,0.2222222222222222,0.1621220924762779,-0.600034435406337,-0.022020351962241502,-0.024580335576710688,16,0.1875,0.19672090799922692,-0.5200409611037761,-0.19219556006562516
lb55_atr20_m1.5_r0.005_tfnone_rfnone,55,20,1.5,0.005,none,none,-0.07282876289626583,-0.07881717318774828,39,0.3076923076923077,0.3629016117369327,-0.3893149298150759,-0.045800049465177795,-0.05000206768985138,17,0.23529411764705882,0.18617136049839605,-0.515982657249302,-0.19246934206368776
lb10_atr10_m2.0_r0.0025_tfnone_rfadx20,10,10,2.0,0.0025,none,adx20,-0.11574234664124994,-0.12217862040901384,89,0.19101123595505617,0.23362394123260125,-0.5195816396748938,-0.028466113980285312,-0.03186544776955169,29,0.20689655172413793,0.27216670686702776,-0.38004422272314686,-0.19259071945227998
lb10_atr14_m2.5_r0.005_tfnone_rfadx20,10,14,2.5,0.005,none,adx20,-0.12891600072915121,-0.138379606135262,70,0.24285714285714285,0.35683017259509436,-0.36141105308644156,-0.04339736330642585,-0.051095118281379914,24,0.20833333333333334,0.35954597746366124,-0.3545297048502806,-0.19301530656919208
lb30_atr14_m2.0_r0.005_tfma100_rfadx20,30,14,2.0,0.005,ma100,adx20,-0.09578345612897354,-0.10113556366024279,37,0.24324324324324326,0.20067088642324968,-0.517230937996585,-0.02960951071387785,-0.03357094464440724,13,0.15384615384615385,0.1745326338364207,-0.436972466682952,-0.19303051291407736
lb10_atr20_m3.0_r0.005_tfnone_rfnone,10,20,3.0,0.005,none,none,-0.1262294442896713,-0.12828239577801415,69,0.18840579710144928,0.39425933957775156,-0.3720174127176396,-0.04256851921477378,-0.06783421909225407,24,0.25,0.41583475682342913,-0.35240278261999974,-0.19338084283630588
lb20_atr14_m2.0_r0.0025_tfma100_rfnone,20,14,2.0,0.0025,ma100,none,-0.0685193047792716,-0.07236771364910655,53,0.22641509433962265,0.2540213868873234,-0.5007750636056804,-0.02947583413133359,-0.03146087572785572,20,0.15,0.1045253916618076,-0.5471526042370795,-0.1933813500773234
lb30_atr14_m2.0_r0.005_tfnone_rfadx20,30,14,2.0,0.005,none,adx20,-0.09362362376994005,-0.10463359575700948,41,0.24390243902439024,0.2806615179464259,-0.4432997586267577,-0.035623785968825206,-0.03956066776871692,15,0.13333333333333333,0.1489359286876396,-0.46114953166370903,-0.19453252123252218
lb30_atr20_m2.5_r0.005_tfma100_rfnone,30,20,2.5,0.005,ma100,none,-0.07070979935657284,-0.07611155322426744,37,0.21621621621621623,0.37510512080258923,-0.3686777095251214,-0.0408694497889176,-0.04375612268620077,15,0.26666666666666666,0.15698733136339646,-0.573285381699318,-0.194748133823746
lb20_atr20_m1.5_r0.0025_tfnone_rfadx20,20,20,1.5,0.0025,none,adx20,-0.099868387828701,-0.10370534564602907,67,0.23880597014925373,0.17629763802978396,-0.58251858325617,-0.026788866041566384,-0.02923096678262993,24,0.2916666666666667,0.23911488263454608,-0.42169574518646247,-0.19477551981673344
lb30_atr20_m2.0_r0.005_tfma100_rfadx20,30,20,2.0,0.005,ma100,adx20,-0.10536463978481592,-0.11095013574723422,39,0.23076923076923078,0.19013666419947517,-0.5422983905402385,-0.026843623047387966,-0.030639342420795357,12,0.16666666666666666,0.26903085062556725,-0.42878147579652026,-0.19556289104116248
lb55_atr20_m1.5_r0.005_tfma100_rfadx20,55,20,1.5,0.005,ma100,adx20,-0.08271437448531593,-0.08672938787791873,33,0.24242424242424243,0.18248497119879759,-0.5207524800019453,-0.03495015594822759,-0.03919995393883868,14,0.21428571428571427,0.21226566050070408,-0.48063640503510024,-0.1963921418579469
lb55_atr20_m1.5_r0.005_tfnone_rfadx20,55,20,1.5,0.005,none,adx20,-0.08538609283920118,-0.09129339789267088,35,0.2571428571428571,0.20714566166066695,-0.5041637760450848,-0.03495015594822759,-0.03919995393883868,14,0.21428571428571427,0.21226566050070408,-0.48063640503510024,-0.19652292767318563
lb20_atr10_m1.5_r0.0025_tfma100_rfadx20,20,10,1.5,0.0025,ma100,adx20,-0.08989374550076279,-0.09245363457764189,56,0.19642857142857142,0.1553150790370915,-0.6200128963790972,-0.022667249115838506,-0.025225539396385277,18,0.2222222222222222,0.20239381256261074,-0.47608116919514554,-0.19845815232550626
lb20_atr20_m2.0_r0.0025_tfnone_rfnone,20,20,2.0,0.0025,none,none,-0.09005513829629497,-0.09022576496938972,68,0.19117647058823528,0.2560510365754305,-0.5181535239683577,-0.032628553224374746,-0.034522524704644675,25,0.16,0.21396677162542857,-0.4933490053726974,-0.19872473881521777
lb55_atr14_m1.5_r0.005_tfnone_rfadx20,55,14,1.5,0.005,none,adx20,-0.09141806538601038,-0.09766769596640623,36,0.25,0.18546023112720952,-0.527997352064626,-0.03412530240635725,-0.038378732811341854,14,0.2857142857142857,0.2216532484242787,-0.46466085468057566,-0.19899658013358612
lb10_atr14_m2.0_r0.0025_tfnone_rfadx20,10,14,2.0,0.0025,none,adx20,-0.1128364584379099,-0.11972385255114926,88,0.20454545454545456,0.2387236984675123,-0.5119798642794319,-0.032286807833914244,-0.03535778780903864,30,0.2,0.2567079756834736,-0.41381805723275605,-0.1990197828582598
lb30_atr10_m2.0_r0.0025_tfnone_rfnone,30,10,2.0,0.0025,none,none,-0.0633978385259163,-0.06407587650641045,52,0.19230769230769232,0.270491752887998,-0.46977487731367606,-0.030925095613279163,-0.032828847193658195,19,0.10526315789473684,0.07172487237814332,-0.6118583867093147,-0.19933744409372695
lb20_atr14_m2.0_r0.0025_tfnone_rfnone,20,14,2.0,0.0025,none,none,-0.08426618577670286,-0.08547968058758937,65,0.2,0.26818234754046116,-0.5064249524312598,-0.03507519985423402,-0.03704878890349872,26,0.15384615384615385,0.15475135879007873,-0.5079255713878068,-0.19982750645918962
lb55_atr14_m1.5_r0.005_tfma100_rfadx20,55,14,1.5,0.005,ma100,adx20,-0.08994057124404575,-0.09412633742100962,34,0.23529411764705882,0.15355225830739802,-0.5476420436126193,-0.03412530240635725,-0.038378732811341854,14,0.2857142857142857,0.2216532484242787,-0.46466085468057566,-0.1998898617984039
lb30_atr10_m2.0_r0.0025_tfma100_rfnone,30,10,2.0,0.0025,ma100,none,-0.06221770756509026,-0.06377841975531462,46,0.1956521739130435,0.2020591566704822,-0.5194177290312468,-0.02792810166713089,-0.029837740854273376,17,0.11764705882352941,0.0789834815775531,-0.6121286154067749,-0.2013033679671004
lb30_atr20_m2.0_r0.005_tfnone_rfadx20,30,20,2.0,0.005,none,adx20,-0.1027868516558249,-0.11356662004033935,43,0.23255813953488372,0.2618888560415751,-0.4686553735628414,-0.03427620506977591,-0.0380429342456724,14,0.14285714285714285,0.2227704267070438,-0.4741763498823953,-0.20186363147643427
lb10_atr14_m2.5_r0.005_tfma100_rfnone,10,14,2.5,0.005,ma100,none,-0.10583483905112934,-0.11294939265576787,55,0.2,0.36479147085839747,-0.3834170825231455,-0.04424767895958759,-0.057624410177254615,19,0.21052631578947367,0.3276014507082502,-0.4800400047710764,-0.20409411938192618
lb10_atr20_m2.0_r0.0025_tfnone_rfadx20,10,20,2.0,0.0025,none,adx20,-0.12033333746881969,-0.12407438779462132,92,0.18478260869565216,0.20306453865898258,-0.5229379992469475,-0.0315920169968229,-0.03494647484940849,29,0.1724137931034483,0.2735981040149634,-0.4213866063871179,-0.20474716674911814
lb20_atr10_m2.0_r0.0025_tfma100_rfnone,20,10,2.0,0.0025,ma100,none,-0.07683765774178675,-0.07916149387409255,55,0.16363636363636364,0.21558084920923637,-0.5438347449493286,-0.02875423611692529,-0.030662252359590192,19,0.10526315789473684,0.07689532572980468,-0.5650566470421982,-0.20509075816297467
lb20_atr14_m2.0_r0.005_tfma100_rfadx20,20,14,2.0,0.005,ma100,adx20,-0.11796765901440331,-0.12412657048071496,46,0.21739130434782608,0.2376198247392401,-0.5183746385247404,-0.032870555472968466,-0.03681867681078366,15,0.13333333333333333,0.16007031751935294,-0.42159012899841686,-0.20636462538648614
lb10_atr20_m2.5_r0.005_tfnone_rfadx20,10,20,2.5,0.005,none,adx20,-0.13104636351582366,-0.13898636719477853,71,0.19718309859154928,0.348671038037272,-0.3725589893357439,-0.04850279649684619,-0.05154108022223913,24,0.2916666666666667,0.261738914551796,-0.39586905964137614,-0.20666885294588708
lb30_atr20_m2.5_r0.005_tfnone_rfnone,30,20,2.5,0.005,none,none,-0.07784164917359426,-0.08299631100951,43,0.20930232558139536,0.40191301895097986,-0.3468019864132958,-0.04857046656429953,-0.05143396189060234,17,0.23529411764705882,0.13493478286125704,-0.5985829143726372,-0.2074983948033073
lb20_atr10_m2.0_r0.0025_tfnone_rfnone,20,10,2.0,0.0025,none,none,-0.09267964359525405,-0.09357753530024593,67,0.14925373134328357,0.2358396747537739,-0.5419254046020557,-0.03399478268957212,-0.03589250385723863,25,0.12,0.13688049217955758,-0.5132611028248466,-0.20851379197134692
lb30_atr20_m1.5_r0.0025_tfma100_rfnone,30,20,1.5,0.0025,ma100,none,-0.06693883304103831,-0.06940647707588832,52,0.28846153846153844,0.2869031365474093,-0.4859578799372701,-0.03641252894007285,-0.03883048080585527,22,0.22727272727272727,0.1594487547843846,-0.6295538993455745,-0.20866428707177773
lb20_atr14_m2.5_r0.005_tfnone_rfnone,20,14,2.5,0.005,none,none,-0.11165475516706747,-0.11200060701945147,54,0.2037037037037037,0.3592968107697316,-0.40705727643257134,-0.04864528362781295,-0.05601010819890151,22,0.22727272727272727,0.274913844512115,-0.46756906906475115,-0.20970630786471872
lb20_atr20_m2.0_r0.005_tfma100_rfadx20,20,20,2.0,0.005,ma100,adx20,-0.13106064944743923,-0.1364857169664897,49,0.20408163265306123,0.22049268636511957,-0.5505305451061537,-0.029503019560913946,-0.033288366168847006,14,0.14285714285714285,0.25112820109591577,-0.40501718136483966,-0.20974147012942987
lb20_atr14_m1.5_r0.0025_tfma100_rfadx20,20,14,1.5,0.0025,ma100,adx20,-0.09567217897112612,-0.09833660195877525,56,0.19642857142857142,0.12282194826887255,-0.658541354449646,-0.02493715481066816,-0.027594442721932677,19,0.2631578947368421,0.22508936342962305,-0.4960759003280656,-0.21026542433875914
lb20_atr14_m1.5_r0.0025_tfnone_rfadx20,20,14,1.5,0.0025,none,adx20,-0.10734718882034344,-0.1113872066934507,67,0.19402985074626866,0.16495810937305663,-0.6268106272924072,-0.02960374801625465,-0.03224831830447239,25,0.24,0.22997862868245988,-0.4499452664249969,-0.21031246034876308
lb10_atr10_m1.5_r0.0025_tfma100_rfadx20,10,10,1.5,0.0025,ma100,adx20,-0.1181633982333753,-0.1206437722262963,76,0.17105263157894737,0.1548675580290002,-0.6046812101097434,-0.025090088116905496,-0.027642036314408203,21,0.23809523809523808,0.28305756645021607,-0.45316746021670534,-0.21045372148747798
lb20_atr20_m2.5_r0.005_tfma100_rfnone,20,20,2.5,0.005,ma100,none,-0.09778556108537728,-0.10247791216073965,45,0.2,0.3406538790765094,-0.4299633195828614,-0.04272499968038124,-0.04560608797233612,17,0.23529411764705882,0.15120803445098313,-0.528574182990341,-0.21069641568527364
lb30_atr10_m2.0_r0.005_tfma100_rfadx20,30,10,2.0,0.005,ma100,adx20,-0.10427997091398644,-0.10725715426991322,38,0.21052631578947367,0.16990450262541895,-0.548437228579277,-0.03254835486383778,-0.03634202754047111,13,0.15384615384615385,0.12803895623116746,-0.4832739017613275,-0.21153202045754282
lb30_atr10_m2.0_r0.005_tfnone_rfadx20,30,10,2.0,0.005,none,adx20,-0.10210369203464931,-0.10923715757172447,42,0.21428571428571427,0.25331831342962974,-0.4770120444366585,-0.038509057505858646,-0.042279356451246475,15,0.13333333333333333,0.10995309643095984,-0.5001122405639377,-0.2116153430896126
lb30_atr14_m1.5_r0.0025_tfnone_rfnone,30,14,1.5,0.0025,none,none,-0.08034992409503872,-0.0811899623177702,61,0.29508196721311475,0.24686181438195465,-0.5012822512410556,-0.035705853200657445,-0.03833379373991108,23,0.21739130434782608,0.18754716843282065,-0.5996776340277076,-0.21218965987763805
lb55_atr14_m1.5_r0.005_tfnone_rfnone,55,14,1.5,0.005,none,none,-0.09017858201343565,-0.09643673831164945,40,0.3,0.23716872223195176,-0.47167954796044037,-0.046294133632127754,-0.050493976054263534,17,0.23529411764705882,0.17331211043873365,-0.5214182528349137,-0.21280428133667695
lb55_atr10_m1.5_r0.005_tfnone_rfadx20,55,10,1.5,0.005,none,adx20,-0.09877916539191456,-0.10485693472959967,37,0.1891891891891892,0.14504231591971975,-0.5513781159640745,-0.03620612999452255,-0.04045039704182418,14,0.21428571428571427,0.17612184661228947,-0.49379686383299914,-0.21309132520998936
lb55_atr14_m1.5_r0.005_tfma100_rfnone,55,14,1.5,0.005,ma100,none,-0.08869907228063378,-0.09289054866091606,38,0.2894736842105263,0.2098013036954332,-0.48629228228737204,-0.046294133632127754,-0.050493976054263534,17,0.23529411764705882,0.17331211043873365,-0.5214182528349137,-0.2132080075540534
lb30_atr20_m1.5_r0.0025_tfnone_rfnone,30,20,1.5,0.0025,none,none,-0.07354065983917346,-0.07419076531503266,61,0.32786885245901637,0.29098493954381416,-0.4563571195919645,-0.03978035729263274,-0.042189858190450846,24,0.20833333333333334,0.14778841476395385,-0.6336155512759206,-0.21328512280572468
lb10_atr20_m2.5_r0.005_tfma100_rfnone,10,20,2.5,0.005,ma100,none,-0.11226441504890827,-0.11961527806373407,57,0.19298245614035087,0.35055278193678197,-0.3945766403014728,-0.04922794590657331,-0.05786519284452485,21,0.2857142857142857,0.195347940513733,-0.47541896624623886,-0.21367639508016195
lb55_atr10_m1.5_r0.005_tfma100_rfadx20,55,10,1.5,0.005,ma100,adx20,-0.09790457385104023,-0.10183159006698328,35,0.17142857142857143,0.10956592894205211,-0.5724682708613273,-0.03620612999452255,-0.04045039704182418,14,0.21428571428571427,0.17612184661228947,-0.49379686383299914,-0.21449210138060476
lb30_atr14_m1.5_r0.0025_tfma100_rfnone,30,14,1.5,0.0025,ma100,none,-0.07737154345320085,-0.08008988564230413,53,0.2830188679245283,0.19138297058323386,-0.5550195521170117,-0.0331101820771873,-0.03574519646355967,21,0.23809523809523808,0.19961917870409934,-0.6054496284476356,-0.21458181002396687
lb20_atr20_m1.5_r0.0025_tfma100_rfnone,20,20,1.5,0.0025,ma100,none,-0.09015743259392972,-0.09256367096673601,63,0.23809523809523808,0.22856288058159024,-0.5496562334219949,-0.03496201090764994,-0.03738360259118445,24,0.2916666666666667,0.18106802332569472,-0.5545657985960564,-0.21475972727085285
lb20_atr14_m2.0_r0.005_tfnone_rfadx20,20,14,2.0,0.005,none,adx20,-0.13582073416062557,-0.14416393363562452,55,0.2,0.26498796588650936,-0.5075691778640109,-0.04009278856511267,-0.044011426515012,20,0.15,0.23335816181367397,-0.3883431662916584,-0.21498149547430445
lb10_atr10_m2.5_r0.005_tfnone_rfnone,10,10,2.5,0.005,none,none,-0.1665062224346684,-0.17138856480653875,82,0.18292682926829268,0.33493708862398475,-0.40764129091233087,-0.04408158021137265,-0.06514677417221193,28,0.2857142857142857,0.4928802220456635,-0.3286214781345515,-0.21604682896079755
lb10_atr20_m2.0_r0.0025_tfma100_rfnone,10,20,2.0,0.0025,ma100,none,-0.09052731772738098,-0.09337443136710588,71,0.2112676056338028,0.22270128951521947,-0.4975149682670423,-0.03940173769918831,-0.04262590366449914,26,0.19230769230769232,0.17163028354242757,-0.564514804468907,-0.21614446543661606
lb10_atr14_m1.5_r0.0025_tfma100_rfadx20,10,14,1.5,0.0025,ma100,adx20,-0.11901472996010032,-0.12161037873999081,75,0.17333333333333334,0.12961324964041906,-0.6169710267159345,-0.02768992721763719,-0.03033971314184969,22,0.2727272727272727,0.28528497115089735,-0.47339206172791765,-0.21768704570198924
lb10_atr10_m2.0_r0.0025_tfma100_rfnone,10,10,2.0,0.0025,ma100,none,-0.09236658843093659,-0.09767326806455068,71,0.16901408450704225,0.22779982562226683,-0.5098045400605722,-0.03816499953985675,-0.04104686037528005,25,0.2,0.09777370761204161,-0.5711573119429358,-0.22002463074601114
lb20_atr20_m2.0_r0.005_tfnone_rfadx20,20,20,2.0,0.005,none,adx20,-0.14816250140095133,-0.1557716469616942,58,0.1896551724137931,0.24687428326379,-0.534787504294115,-0.03850476303421613,-0.04225499905467811,19,0.15789473684210525,0.28390243439635693,-0.39142547058668414,-0.22291734377917294
lb20_atr10_m2.0_r0.005_tfma100_rfadx20,20,10,2.0,0.005,ma100,adx20,-0.12429212842903459,-0.12827751227808282,47,0.19148936170212766,0.21574739710351545,-0.5351161981085779,-0.036491562183244564,-0.04026977234250961,15,0.13333333333333333,0.11582519658475703,-0.4705330613924847,-0.22319116032962383
lb10_atr14_m2.0_r0.0025_tfma100_rfnone,10,14,2.0,0.0025,ma100,none,-0.08600990849945755,-0.09222609934652515,69,0.21739130434782608,0.2523628826140952,-0.4874956340620535,-0.04400007401748063,-0.046611953278237084,27,0.2222222222222222,0.10881787788785612,-0.6036900359737575,-0.22391900123512948
lb30_atr10_m1.5_r0.0025_tfma100_rfnone,30,10,1.5,0.0025,ma100,none,-0.07878098568847314,-0.08137213203044269,53,0.24528301886792453,0.17875142473250474,-0.5662840604225126,-0.035882900348399915,-0.03840659701477711,21,0.19047619047619047,0.14597660970975349,-0.6452831125702525,-0.22624977969014126
lb20_atr10_m2.0_r0.005_tfnone_rfadx20,20,10,2.0,0.005,none,adx20,-0.14144917022023085,-0.14931882553117581,56,0.17857142857142858,0.25022515789386207,-0.5213261776808366,-0.04259445076143742,-0.04634872963507797,20,0.15,0.2012832578411008,-0.41378341685423903,-0.2263378378974794
lb30_atr10_m1.5_r0.0025_tfnone_rfnone,30,10,1.5,0.0025,none,none,-0.08563056560196913,-0.0863405514524288,61,0.22950819672131148,0.2217901142233272,-0.5393544509071766,-0.038516868706925944,-0.0410336706328529,23,0.17391304347826086,0.1371119985404113,-0.6364068292341336,-0.22808160791161886
lb10_atr20_m2.0_r0.005_tfma100_rfadx20,10,20,2.0,0.005,ma100,adx20,-0.1631656741050278,-0.16839029964115115,64,0.1875,0.19433189818594818,-0.5363615889781366,-0.0339729553653475,-0.04064057067652982,17,0.23529411764705882,0.29101949182545334,-0.386274105018249,-0.22823668520336615
lb30_atr20_m1.5_r0.005_tfma100_rfadx20,30,20,1.5,0.005,ma100,adx20,-0.11971566438524961,-0.12356872094525906,44,0.25,0.18009424189357956,-0.573419841295082,-0.04057220785772497,-0.04479724797178142,16,0.25,0.23424030159365503,-0.48943763872201457,-0.22838284568479864
lb20_atr10_m1.5_r0.0025_tfma100_rfnone,20,10,1.5,0.0025,ma100,none,-0.10062729724325281,-0.10315699566741865,65,0.2153846153846154,0.16499490912804582,-0.5996312026517434,-0.03491063672738226,-0.037436878414960795,23,0.21739130434782608,0.1567869937437897,-0.5734992362154907,-0.22953026493404882
lb20_atr10_m1.5_r0.0025_tfnone_rfnone,20,10,1.5,0.0025,none,none,-0.12110670396721135,-0.12178914345039227,79,0.189873417721519,0.1818640870612196,-0.6048240445146611,-0.037621739331297976,-0.04014088436992569,29,0.20689655172413793,0.2299010268057122,-0.49518199001369007,-0.22967361777209788
lb20_atr20_m1.5_r0.0025_tfnone_rfnone,20,20,1.5,0.0025,none,none,-0.11336602798430695,-0.11376708616773223,79,0.25316455696202533,0.2074917141963567,-0.5616086164455882,-0.042408162705354746,-0.04481106959153258,31,0.25806451612903225,0.17526691803570646,-0.52154272762961,-0.2302125515162068
lb10_atr20_m1.5_r0.0025_tfnone_rfadx20,10,20,1.5,0.0025,none,adx20,-0.15288589345025871,-0.15688955244034697,107,0.21495327102803738,0.16962902368023616,-0.5718298625441947,-0.03738919116155803,-0.040539041831018086,35,0.2857142857142857,0.27139457750304113,-0.40786469106026707,-0.23110722166914524
lb55_atr10_m1.5_r0.005_tfnone_rfnone,55,10,1.5,0.005,none,none,-0.0994693250104588,-0.10554243996066559,41,0.21951219512195122,0.183210979644227,-0.5026389578366944,-0.04956125043701365,-0.053746705429818076,17,0.17647058823529413,0.13476413030371234,-0.5595814787948674,-0.2311312522889998
lb55_atr10_m1.5_r0.005_tfma100_rfnone,55,10,1.5,0.005,ma100,none,-0.09859540323635174,-0.10251941212278182,39,0.20512820512820512,0.15151420399757254,-0.5190665759174403,-0.04956125043701365,-0.053746705429818076,17,0.17647058823529413,0.13476413030371234,-0.5595814787948674,-0.23208499631970303
lb20_atr20_m2.5_r0.005_tfnone_rfnone,20,20,2.5,0.005,none,none,-0.11948099124081579,-0.11992293337571625,56,0.17857142857142858,0.3364871561006358,-0.4176209662799905,-0.058306770598074986,-0.06114096279669834,23,0.21739130434782608,0.1592521752306919,-0.5233400378983353,-0.23346708903897367
lb10_atr14_m2.0_r0.005_tfma100_rfadx20,10,14,2.0,0.005,ma100,adx20,-0.15322518154124787,-0.16174090728467927,61,0.21311475409836064,0.2279716851603815,-0.5159813913953981,-0.03937637636740987,-0.044385087477544105,18,0.2222222222222222,0.20136090082917515,-0.4337527746183796,-0.2341051458218846
lb20_atr14_m1.5_r0.0025_tfma100_rfnone,20,14,1.5,0.0025,ma100,none,-0.1047468778278593,-0.10738456401091423,65,0.23076923076923078,0.14738306449385327,-0.6232515613546435,-0.035731955325298714,-0.0383598247297936,24,0.25,0.19686790821362193,-0.574066675888106,-0.23422996390572276
lb30_atr14_m1.5_r0.005_tfma100_rfadx20,30,14,1.5,0.005,ma100,adx20,-0.12727647303854428,-0.13145667640645742,45,0.24444444444444444,0.154883697927379,-0.5999192849898245,-0.04055529475504627,-0.04478040934947303,16,0.25,0.2470470487062586,-0.4837258853968985,-0.2342813636459835
lb10_atr10_m1.5_r0.0025_tfnone_rfadx20,10,10,1.5,0.0025,none,adx20,-0.1603434167801917,-0.16406231117292114,109,0.1743119266055046,0.1798793117831667,-0.5934562521172724,-0.03605369107836276,-0.039759826947840526,34,0.2647058823529412,0.31020459091531827,-0.4048099143585255,-0.23506165706178303
lb30_atr14_m1.5_r0.005_tfnone_rfadx20,30,14,1.5,0.005,none,adx20,-0.1305572074943513,-0.13670277954673626,51,0.2549019607843137,0.2020978538968796,-0.5283150219783337,-0.04570435711289644,-0.049906796738774295,18,0.2222222222222222,0.22468105426787482,-0.4898754195326278,-0.23533130814619097
lb30_atr20_m2.0_r0.005_tfma100_rfnone,30,20,2.0,0.005,ma100,none,-0.1140916341030559,-0.1196226446363301,47,0.2553191489361702,0.24545894955495842,-0.4904346091285318,-0.045202668232094845,-0.048926779603812864,17,0.17647058823529413,0.21046589578399255,-0.5773749373163238,-0.2357258874946391
lb10_atr20_m1.5_r0.0025_tfma100_rfnone,10,20,1.5,0.0025,ma100,none,-0.11132019364599288,-0.11367046338252906,82,0.2073170731707317,0.21626740385192592,-0.5267513581627948,-0.04599984994454309,-0.04913950042695936,31,0.2903225806451613,0.21206845076965758,-0.5725932086905304,-0.23681513731576123
lb30_atr20_m1.5_r0.005_tfnone_rfadx20,30,20,1.5,0.005,none,adx20,-0.1271111304079522,-0.13274894193704367,51,0.29411764705882354,0.1944290591445986,-0.5253846757406492,-0.04727375902811848,-0.05146928746578483,18,0.2222222222222222,0.20747879837279767,-0.5104216480317606,-0.23799477800451388
lb30_atr14_m2.0_r0.005_tfma100_rfnone,30,14,2.0,0.005,ma100,none,-0.10697884472557329,-0.11226468613504959,45,0.26666666666666666,0.24508305409629344,-0.4767348869200065,-0.04959455309724803,-0.05347440190727737,18,0.16666666666666666,0.12110676057763299,-0.597950850583948,-0.23898424681091066
lb20_atr14_m1.5_r0.0025_tfnone_rfnone,20,14,1.5,0.0025,none,none,-0.12120108384089512,-0.12195184205538534,79,0.22784810126582278,0.17612123382772113,-0.6026582628847506,-0.04218768612911772,-0.04479796206719355,31,0.22580645161290322,0.1967512060697482,-0.5279334351145368,-0.23930030285961856
lb20_atr20_m1.5_r0.005_tfma100_rfadx20,20,20,1.5,0.005,ma100,adx20,-0.15147666137927918,-0.15519069817843512,55,0.21818181818181817,0.16912323740509608,-0.5874976746649927,-0.04104790654774326,-0.04527085182353874,18,0.3333333333333333,0.25518680697437285,-0.4402913641528556,-0.2404394219203075
lb30_atr20_m2.0_r0.005_tfnone_rfnone,30,20,2.0,0.005,none,none,-0.11755017759287545,-0.11962765688822274,53,0.24528301886792453,0.29204955652317083,-0.4397621542226104,-0.05249503115668874,-0.05619069924438125,19,0.15789473684210525,0.18599687377887253,-0.5951823749038313,-0.24163016585503275
lb30_atr14_m2.0_r0.005_tfnone_rfnone,30,14,2.0,0.005,none,none,-0.11180533393702619,-0.11352339094029851,51,0.2549019607843137,0.29527374579237553,-0.4301155268340484,-0.05548496528139857,-0.059340767608132006,20,0.15,0.1092886125190372,-0.5999858109294163,-0.24205230608525533
lb10_atr14_m2.5_r0.005_tfnone_rfnone,10,14,2.5,0.005,none,none,-0.14944872167598544,-0.15457856423936922,80,0.225,0.3439895344507114,-0.3718649360483297,-0.06799092286430519,-0.0808652147926171,31,0.16129032258064516,0.3091394857237937,-0.4507840630754475,-0.24346336923979608
lb10_atr14_m1.5_r0.0025_tfnone_rfadx20,10,14,1.5,0.0025,none,adx20,-0.15898690837933382,-0.163166899977927,108,0.18518518518518517,0.17276392135444152,-0.5926368718921642,-0.04088886563783023,-0.04468293263456835,36,0.2777777777777778,0.26613928893994343,-0.4323347489366944,-0.24360029903763109
lb10_atr10_m2.0_r0.0025_tfnone_rfnone,10,10,2.0,0.0025,none,none,-0.13236871545180384,-0.13720533418340386,103,0.1650485436893204,0.22313457224328237,-0.5175862543319977,-0.052031790525305044,-0.05487210352577232,39,0.1794871794871795,0.16801493430152664,-0.5116741410136417,-0.24447554138593916
lb10_atr10_m2.0_r0.005_tfma100_rfadx20,10,10,2.0,0.005,ma100,adx20,-0.15506246901372434,-0.16151153274744035,62,0.1935483870967742,0.22193786861019119,-0.5155292907289694,-0.04197858088525008,-0.04762465505280178,18,0.2222222222222222,0.16305591392662816,-0.4742056783033752,-0.24451765316254065
lb20_atr20_m2.0_r0.005_tfma100_rfnone,20,20,2.0,0.005,ma100,none,-0.14108174219492042,-0.146444244812594,56,0.21428571428571427,0.24513488896495236,-0.5214759957317633,-0.04527880572242704,-0.04900262012589407,19,0.15789473684210525,0.2103751382428591,-0.5183492313548722,-0.24481767083337294
lb30_atr10_m1.5_r0.005_tfma100_rfadx20,30,10,1.5,0.005,ma100,adx20,-0.1299565957902048,-0.1342598770469704,45,0.2222222222222222,0.15355617776141192,-0.600034435406337,-0.04348708456427386,-0.047699288411637064,16,0.1875,0.19646695119087002,-0.520040961103776,-0.24516278625224555
lb30_atr10_m1.5_r0.005_tfnone_rfadx20,30,10,1.5,0.005,none,adx20,-0.13438781374261421,-0.14073737610547243,51,0.21568627450980393,0.19785583373474977,-0.538244265034973,-0.04871019508639485,-0.05289939787869502,18,0.16666666666666666,0.17845298167743004,-0.5226148381150102,-0.24718616457224496
lb20_atr14_m2.0_r0.005_tfma100_rfnone,20,14,2.0,0.005,ma100,none,-0.13053929792042696,-0.13661042619851427,53,0.22641509433962265,0.25376972340308845,-0.5007750636056804,-0.05042601215938558,-0.054302466696514395,20,0.15,0.1194062541905211,-0.5471526042370795,-0.2474582039623148
lb30_atr10_m2.0_r0.005_tfma100_rfnone,30,10,2.0,0.005,ma100,none,-0.11899013103303802,-0.1219184209373867,46,0.1956521739130435,0.204157835225755,-0.5194177290312468,-0.04863796505865048,-0.0523685454713132,17,0.11764705882352941,0.08912471114309665,-0.612128615406775,-0.25201920265757466
lb30_atr10_m2.0_r0.005_tfnone_rfnone,30,10,2.0,0.005,none,none,-0.12320386756246648,-0.12445082323515078,52,0.19230769230769232,0.2607397879965849,-0.46977487731367606,-0.05449953573632016,-0.05820713114437437,19,0.10526315789473684,0.07996864226635444,-0.6118583867093147,-0.2542085877155967
lb10_atr10_m1.5_r0.0025_tfma100_rfnone,10,10,1.5,0.0025,ma100,none,-0.12554181656875385,-0.12800143701514344,86,0.18604651162790697,0.1659308636703477,-0.5703976026505897,-0.04716855571570566,-0.05061825479173199,30,0.23333333333333334,0.19762639556735753,-0.5979342346408917,-0.2549955851065171
lb10_atr14_m1.5_r0.0025_tfma100_rfnone,10,14,1.5,0.0025,ma100,none,-0.12427875142382905,-0.12685889080605506,84,0.20238095238095238,0.1526859312637202,-0.5773782120280532,-0.048146178596649714,-0.051722029213535414,31,0.25806451612903225,0.21980535161956458,-0.5993458024947975,-0.255638688500256
lb10_atr20_m2.0_r0.0025_tfnone_rfnone,10,20,2.0,0.0025,none,none,-0.13033497531203364,-0.13049804898398276,104,0.19230769230769232,0.21403047588636404,-0.5031475385758647,-0.060124085255272686,-0.06327869843214562,41,0.14634146341463414,0.1768004291580298,-0.5629791622395053,-0.25625576935484995
lb10_atr14_m2.0_r0.0025_tfnone_rfnone,10,14,2.0,0.0025,none,none,-0.12467977054837609,-0.1295773588409046,101,0.19801980198019803,0.24014400558317722,-0.49585150377415615,-0.06290903440345186,-0.06546925265448211,42,0.19047619047619047,0.15296057956326473,-0.5706781479153734,-0.2564866638529396
lb10_atr20_m1.5_r0.005_tfma100_rfadx20,10,20,1.5,0.005,ma100,adx20,-0.18915247417177006,-0.19270160171176887,73,0.1917808219178082,0.1673920054513392,-0.57040880193539,-0.04477015526017414,-0.048976708838487815,21,0.3333333333333333,0.3165683031230276,-0.4044304666418415,-0.2571543903385546
lb20_atr10_m1.5_r0.005_tfnone_rfadx20,20,10,1.5,0.005,none,adx20,-0.18616198307607867,-0.19213176414404842,67,0.1791044776119403,0.1650736140757362,-0.599351937966055,-0.04658828154119743,-0.05078682862174988,23,0.21739130434782608,0.3080542383179573,-0.38758410980048746,-0.2571848514733294
lb30_atr20_m1.5_r0.005_tfma100_rfnone,30,20,1.5,0.005,ma100,none,-0.11840774315577451,-0.12226652456430087,52,0.28846153846153844,0.2816950644017746,-0.4859578799372701,-0.06213076951747609,-0.06626087201500752,22,0.22727272727272727,0.176824300812565,-0.6295538993455745,-0.2602184989137178
lb20_atr10_m1.5_r0.005_tfma100_rfadx20,20,10,1.5,0.005,ma100,adx20,-0.16408805720871422,-0.16822252243000646,56,0.19642857142857142,0.14329145775676716,-0.6200128963790972,-0.044756696873570645,-0.04896330971869278,18,0.2222222222222222,0.20236350434421066,-0.47608116919514554,-0.2609010924776703
lb20_atr20_m1.5_r0.005_tfnone_rfadx20,20,20,1.5,0.005,none,adx20,-0.17714427256084753,-0.1824589302091958,67,0.23880597014925373,0.16499608405070762,-0.58251858325617,-0.05222871813754326,-0.05640242638074344,24,0.2916666666666667,0.24110529369383182,-0.42169574518646247,-0.26171152123446373
lb20_atr10_m2.0_r0.005_tfma100_rfnone,20,10,2.0,0.005,ma100,none,-0.1465353223996697,-0.15041947652488008,55,0.16363636363636364,0.21555932903291383,-0.5438347449493286,-0.05025241772929878,-0.05397666738112694,19,0.10526315789473684,0.08652366942207539,-0.5650566470421982,-0.2641290458823893
lb20_atr20_m2.0_r0.005_tfnone_rfnone,20,20,2.0,0.005,none,none,-0.16698164969188856,-0.1672946200959584,68,0.19117647058823528,0.2527423205058767,-0.5181535239683577,-0.05852002821005586,-0.062192196273927136,25,0.16,0.22837341236056427,-0.4933490053726974,-0.2653195465354877
lb20_atr14_m2.0_r0.005_tfnone_rfnone,20,14,2.0,0.005,none,none,-0.1581313377184782,-0.15929819767249753,65,0.2,0.26069420294121415,-0.5064249524312598,-0.061928552629590405,-0.06575805024101866,26,0.15384615384615385,0.16966877674457878,-0.5079255713878068,-0.26542290506725624
lb10_atr20_m2.5_r0.005_tfnone_rfnone,10,20,2.5,0.005,none,none,-0.15301162196209883,-0.15605738820927928,81,0.19753086419753085,0.33320206961570725,-0.3851485520900121,-0.08095499276183715,-0.08930401673707,33,0.2727272727272727,0.2029326258201504,-0.49698343633616043,-0.2654520533809365
lb30_atr14_m1.5_r0.005_tfma100_rfnone,30,14,1.5,0.005,ma100,none,-0.13685731004581136,-0.14099162276692956,53,0.2830188679245283,0.18698587033184322,-0.5550195521170117,-0.05765309838938826,-0.06180291924434966,21,0.23809523809523808,0.2150024506679418,-0.6054496284476356,-0.2698964558321498
lb30_atr20_m1.5_r0.005_tfnone_rfnone,30,20,1.5,0.005,none,none,-0.13035243409434105,-0.13035243409434105,61,0.32786885245901637,0.2846458173395898,-0.4563571195919645,-0.06868173530217869,-0.07278298925743021,24,0.20833333333333334,0.1623541785288205,-0.6336155512759206,-0.2703455552220477
lb30_atr14_m1.5_r0.005_tfnone_rfnone,30,14,1.5,0.005,none,none,-0.14526989387995937,-0.14579433019087262,61,0.29508196721311475,0.22157534834264742,-0.5012822512410556,-0.06271040177810328,-0.06683795174424811,23,0.21739130434782608,0.20053067910273717,-0.5996776340277075,-0.2727241700171589
lb20_atr14_m1.5_r0.005_tfma100_rfadx20,20,14,1.5,0.005,ma100,adx20,-0.16879612495477003,-0.1727774559611469,56,0.19642857142857142,0.1195815302621915,-0.658541354449646,-0.04902687771038228,-0.05321468592478851,19,0.2631578947368421,0.2257302440884417,-0.4960759003280656,-0.2735250576355394
lb10_atr10_m2.0_r0.005_tfnone_rfadx20,10,10,2.0,0.005,none,adx20,-0.21529978088491297,-0.22394285492056076,89,0.19101123595505617,0.22540998074330565,-0.5195816396748938,-0.0563125725961674,-0.06283610584745658,29,0.20689655172413793,0.2702075210239973,-0.38004422272314686,-0.275130931741612
lb20_atr20_m1.5_r0.005_tfma100_rfnone,20,20,1.5,0.005,ma100,none,-0.15957772807757187,-0.16325630602903263,63,0.23809523809523808,0.2227370634817237,-0.5496562334219949,-0.05930177066868192,-0.06344433125187299,24,0.2916666666666667,0.2017039875275437,-0.5545657985960564,-0.27571725624517246
lb20_atr10_m2.0_r0.005_tfnone_rfnone,20,10,2.0,0.005,none,none,-0.17357954267278441,-0.17482080653656806,67,0.14925373134328357,0.2319572266195864,-0.5419254046020557,-0.06061952995803577,-0.0643031270040253,25,0.12,0.14902661628295388,-0.5132611028248466,-0.2781270938305329
lb10_atr10_m1.5_r0.005_tfma100_rfadx20,10,10,1.5,0.005,ma100,adx20,-0.20693517564373987,-0.21085771672334497,76,0.17105263157894737,0.14765917956330316,-0.6046812101097434,-0.04780868436145036,-0.05200185714399619,21,0.23809523809523808,0.2736635154076594,-0.45316746021670534,-0.28211862687114103
lb10_atr20_m2.0_r0.005_tfma100_rfnone,10,20,2.0,0.005,ma100,none,-0.16716987550546814,-0.1723695015258676,71,0.2112676056338028,0.2274334513901356,-0.4975149682670423,-0.06486999412241023,-0.07112402149422803,26,0.19230769230769232,0.19806606299013238,-0.564514804468907,-0.2825447925285666
lb10_atr14_m2.0_r0.005_tfnone_rfadx20,10,14,2.0,0.005,none,adx20,-0.21189050748461413,-0.22132571182168015,88,0.20454545454545456,0.22626008294702224,-0.5119798642794319,-0.062332108698314626,-0.06826405030006877,30,0.2,0.25977815594547377,-0.41381805723275605,-0.2829699083980952
lb20_atr14_m1.5_r0.005_tfnone_rfadx20,20,14,1.5,0.005,none,adx20,-0.19032431599852395,-0.19604743004120295,67,0.19402985074626866,0.1456817242339874,-0.6268106272924072,-0.05812449687295296,-0.06227224182650826,25,0.24,0.2302037315091224,-0.4499452664249969,-0.2831952433733833
lb10_atr20_m1.5_r0.0025_tfnone_rfnone,10,20,1.5,0.0025,none,none,-0.16577404391811845,-0.16615139596763617,122,0.22950819672131148,0.19606947916169867,-0.5470470332710033,-0.06752608721741327,-0.07059489404091146,48,0.25,0.18377746833767755,-0.5480472505916761,-0.28463543908741423
lb30_atr10_m1.5_r0.005_tfma100_rfnone,30,10,1.5,0.005,ma100,none,-0.14210264001477213,-0.14634584628653957,53,0.24528301886792453,0.17239109445907685,-0.5662840604225126,-0.062280288476085244,-0.06640973253574034,21,0.19047619047619047,0.16240283042130677,-0.6452831125702525,-0.28538669500250247
lb10_atr14_m1.5_r0.005_tfma100_rfadx20,10,14,1.5,0.005,ma100,adx20,-0.20566508102990655,-0.20946981574937773,75,0.17333333333333334,0.13070968115167916,-0.6169710267159345,-0.05282827597531903,-0.056999343940703495,22,0.2727272727272727,0.28139369213115567,-0.47339206172791765,-0.28980198809915997
lb10_atr10_m2.0_r0.005_tfma100_rfnone,10,10,2.0,0.005,ma100,none,-0.17414630045092216,-0.1804497050788364,71,0.16901408450704225,0.22281289754063904,-0.5098045400605722,-0.06502887198182905,-0.07055416445723084,25,0.2,0.11161475767640752,-0.5711573119429358,-0.2906436935099985
lb10_atr20_m2.0_r0.005_tfnone_rfadx20,10,20,2.0,0.005,none,adx20,-0.22195916385079328,-0.22854905904965095,92,0.18478260869565216,0.19871323602192623,-0.5229379992469475,-0.06233390945003214,-0.0688057746186641,29,0.1724137931034483,0.2725721103881789,-0.42138660638711795,-0.2908823969393933
lb10_atr14_m2.0_r0.005_tfma100_rfnone,10,14,2.0,0.005,ma100,none,-0.16264227573476764,-0.17106329697151823,69,0.21739130434782608,0.24748444696537586,-0.4874956340620535,-0.07098239604968692,-0.07604194358456662,27,0.2222222222222222,0.13084226409092234,-0.6036900359737574,-0.29155459679922896
lb10_atr14_m1.5_r0.0025_tfnone_rfnone,10,14,1.5,0.0025,none,none,-0.17172884027027413,-0.17301141631165307,123,0.21138211382113822,0.18184189063425263,-0.5656591676490177,-0.06868667753725499,-0.07218536320070323,48,0.25,0.20049649684815976,-0.5591065574262176,-0.2925764146937785
lb10_atr10_m1.5_r0.0025_tfnone_rfnone,10,10,1.5,0.0025,none,none,-0.17786166344995458,-0.17904364326937983,125,0.184,0.1781660167588081,-0.5793019002443675,-0.0657349838764395,-0.06911746372869298,46,0.2391304347826087,0.2125281307763441,-0.5526011478178363,-0.293700201377369
lb30_atr10_m1.5_r0.005_tfnone_rfnone,30,10,1.5,0.005,none,none,-0.1575346540646263,-0.15827791479962539,61,0.22950819672131148,0.19749262134823717,-0.5393544509071766,-0.06740077729858085,-0.0715076722192014,23,0.17391304347826086,0.15139008116313366,-0.6364068292341336,-0.2942957697903283
lb20_atr10_m1.5_r0.005_tfma100_rfnone,20,10,1.5,0.005,ma100,none,-0.1813388596790877,-0.18538800150780477,65,0.2153846153846154,0.15495002785200052,-0.5996312026517434,-0.06021878569959127,-0.06435730801609618,23,0.21739130434782608,0.1752488575444413,-0.5734992362154907,-0.2980270673881245
lb20_atr14_m1.5_r0.005_tfma100_rfnone,20,14,1.5,0.005,ma100,none,-0.18329223948196693,-0.18720413646382628,65,0.23076923076923078,0.14391136189631287,-0.6232515613546435,-0.06267618830155319,-0.06680388893386813,24,0.25,0.21114949099311364,-0.574066675888106,-0.30272286363655226
lb20_atr20_m1.5_r0.005_tfnone_rfnone,20,20,1.5,0.005,none,none,-0.1964763275017617,-0.1964763275017617,79,0.25316455696202533,0.20435491553881402,-0.5616086164455882,-0.07481090744456631,-0.07888517031369369,31,0.25806451612903225,0.18908181094614177,-0.5215427276296102,-0.3056358018543045
lb20_atr10_m1.5_r0.005_tfnone_rfnone,20,10,1.5,0.005,none,none,-0.2161151042165026,-0.21680668264949754,79,0.189873417721519,0.16246471526171452,-0.6048240445146611,-0.06656966740171111,-0.07068022228786763,29,0.20689655172413793,0.24831959029740167,-0.4951819900136901,-0.3094359730853527
lb10_atr20_m1.5_r0.005_tfma100_rfnone,10,20,1.5,0.005,ma100,none,-0.19433514849655464,-0.19786159116474833,82,0.2073170731707317,0.2141107772010009,-0.5267513581627948,-0.07533921044248282,-0.08055723214014643,31,0.2903225806451613,0.23263310384978117,-0.5725932086905303,-0.30988551725209246
lb20_atr14_m1.5_r0.005_tfnone_rfnone,20,14,1.5,0.005,none,none,-0.21206936624061112,-0.21255281643367852,79,0.22784810126582278,0.15928439129618283,-0.6026582628847506,-0.07623189892938842,-0.08029990416654575,31,0.22580645161290322,0.20608414299287114,-0.5279334351145368,-0.32082478291501254
lb10_atr20_m1.5_r0.005_tfnone_rfadx20,10,20,1.5,0.005,none,adx20,-0.262686397470272,-0.2680735661203191,107,0.21495327102803738,0.16857553617592796,-0.5718298625441947,-0.07383323561570798,-0.07932179666469119,35,0.2857142857142857,0.26250682932089514,-0.40786469106026707,-0.3263953238082319
lb10_atr10_m1.5_r0.005_tfnone_rfadx20,10,10,1.5,0.005,none,adx20,-0.27691903114421645,-0.28247947790914674,109,0.1743119266055046,0.16646874410663637,-0.5934562521172722,-0.06917325659150964,-0.07555093213816011,34,0.2647058823529412,0.30355022566149403,-0.4048099143585255,-0.3318911063334328
lb10_atr14_m1.5_r0.005_tfma100_rfnone,10,14,1.5,0.005,ma100,none,-0.21445395262836464,-0.21821659008619332,84,0.20238095238095238,0.15296944173793378,-0.5773782120280532,-0.07803367410456852,-0.08355820472972397,31,0.25806451612903225,0.24049289054768602,-0.5993458024947975,-0.3333167512360032
lb10_atr10_m1.5_r0.005_tfma100_rfnone,10,10,1.5,0.005,ma100,none,-0.21927455443026977,-0.223136064281783,86,0.18604651162790697,0.15943629343993262,-0.5703976026505897,-0.07557464405612746,-0.0809598106796604,30,0.23333333333333334,0.21602887200719637,-0.5979342346408917,-0.3337156627764647
lb10_atr14_m1.5_r0.005_tfnone_rfadx20,10,14,1.5,0.005,none,adx20,-0.2727878812665123,-0.2784285851332797,108,0.18518518518518517,0.16346747197964007,-0.5926368718921642,-0.07841452191058174,-0.08473537976749057,36,0.2777777777777778,0.26236035487063847,-0.4323347489366943,-0.3421714218959707
lb10_atr10_m2.0_r0.005_tfnone_rfnone,10,10,2.0,0.005,none,none,-0.24430485114400613,-0.2500638413658266,103,0.1650485436893204,0.21576497943043838,-0.5175862543319977,-0.09443662689425725,-0.09978813170705969,39,0.1794871794871795,0.17782005286786978,-0.5116741410136418,-0.345534001695519
lb10_atr14_m2.0_r0.005_tfnone_rfnone,10,14,2.0,0.005,none,none,-0.2319925651489293,-0.23787279866592936,101,0.19801980198019803,0.22960435056655615,-0.49585150377415615,-0.10797967385364327,-0.11283772952775062,42,0.19047619047619047,0.17007265747382733,-0.5706781479153734,-0.3568204195417656
lb10_atr20_m2.0_r0.005_tfnone_rfnone,10,20,2.0,0.005,none,none,-0.23891818374129936,-0.2392041271223504,104,0.19230769230769232,0.21031668264158498,-0.5031475385758648,-0.10598482226106631,-0.1119638790309887,41,0.14634146341463414,0.19085879232087757,-0.5629791622395054,-0.35798347314367135
lb10_atr20_m1.5_r0.005_tfnone_rfnone,10,20,1.5,0.005,none,none,-0.2815228295588589,-0.2815228295588589,122,0.22950819672131148,0.19609658419825737,-0.5470470332710033,-0.11764172328245381,-0.12262102454084123,48,0.25,0.19296956116295796,-0.5480472505916761,-0.3937852566812959
lb10_atr14_m1.5_r0.005_tfnone_rfnone,10,14,1.5,0.005,none,none,-0.2926798602944507,-0.29390735674686175,123,0.21138211382113822,0.17270198153595295,-0.5656591676490177,-0.1184395787641771,-0.12372199245787918,48,0.25,0.21044581810198137,-0.5591065574262176,-0.40459538192834266
lb10_atr10_m1.5_r0.005_tfnone_rfnone,10,10,1.5,0.005,none,none,-0.30444182398953545,-0.3058355780987413,125,0.184,0.16588610397589026,-0.5793019002443675,-0.11207995585576502,-0.11725246367951381,46,0.2391304347826087,0.22439399773250532,-0.5526011478178363,-0.4063145337507089
